Date,Open,High,Low,Close,Volume
1973-02-21,1.4991660118103027,1.4991660118103027,1.4991660118103027,1.4991660118103027,99200.0
1973-02-22,1.5042295455932617,1.5042295455932617,1.5042295455932617,1.5042295455932617,47200.0
1973-02-23,1.4991660118103027,1.4991660118103027,1.4991660118103027,1.4991660118103027,133600.0
1973-02-26,1.4991660118103027,1.4991660118103027,1.4991660118103027,1.4991660118103027,24000.0
1973-02-27,1.4991660118103027,1.4991660118103027,1.4991660118103027,1.4991660118103027,41600.0
1973-02-28,1.4991660118103027,1.4991660118103027,1.4991660118103027,1.4991660118103027,66400.0
1973-03-01,1.5092946290969849,1.5092946290969849,1.5092946290969849,1.5092946290969849,93600.0
1973-03-02,1.5143591165542603,1.5143591165542603,1.5143591165542603,1.5143591165542603,26400.0
1973-03-05,1.534618854522705,1.534618854522705,1.534618854522705,1.534618854522705,68000.0
1973-03-06,1.5802011489868164,1.5802011489868164,1.5802011489868164,1.5802011489868164,76800.0
1973-03-07,1.5802011489868164,1.5802011489868164,1.5802011489868164,1.5802011489868164,51200.0
1973-03-08,1.5903313159942627,1.5903313159942627,1.5903313159942627,1.5903313159942627,84800.0
1973-03-09,1.5903313159942627,1.5903313159942627,1.5903313159942627,1.5903313159942627,78400.0
1973-03-12,1.5852657556533813,1.5852657556533813,1.5852657556533813,1.5852657556533813,73600.0
1973-03-13,1.5903313159942627,1.5903313159942627,1.5903313159942627,1.5903313159942627,47200.0
1973-03-14,1.5953961610794067,1.5953961610794067,1.5953961610794067,1.5953961610794067,50400.0
1973-03-15,1.5903313159942627,1.5903313159942627,1.5903313159942627,1.5903313159942627,70400.0
1973-03-16,1.5852657556533813,1.5852657556533813,1.5852657556533813,1.5852657556533813,44800.0
1973-03-19,1.5700716972351076,1.5700716972351076,1.5700716972351076,1.5700716972351074,28000.0
1973-03-20,1.5396840572357178,1.5396840572357178,1.5396840572357178,1.5396840572357178,68800.0
1973-03-21,1.5194240808486938,1.5194240808486938,1.5194240808486938,1.5194240808486938,94400.0
1973-03-22,1.4941002130508423,1.4941002130508423,1.4941002130508423,1.4941002130508423,55200.0
1973-03-23,1.4941002130508423,1.4941002130508423,1.4941002130508423,1.4941002130508423,117600.0
1973-03-26,1.4890366792678833,1.4890366792678833,1.4890366792678833,1.4890366792678833,9600.0
1973-03-27,1.4890366792678833,1.4890366792678833,1.4890366792678833,1.4890366792678833,15200.0
1973-03-28,1.5092946290969849,1.5092946290969849,1.5092946290969849,1.5092946290969849,141600.0
1973-03-29,1.529554009437561,1.529554009437561,1.529554009437561,1.529554009437561,120000.0
1973-03-30,1.529554009437561,1.529554009437561,1.529554009437561,1.529554009437561,85600.0
1973-04-02,1.5194240808486938,1.5194240808486938,1.5194240808486938,1.5194240808486938,52800.0
1973-04-03,1.5092946290969849,1.5092946290969849,1.5092946290969849,1.5092946290969849,23200.0
1973-04-04,1.4991660118103027,1.4991660118103027,1.4991660118103027,1.4991660118103027,78400.0
1973-04-05,1.4941002130508423,1.4941002130508423,1.4941002130508423,1.4941002130508423,78400.0
1973-04-06,1.4941002130508423,1.4941002130508423,1.4941002130508423,1.4941002130508423,36000.0
1973-04-09,1.4941002130508423,1.4941002130508423,1.4941002130508423,1.4941002130508423,28000.0
1973-04-10,1.529554009437561,1.529554009437561,1.529554009437561,1.529554009437561,88800.0
1973-04-11,1.5396840572357178,1.5396840572357178,1.5396840572357178,1.5396840572357178,144000.0
1973-04-12,1.5599430799484253,1.5599430799484253,1.5599430799484253,1.5599430799484253,140800.0
1973-04-13,1.5599430799484253,1.5599430799484253,1.5599430799484253,1.5599430799484253,13600.0
1973-04-16,1.5599430799484253,1.5599430799484253,1.5599430799484253,1.5599430799484253,40000.0
1973-04-17,1.5194240808486938,1.5194240808486938,1.5194240808486938,1.5194240808486938,92800.0
1973-04-18,1.5143591165542603,1.5143591165542603,1.5143591165542603,1.5143591165542603,25600.0
1973-04-19,1.5194240808486938,1.5194240808486938,1.5194240808486938,1.5194240808486938,39200.0
1973-04-23,1.4991660118103027,1.4991660118103027,1.4991660118103027,1.4991660118103027,48000.0
1973-04-24,1.4890366792678833,1.4890366792678833,1.4890366792678833,1.4890366792678833,134400.0
1973-04-25,1.478905439376831,1.478905439376831,1.478905439376831,1.478905439376831,59200.0
1973-04-26,1.478905439376831,1.478905439376831,1.478905439376831,1.478905439376831,33600.0
1973-04-27,1.4687771797180176,1.4687771797180176,1.4687771797180176,1.4687771797180176,36800.0
1973-04-30,1.4485180377960205,1.4485180377960205,1.4485180377960205,1.4485180377960205,91200.0
1973-05-01,1.4383882284164429,1.4383882284164429,1.4383882284164429,1.4383882284164429,295200.0
1973-05-02,1.4434529542922974,1.4434529542922974,1.4434529542922974,1.4434529542922974,61600.0
1973-05-03,1.4434529756995995,1.458647217549069,1.4383882284164429,1.4383882284164429,56000.0
1973-05-04,1.4535826444625854,1.4738416360230395,1.4535826444625854,1.4535826444625854,43200.0
1973-05-07,1.4586478471755981,1.478906845053037,1.4586478471755981,1.4586478471755981,42400.0
1973-05-08,1.4637119770050049,1.4839709663061122,1.4637119770050049,1.4637119770050049,28800.0
1973-05-09,1.5042295455932617,1.5244885293722956,1.5042295455932617,1.5042295455932617,58400.0
1973-05-10,1.5396840572357178,1.5599430579888194,1.5396840572357178,1.5396840572357178,70400.0
1973-05-11,1.5447479486465454,1.565006938136992,1.5447479486465454,1.5447479486465454,26400.0
1973-05-14,1.509295681706902,1.509295681706902,1.4890366792678833,1.4890366792678833,151200.0
1973-05-15,1.4890358667731691,1.5042301103116709,1.483971118927002,1.483971118927002,163200.0
1973-05-16,1.5143591165542603,1.5346181013911064,1.5143591165542603,1.5143591165542603,75200.0
1973-05-17,1.5143591165542603,1.5346181013911064,1.5143591165542603,1.5143591165542603,27200.0
1973-05-18,1.5143602619300016,1.5194250119699013,1.4991660118103027,1.4991660118103027,59200.0
1973-05-21,1.4991649595357603,1.5143591989905147,1.4941002130508423,1.4941002130508423,60800.0
1973-05-22,1.5092946290969849,1.5295536174070115,1.5092946290969849,1.5092946290969849,95200.0
1973-05-23,1.5143591165542603,1.5346181013911064,1.5143591165542603,1.5143591165542603,34400.0
1973-05-24,1.549812912940979,1.570071905267005,1.549812912940979,1.549812912940979,60000.0
1973-05-25,1.5700716972351076,1.590330686876851,1.5700716972351076,1.5700716972351074,111200.0
1973-05-29,1.5802011489868164,1.600460138076391,1.5802011489868164,1.5802011489868164,144800.0
1973-05-30,1.5751363893285248,1.5751363893285248,1.5548774003982544,1.5548774003982544,90400.0
1973-05-31,1.5548774003982544,1.5751363893285248,1.5548774003982544,1.5548774003982544,36000.0
1973-06-01,1.5548774003982544,1.5751363893285248,1.5548774003982544,1.5548774003982544,47200.0
1973-06-04,1.5042301103116709,1.5042301103116709,1.483971118927002,1.483971118927002,119200.0
1973-06-05,1.478906845053037,1.478906845053037,1.4586478471755981,1.4586478471755981,101600.0
1973-06-06,1.458647217549069,1.458647217549069,1.4383882284164429,1.4383882284164429,32000.0
1973-06-07,1.4485180377960205,1.4687770313316293,1.4485180377960205,1.4485180377960205,31200.0
1973-06-08,1.4535826444625854,1.4738416360230395,1.4535826444625854,1.4535826444625854,98400.0
1973-06-11,1.4586478471755981,1.478906845053037,1.4586478471755981,1.4586478471755981,58400.0
1973-06-12,1.473841905593872,1.4941009008597672,1.473841905593872,1.473841905593872,148800.0
1973-06-13,1.478905439376831,1.4991644179984314,1.478905439376831,1.478905439376831,40800.0
1973-06-14,1.4890366792678833,1.509295681706902,1.4890366792678833,1.4890366792678833,53600.0
1973-06-15,1.4890361520432933,1.4941009008597672,1.473841905593872,1.473841905593872,43200.0
1973-06-18,1.4687770313316293,1.4687770313316293,1.4485180377960205,1.4485180377960205,31200.0
1973-06-19,1.4485175036710058,1.4535822501873379,1.4333232641220093,1.4333232641220093,83200.0
1973-06-20,1.4333245062743216,1.4434540080854477,1.4231950044631958,1.4231950044631958,30400.0
1973-06-21,1.4231947903122222,1.4383890407426017,1.4181300401687622,1.4181300401687622,78400.0
1973-06-22,1.4181300401687622,1.4383890407426017,1.4181300401687622,1.4181300401687622,58400.0
1973-06-25,1.413065413128246,1.413065413128246,1.3928064107894897,1.3928064107894897,46400.0
1973-06-26,1.4029353857040405,1.423194380443449,1.4029353857040405,1.4029353857040405,44000.0
1973-06-27,1.4029358871605084,1.4181301386460012,1.3978711366653442,1.3978711366653442,90400.0
1973-06-28,1.3978698856228,1.4029346315852014,1.3826756477355957,1.3826756477355957,57600.0
1973-06-29,1.3877410888671873,1.4080000828652486,1.3877410888671873,1.3877410888671875,160000.0
1973-07-02,1.3978711366653442,1.4181301386460012,1.3978711366653442,1.3978711366653442,24800.0
1973-07-03,1.3978711613741788,1.413065413128246,1.3928064107894897,1.3928064107894897,44800.0
1973-07-05,1.3928058373667027,1.4080000828652486,1.3877410888671873,1.3877410888671875,24800.0
1973-07-06,1.3877410888671873,1.4080000828652486,1.3877410888671873,1.3877410888671875,37600.0
1973-07-09,1.3978711366653442,1.4181301386460012,1.3978711366653442,1.3978711366653442,42400.0
1973-07-10,1.407999873161316,1.4282588641420544,1.407999873161316,1.407999873161316,32800.0
1973-07-11,1.413064360618591,1.4333233478676033,1.413064360618591,1.4130643606185913,12000.0
1973-07-12,1.4130646209065005,1.4282588641420544,1.407999873161316,1.407999873161316,24000.0
1973-07-13,1.4181300401687622,1.4383890407426017,1.4181300401687622,1.4181300401687622,59200.0
1973-07-16,1.4282584190368652,1.448517403704055,1.4282584190368652,1.4282584190368652,16800.0
1973-07-17,1.4383882284164429,1.458647217549069,1.4383882284164429,1.4383882284164429,110400.0
1973-07-18,1.478905439376831,1.4991644179984314,1.478905439376831,1.478905439376831,128800.0
1973-07-19,1.575135588645935,1.5953945672780372,1.575135588645935,1.575135588645935,157600.0
1973-07-20,1.6156554222106934,1.6359144243700752,1.6156554222106934,1.6156554222106934,341600.0
1973-07-23,1.6156542934948885,1.62071904049644,1.6004600524902346,1.6004600524902344,110400.0
1973-07-24,1.6004608148222517,1.6105903136502406,1.5903313159942627,1.5903313159942627,100800.0
1973-07-25,1.5903313159942627,1.6105903136502406,1.5903313159942627,1.5903313159942627,46400.0
1973-07-26,1.5903313159942627,1.6105903136502406,1.5903313159942627,1.5903313159942627,82400.0
1973-07-27,1.5903306435316036,1.600460138076391,1.5802011489868164,1.5802011489868164,61600.0
1973-07-30,1.5802011920559793,1.590330686876851,1.5700716972351076,1.5700716972351074,25600.0
1973-07-31,1.5700716972351076,1.590330686876851,1.5700716972351076,1.5700716972351074,31200.0
1973-08-01,1.570071905267005,1.570071905267005,1.549812912940979,1.549812912940979,47200.0
1973-08-02,1.5447479149827927,1.5447479149827927,1.5244889259338381,1.524488925933838,80800.0
1973-08-03,1.5244889259338381,1.5447479149827927,1.5244889259338381,1.524488925933838,48000.0
1973-08-06,1.524488827784856,1.5396830685933431,1.5194240808486938,1.5194240808486938,41600.0
1973-08-07,1.5194240808486938,1.5396830685933431,1.5194240808486938,1.5194240808486938,3200.0
1973-08-08,1.519423783427537,1.5244885293722956,1.5042295455932617,1.5042295455932617,72800.0
1973-08-09,1.5194240808486938,1.5396830685933431,1.5194240808486938,1.5194240808486938,29600.0
1973-08-10,1.5244889259338381,1.5447479149827927,1.5244889259338381,1.524488925933838,32800.0
1973-08-13,1.524488827784856,1.5396830685933431,1.5194240808486938,1.5194240808486938,19200.0
1973-08-14,1.5194240808486938,1.5396830685933431,1.5194240808486938,1.5194240808486938,53600.0
1973-08-15,1.5194238627634717,1.5346181013911064,1.5143591165542603,1.5143591165542603,24800.0
1973-08-16,1.5143591165542603,1.5346181013911064,1.5143591165542603,1.5143591165542603,44800.0
1973-08-17,1.529554009437561,1.5498130029400452,1.529554009437561,1.529554009437561,29600.0
1973-08-20,1.529554009437561,1.5498130029400452,1.529554009437561,1.529554009437561,58400.0
1973-08-21,1.529554009437561,1.5498130029400452,1.529554009437561,1.529554009437561,22400.0
1973-08-22,1.5295536174070115,1.5295536174070115,1.5092946290969849,1.5092946290969849,64000.0
1973-08-23,1.5092946290969849,1.5295536174070115,1.5092946290969849,1.5092946290969849,6400.0
1973-08-24,1.5143591165542603,1.5346181013911064,1.5143591165542603,1.5143591165542603,17600.0
1973-08-27,1.5194240808486938,1.5396830685933431,1.5194240808486938,1.5194240808486938,57600.0
1973-08-28,1.5396840572357178,1.5599430579888194,1.5396840572357178,1.5396840572357178,51200.0
1973-08-29,1.5599430799484253,1.5802020809867166,1.5599430799484253,1.5599430799484253,153600.0
1973-08-30,1.5599430579888194,1.5599430579888194,1.5396840572357178,1.5396840572357178,50400.0
1973-08-31,1.549812912940979,1.570071905267005,1.549812912940979,1.549812912940979,24800.0
1973-09-04,1.5548774003982544,1.5751363893285248,1.5548774003982544,1.5548774003982544,53600.0
1973-09-05,1.5548774433917687,1.565006938136992,1.5447479486465454,1.5447479486465454,66400.0
1973-09-06,1.549812912940979,1.570071905267005,1.549812912940979,1.549812912940979,153600.0
1973-09-07,1.5700716972351076,1.590330686876851,1.5700716972351076,1.5700716972351074,160800.0
1973-09-10,1.5802011489868164,1.600460138076391,1.5802011489868164,1.5802011489868164,107200.0
1973-09-11,1.5802020809867166,1.5802020809867166,1.5599430799484253,1.5599430799484253,51200.0
1973-09-12,1.559942147630822,1.5751363893285248,1.5548774003982544,1.5548774003982544,20800.0
1973-09-13,1.5599430799484253,1.5802020809867166,1.5599430799484253,1.5599430799484253,57600.0
1973-09-14,1.5599430799484253,1.5802020809867166,1.5599430799484253,1.5599430799484253,4800.0
1973-09-17,1.5700716972351076,1.590330686876851,1.5700716972351076,1.5700716972351074,64800.0
1973-09-18,1.5802011489868164,1.600460138076391,1.5802011489868164,1.5802011489868164,71200.0
1973-09-19,1.6004600524902346,1.62071904049644,1.6004600524902346,1.6004600524902344,122400.0
1973-09-20,1.600460910797119,1.6156551599502562,1.5953961610794067,1.5953961610794067,65600.0
1973-09-21,1.5953960654082573,1.6105903136502406,1.5903313159942627,1.5903313159942627,73600.0
1973-09-24,1.610589623451233,1.6308486124254622,1.610589623451233,1.610589623451233,111200.0
1973-09-25,1.6105895464933373,1.62071904049644,1.6004600524902346,1.6004600524902344,23200.0
1973-09-26,1.6004600524902346,1.62071904049644,1.6004600524902346,1.6004600524902344,73600.0
1973-09-27,1.6004608148222517,1.6105903136502406,1.5903313159942627,1.5903313159942627,48000.0
1973-09-28,1.5903313159942627,1.6105903136502406,1.5903313159942627,1.5903313159942627,90400.0
1973-10-01,1.5903313159942627,1.6105903136502406,1.5903313159942627,1.5903313159942627,29600.0
1973-10-02,1.5953961610794067,1.6156551599502562,1.5953961610794067,1.5953961610794067,32800.0
1973-10-03,1.5953961610794067,1.6156551599502562,1.5953961610794067,1.5953961610794067,59200.0
1973-10-04,1.5953961610794067,1.6156551599502562,1.5953961610794067,1.5953961610794067,17600.0
1973-10-05,1.5953960654082573,1.6105903136502406,1.5903313159942627,1.5903313159942627,74400.0
1973-10-08,1.5903313159942627,1.6105903136502406,1.5903313159942627,1.5903313159942627,34400.0
1973-10-09,1.5903313159942627,1.6105903136502406,1.5903313159942627,1.5903313159942627,40000.0
1973-10-10,1.6156554222106934,1.6359144243700752,1.6156554222106934,1.6156554222106934,189600.0
1973-10-11,1.6561721563339233,1.676431142955745,1.6561721563339233,1.6561721563339233,185600.0
1973-10-12,1.6814966201782227,1.7017556156020566,1.6814966201782227,1.6814966201782227,142400.0
1973-10-15,1.6814966664169775,1.691626164407441,1.6713671684265137,1.6713671684265137,177600.0
1973-10-16,1.6713671684265137,1.691626164407441,1.6713671684265137,1.6713671684265137,164800.0
1973-10-17,1.67643141746521,1.6966904074043665,1.67643141746521,1.67643141746521,56000.0
1973-10-18,1.67643141746521,1.6966904074043665,1.67643141746521,1.67643141746521,42400.0
1973-10-19,1.7017549276351926,1.722013914868945,1.7017549276351926,1.7017549276351929,163200.0
1973-10-22,1.7017556156020566,1.7017556156020566,1.6814966201782227,1.6814966201782227,85600.0
1973-10-23,1.681496230567374,1.681496230567374,1.6612372398376467,1.6612372398376465,131200.0
1973-10-24,1.6612365640745572,1.6713660553189142,1.6511070728302002,1.6511070728302002,60000.0
1973-10-25,1.6561721563339233,1.676431142955745,1.6561721563339233,1.6561721563339233,26400.0
1973-10-26,1.6612372398376467,1.681496230567374,1.6612372398376467,1.6612372398376465,64000.0
1973-10-29,1.6612372398376467,1.681496230567374,1.6612372398376467,1.6612372398376465,48800.0
1973-10-30,1.6359144243700752,1.6359144243700752,1.6156554222106934,1.6156554222106934,69600.0
1973-10-31,1.6105903136502406,1.6105903136502406,1.5903313159942627,1.5903313159942627,104800.0
1973-11-01,1.5903306435316036,1.600460138076391,1.5802011489868164,1.5802011489868164,124000.0
1973-11-02,1.5802003333039605,1.5953945672780372,1.575135588645935,1.575135588645935,122400.0
1973-11-05,1.575135588645935,1.5953945672780372,1.575135588645935,1.575135588645935,46400.0
1973-11-06,1.5802011489868164,1.600460138076391,1.5802011489868164,1.5802011489868164,33600.0
1973-11-07,1.6207201480865479,1.6409791499376298,1.6207201480865479,1.6207201480865479,65600.0
1973-11-08,1.640978455543518,1.661237448821833,1.640978455543518,1.640978455543518,92800.0
1973-11-09,1.640978455543518,1.661237448821833,1.640978455543518,1.640978455543518,62400.0
1973-11-12,1.6409789563701618,1.6561732059661818,1.6359142065048218,1.6359142065048218,56000.0
1973-11-13,1.6359142065048218,1.6561732059661818,1.6359142065048218,1.6359142065048218,60000.0
1973-11-14,1.6308486124254622,1.6308486124254622,1.610589623451233,1.610589623451233,76000.0
1973-11-15,1.6156554222106934,1.6359144243700752,1.6156554222106934,1.6156554222106934,46400.0
1973-11-16,1.6257843971252444,1.6460433927280511,1.6257843971252444,1.6257843971252441,78400.0
1973-11-19,1.62071904049644,1.62071904049644,1.6004600524902346,1.6004600524902344,73600.0
1973-11-20,1.5447479149827927,1.5447479149827927,1.5244889259338381,1.524488925933838,159200.0
1973-11-21,1.5548774003982544,1.5751363893285248,1.5548774003982544,1.5548774003982544,97600.0
1973-11-23,1.5548776610224855,1.570071905267005,1.549812912940979,1.549812912940979,62400.0
1973-11-26,1.549812912940979,1.570071905267005,1.549812912940979,1.549812912940979,123200.0
1973-11-27,1.5447479149827927,1.5447479149827927,1.5244889259338381,1.524488925933838,128000.0
1973-11-28,1.5244886089726835,1.5346181013911064,1.5143591165542603,1.5143591165542603,126400.0
1973-11-29,1.509295681706902,1.509295681706902,1.4890366792678833,1.4890366792678833,65600.0
1973-11-30,1.413065413128246,1.413065413128246,1.3928064107894897,1.3928064107894897,172000.0
1973-12-03,1.387741301677845,1.387741301677845,1.367482304573059,1.367482304573059,510400.0
1973-12-04,1.377611517906189,1.397870510816574,1.377611517906189,1.377611517906189,296000.0
1973-12-05,1.3674821575781455,1.3674821575781455,1.347223162651062,1.347223162651062,132800.0
1973-12-06,1.3877410888671873,1.4080000828652486,1.3877410888671873,1.3877410888671875,183200.0
1973-12-07,1.4485180377960205,1.4687770313316293,1.4485180377960205,1.4485180377960205,312000.0
1973-12-10,1.4485177015003403,1.4637119431244698,1.4434529542922974,1.4434529542922974,158400.0
1973-12-11,1.4586478471755981,1.478906845053037,1.4586478471755981,1.4586478471755981,104000.0
1973-12-12,1.458647392352699,1.4738416360230395,1.4535826444625854,1.4535826444625854,93600.0
1973-12-13,1.4535824702659124,1.458647217549069,1.4383882284164429,1.4383882284164429,69600.0
1973-12-14,1.4383882284164429,1.458647217549069,1.4383882284164429,1.4383882284164429,24000.0
1973-12-17,1.4181301386460012,1.4181301386460012,1.3978711366653442,1.3978711366653442,60000.0
1973-12-18,1.3978711366653442,1.4181301386460012,1.3978711366653442,1.3978711366653442,90400.0
1973-12-19,1.3978711366653442,1.4181301386460012,1.3978711366653442,1.3978711366653442,114400.0
1973-12-20,1.4029353857040405,1.423194380443449,1.4029353857040405,1.4029353857040405,72000.0
1973-12-21,1.413064360618591,1.4333233478676033,1.413064360618591,1.4130643606185913,28800.0
1973-12-24,1.4181300401687622,1.4383890407426017,1.4181300401687622,1.4181300401687622,100000.0
1973-12-26,1.473841905593872,1.4941009008597672,1.473841905593872,1.473841905593872,96800.0
1973-12-27,1.529554009437561,1.5498130029400452,1.529554009437561,1.529554009437561,114400.0
1973-12-28,1.575135588645935,1.5953945672780372,1.575135588645935,1.575135588645935,94400.0
1973-12-31,1.6004600524902346,1.62071904049644,1.6004600524902346,1.6004600524902344,112800.0
1974-01-02,1.6004599961229025,1.6055247429460762,1.5852657556533813,1.5852657556533813,121600.0
1974-01-03,1.610589623451233,1.6308486124254622,1.610589623451233,1.610589623451233,95200.0
1974-01-04,1.600460138076391,1.600460138076391,1.5802011489868164,1.5802011489868164,156000.0
1974-01-07,1.5751363893285248,1.5751363893285248,1.5548774003982544,1.5548774003982544,71200.0
1974-01-08,1.5548778493018827,1.5548778493018827,1.534618854522705,1.534618854522705,87200.0
1974-01-09,1.5346181013911064,1.5346181013911064,1.5143591165542603,1.5143591165542603,64000.0
1974-01-10,1.4383890407426017,1.4383890407426017,1.4181300401687622,1.4181300401687622,116000.0
1974-01-11,1.4029346315852014,1.4029346315852014,1.3826756477355957,1.3826756477355957,208000.0
1974-01-14,1.407999873161316,1.4282588641420544,1.407999873161316,1.407999873161316,126400.0
1974-01-15,1.4282584190368652,1.448517403704055,1.4282584190368652,1.4282584190368652,69600.0
1974-01-16,1.478905439376831,1.4991644179984314,1.478905439376831,1.478905439376831,99200.0
1974-01-17,1.4991660118103027,1.5194250119699013,1.4991660118103027,1.4991660118103027,106400.0
1974-01-18,1.4991644179984314,1.4991644179984314,1.478905439376831,1.478905439376831,62400.0
1974-01-21,1.458647217549069,1.458647217549069,1.4383882284164429,1.4383882284164429,478400.0
1974-01-22,1.43838791137046,1.448517403704055,1.4282584190368652,1.4282584190368652,132800.0
1974-01-23,1.4181301386460012,1.4181301386460012,1.3978711366653442,1.3978711366653442,147200.0
1974-01-24,1.397870585866218,1.4080000828652486,1.3877410888671873,1.3877410888671875,124000.0
1974-01-25,1.4029353857040405,1.423194380443449,1.4029353857040405,1.4029353857040405,46400.0
1974-01-28,1.4029358871605084,1.4181301386460012,1.3978711366653442,1.3978711366653442,50400.0
1974-01-29,1.413064360618591,1.4333233478676033,1.413064360618591,1.4130643606185913,163200.0
1974-01-30,1.4231950044631958,1.4434540080854477,1.4231950044631958,1.4231950044631958,72800.0
1974-01-31,1.4231941163968698,1.4282588641420544,1.407999873161316,1.407999873161316,35200.0
1974-02-01,1.4080000828652486,1.4080000828652486,1.3877410888671873,1.3877410888671875,67200.0
1974-02-04,1.387741301677845,1.387741301677845,1.367482304573059,1.367482304573059,57600.0
1974-02-05,1.3674817728192619,1.3725465201259999,1.3522875308990479,1.3522875308990479,61600.0
1974-02-06,1.3624168634414673,1.3826758502584409,1.3624168634414673,1.3624168634414673,34400.0
1974-02-07,1.367482304573059,1.387741301677845,1.367482304573059,1.367482304573059,33600.0
1974-02-08,1.3674816101457108,1.3826758502584409,1.3624168634414673,1.3624168634414673,56800.0
1974-02-11,1.3624174088463747,1.3674821575781455,1.347223162651062,1.347223162651062,84000.0
1974-02-12,1.3472238606169022,1.3472238606169022,1.3269648551940918,1.3269648551940918,106400.0
1974-02-13,1.3269639902336652,1.3269639902336652,1.3067049980163574,1.3067049980163574,96800.0
1974-02-14,1.3067049980163574,1.3269639902336652,1.3067049980163574,1.3067049980163574,41600.0
1974-02-15,1.3117694854736328,1.3320284736662757,1.3117694854736328,1.3117694854736328,263200.0
1974-02-19,1.311770176887512,1.311770176887512,1.2915111780166626,1.2915111780166626,200000.0
1974-02-20,1.3067049980163574,1.3269639902336652,1.3067049980163574,1.3067049980163574,142400.0
1974-02-21,1.3067046612617108,1.32189890150894,1.3016399145126343,1.3016399145126343,51200.0
1974-02-22,1.3067049980163574,1.3269639902336652,1.3067049980163574,1.3067049980163574,276800.0
1974-02-25,1.3067051628604531,1.3168346602469683,1.296575665473938,1.296575665473938,72000.0
1974-02-26,1.296575927734375,1.311770176887512,1.2915111780166626,1.2915111780166626,170400.0
1974-02-27,1.2915104838806815,1.306704724867513,1.2864457368850708,1.2864457368850708,144800.0
1974-02-28,1.2915111780166626,1.311770176887512,1.2915111780166626,1.2915111780166626,305600.0
1974-03-01,1.3016399145126343,1.32189890150894,1.3016399145126343,1.3016399145126343,280800.0
1974-03-04,1.3016404141671956,1.3168346602469683,1.296575665473938,1.296575665473938,149600.0
1974-03-05,1.3370935916900635,1.3573525855035493,1.3370935916900635,1.3370935916900635,163200.0
1974-03-06,1.3421576023101807,1.3624165849865608,1.3421576023101807,1.3421576023101807,200000.0
1974-03-07,1.3522875308990479,1.3725465201259999,1.3522875308990479,1.3522875308990479,74400.0
1974-03-08,1.377611517906189,1.397870510816574,1.377611517906189,1.377611517906189,197600.0
1974-03-11,1.377611803125452,1.387741301677845,1.367482304573059,1.367482304573059,184000.0
1974-03-12,1.3877410888671873,1.4080000828652486,1.3877410888671873,1.3877410888671875,163200.0
1974-03-13,1.4890366792678833,1.509295681706902,1.4890366792678833,1.4890366792678833,326400.0
1974-03-14,1.529554009437561,1.5498130029400452,1.529554009437561,1.529554009437561,304000.0
1974-03-15,1.5295535747210185,1.5396830685933431,1.5194240808486938,1.5194240808486938,287200.0
1974-03-18,1.509295681706902,1.509295681706902,1.4890366792678833,1.4890366792678833,161600.0
1974-03-19,1.478906845053037,1.478906845053037,1.4586478471755981,1.4586478471755981,124000.0
1974-03-20,1.4687771797180176,1.4890361753003352,1.4687771797180176,1.4687771797180176,77600.0
1974-03-21,1.4687767243302818,1.4839709663061122,1.4637119770050049,1.4637119770050049,41600.0
1974-03-22,1.4637125966449578,1.478906845053037,1.4586478471755981,1.4586478471755981,34400.0
1974-03-25,1.4586478471755981,1.478906845053037,1.4586478471755981,1.4586478471755981,50400.0
1974-03-26,1.458647392352699,1.4738416360230395,1.4535826444625854,1.4535826444625854,44800.0
1974-03-27,1.4333233478676033,1.4333233478676033,1.413064360618591,1.4130643606185913,126400.0
1974-03-28,1.352287859971079,1.352287859971079,1.332028865814209,1.332028865814209,287200.0
1974-03-29,1.3320296065497943,1.3472238606169022,1.3269648551940918,1.3269648551940918,178400.0
1974-04-01,1.332028865814209,1.352287859971079,1.332028865814209,1.332028865814209,39200.0
1974-04-02,1.3370935916900635,1.3573525855035493,1.3370935916900635,1.3370935916900635,68800.0
1974-04-03,1.3370936143534264,1.352287859971079,1.332028865814209,1.332028865814209,272800.0
1974-04-04,1.3370935916900635,1.3573525855035493,1.3370935916900635,1.3370935916900635,61600.0
1974-04-05,1.3370934413029596,1.3370934413029596,1.3168344497680664,1.3168344497680664,116800.0
1974-04-08,1.3168346602469683,1.3168346602469683,1.296575665473938,1.296575665473938,104000.0
1974-04-09,1.296575927734375,1.311770176887512,1.2915111780166626,1.2915111780166626,40800.0
1974-04-10,1.296575665473938,1.3168346602469683,1.296575665473938,1.296575665473938,104800.0
1974-04-11,1.296575665473938,1.3168346602469683,1.296575665473938,1.296575665473938,182400.0
1974-04-15,1.3016399145126343,1.32189890150894,1.3016399145126343,1.3016399145126343,54400.0
1974-04-16,1.3522875308990479,1.3725465201259999,1.3522875308990479,1.3522875308990479,142400.0
1974-04-17,1.367482304573059,1.387741301677845,1.367482304573059,1.367482304573059,116000.0
1974-04-18,1.3826756477355957,1.4029346315852014,1.3826756477355957,1.3826756477355957,113600.0
1974-04-19,1.3826765524016484,1.387741301677845,1.367482304573059,1.367482304573059,55200.0
1974-04-22,1.3674816101457108,1.3826758502584409,1.3624168634414673,1.3624168634414673,38400.0
1974-04-23,1.3624165849865608,1.3624165849865608,1.3421576023101807,1.3421576023101807,111200.0
1974-04-24,1.32189890150894,1.32189890150894,1.3016399145126343,1.3016399145126343,165600.0
1974-04-25,1.286445701599121,1.286445701599121,1.2661867141723633,1.2661867141723633,248800.0
1974-04-26,1.2661866363017789,1.2763161293921932,1.2560571432113647,1.2560571432113647,184000.0
1974-04-29,1.2560576886546855,1.2611224373992609,1.2408634424209595,1.2408634424209595,212800.0
1974-04-30,1.2408633456855525,1.2560575907347633,1.2357985973358154,1.2357985973358154,88800.0
1974-05-01,1.2408634424209595,1.2611224373992609,1.2408634424209595,1.2408634424209595,325600.0
1974-05-02,1.2560571432113647,1.2763161293921932,1.2560571432113647,1.2560571432113647,323200.0
1974-05-03,1.2611217498779297,1.2813807338117118,1.2611217498779297,1.2611217498779297,97600.0
1974-05-06,1.261121889756572,1.2763161293921932,1.2560571432113647,1.2560571432113647,42400.0
1974-05-07,1.2357990523179374,1.2357990523179374,1.2155400514602661,1.2155400514602661,129600.0
1974-05-08,1.2104746975797287,1.2104746975797287,1.1902157068252563,1.1902157068252563,192800.0
1974-05-09,1.1902158484499679,1.2054100933237972,1.1851511001586914,1.1851511001586914,38400.0
1974-05-10,1.1648922894908265,1.1648922894908265,1.1446332931518555,1.1446332931518555,352800.0
1974-05-13,1.1395676912765156,1.1395676912765156,1.1193087100982666,1.1193087100982666,310400.0
1974-05-14,1.13956880569458,1.159827806684706,1.13956880569458,1.13956880569458,139200.0
1974-05-15,1.1851511001586914,1.2054100933237972,1.1851511001586914,1.1851511001586914,138400.0
1974-05-16,1.1851511226703169,1.2003453678327567,1.180086374282837,1.180086374282837,90400.0
1974-05-17,1.159827806684706,1.159827806684706,1.13956880569458,1.13956880569458,160000.0
1974-05-20,1.1598271131515503,1.18008610202756,1.1598271131515503,1.1598271131515503,56800.0
1974-05-21,1.1851511001586914,1.2054100933237972,1.1851511001586914,1.1851511001586914,160800.0
1974-05-22,1.1851511001586914,1.2054100933237972,1.1851511001586914,1.1851511001586914,76800.0
1974-05-23,1.1851511001586914,1.2054100933237972,1.1851511001586914,1.1851511001586914,119200.0
1974-05-24,1.109180309606153,1.109180309606153,1.088921308517456,1.088921308517456,316000.0
1974-05-28,1.0484028755150405,1.0484028755150405,1.0281438827514648,1.0281438827514648,135200.0
1974-05-29,1.0281439278256241,1.0382734246514922,1.0180144309997559,1.0180144309997559,175200.0
1974-05-30,1.0230790376663208,1.0433380285111986,1.0230790376663208,1.0230790376663208,189600.0
1974-05-31,0.9825613235172472,0.9825613235172472,0.9623023271560668,0.9623023271560669,292800.0
1974-06-03,0.9623021556731851,0.9673669038609387,0.9471079111099243,0.9471079111099243,268000.0
1974-06-04,0.9724315404891968,0.992690530916055,0.9724315404891968,0.9724315404891968,106400.0
1974-06-05,0.9926909804344178,1.0129499800351203,0.9926909804344178,0.9926909804344177,173600.0
1974-06-06,1.088921308517456,1.109180309606153,1.088921308517456,1.088921308517456,188800.0
1974-06-07,1.0737269887557397,1.0737269887557397,1.0534679889678955,1.0534679889678955,287200.0
1974-06-10,1.053467315377541,1.0635968087946326,1.0433378219604492,1.0433378219604492,91200.0
1974-06-11,1.0433379844123243,1.0534674794066186,1.0332084894180298,1.0332084894180298,91200.0
1974-06-12,1.0585318803787231,1.0787908637352537,1.0585318803787231,1.0585318803787231,161600.0
1974-06-13,1.0838563442230225,1.1041153413113032,1.0838563442230225,1.0838563442230225,128000.0
1974-06-14,1.0838560084222069,1.0990502515309295,1.0787912607192993,1.0787912607192993,128000.0
1974-06-17,1.0635968087946326,1.0635968087946326,1.0433378219604492,1.0433378219604492,324000.0
1974-06-18,1.0433379626855617,1.0585322048605943,1.0382732152938843,1.0382732152938843,303200.0
1974-06-19,0.9977550129816323,0.9977550129816323,0.9774960279464722,0.9774960279464722,357600.0
1974-06-20,0.9623016304867242,0.9623016304867242,0.9420426487922668,0.9420426487922668,192000.0
1974-06-21,0.9420426487922668,0.9623016304867242,0.9420426487922668,0.9420426487922668,60800.0
1974-06-24,0.9420432536328425,0.9471080023082878,0.9268490076065063,0.9268490076065063,91200.0
1974-06-25,0.931913435459137,0.9521724231865095,0.931913435459137,0.931913435459137,204800.0
1974-06-26,0.8863308712055809,0.8863308712055809,0.866071879863739,0.866071879863739,228000.0
1974-06-27,0.8508776106485507,0.8508776106485507,0.8306186199188234,0.8306186199188232,133600.0
1974-06-28,0.8306190758943558,0.8306190758943558,0.8103600740432739,0.8103600740432739,177600.0
1974-07-01,0.76984200606475,0.76984200606475,0.7495830059051514,0.7495830059051514,176000.0
1974-07-02,0.7141295384316548,0.7141295384316548,0.6938705444335936,0.6938705444335938,1156800.0
1974-07-03,0.6685468275099993,0.6685468275099993,0.648287832736969,0.648287832736969,246400.0
1974-07-05,0.6685467958450317,0.6888057896585176,0.6685467958450317,0.6685467958450317,259200.0
1974-07-08,0.6482875577865108,0.6482875577865108,0.6280285716056824,0.6280285716056824,152000.0
1974-07-09,0.6330933570861816,0.6533523445129394,0.6330933570861816,0.6330933570861816,196000.0
1974-07-10,0.6330935669339393,0.6330935669339393,0.6128345727920532,0.6128345727920532,132000.0
1974-07-11,0.6381586194038391,0.6584176231944372,0.6381586194038391,0.6381586194038391,108000.0
1974-07-12,0.673611581325531,0.6938705762526146,0.673611581325531,0.673611581325531,256000.0
1974-07-15,0.7090650200843811,0.7293240206582206,0.7090650200843811,0.7090650200843811,216800.0
1974-07-16,0.7495830059051514,0.76984200606475,0.7495830059051514,0.7495830059051514,197600.0
1974-07-17,0.7546473145484924,0.774906302858519,0.7546473145484924,0.7546473145484924,176000.0
1974-07-18,0.7546469536546158,0.759711698310016,0.7394527196884155,0.7394527196884155,132800.0
1974-07-19,0.7495830059051514,0.76984200606475,0.7495830059051514,0.7495830059051514,45600.0
1974-07-22,0.7242589275613963,0.7242589275613963,0.703999936580658,0.703999936580658,119200.0
1974-07-23,0.7141292095184326,0.7343881941856222,0.7141292095184326,0.7141292095184326,88800.0
1974-07-24,0.714129770227841,0.7293240206582206,0.7090650200843811,0.7090650200843811,37600.0
1974-07-25,0.698935362830091,0.698935362830091,0.6786763668060303,0.6786763668060303,128000.0
1974-07-26,0.6786766816641538,0.6837414330198565,0.6634824275970459,0.6634824275970459,48000.0
1974-07-29,0.6634818564249775,0.6634818564249775,0.6432228684425354,0.6432228684425354,240800.0
1974-07-30,0.6330935669339393,0.6330935669339393,0.6128345727920532,0.6128345727920532,160800.0
1974-07-31,0.6077693865217012,0.6077693865217012,0.5875104069709778,0.5875104069709778,92000.0
1974-08-01,0.5875104069709778,0.6077693865217012,0.5875104069709778,0.5875104069709778,96000.0
1974-08-02,0.597640335559845,0.6178993299856024,0.597640335559845,0.597640335559845,58400.0
1974-08-05,0.6077700257301331,0.6280290265878042,0.6077700257301331,0.6077700257301331,111200.0
1974-08-06,0.6077700257301331,0.6280290265878042,0.6077700257301331,0.6077700257301331,78400.0
1974-08-07,0.6280285716056824,0.6482875577865108,0.6280285716056824,0.6280285716056824,108800.0
1974-08-08,0.6178993299856024,0.6178993299856024,0.597640335559845,0.597640335559845,133600.0
1974-08-09,0.5976398967463395,0.6077693865217012,0.5875104069709778,0.5875104069709778,70400.0
1974-08-12,0.5875107868858006,0.6027050313742265,0.5824460387229919,0.5824460387229919,16800.0
1974-08-13,0.5773812825029546,0.5773812825029546,0.5571222901344299,0.5571222901344299,96000.0
1974-08-14,0.5317985096780381,0.5317985096780381,0.5115395188331604,0.5115395188331604,110400.0
1974-08-15,0.5267339944839478,0.5469929942717919,0.5267339944839478,0.5267339944839478,80800.0
1974-08-16,0.5267336576887705,0.5419278978144081,0.5216689109802246,0.5216689109802246,101600.0
1974-08-19,0.5216689109802246,0.5419278978144081,0.5216689109802246,0.5216689109802246,52800.0
1974-08-20,0.5469924211502075,0.5672513997113263,0.5469924211502075,0.5469924211502075,100000.0
1974-08-21,0.5419278978144081,0.5419278978144081,0.5216689109802246,0.5216689109802246,136800.0
1974-08-22,0.5115393925573407,0.5115393925573407,0.49128040671348566,0.4912804067134857,242400.0
1974-08-23,0.49128051785131294,0.5064747606714566,0.4862157702445984,0.4862157702445984,99200.0
1974-08-26,0.5115395188331604,0.5317985096780381,0.5115395188331604,0.5115395188331604,182400.0
1974-08-27,0.5115395188331604,0.5317985096780381,0.5115395188331604,0.5115395188331604,45600.0
1974-08-28,0.5368631482124329,0.5571221349374303,0.5368631482124329,0.5368631482124329,155200.0
1974-08-29,0.5267335987091064,0.5267335987091064,0.5064746141433716,0.5064746141433716,122400.0
1974-08-30,0.5216689109802246,0.5419278978144081,0.5216689109802246,0.5216689109802246,193600.0
1974-09-03,0.5166044898179113,0.5166044898179113,0.4963454902172089,0.49634549021720886,106400.0
1974-09-04,0.47102171751890287,0.47102171751890287,0.45076271891593933,0.45076271891593933,137600.0
1974-09-05,0.4507624415511435,0.46595668115399097,0.44569769501686096,0.44569769501686096,164800.0
1974-09-06,0.45076271891593933,0.47102171751890287,0.45076271891593933,0.45076271891593933,150400.0
1974-09-09,0.4507624752381269,0.4507624752381269,0.4305034875869751,0.4305034875869751,72000.0
1974-09-10,0.4001150079568227,0.4001150079568227,0.37985602021217346,0.37985602021217346,203200.0
1974-09-11,0.38492101430892944,0.405180015062031,0.38492101430892944,0.38492101430892944,76000.0
1974-09-12,0.3849209596713384,0.3849209596713384,0.36466196179389954,0.36466196179389954,174400.0
1974-09-13,0.3444029111415148,0.3444029111415148,0.3241439163684845,0.3241439163684845,343200.0
1974-09-16,0.3292086124420166,0.3494676039769099,0.3292086124420166,0.3292086124420166,129600.0
1974-09-17,0.33427339792251587,0.35453239173600165,0.33427339792251587,0.33427339792251587,300800.0
1974-09-18,0.33427339792251587,0.35453239173600165,0.33427339792251587,0.33427339792251587,428800.0
1974-09-19,0.36972635984420776,0.38492059381040805,0.36972635984420776,0.36972635984420776,340000.0
1974-09-20,0.3646620356518289,0.3646620356518289,0.34946778416633606,0.34946778416633606,629600.0
1974-09-23,0.3494676814150455,0.3545324304210606,0.33933818340301514,0.33933818340301514,202400.0
1974-09-24,0.34440287947654724,0.3595971241593361,0.34440287947654724,0.34440287947654724,133600.0
1974-09-25,0.34440287947654724,0.3595971241593361,0.34440287947654724,0.34440287947654724,125600.0
1974-09-26,0.3444028948292588,0.3494676432826302,0.33427339792251587,0.33427339792251587,197600.0
1974-09-27,0.3342733603257399,0.34440285609318655,0.3292086124420166,0.3292086124420166,124800.0
1974-09-30,0.3292085254384625,0.3292085254384625,0.3140142858028412,0.3140142858028412,274400.0
1974-10-01,0.3140142858028412,0.3292085254384625,0.3140142858028412,0.3140142858028412,301600.0
1974-10-02,0.3140142858028412,0.3292085254384625,0.3140142858028412,0.3140142858028412,157600.0
1974-10-03,0.3140145132939021,0.3190792635083199,0.30388501286506653,0.30388501286506653,156800.0
1974-10-04,0.31907930970191956,0.3342735625448681,0.31907930970191956,0.31907930970191956,200000.0
1974-10-07,0.34946778416633606,0.3646620356518289,0.34946778416633606,0.34946778416633606,164000.0
1974-10-08,0.3494676277041435,0.3595971241593361,0.34440287947654724,0.34440287947654724,117600.0
1974-10-09,0.36466196179389954,0.3798562102019787,0.36466196179389954,0.36466196179389954,126400.0
1974-10-10,0.36466196179389954,0.3798562102019787,0.36466196179389954,0.36466196179389954,207200.0
1974-10-11,0.42037415504455566,0.43556840161243116,0.42037415504455566,0.42037415504455566,400800.0
1974-10-14,0.42037411052503704,0.4254388588446158,0.4102446138858795,0.4102446138858795,228000.0
1974-10-15,0.41024450712566135,0.41530925412721276,0.40011501312255865,0.4001150131225586,136800.0
1974-10-16,0.40518003702163696,0.4203742884099484,0.40518003702163696,0.40518003702163696,134400.0
1974-10-17,0.4153093099594117,0.4305035530067072,0.4153093099594117,0.4153093099594116,156000.0
1974-10-18,0.42037415504455566,0.43556840161243116,0.42037415504455566,0.42037415504455566,121600.0
1974-10-21,0.4406331181526184,0.45582736360615694,0.4406331181526184,0.4406331181526184,211200.0
1974-10-22,0.46089187264442444,0.4760861102041308,0.46089187264442444,0.46089187264442444,179200.0
1974-10-23,0.4608922182174211,0.465956967868162,0.45076271891593933,0.45076271891593933,93600.0
1974-10-24,0.45076271891593933,0.465956967868162,0.45076271891593933,0.45076271891593933,102400.0
1974-10-25,0.4558275043964386,0.47102175454298656,0.4558275043964386,0.4558275043964386,170400.0
1974-10-28,0.45076279272866804,0.45076279272866804,0.43556854128837585,0.43556854128837585,91200.0
1974-10-29,0.4406331181526184,0.45582736360615694,0.4406331181526184,0.4406331181526184,230400.0
1974-10-30,0.4406329723341124,0.4406329723341124,0.42543873190879816,0.4254387319087982,239200.0
1974-10-31,0.42543890390051414,0.43556840161243116,0.42037415504455566,0.42037415504455566,128000.0
1974-11-01,0.410244529063885,0.410244529063885,0.3950502872467041,0.3950502872467041,130400.0
1974-11-04,0.3595971241593361,0.3595971241593361,0.34440287947654724,0.34440287947654724,200000.0
1974-11-05,0.36972635984420776,0.38492059381040805,0.36972635984420776,0.36972635984420776,290400.0
1974-11-06,0.3747915029525757,0.3899857530722747,0.3747915029525757,0.3747915029525757,224800.0
1974-11-07,0.3747915029525757,0.3899857530722747,0.3747915029525757,0.3747915029525757,157600.0
1974-11-08,0.37479110449960784,0.38492059381040805,0.36972635984420776,0.36972635984420776,144000.0
1974-11-11,0.36972671126325923,0.3798562102019787,0.36466196179389954,0.36466196179389954,21600.0
1974-11-12,0.36466180438726725,0.3747912989535802,0.3595970571041107,0.3595970571041107,102400.0
1974-11-13,0.3595972601856504,0.3697267604725702,0.35453251004219055,0.35453251004219055,236800.0
1974-11-14,0.35453251004219055,0.3697267604725702,0.35453251004219055,0.35453251004219055,452800.0
1974-11-15,0.34440285609318655,0.34440285609318655,0.3292086124420166,0.3292086124420166,149600.0
1974-11-18,0.3241438943831647,0.3241438943831647,0.30894964933395386,0.30894964933395386,259200.0
1974-11-19,0.30894964933395386,0.3241438943831647,0.30894964933395386,0.30894964933395386,360800.0
1974-11-20,0.31907930970191956,0.3342735625448681,0.31907930970191956,0.31907930970191956,124800.0
1974-11-21,0.31907930970191956,0.3342735625448681,0.31907930970191956,0.31907930970191956,97600.0
1974-11-22,0.31907930970191956,0.3342735625448681,0.31907930970191956,0.31907930970191956,128000.0
1974-11-25,0.31907914603342774,0.3241438943831647,0.30894964933395386,0.30894964933395386,96000.0
1974-11-26,0.3292086124420166,0.34440285609318655,0.3292086124420166,0.3292086124420166,108800.0
1974-11-27,0.3292086124420166,0.34440285609318655,0.3292086124420166,0.3292086124420166,110400.0
1974-11-29,0.3292086124420166,0.34440285609318655,0.3292086124420166,0.3292086124420166,53600.0
1974-12-02,0.3292085254384625,0.3292085254384625,0.3140142858028412,0.3140142858028412,133600.0
1974-12-03,0.3140145132939021,0.3190792635083199,0.30388501286506653,0.30388501286506653,152800.0
1974-12-04,0.3038846932608506,0.30894943814853143,0.2937552034854889,0.2937552034854889,598400.0
1974-12-05,0.2886904444959429,0.2886904444959429,0.27349621057510376,0.27349621057510376,515200.0
1974-12-06,0.27349621057510376,0.2886904444959429,0.27349621057510376,0.27349621057510376,88000.0
1974-12-09,0.27349621057510376,0.2886904444959429,0.27349621057510376,0.27349621057510376,279200.0
1974-12-10,0.2937552034854889,0.30894943814853143,0.2937552034854889,0.2937552034854889,232000.0
1974-12-11,0.30894964933395386,0.3241438943831647,0.30894964933395386,0.30894964933395386,166400.0
1974-12-12,0.31907930970191956,0.3342735625448681,0.31907930970191956,0.31907930970191956,420000.0
1974-12-13,0.31907930970191956,0.3342735625448681,0.31907930970191956,0.31907930970191956,121600.0
1974-12-16,0.31907914603342774,0.3241438943831647,0.30894964933395386,0.30894964933395386,415200.0
1974-12-17,0.30894964933395386,0.3241438943831647,0.30894964933395386,0.30894964933395386,128000.0
1974-12-18,0.30894964933395386,0.3241438943831647,0.30894964933395386,0.30894964933395386,133600.0
1974-12-19,0.3038848701276277,0.3038848701276277,0.28869062662124634,0.28869062662124634,109600.0
1974-12-20,0.2836258141499646,0.2836258141499646,0.26843157410621643,0.26843157410621643,250400.0
1974-12-23,0.26843157410621643,0.2836258141499646,0.26843157410621643,0.26843157410621643,300000.0
1974-12-24,0.2988201677799225,0.3140144135992406,0.2988201677799225,0.2988201677799225,216800.0
1974-12-26,0.30894964933395386,0.3241438943831647,0.30894964933395386,0.30894964933395386,168800.0
1974-12-27,0.3089496649928012,0.3140144135992406,0.2988201677799225,0.2988201677799225,291200.0
1974-12-30,0.2988199483731698,0.30894943814853143,0.2937552034854889,0.2937552034854889,104000.0
1974-12-31,0.30388501286506653,0.3190792635083199,0.30388501286506653,0.30388501286506653,148000.0
1975-01-02,0.30894964933395386,0.3241438943831647,0.30894964933395386,0.30894964933395386,212800.0
1975-01-03,0.30894964933395386,0.3241438943831647,0.30894964933395386,0.30894964933395386,140000.0
1975-01-06,0.3292086124420166,0.34440285609318655,0.3292086124420166,0.3292086124420166,321600.0
1975-01-07,0.32920866506174207,0.3393381624482572,0.3241439163684845,0.3241439163684845,175200.0
1975-01-08,0.3241437788932554,0.3292085254384625,0.3140142858028412,0.3140142858028412,162400.0
1975-01-09,0.33427339792251587,0.3494676432826302,0.33427339792251587,0.33427339792251587,372800.0
1975-01-10,0.36972635984420776,0.38492059381040805,0.36972635984420776,0.36972635984420776,443200.0
1975-01-13,0.38492101430892944,0.4001152648737556,0.38492101430892944,0.38492101430892944,266400.0
1975-01-14,0.38492101430892944,0.4001152648737556,0.38492101430892944,0.38492101430892944,124000.0
1975-01-15,0.38492101430892944,0.4001152648737556,0.38492101430892944,0.38492101430892944,173600.0
1975-01-16,0.3899857699871063,0.4051800207658247,0.3899857699871063,0.3899857699871063,162400.0
1975-01-17,0.3899855140844981,0.3950502610206604,0.37985602021217346,0.37985602021217346,230400.0
1975-01-20,0.37985602021217346,0.3950502610206604,0.37985602021217346,0.37985602021217346,153600.0
1975-01-21,0.38492101430892944,0.4001152648737556,0.38492101430892944,0.38492101430892944,183200.0
1975-01-22,0.3849207671483358,0.3950502610206604,0.37985602021217346,0.37985602021217346,167200.0
1975-01-23,0.379855849155008,0.38492059381040805,0.36972635984420776,0.36972635984420776,288000.0
1975-01-24,0.36972655167042373,0.3747912989535802,0.3595970571041107,0.3595970571041107,192800.0
1975-01-27,0.36972635984420776,0.38492059381040805,0.36972635984420776,0.36972635984420776,204000.0
1975-01-28,0.3899857699871063,0.4051800207658247,0.3899857699871063,0.3899857699871063,494400.0
1975-01-29,0.4102446138858795,0.4254388588446158,0.4102446138858795,0.4102446138858795,241600.0
1975-01-30,0.4305034875869751,0.44569772832533894,0.4305034875869751,0.4305034875869751,347200.0
1975-01-31,0.4406331181526184,0.45582736360615694,0.4406331181526184,0.4406331181526184,152000.0
1975-02-03,0.45076271891593933,0.465956967868162,0.45076271891593933,0.45076271891593933,682400.0
1975-02-04,0.45076271891593933,0.465956967868162,0.45076271891593933,0.45076271891593933,214400.0
1975-02-05,0.5014101266860962,0.5166043729493113,0.5014101266860962,0.5014101266860962,671200.0
1975-02-06,0.5571222901344299,0.5723165344108234,0.5571222901344299,0.5571222901344299,1072800.0
1975-02-07,0.5571224199277218,0.5571224199277218,0.5419281721115112,0.5419281721115112,222400.0
1975-02-10,0.5419282443248309,0.5419282443248309,0.5267339944839478,0.5267339944839478,173600.0
1975-02-11,0.5166043729493113,0.5166043729493113,0.5014101266860962,0.5014101266860962,124000.0
1975-02-12,0.5317986607551575,0.5469929082053048,0.5317986607551575,0.5317986607551575,508800.0
1975-02-13,0.5368631482124329,0.552057388256181,0.5368631482124329,0.5368631482124329,386400.0
1975-02-14,0.5368631482124329,0.552057388256181,0.5368631482124329,0.5368631482124329,52800.0
1975-02-18,0.48621556066697647,0.48621556066697647,0.4710213243961334,0.4710213243961334,229600.0
1975-02-19,0.4760863184928894,0.4912805627001093,0.4760863184928894,0.4760863184928894,232800.0
1975-02-20,0.47608606981974777,0.48621556066697647,0.4710213243961334,0.4710213243961334,185600.0
1975-02-21,0.47102175454298656,0.47102175454298656,0.4558275043964386,0.4558275043964386,190400.0
1975-02-24,0.455827188085426,0.46089193461970845,0.44569769501686096,0.44569769501686096,103200.0
1975-02-25,0.44569769501686096,0.46089193461970845,0.44569769501686096,0.44569769501686096,223200.0
1975-02-26,0.4456980422485707,0.45076279272866804,0.43556854128837585,0.43556854128837585,200800.0
1975-02-27,0.4659567177295685,0.4811509585250979,0.4659567177295685,0.4659567177295685,193600.0
1975-02-28,0.4862157702445984,0.5014100130647421,0.4862157702445984,0.4862157702445984,209600.0
1975-03-03,0.49128040671348566,0.506474646096377,0.49128040671348566,0.4912804067134857,162400.0
1975-03-04,0.4912805627001093,0.4912805627001093,0.4760863184928894,0.4760863184928894,151200.0
1975-03-05,0.47608621159325476,0.4811509585250979,0.4659567177295685,0.4659567177295685,270400.0
1975-03-06,0.4659566184976599,0.4760861102041308,0.46089187264442444,0.46089187264442444,64000.0
1975-03-07,0.46089187264442444,0.4760861102041308,0.46089187264442444,0.46089187264442444,328800.0
1975-03-10,0.45582736360615694,0.45582736360615694,0.4406331181526184,0.4406331181526184,231200.0
1975-03-11,0.43556840161243116,0.43556840161243116,0.42037415504455566,0.42037415504455566,391200.0
1975-03-12,0.3798562102019787,0.3798562102019787,0.36466196179389954,0.36466196179389954,279200.0
1975-03-13,0.4102446138858795,0.4254388588446158,0.4102446138858795,0.4102446138858795,752000.0
1975-03-14,0.43556854128837585,0.45076279272866804,0.43556854128837585,0.43556854128837585,312000.0
1975-03-17,0.45076271891593933,0.465956967868162,0.45076271891593933,0.45076271891593933,410400.0
1975-03-18,0.4710213243961334,0.48621556066697647,0.4710213243961334,0.4710213243961334,555200.0
1975-03-19,0.47102146466141165,0.4811509585250979,0.4659567177295685,0.4659567177295685,123200.0
1975-03-20,0.4710213243961334,0.48621556066697647,0.4710213243961334,0.4710213243961334,189600.0
1975-03-21,0.4710213243961334,0.48621556066697647,0.4710213243961334,0.4710213243961334,143200.0
1975-03-24,0.45076279272866804,0.45076279272866804,0.43556854128837585,0.43556854128837585,88000.0
1975-03-25,0.43556854128837585,0.45076279272866804,0.43556854128837585,0.43556854128837585,92000.0
1975-03-26,0.45076271891593933,0.465956967868162,0.45076271891593933,0.45076271891593933,103200.0
1975-03-27,0.4659567177295685,0.4811509585250979,0.4659567177295685,0.4659567177295685,176000.0
1975-03-31,0.4659566184976599,0.4760861102041308,0.46089187264442444,0.46089187264442444,314400.0
1975-04-01,0.4608922544452879,0.47102175454298656,0.4558275043964386,0.4558275043964386,108000.0
1975-04-02,0.46089187264442444,0.4760861102041308,0.46089187264442444,0.46089187264442444,133600.0
1975-04-03,0.4608922544452879,0.47102175454298656,0.4558275043964386,0.4558275043964386,33600.0
1975-04-04,0.45582736360615694,0.45582736360615694,0.4406331181526184,0.4406331181526184,535200.0
1975-04-07,0.44063329176847327,0.45076279272866804,0.43556854128837585,0.43556854128837585,73600.0
1975-04-08,0.43556823449976306,0.44569772832533894,0.4305034875869751,0.4305034875869751,143200.0
1975-04-09,0.4406331181526184,0.45582736360615694,0.4406331181526184,0.4406331181526184,429600.0
1975-04-10,0.45076271891593933,0.465956967868162,0.45076271891593933,0.45076271891593933,486400.0
1975-04-11,0.45076271891593933,0.45076271891593933,0.45076271891593933,0.45076271891593933,0.0
1975-04-14,0.4811511635780334,0.4963454108489187,0.4811511635780334,0.48115116357803345,256800.0
1975-04-15,0.4811508152433621,0.48621556066697647,0.4710213243961334,0.4710213243961334,248800.0
1975-04-16,0.4811511635780334,0.4963454108489187,0.4811511635780334,0.48115116357803345,140000.0
1975-04-17,0.4862157702445984,0.5014100130647421,0.4862157702445984,0.4862157702445984,98400.0
1975-04-18,0.4862157702445984,0.5014100130647421,0.4862157702445984,0.4862157702445984,253600.0
1975-04-21,0.4963454902172089,0.5115397399177357,0.4963454902172089,0.49634549021720886,182400.0
1975-04-22,0.49634515317444944,0.506474646096377,0.49128040671348566,0.4912804067134857,235200.0
1975-04-23,0.49128040671348566,0.506474646096377,0.49128040671348566,0.4912804067134857,146400.0
1975-04-24,0.49128040671348566,0.506474646096377,0.49128040671348566,0.4912804067134857,84800.0
1975-04-25,0.5216689109802246,0.5368631511058621,0.5216689109802246,0.5216689109802246,228800.0
1975-04-28,0.5115397399177357,0.5115397399177357,0.4963454902172089,0.49634549021720886,318400.0
1975-04-29,0.4963454902172089,0.5115397399177357,0.4963454902172089,0.49634549021720886,94400.0
1975-04-30,0.4963454902172089,0.5115397399177357,0.4963454902172089,0.49634549021720886,100800.0
1975-05-01,0.49634515317444944,0.506474646096377,0.49128040671348566,0.4912804067134857,96000.0
1975-05-02,0.5014101266860962,0.5166043729493113,0.5014101266860962,0.5014101266860962,369600.0
1975-05-05,0.5064746141433716,0.5216688525676727,0.5064746141433716,0.5064746141433716,202400.0
1975-05-06,0.5216689109802246,0.5368631511058621,0.5216689109802246,0.5216689109802246,485600.0
1975-05-07,0.5368631482124329,0.552057388256181,0.5368631482124329,0.5368631482124329,238400.0
1975-05-08,0.5469924211502075,0.5621866550710466,0.5469924211502075,0.5469924211502075,178400.0
1975-05-09,0.552057683467865,0.5672519316367053,0.552057683467865,0.552057683467865,178400.0
1975-05-12,0.5469929082053048,0.5469929082053048,0.5317986607551575,0.5317986607551575,95200.0
1975-05-13,0.5368631482124329,0.552057388256181,0.5368631482124329,0.5368631482124329,201600.0
1975-05-14,0.5419281721115112,0.5571224199277218,0.5419281721115112,0.5419281721115112,39200.0
1975-05-15,0.5419281721115112,0.5571224199277218,0.5419281721115112,0.5419281721115112,122400.0
1975-05-16,0.5419281590552557,0.5469929082053048,0.5317986607551575,0.5317986607551575,66400.0
1975-05-19,0.5317984872004565,0.5317984872004565,0.5166042447090149,0.5166042447090149,111200.0
1975-05-20,0.5166043729493113,0.5166043729493113,0.5014101266860962,0.5014101266860962,239200.0
1975-05-21,0.5014102401173846,0.5115397399177357,0.4963454902172089,0.49634549021720886,111200.0
1975-05-22,0.5014101266860962,0.5166043729493113,0.5014101266860962,0.5014101266860962,165600.0
1975-05-23,0.5216689109802246,0.5368631511058621,0.5216689109802246,0.5216689109802246,314400.0
1975-05-27,0.5267339944839478,0.5419282443248309,0.5267339944839478,0.5267339944839478,299200.0
1975-05-28,0.5166043729493113,0.5166043729493113,0.5014101266860962,0.5014101266860962,244800.0
1975-05-29,0.5014101266860962,0.5166043729493113,0.5014101266860962,0.5014101266860962,120800.0
1975-05-30,0.5166042447090149,0.5317984872004565,0.5166042447090149,0.5166042447090149,196800.0
1975-06-02,0.5166043729493113,0.5166043729493113,0.5014101266860962,0.5014101266860962,127200.0
1975-06-03,0.5014102401173846,0.5115397399177357,0.4963454902172089,0.49634549021720886,44800.0
1975-06-04,0.49634515317444944,0.506474646096377,0.49128040671348566,0.4912804067134857,74400.0
1975-06-05,0.4912806617586236,0.4963454108489187,0.4811511635780334,0.48115116357803345,308800.0
1975-06-06,0.4760861102041308,0.4760861102041308,0.46089187264442444,0.46089187264442444,172000.0
1975-06-09,0.45582736360615694,0.45582736360615694,0.4406331181526184,0.4406331181526184,280000.0
1975-06-10,0.44063329176847327,0.45076279272866804,0.43556854128837585,0.43556854128837585,53600.0
1975-06-11,0.4558275043964386,0.47102175454298656,0.4558275043964386,0.4558275043964386,139200.0
1975-06-12,0.455827188085426,0.46089193461970845,0.44569769501686096,0.44569769501686096,97600.0
1975-06-13,0.4558275043964386,0.47102175454298656,0.4558275043964386,0.4558275043964386,156000.0
1975-06-16,0.4710213243961334,0.48621556066697647,0.4710213243961334,0.4710213243961334,240800.0
1975-06-17,0.4710213643508953,0.4760861102041308,0.46089187264442444,0.46089187264442444,80800.0
1975-06-18,0.46089193461970845,0.46089193461970845,0.44569769501686096,0.44569769501686096,515200.0
1975-06-19,0.44569786663713123,0.45582736360615694,0.4406331181526184,0.4406331181526184,135200.0
1975-06-20,0.44569769501686096,0.46089193461970845,0.44569769501686096,0.44569769501686096,572000.0
1975-06-23,0.45076271891593933,0.465956967868162,0.45076271891593933,0.45076271891593933,432800.0
1975-06-24,0.46089187264442444,0.4760861102041308,0.46089187264442444,0.46089187264442444,384000.0
1975-06-25,0.4659567177295685,0.4811509585250979,0.4659567177295685,0.4659567177295685,372000.0
1975-06-26,0.4963454902172089,0.5115397399177357,0.4963454902172089,0.49634549021720886,428800.0
1975-06-27,0.5216689109802246,0.5368631511058621,0.5216689109802246,0.5216689109802246,724000.0
1975-06-30,0.5267339944839478,0.5419282443248309,0.5267339944839478,0.5267339944839478,120000.0
1975-07-01,0.5267337619668186,0.5267337619668186,0.5115395188331604,0.5115395188331604,313600.0
1975-07-02,0.5115397399177357,0.5115397399177357,0.4963454902172089,0.49634549021720886,204000.0
1975-07-03,0.4963454902172089,0.5115397399177357,0.4963454902172089,0.49634549021720886,92000.0
1975-07-07,0.4963454902172089,0.5115397399177357,0.4963454902172089,0.49634549021720886,13600.0
1975-07-08,0.4963454902172089,0.5115397399177357,0.4963454902172089,0.49634549021720886,80800.0
1975-07-09,0.5014101266860962,0.5166043729493113,0.5014101266860962,0.5014101266860962,135200.0
1975-07-10,0.5014102401173846,0.5115397399177357,0.4963454902172089,0.49634549021720886,360000.0
1975-07-11,0.49634515317444944,0.506474646096377,0.49128040671348566,0.4912804067134857,268800.0
1975-07-14,0.4912806617586236,0.4963454108489187,0.4811511635780334,0.48115116357803345,222400.0
1975-07-15,0.4811511635780334,0.4963454108489187,0.4811511635780334,0.48115116357803345,171200.0
1975-07-16,0.4811511635780334,0.4963454108489187,0.4811511635780334,0.48115116357803345,114400.0
1975-07-17,0.48115106656196266,0.4912805627001093,0.4760863184928894,0.4760863184928894,68000.0
1975-07-18,0.47608606981974777,0.48621556066697647,0.4710213243961334,0.4710213243961334,152800.0
1975-07-21,0.4710213243961334,0.48621556066697647,0.4710213243961334,0.4710213243961334,61600.0
1975-07-22,0.465956967868162,0.465956967868162,0.45076271891593933,0.45076271891593933,232000.0
1975-07-23,0.45076271891593933,0.465956967868162,0.45076271891593933,0.45076271891593933,102400.0
1975-07-24,0.4507626151216441,0.45582736360615694,0.4406331181526184,0.4406331181526184,214400.0
1975-07-25,0.4406331181526184,0.45582736360615694,0.4406331181526184,0.4406331181526184,128800.0
1975-07-28,0.4406331181526184,0.45582736360615694,0.4406331181526184,0.4406331181526184,65600.0
1975-07-29,0.4406331181526184,0.45582736360615694,0.4406331181526184,0.4406331181526184,145600.0
1975-07-30,0.45076271891593933,0.465956967868162,0.45076271891593933,0.45076271891593933,113600.0
1975-07-31,0.46089187264442444,0.4760861102041308,0.46089187264442444,0.46089187264442444,45600.0
1975-08-01,0.4608922544452879,0.47102175454298656,0.4558275043964386,0.4558275043964386,66400.0
1975-08-04,0.4558275043964386,0.4558275043964386,0.4558275043964386,0.4558275043964386,0.0
1975-08-05,0.455827188085426,0.46089193461970845,0.44569769501686096,0.44569769501686096,56000.0
1975-08-06,0.44569769501686096,0.46089193461970845,0.44569769501686096,0.44569769501686096,72000.0
1975-08-07,0.44569769501686096,0.46089193461970845,0.44569769501686096,0.44569769501686096,26400.0
1975-08-08,0.44569769501686096,0.46089193461970845,0.44569769501686096,0.44569769501686096,67200.0
1975-08-11,0.44569769501686096,0.46089193461970845,0.44569769501686096,0.44569769501686096,14400.0
1975-08-12,0.45076271891593933,0.465956967868162,0.45076271891593933,0.45076271891593933,24000.0
1975-08-13,0.4507624415511435,0.46089193461970845,0.44569769501686096,0.44569769501686096,172000.0
1975-08-14,0.4456980422485707,0.45076279272866804,0.43556854128837585,0.43556854128837585,228000.0
1975-08-15,0.43556854128837585,0.45076279272866804,0.43556854128837585,0.43556854128837585,68000.0
1975-08-18,0.43556854128837585,0.45076279272866804,0.43556854128837585,0.43556854128837585,169600.0
1975-08-19,0.43556854128837585,0.45076279272866804,0.43556854128837585,0.43556854128837585,574400.0
1975-08-20,0.4305035530067072,0.4305035530067072,0.4153093099594117,0.4153093099594116,193600.0
1975-08-21,0.4153093099594117,0.4305035530067072,0.4153093099594117,0.4153093099594116,654400.0
1975-08-22,0.4153093099594117,0.4305035530067072,0.4153093099594117,0.4153093099594116,120800.0
1975-08-25,0.4153093622054583,0.4254388588446158,0.4102446138858795,0.4102446138858795,81600.0
1975-08-26,0.4001152648737556,0.4001152648737556,0.38492101430892944,0.38492101430892944,448000.0
1975-08-27,0.40011501312255865,0.41530925412721276,0.40011501312255865,0.4001150131225586,239200.0
1975-08-28,0.42543873190879816,0.4406329723341124,0.42543873190879816,0.4254387319087982,189600.0
1975-08-29,0.44569769501686096,0.46089193461970845,0.44569769501686096,0.44569769501686096,161600.0
1975-09-02,0.44569772832533894,0.44569772832533894,0.4305034875869751,0.4305034875869751,108800.0
1975-09-03,0.43050347871723627,0.4406329723341124,0.42543873190879816,0.4254387319087982,89600.0
1975-09-04,0.4305034875869751,0.44569772832533894,0.4305034875869751,0.4305034875869751,34400.0
1975-09-05,0.43556854128837585,0.45076279272866804,0.43556854128837585,0.43556854128837585,144000.0
1975-09-08,0.4355682255256743,0.4406329723341124,0.42543873190879816,0.4254387319087982,133600.0
1975-09-09,0.43556854128837585,0.45076279272866804,0.43556854128837585,0.43556854128837585,148000.0
1975-09-10,0.43556823449976306,0.44569772832533894,0.4305034875869751,0.4305034875869751,66400.0
1975-09-11,0.4305036527564727,0.43556840161243116,0.42037415504455566,0.42037415504455566,60800.0
1975-09-12,0.42037415504455566,0.43556840161243116,0.42037415504455566,0.42037415504455566,18400.0
1975-09-15,0.4203742884099484,0.4203742884099484,0.40518003702163696,0.40518003702163696,124000.0
1975-09-16,0.4051800207658247,0.4051800207658247,0.3899857699871063,0.3899857699871063,139200.0
1975-09-17,0.3899857699871063,0.4051800207658247,0.3899857699871063,0.3899857699871063,105600.0
1975-09-18,0.40011501312255865,0.41530925412721276,0.40011501312255865,0.4001150131225586,174400.0
1975-09-19,0.4153093099594117,0.4305035530067072,0.4153093099594117,0.4153093099594116,104800.0
1975-09-22,0.41530925412721276,0.41530925412721276,0.40011501312255865,0.4001150131225586,89600.0
1975-09-23,0.40011503451909775,0.410244529063885,0.3950502872467041,0.3950502872467041,84800.0
1975-09-24,0.40518003702163696,0.4203742884099484,0.40518003702163696,0.40518003702163696,74400.0
1975-09-25,0.4051797817914914,0.410244529063885,0.3950502872467041,0.3950502872467041,89600.0
1975-09-26,0.3950502872467041,0.410244529063885,0.3950502872467041,0.3950502872467041,232000.0
1975-09-29,0.39505052024667914,0.4051800207658247,0.3899857699871063,0.3899857699871063,237600.0
1975-09-30,0.3899857699871063,0.4051800207658247,0.3899857699871063,0.3899857699871063,101600.0
1975-10-01,0.38998576449720485,0.4001152648737556,0.38492101430892944,0.38492101430892944,132000.0
1975-10-02,0.3849207671483358,0.3950502610206604,0.37985602021217346,0.37985602021217346,103200.0
1975-10-03,0.38492101430892944,0.4001152648737556,0.38492101430892944,0.38492101430892944,188000.0
1975-10-06,0.38492059381040805,0.38492059381040805,0.36972635984420776,0.36972635984420776,131200.0
1975-10-07,0.36972671126325923,0.3798562102019787,0.36466196179389954,0.36466196179389954,85600.0
1975-10-08,0.3747915029525757,0.3899857530722747,0.3747915029525757,0.3747915029525757,356000.0
1975-10-09,0.37985602021217346,0.3950502610206604,0.37985602021217346,0.37985602021217346,176800.0
1975-10-10,0.37985602021217346,0.3950502610206604,0.37985602021217346,0.37985602021217346,82400.0
1975-10-13,0.37985625299247533,0.3899857530722747,0.3747915029525757,0.3747915029525757,144000.0
1975-10-14,0.3747915029525757,0.3899857530722747,0.3747915029525757,0.3747915029525757,96000.0
1975-10-15,0.37479146073261893,0.3798562102019787,0.36466196179389954,0.36466196179389954,136000.0
1975-10-16,0.36466196179389954,0.3798562102019787,0.36466196179389954,0.36466196179389954,231200.0
1975-10-17,0.36466196179389954,0.3798562102019787,0.36466196179389954,0.36466196179389954,100800.0
1975-10-20,0.36466180438726725,0.3747912989535802,0.3595970571041107,0.3595970571041107,122400.0
1975-10-21,0.3595970571041107,0.3747912989535802,0.3595970571041107,0.3595970571041107,272800.0
1975-10-22,0.3595970571041107,0.3747912989535802,0.3595970571041107,0.3595970571041107,82400.0
1975-10-23,0.3595970571041107,0.3747912989535802,0.3595970571041107,0.3595970571041107,136000.0
1975-10-24,0.3595972851566646,0.3646620356518289,0.34946778416633606,0.34946778416633606,198400.0
1975-10-27,0.34946778416633606,0.3646620356518289,0.34946778416633606,0.34946778416633606,135200.0
1975-10-28,0.34946778416633606,0.3646620356518289,0.34946778416633606,0.34946778416633606,92800.0
1975-10-29,0.3494676277041435,0.3595971241593361,0.34440287947654724,0.34440287947654724,118400.0
1975-10-30,0.3444029324090303,0.3545324304210606,0.33933818340301514,0.33933818340301514,187200.0
1975-10-31,0.33933814637588733,0.3494676432826302,0.33427339792251587,0.33427339792251587,104000.0
1975-11-03,0.33427339792251587,0.3494676432826302,0.33427339792251587,0.33427339792251587,215200.0
1975-11-04,0.35453251004219055,0.3697267604725702,0.35453251004219055,0.35453251004219055,313600.0
1975-11-05,0.36466196179389954,0.3798562102019787,0.36466196179389954,0.36466196179389954,400800.0
1975-11-06,0.36466196179389954,0.3798562102019787,0.36466196179389954,0.36466196179389954,125600.0
1975-11-07,0.36466196179389954,0.3798562102019787,0.36466196179389954,0.36466196179389954,55200.0
1975-11-10,0.3646620103291103,0.3697267604725702,0.35453251004219055,0.35453251004219055,145600.0
1975-11-11,0.3595970571041107,0.3747912989535802,0.3595970571041107,0.3595970571041107,86400.0
1975-11-12,0.36466196179389954,0.3798562102019787,0.36466196179389954,0.36466196179389954,72800.0
1975-11-13,0.36466180438726725,0.3747912989535802,0.3595970571041107,0.3595970571041107,79200.0
1975-11-14,0.3595972851566646,0.3646620356518289,0.34946778416633606,0.34946778416633606,138400.0
1975-11-17,0.34946778416633606,0.3646620356518289,0.34946778416633606,0.34946778416633606,72000.0
1975-11-18,0.34946778416633606,0.3646620356518289,0.34946778416633606,0.34946778416633606,112800.0
1975-11-19,0.3494676277041435,0.3595971241593361,0.34440287947654724,0.34440287947654724,273600.0
1975-11-20,0.34440287947654724,0.3595971241593361,0.34440287947654724,0.34440287947654724,175200.0
1975-11-21,0.3444028948292588,0.3494676432826302,0.33427339792251587,0.33427339792251587,169600.0
1975-11-24,0.33427341375499964,0.3393381624482572,0.3241439163684845,0.3241439163684845,370400.0
1975-11-25,0.3241439163684845,0.3393381624482572,0.3241439163684845,0.3241439163684845,585600.0
1975-11-26,0.33933818340301514,0.3545324304210606,0.33933818340301514,0.33933818340301514,1568000.0
1975-11-28,0.34440287947654724,0.3595971241593361,0.34440287947654724,0.34440287947654724,194400.0
1975-12-01,0.34440287947654724,0.3595971241593361,0.34440287947654724,0.34440287947654724,64000.0
1975-12-02,0.34440287947654724,0.3595971241593361,0.34440287947654724,0.34440287947654724,144800.0
1975-12-03,0.34440285609318655,0.34440285609318655,0.3292086124420166,0.3292086124420166,168000.0
1975-12-04,0.3292086124420166,0.34440285609318655,0.3292086124420166,0.3292086124420166,128000.0
1975-12-05,0.32920866506174207,0.3393381624482572,0.3241439163684845,0.3241439163684845,256000.0
1975-12-08,0.3292086124420166,0.34440285609318655,0.3292086124420166,0.3292086124420166,202400.0
1975-12-09,0.3292086124420166,0.34440285609318655,0.3292086124420166,0.3292086124420166,187200.0
1975-12-10,0.33933818340301514,0.3545324304210606,0.33933818340301514,0.33933818340301514,132000.0
1975-12-11,0.33933818340301514,0.3545324304210606,0.33933818340301514,0.33933818340301514,124000.0
1975-12-12,0.33933814637588733,0.3494676432826302,0.33427339792251587,0.33427339792251587,69600.0
1975-12-15,0.33427339792251587,0.3494676432826302,0.33427339792251587,0.33427339792251587,64800.0
1975-12-16,0.34440287947654724,0.3595971241593361,0.34440287947654724,0.34440287947654724,204800.0
1975-12-17,0.35453251004219055,0.3697267604725702,0.35453251004219055,0.35453251004219055,171200.0
1975-12-18,0.3545325346615003,0.3646620356518289,0.34946778416633606,0.34946778416633606,212800.0
1975-12-19,0.36972635984420776,0.38492059381040805,0.36972635984420776,0.36972635984420776,217600.0
1975-12-22,0.36972655167042373,0.3747912989535802,0.3595970571041107,0.3595970571041107,94400.0
1975-12-23,0.36972635984420776,0.38492059381040805,0.36972635984420776,0.36972635984420776,244000.0
1975-12-24,0.37985602021217346,0.3950502610206604,0.37985602021217346,0.37985602021217346,153600.0
1975-12-26,0.3899857699871063,0.4051800207658247,0.3899857699871063,0.3899857699871063,152800.0
1975-12-29,0.38998576449720485,0.4001152648737556,0.38492101430892944,0.38492101430892944,148800.0
1975-12-30,0.38492101430892944,0.4001152648737556,0.38492101430892944,0.38492101430892944,170400.0
1975-12-31,0.3950502872467041,0.410244529063885,0.3950502872467041,0.3950502872467041,268000.0
1976-01-02,0.40011501312255865,0.41530925412721276,0.40011501312255865,0.4001150131225586,45600.0
1976-01-05,0.40011501312255865,0.41530925412721276,0.40011501312255865,0.4001150131225586,76000.0
1976-01-06,0.40518003702163696,0.4203742884099484,0.40518003702163696,0.40518003702163696,282400.0
1976-01-07,0.4051800207658247,0.4051800207658247,0.3899857699871063,0.3899857699871063,151200.0
1976-01-08,0.3899857699871063,0.4051800207658247,0.3899857699871063,0.3899857699871063,160000.0
1976-01-09,0.38998576449720485,0.4001152648737556,0.38492101430892944,0.38492101430892944,148000.0
1976-01-12,0.384921003032375,0.3899857530722747,0.3747915029525757,0.3747915029525757,225600.0
1976-01-13,0.3747915029525757,0.3899857530722747,0.3747915029525757,0.3747915029525757,156000.0
1976-01-14,0.38492101430892944,0.4001152648737556,0.38492101430892944,0.38492101430892944,280800.0
1976-01-15,0.38492101430892944,0.4001152648737556,0.38492101430892944,0.38492101430892944,348800.0
1976-01-16,0.38492101430892944,0.4001152648737556,0.38492101430892944,0.38492101430892944,116000.0
1976-01-19,0.3950502872467041,0.410244529063885,0.3950502872467041,0.3950502872467041,351200.0
1976-01-20,0.4153093099594117,0.4305035530067072,0.4153093099594117,0.4153093099594116,625600.0
1976-01-21,0.4153093622054583,0.4254388588446158,0.4102446138858795,0.4102446138858795,246400.0
1976-01-22,0.4001152648737556,0.4001152648737556,0.38492101430892944,0.38492101430892944,576800.0
1976-01-23,0.3899857699871063,0.4051800207658247,0.3899857699871063,0.3899857699871063,276000.0
1976-01-26,0.38998576449720485,0.4001152648737556,0.38492101430892944,0.38492101430892944,124800.0
1976-01-27,0.38492101430892944,0.4001152648737556,0.38492101430892944,0.38492101430892944,132800.0
1976-01-28,0.3950502872467041,0.410244529063885,0.3950502872467041,0.3950502872467041,238400.0
1976-01-29,0.40518003702163696,0.4203742884099484,0.40518003702163696,0.40518003702163696,86400.0
1976-01-30,0.4406331181526184,0.45582736360615694,0.4406331181526184,0.4406331181526184,450400.0
1976-02-02,0.45076271891593933,0.465956967868162,0.45076271891593933,0.45076271891593933,367200.0
1976-02-03,0.4659567177295685,0.4811509585250979,0.4659567177295685,0.4659567177295685,520800.0
1976-02-04,0.4862157702445984,0.5014100130647421,0.4862157702445984,0.4862157702445984,583200.0
1976-02-05,0.48621581463103597,0.4912805627001093,0.4760863184928894,0.4760863184928894,347200.0
1976-02-06,0.4760861102041308,0.4760861102041308,0.46089187264442444,0.46089187264442444,218400.0
1976-02-09,0.46089187264442444,0.4760861102041308,0.46089187264442444,0.46089187264442444,79200.0
1976-02-10,0.46089187264442444,0.4760861102041308,0.46089187264442444,0.46089187264442444,102400.0
1976-02-11,0.4659567177295685,0.4811509585250979,0.4659567177295685,0.4659567177295685,123200.0
1976-02-12,0.4811511635780334,0.4963454108489187,0.4811511635780334,0.48115116357803345,255200.0
1976-02-13,0.4811511635780334,0.4963454108489187,0.4811511635780334,0.48115116357803345,56000.0
1976-02-17,0.4811511635780334,0.4963454108489187,0.4811511635780334,0.48115116357803345,188000.0
1976-02-18,0.48115106656196266,0.4912805627001093,0.4760863184928894,0.4760863184928894,356800.0
1976-02-19,0.49128040671348566,0.506474646096377,0.49128040671348566,0.4912804067134857,300000.0
1976-02-20,0.5064746141433716,0.5216688525676727,0.5064746141433716,0.5064746141433716,452000.0
1976-02-23,0.5064749900175601,0.5115397399177357,0.4963454902172089,0.49634549021720886,293600.0
1976-02-24,0.4963452654580275,0.5014100130647421,0.4862157702445984,0.4862157702445984,140000.0
1976-02-25,0.48621581463103597,0.4912805627001093,0.4760863184928894,0.4760863184928894,131200.0
1976-02-26,0.4760863184928894,0.4912805627001093,0.4760863184928894,0.4760863184928894,522400.0
1976-02-27,0.47608606981974777,0.48621556066697647,0.4710213243961334,0.4710213243961334,369600.0
1976-03-01,0.4710213243961334,0.48621556066697647,0.4710213243961334,0.4710213243961334,221600.0
1976-03-02,0.47102146466141165,0.4811509585250979,0.4659567177295685,0.4659567177295685,144000.0
1976-03-03,0.4659567177295685,0.4811509585250979,0.4659567177295685,0.4659567177295685,48800.0
1976-03-04,0.465956967868162,0.465956967868162,0.45076271891593933,0.45076271891593933,162400.0
1976-03-05,0.45076271891593933,0.465956967868162,0.45076271891593933,0.45076271891593933,115200.0
1976-03-08,0.46089187264442444,0.4760861102041308,0.46089187264442444,0.46089187264442444,135200.0
1976-03-09,0.4659567177295685,0.4811509585250979,0.4659567177295685,0.4659567177295685,107200.0
1976-03-10,0.4760863184928894,0.4912805627001093,0.4760863184928894,0.4760863184928894,189600.0
1976-03-11,0.4862157702445984,0.5014100130647421,0.4862157702445984,0.4862157702445984,344800.0
1976-03-12,0.4862157702445984,0.5014100130647421,0.4862157702445984,0.4862157702445984,129600.0
1976-03-15,0.48621581463103597,0.4912805627001093,0.4760863184928894,0.4760863184928894,94400.0
1976-03-16,0.4811511635780334,0.4963454108489187,0.4811511635780334,0.48115116357803345,151200.0
1976-03-17,0.49128040671348566,0.506474646096377,0.49128040671348566,0.4912804067134857,160800.0
1976-03-18,0.49128040671348566,0.506474646096377,0.49128040671348566,0.4912804067134857,237600.0
1976-03-19,0.49128040671348566,0.506474646096377,0.49128040671348566,0.4912804067134857,87200.0
1976-03-22,0.49128040671348566,0.506474646096377,0.49128040671348566,0.4912804067134857,134400.0
1976-03-23,0.49128040671348566,0.506474646096377,0.49128040671348566,0.4912804067134857,108000.0
1976-03-24,0.4963454902172089,0.5115397399177357,0.4963454902172089,0.49634549021720886,163200.0
1976-03-25,0.4963452654580275,0.5014100130647421,0.4862157702445984,0.4862157702445984,385600.0
1976-03-26,0.4862157702445984,0.5014100130647421,0.4862157702445984,0.4862157702445984,277600.0
1976-03-29,0.4862157702445984,0.5014100130647421,0.4862157702445984,0.4862157702445984,147200.0
1976-03-30,0.4862157702445984,0.5014100130647421,0.4862157702445984,0.4862157702445984,116000.0
1976-03-31,0.4963454902172089,0.5115397399177357,0.4963454902172089,0.49634549021720886,158400.0
1976-04-01,0.4963454902172089,0.5115397399177357,0.4963454902172089,0.49634549021720886,57600.0
1976-04-02,0.4963454902172089,0.5115397399177357,0.4963454902172089,0.49634549021720886,272000.0
1976-04-05,0.4963454902172089,0.5115397399177357,0.4963454902172089,0.49634549021720886,116800.0
1976-04-06,0.5014101266860962,0.5166043729493113,0.5014101266860962,0.5014101266860962,391200.0
1976-04-07,0.5014102401173846,0.5115397399177357,0.4963454902172089,0.49634549021720886,120800.0
1976-04-08,0.49634515317444944,0.506474646096377,0.49128040671348566,0.4912804067134857,81600.0
1976-04-09,0.48621556066697647,0.48621556066697647,0.4710213243961334,0.4710213243961334,233600.0
1976-04-12,0.47102146466141165,0.4811509585250979,0.4659567177295685,0.4659567177295685,148000.0
1976-04-13,0.4659567177295685,0.4811509585250979,0.4659567177295685,0.4659567177295685,244000.0
1976-04-14,0.4659567177295685,0.4811509585250979,0.4659567177295685,0.4659567177295685,80000.0
1976-04-15,0.4659567177295685,0.4811509585250979,0.4659567177295685,0.4659567177295685,100800.0
1976-04-19,0.4659567177295685,0.4811509585250979,0.4659567177295685,0.4659567177295685,50400.0
1976-04-20,0.4760863184928894,0.4912805627001093,0.4760863184928894,0.4760863184928894,334400.0
1976-04-21,0.4760863184928894,0.4912805627001093,0.4760863184928894,0.4760863184928894,232000.0
1976-04-22,0.4760863184928894,0.4912805627001093,0.4760863184928894,0.4760863184928894,152800.0
1976-04-23,0.47608606981974777,0.48621556066697647,0.4710213243961334,0.4710213243961334,92000.0
1976-04-26,0.4710213243961334,0.48621556066697647,0.4710213243961334,0.4710213243961334,27200.0
1976-04-27,0.4710213243961334,0.48621556066697647,0.4710213243961334,0.4710213243961334,24000.0
1976-04-28,0.4710213243961334,0.48621556066697647,0.4710213243961334,0.4710213243961334,93600.0
1976-04-29,0.4710213243961334,0.48621556066697647,0.4710213243961334,0.4710213243961334,76000.0
1976-04-30,0.4710213243961334,0.48621556066697647,0.4710213243961334,0.4710213243961334,110400.0
1976-05-03,0.47102146466141165,0.4811509585250979,0.4659567177295685,0.4659567177295685,41600.0
1976-05-04,0.46595700449413724,0.47102175454298656,0.4558275043964386,0.4558275043964386,212800.0
1976-05-05,0.4558275043964386,0.47102175454298656,0.4558275043964386,0.4558275043964386,149600.0
1976-05-06,0.455827188085426,0.46089193461970845,0.44569769501686096,0.44569769501686096,73600.0
1976-05-07,0.44569769501686096,0.46089193461970845,0.44569769501686096,0.44569769501686096,172000.0
1976-05-10,0.45076271891593933,0.465956967868162,0.45076271891593933,0.45076271891593933,312800.0
1976-05-11,0.4507624415511435,0.46089193461970845,0.44569769501686096,0.44569769501686096,176800.0
1976-05-12,0.44569769501686096,0.46089193461970845,0.44569769501686096,0.44569769501686096,65600.0
1976-05-13,0.4456980422485707,0.45076279272866804,0.43556854128837585,0.43556854128837585,137600.0
1976-05-14,0.43556854128837585,0.45076279272866804,0.43556854128837585,0.43556854128837585,215200.0
1976-05-17,0.43556854128837585,0.45076279272866804,0.43556854128837585,0.43556854128837585,139200.0
1976-05-18,0.43556823449976306,0.44569772832533894,0.4305034875869751,0.4305034875869751,196000.0
1976-05-19,0.4305034875869751,0.44569772832533894,0.4305034875869751,0.4305034875869751,137600.0
1976-05-20,0.4305034875869751,0.44569772832533894,0.4305034875869751,0.4305034875869751,207200.0
1976-05-21,0.43556854128837585,0.45076279272866804,0.43556854128837585,0.43556854128837585,113600.0
1976-05-24,0.4355682255256743,0.4406329723341124,0.42543873190879816,0.4254387319087982,158400.0
1976-05-25,0.42543873190879816,0.4406329723341124,0.42543873190879816,0.4254387319087982,54400.0
1976-05-26,0.42543890390051414,0.43556840161243116,0.42037415504455566,0.42037415504455566,52800.0
1976-05-27,0.42037411052503704,0.4254388588446158,0.4102446138858795,0.4102446138858795,116800.0
1976-05-28,0.410244529063885,0.410244529063885,0.3950502872467041,0.3950502872467041,128800.0
1976-06-01,0.40011501312255865,0.41530925412721276,0.40011501312255865,0.4001150131225586,219200.0
1976-06-02,0.40011501312255865,0.41530925412721276,0.40011501312255865,0.4001150131225586,141600.0
1976-06-03,0.40518003702163696,0.4203742884099484,0.40518003702163696,0.40518003702163696,99200.0
1976-06-04,0.40517976012411,0.41530925412721276,0.40011501312255865,0.4001150131225586,94400.0
1976-06-07,0.40011501312255865,0.41530925412721276,0.40011501312255865,0.4001150131225586,67200.0
1976-06-08,0.40011501312255865,0.41530925412721276,0.40011501312255865,0.4001150131225586,92800.0
1976-06-09,0.40011501312255865,0.41530925412721276,0.40011501312255865,0.4001150131225586,76000.0
1976-06-10,0.40518003702163696,0.4203742884099484,0.40518003702163696,0.40518003702163696,132800.0
1976-06-11,0.4102446138858795,0.4254388588446158,0.4102446138858795,0.4102446138858795,81600.0
1976-06-14,0.4153093099594117,0.4305035530067072,0.4153093099594117,0.4153093099594116,125600.0
1976-06-15,0.4153093099594117,0.4305035530067072,0.4153093099594117,0.4153093099594116,104800.0
1976-06-16,0.4153093099594117,0.4305035530067072,0.4153093099594117,0.4153093099594116,156000.0
1976-06-17,0.42037415504455566,0.43556840161243116,0.42037415504455566,0.42037415504455566,194400.0
1976-06-18,0.42037415504455566,0.43556840161243116,0.42037415504455566,0.42037415504455566,200000.0
1976-06-21,0.42037415504455566,0.43556840161243116,0.42037415504455566,0.42037415504455566,24800.0
1976-06-22,0.42037415504455566,0.43556840161243116,0.42037415504455566,0.42037415504455566,116800.0
1976-06-23,0.42037415504455566,0.43556840161243116,0.42037415504455566,0.42037415504455566,112800.0
1976-06-24,0.42037415504455566,0.43556840161243116,0.42037415504455566,0.42037415504455566,160800.0
1976-06-25,0.42037415504455566,0.43556840161243116,0.42037415504455566,0.42037415504455566,176800.0
1976-06-28,0.42543873190879816,0.4406329723341124,0.42543873190879816,0.4254387319087982,86400.0
1976-06-29,0.42543873190879816,0.4406329723341124,0.42543873190879816,0.4254387319087982,77600.0
1976-06-30,0.4305034875869751,0.44569772832533894,0.4305034875869751,0.4305034875869751,168000.0
1976-07-01,0.43556854128837585,0.45076279272866804,0.43556854128837585,0.43556854128837585,282400.0
1976-07-02,0.43556854128837585,0.45076279272866804,0.43556854128837585,0.43556854128837585,143200.0
1976-07-06,0.44569769501686096,0.46089193461970845,0.44569769501686096,0.44569769501686096,309600.0
1976-07-07,0.44569769501686096,0.46089193461970845,0.44569769501686096,0.44569769501686096,251200.0
1976-07-08,0.45076271891593933,0.465956967868162,0.45076271891593933,0.45076271891593933,123200.0
1976-07-09,0.45076271891593933,0.465956967868162,0.45076271891593933,0.45076271891593933,312000.0
1976-07-12,0.4558275043964386,0.47102175454298656,0.4558275043964386,0.4558275043964386,248800.0
1976-07-13,0.4558275043964386,0.47102175454298656,0.4558275043964386,0.4558275043964386,159200.0
1976-07-14,0.46089187264442444,0.4760861102041308,0.46089187264442444,0.46089187264442444,283200.0
1976-07-15,0.46089187264442444,0.4760861102041308,0.46089187264442444,0.46089187264442444,120000.0
1976-07-16,0.46089187264442444,0.4760861102041308,0.46089187264442444,0.46089187264442444,128000.0
1976-07-19,0.46089187264442444,0.4760861102041308,0.46089187264442444,0.46089187264442444,52800.0
1976-07-20,0.4608922182174211,0.465956967868162,0.45076271891593933,0.45076271891593933,112800.0
1976-07-21,0.4507626151216441,0.45582736360615694,0.4406331181526184,0.4406331181526184,133600.0
1976-07-22,0.44063298141255103,0.44569772832533894,0.4305034875869751,0.4305034875869751,332000.0
1976-07-23,0.4305034875869751,0.44569772832533894,0.4305034875869751,0.4305034875869751,121600.0
1976-07-26,0.4305034875869751,0.44569772832533894,0.4305034875869751,0.4305034875869751,116800.0
1976-07-27,0.4305036527564727,0.43556840161243116,0.42037415504455566,0.42037415504455566,156800.0
1976-07-28,0.42037415504455566,0.43556840161243116,0.42037415504455566,0.42037415504455566,170400.0
1976-07-29,0.4203740576418435,0.4305035530067072,0.4153093099594117,0.4153093099594116,65600.0
1976-07-30,0.42037415504455566,0.43556840161243116,0.42037415504455566,0.42037415504455566,250400.0
1976-08-02,0.4203740576418435,0.4305035530067072,0.4153093099594117,0.4153093099594116,46400.0
1976-08-03,0.4153093099594117,0.4305035530067072,0.4153093099594117,0.4153093099594116,136000.0
1976-08-04,0.42037415504455566,0.43556840161243116,0.42037415504455566,0.42037415504455566,72800.0
1976-08-05,0.42037415504455566,0.43556840161243116,0.42037415504455566,0.42037415504455566,72800.0
1976-08-06,0.42037415504455566,0.43556840161243116,0.42037415504455566,0.42037415504455566,40000.0
1976-08-09,0.42037415504455566,0.43556840161243116,0.42037415504455566,0.42037415504455566,48000.0
1976-08-10,0.42037415504455566,0.43556840161243116,0.42037415504455566,0.42037415504455566,74400.0
1976-08-11,0.42037415504455566,0.43556840161243116,0.42037415504455566,0.42037415504455566,1235200.0
1976-08-12,0.42543873190879816,0.4406329723341124,0.42543873190879816,0.4254387319087982,196800.0
1976-08-13,0.42543873190879816,0.4406329723341124,0.42543873190879816,0.4254387319087982,132000.0
1976-08-16,0.42543873190879816,0.4406329723341124,0.42543873190879816,0.4254387319087982,129600.0
1976-08-17,0.42543890390051414,0.43556840161243116,0.42037415504455566,0.42037415504455566,208800.0
1976-08-18,0.42037415504455566,0.43556840161243116,0.42037415504455566,0.42037415504455566,92000.0
1976-08-19,0.4203740576418435,0.4305035530067072,0.4153093099594117,0.4153093099594116,128800.0
1976-08-20,0.4153093099594117,0.4305035530067072,0.4153093099594117,0.4153093099594116,124000.0
1976-08-23,0.4153093099594117,0.4305035530067072,0.4153093099594117,0.4153093099594116,72800.0
1976-08-24,0.4153093622054583,0.4254388588446158,0.4102446138858795,0.4102446138858795,148800.0
1976-08-25,0.4102446138858795,0.4254388588446158,0.4102446138858795,0.4102446138858795,81600.0
1976-08-26,0.4102446138858795,0.4254388588446158,0.4102446138858795,0.4102446138858795,86400.0
1976-08-27,0.4102446138858795,0.4254388588446158,0.4102446138858795,0.4102446138858795,95200.0
1976-08-30,0.4102446138858795,0.4254388588446158,0.4102446138858795,0.4102446138858795,44800.0
1976-08-31,0.4102446138858795,0.4254388588446158,0.4102446138858795,0.4102446138858795,146400.0
1976-09-01,0.4102446138858795,0.4254388588446158,0.4102446138858795,0.4102446138858795,148000.0
1976-09-02,0.4102446138858795,0.4254388588446158,0.4102446138858795,0.4102446138858795,135200.0
1976-09-03,0.4102446138858795,0.4254388588446158,0.4102446138858795,0.4102446138858795,185600.0
1976-09-07,0.4102446138858795,0.4254388588446158,0.4102446138858795,0.4102446138858795,65600.0
1976-09-08,0.4102446138858795,0.4254388588446158,0.4102446138858795,0.4102446138858795,60800.0
1976-09-09,0.41024450712566135,0.41530925412721276,0.40011501312255865,0.4001150131225586,268000.0
1976-09-10,0.40011501312255865,0.41530925412721276,0.40011501312255865,0.4001150131225586,156800.0
1976-09-13,0.40011501312255865,0.41530925412721276,0.40011501312255865,0.4001150131225586,60800.0
1976-09-14,0.40011501312255865,0.41530925412721276,0.40011501312255865,0.4001150131225586,112800.0
1976-09-15,0.40518003702163696,0.4203742884099484,0.40518003702163696,0.40518003702163696,427200.0
1976-09-16,0.4102446138858795,0.4254388588446158,0.4102446138858795,0.4102446138858795,200800.0
1976-09-17,0.4305034875869751,0.44569772832533894,0.4305034875869751,0.4305034875869751,339200.0
1976-09-20,0.4305034875869751,0.44569772832533894,0.4305034875869751,0.4305034875869751,156800.0
1976-09-21,0.4406331181526184,0.45582736360615694,0.4406331181526184,0.4406331181526184,312800.0
1976-09-22,0.44063329176847327,0.45076279272866804,0.43556854128837585,0.43556854128837585,163200.0
1976-09-23,0.43556854128837585,0.45076279272866804,0.43556854128837585,0.43556854128837585,328800.0
1976-09-24,0.43556823449976306,0.44569772832533894,0.4305034875869751,0.4305034875869751,291200.0
1976-09-27,0.43556854128837585,0.45076279272866804,0.43556854128837585,0.43556854128837585,216800.0
1976-09-28,0.4355682255256743,0.4406329723341124,0.42543873190879816,0.4254387319087982,284000.0
1976-09-29,0.42543873190879816,0.4406329723341124,0.42543873190879816,0.4254387319087982,63200.0
1976-09-30,0.42543873190879816,0.4406329723341124,0.42543873190879816,0.4254387319087982,40000.0
1976-10-01,0.4203742884099484,0.4203742884099484,0.40518003702163696,0.40518003702163696,288000.0
1976-10-04,0.40518003702163696,0.4203742884099484,0.40518003702163696,0.40518003702163696,40800.0
1976-10-05,0.40517976012411,0.41530925412721276,0.40011501312255865,0.4001150131225586,282400.0
1976-10-06,0.40011503451909775,0.410244529063885,0.3950502872467041,0.3950502872467041,151200.0
1976-10-07,0.3950502872467041,0.410244529063885,0.3950502872467041,0.3950502872467041,52000.0
1976-10-08,0.40011501312255865,0.41530925412721276,0.40011501312255865,0.4001150131225586,99200.0
1976-10-11,0.40011501312255865,0.41530925412721276,0.40011501312255865,0.4001150131225586,35200.0
1976-10-12,0.40011501312255865,0.41530925412721276,0.40011501312255865,0.4001150131225586,80000.0
1976-10-13,0.40011527050625195,0.4051800207658247,0.3899857699871063,0.3899857699871063,515200.0
1976-10-14,0.3899857699871063,0.4051800207658247,0.3899857699871063,0.3899857699871063,88000.0
1976-10-15,0.3899857699871063,0.4051800207658247,0.3899857699871063,0.3899857699871063,92000.0
1976-10-18,0.3950502872467041,0.410244529063885,0.3950502872467041,0.3950502872467041,105600.0
1976-10-19,0.40011501312255865,0.41530925412721276,0.40011501312255865,0.4001150131225586,106400.0
1976-10-20,0.40518003702163696,0.4203742884099484,0.40518003702163696,0.40518003702163696,155200.0
1976-10-21,0.40517976012411,0.41530925412721276,0.40011501312255865,0.4001150131225586,269600.0
1976-10-22,0.40011501312255865,0.41530925412721276,0.40011501312255865,0.4001150131225586,32000.0
1976-10-25,0.40011501312255865,0.41530925412721276,0.40011501312255865,0.4001150131225586,77600.0
1976-10-26,0.40011501312255865,0.41530925412721276,0.40011501312255865,0.4001150131225586,64000.0
1976-10-27,0.40011501312255865,0.41530925412721276,0.40011501312255865,0.4001150131225586,52800.0
1976-10-28,0.40011501312255865,0.40011501312255865,0.40011501312255865,0.4001150131225586,0.0
1976-10-29,0.4102446138858795,0.4254388588446158,0.4102446138858795,0.4102446138858795,100800.0
1976-11-01,0.4102446138858795,0.4254388588446158,0.4102446138858795,0.4102446138858795,108800.0
1976-11-03,0.41024478748440746,0.4203742884099484,0.40518003702163696,0.40518003702163696,125600.0
1976-11-04,0.40518003702163696,0.4203742884099484,0.40518003702163696,0.40518003702163696,39200.0
1976-11-05,0.40518003702163696,0.4203742884099484,0.40518003702163696,0.40518003702163696,78400.0
1976-11-08,0.4051797817914914,0.410244529063885,0.3950502872467041,0.3950502872467041,198400.0
1976-11-09,0.3950502872467041,0.410244529063885,0.3950502872467041,0.3950502872467041,133600.0
1976-11-10,0.3950502872467041,0.410244529063885,0.3950502872467041,0.3950502872467041,80800.0
1976-11-11,0.3950502872467041,0.410244529063885,0.3950502872467041,0.3950502872467041,96000.0
1976-11-12,0.40011501312255865,0.41530925412721276,0.40011501312255865,0.4001150131225586,148800.0
1976-11-15,0.40011501312255865,0.41530925412721276,0.40011501312255865,0.4001150131225586,32000.0
1976-11-16,0.40518003702163696,0.4203742884099484,0.40518003702163696,0.40518003702163696,116000.0
1976-11-17,0.40518003702163696,0.4203742884099484,0.40518003702163696,0.40518003702163696,361600.0
1976-11-18,0.40518003702163696,0.4203742884099484,0.40518003702163696,0.40518003702163696,108800.0
1976-11-19,0.4102446138858795,0.4254388588446158,0.4102446138858795,0.4102446138858795,96800.0
1976-11-22,0.4153093099594117,0.4305035530067072,0.4153093099594117,0.4153093099594116,158400.0
1976-11-23,0.4153093099594117,0.4305035530067072,0.4153093099594117,0.4153093099594116,681600.0
1976-11-24,0.4153093099594117,0.4305035530067072,0.4153093099594117,0.4153093099594116,188800.0
1976-11-26,0.4153093099594117,0.4305035530067072,0.4153093099594117,0.4153093099594116,156800.0
1976-11-29,0.4153093099594117,0.4305035530067072,0.4153093099594117,0.4153093099594116,75200.0
1976-11-30,0.4153093622054583,0.4254388588446158,0.4102446138858795,0.4102446138858795,60800.0
1976-12-01,0.4153093099594117,0.4305035530067072,0.4153093099594117,0.4153093099594116,48000.0
1976-12-02,0.4153093099594117,0.4305035530067072,0.4153093099594117,0.4153093099594116,117600.0
1976-12-03,0.4153093099594117,0.4305035530067072,0.4153093099594117,0.4153093099594116,196800.0
1976-12-06,0.42037415504455566,0.43556840161243116,0.42037415504455566,0.42037415504455566,116800.0
1976-12-07,0.42037415504455566,0.43556840161243116,0.42037415504455566,0.42037415504455566,116000.0
1976-12-08,0.4305034875869751,0.44569772832533894,0.4305034875869751,0.4305034875869751,210400.0
1976-12-09,0.44569769501686096,0.46089193461970845,0.44569769501686096,0.44569769501686096,642400.0
1976-12-10,0.4558275043964386,0.47102175454298656,0.4558275043964386,0.4558275043964386,312800.0
1976-12-13,0.4558275043964386,0.47102175454298656,0.4558275043964386,0.4558275043964386,184800.0
1976-12-14,0.4558275043964386,0.47102175454298656,0.4558275043964386,0.4558275043964386,144800.0
1976-12-15,0.4558275043964386,0.47102175454298656,0.4558275043964386,0.4558275043964386,128800.0
1976-12-16,0.455827188085426,0.46089193461970845,0.44569769501686096,0.44569769501686096,229600.0
1976-12-17,0.44569769501686096,0.46089193461970845,0.44569769501686096,0.44569769501686096,103200.0
1976-12-20,0.44569786663713123,0.45582736360615694,0.4406331181526184,0.4406331181526184,168800.0
1976-12-21,0.44569769501686096,0.46089193461970845,0.44569769501686096,0.44569769501686096,118400.0
1976-12-22,0.45076271891593933,0.465956967868162,0.45076271891593933,0.45076271891593933,165600.0
1976-12-23,0.45076271891593933,0.465956967868162,0.45076271891593933,0.45076271891593933,175200.0
1976-12-27,0.4558275043964386,0.47102175454298656,0.4558275043964386,0.4558275043964386,148800.0
1976-12-28,0.46089187264442444,0.4760861102041308,0.46089187264442444,0.46089187264442444,328000.0
1976-12-29,0.46089187264442444,0.4760861102041308,0.46089187264442444,0.46089187264442444,184800.0
1976-12-30,0.4760863184928894,0.4912805627001093,0.4760863184928894,0.4760863184928894,332000.0
1976-12-31,0.49128040671348566,0.506474646096377,0.49128040671348566,0.4912804067134857,461600.0
1977-01-03,0.4963454902172089,0.5115397399177357,0.4963454902172089,0.49634549021720886,376000.0
1977-01-04,0.4963454902172089,0.5115397399177357,0.4963454902172089,0.49634549021720886,227200.0
1977-01-05,0.5014101266860962,0.5166043729493113,0.5014101266860962,0.5014101266860962,373600.0
1977-01-06,0.5064746141433716,0.5216688525676727,0.5064746141433716,0.5064746141433716,118400.0
1977-01-07,0.5166042447090149,0.5317984872004565,0.5166042447090149,0.5166042447090149,408800.0
1977-01-10,0.5166042447090149,0.5317984872004565,0.5166042447090149,0.5166042447090149,173600.0
1977-01-11,0.5166042665443799,0.5267337619668186,0.5115395188331604,0.5115395188331604,280800.0
1977-01-12,0.5115395188331604,0.5267337619668186,0.5115395188331604,0.5115395188331604,251200.0
1977-01-13,0.5115395188331604,0.5267337619668186,0.5115395188331604,0.5115395188331604,116800.0
1977-01-14,0.5166042447090149,0.5317984872004565,0.5166042447090149,0.5166042447090149,107200.0
1977-01-17,0.5166042447090149,0.5317984872004565,0.5166042447090149,0.5166042447090149,134400.0
1977-01-18,0.5166042665443799,0.5267337619668186,0.5115395188331604,0.5115395188331604,464800.0
1977-01-19,0.5115395188331604,0.5267337619668186,0.5115395188331604,0.5115395188331604,184000.0
1977-01-20,0.5115395188331604,0.5267337619668186,0.5115395188331604,0.5115395188331604,108000.0
1977-01-21,0.5115395188331604,0.5267337619668186,0.5115395188331604,0.5115395188331604,61600.0
1977-01-24,0.5115393602848053,0.5216688525676727,0.5064746141433716,0.5064746141433716,133600.0
1977-01-25,0.5064746141433716,0.5216688525676727,0.5064746141433716,0.5064746141433716,140800.0
1977-01-26,0.5064749900175601,0.5115397399177357,0.4963454902172089,0.49634549021720886,391200.0
1977-01-27,0.49634515317444944,0.506474646096377,0.49128040671348566,0.4912804067134857,354400.0
1977-01-28,0.4760861102041308,0.4760861102041308,0.46089187264442444,0.46089187264442444,523200.0
1977-01-31,0.46089187264442444,0.4760861102041308,0.46089187264442444,0.46089187264442444,283200.0
1977-02-01,0.4659567177295685,0.4811509585250979,0.4659567177295685,0.4659567177295685,147200.0
1977-02-02,0.4659566184976599,0.4760861102041308,0.46089187264442444,0.46089187264442444,133600.0
1977-02-03,0.46089187264442444,0.4760861102041308,0.46089187264442444,0.46089187264442444,72800.0
1977-02-04,0.4659567177295685,0.4811509585250979,0.4659567177295685,0.4659567177295685,223200.0
1977-02-07,0.4659567177295685,0.4811509585250979,0.4659567177295685,0.4659567177295685,97600.0
1977-02-08,0.465956967868162,0.465956967868162,0.45076271891593933,0.45076271891593933,215200.0
1977-02-09,0.4507624415511435,0.46089193461970845,0.44569769501686096,0.44569769501686096,186400.0
1977-02-10,0.44569769501686096,0.46089193461970845,0.44569769501686096,0.44569769501686096,60800.0
1977-02-11,0.44569769501686096,0.46089193461970845,0.44569769501686096,0.44569769501686096,89600.0
1977-02-14,0.44569769501686096,0.46089193461970845,0.44569769501686096,0.44569769501686096,40800.0
1977-02-15,0.45076271891593933,0.465956967868162,0.45076271891593933,0.45076271891593933,80800.0
1977-02-16,0.4558275043964386,0.47102175454298656,0.4558275043964386,0.4558275043964386,128000.0
1977-02-17,0.4558275043964386,0.47102175454298656,0.4558275043964386,0.4558275043964386,60000.0
1977-02-18,0.4558274685666802,0.465956967868162,0.45076271891593933,0.45076271891593933,33600.0
1977-02-22,0.45076271891593933,0.465956967868162,0.45076271891593933,0.45076271891593933,54400.0
1977-02-23,0.4507624415511435,0.46089193461970845,0.44569769501686096,0.44569769501686096,136000.0
1977-02-24,0.4456980422485707,0.45076279272866804,0.43556854128837585,0.43556854128837585,301600.0
1977-02-25,0.4406331181526184,0.45582736360615694,0.4406331181526184,0.4406331181526184,77600.0
1977-02-28,0.4406331181526184,0.45582736360615694,0.4406331181526184,0.4406331181526184,78400.0
1977-03-01,0.4558275043964386,0.47102175454298656,0.4558275043964386,0.4558275043964386,188800.0
1977-03-02,0.4558275043964386,0.47102175454298656,0.4558275043964386,0.4558275043964386,34400.0
1977-03-03,0.4659567177295685,0.4811509585250979,0.4659567177295685,0.4659567177295685,82400.0
1977-03-04,0.4659567177295685,0.4811509585250979,0.4659567177295685,0.4659567177295685,472800.0
1977-03-07,0.46595700449413724,0.47102175454298656,0.4558275043964386,0.4558275043964386,217600.0
1977-03-08,0.4558275043964386,0.47102175454298656,0.4558275043964386,0.4558275043964386,174400.0
1977-03-09,0.4558274685666802,0.465956967868162,0.45076271891593933,0.45076271891593933,104000.0
1977-03-10,0.45076271891593933,0.465956967868162,0.45076271891593933,0.45076271891593933,117600.0
1977-03-11,0.45076271891593933,0.465956967868162,0.45076271891593933,0.45076271891593933,24000.0
1977-03-14,0.45076271891593933,0.465956967868162,0.45076271891593933,0.45076271891593933,56800.0
1977-03-15,0.4558275043964386,0.47102175454298656,0.4558275043964386,0.4558275043964386,208000.0
1977-03-16,0.4558275043964386,0.47102175454298656,0.4558275043964386,0.4558275043964386,104000.0
1977-03-17,0.46089187264442444,0.4760861102041308,0.46089187264442444,0.46089187264442444,131200.0
1977-03-18,0.4710213243961334,0.48621556066697647,0.4710213243961334,0.4710213243961334,193600.0
1977-03-21,0.4760863184928894,0.4912805627001093,0.4760863184928894,0.4760863184928894,444000.0
1977-03-22,0.4811511635780334,0.4963454108489187,0.4811511635780334,0.48115116357803345,220800.0
1977-03-23,0.4811511635780334,0.4963454108489187,0.4811511635780334,0.48115116357803345,123200.0
1977-03-24,0.4811511635780334,0.4963454108489187,0.4811511635780334,0.48115116357803345,92000.0
1977-03-25,0.4811511635780334,0.4963454108489187,0.4811511635780334,0.48115116357803345,127200.0
1977-03-28,0.48115106656196266,0.4912805627001093,0.4760863184928894,0.4760863184928894,76000.0
1977-03-29,0.4811511635780334,0.4963454108489187,0.4811511635780334,0.48115116357803345,375200.0
1977-03-30,0.4811511635780334,0.4963454108489187,0.4811511635780334,0.48115116357803345,276800.0
1977-03-31,0.4811511635780334,0.4963454108489187,0.4811511635780334,0.48115116357803345,559200.0
1977-04-01,0.4811511635780334,0.4963454108489187,0.4811511635780334,0.48115116357803345,152000.0
1977-04-04,0.4811511635780334,0.4963454108489187,0.4811511635780334,0.48115116357803345,116000.0
1977-04-05,0.48115106656196266,0.4912805627001093,0.4760863184928894,0.4760863184928894,227200.0
1977-04-06,0.4760863184928894,0.4912805627001093,0.4760863184928894,0.4760863184928894,122400.0
1977-04-07,0.4760863184928894,0.4912805627001093,0.4760863184928894,0.4760863184928894,50400.0
1977-04-11,0.4760863184928894,0.4912805627001093,0.4760863184928894,0.4760863184928894,37600.0
1977-04-12,0.4811511635780334,0.4963454108489187,0.4811511635780334,0.48115116357803345,130400.0
1977-04-13,0.4811511635780334,0.4963454108489187,0.4811511635780334,0.48115116357803345,160800.0
1977-04-14,0.4811511635780334,0.4963454108489187,0.4811511635780334,0.48115116357803345,65600.0
1977-04-15,0.48115106656196266,0.4912805627001093,0.4760863184928894,0.4760863184928894,92000.0
1977-04-18,0.4811511635780334,0.4963454108489187,0.4811511635780334,0.48115116357803345,103200.0
1977-04-19,0.48115106656196266,0.4912805627001093,0.4760863184928894,0.4760863184928894,62400.0
1977-04-20,0.4760863184928894,0.4912805627001093,0.4760863184928894,0.4760863184928894,199200.0
1977-04-21,0.4811511635780334,0.4963454108489187,0.4811511635780334,0.48115116357803345,113600.0
1977-04-22,0.4811511635780334,0.4963454108489187,0.4811511635780334,0.48115116357803345,23200.0
1977-04-25,0.48115106656196266,0.4912805627001093,0.4760863184928894,0.4760863184928894,65600.0
1977-04-26,0.4760863184928894,0.4912805627001093,0.4760863184928894,0.4760863184928894,104800.0
1977-04-27,0.4811511635780334,0.4963454108489187,0.4811511635780334,0.48115116357803345,141600.0
1977-04-28,0.4811511635780334,0.4963454108489187,0.4811511635780334,0.48115116357803345,128800.0
1977-04-29,0.4811511635780334,0.4963454108489187,0.4811511635780334,0.48115116357803345,34400.0
1977-05-02,0.4811511635780334,0.4963454108489187,0.4811511635780334,0.48115116357803345,135200.0
1977-05-03,0.4862157702445984,0.5014100130647421,0.4862157702445984,0.4862157702445984,346400.0
1977-05-04,0.49128040671348566,0.506474646096377,0.49128040671348566,0.4912804067134857,168800.0
1977-05-05,0.49128040671348566,0.506474646096377,0.49128040671348566,0.4912804067134857,160800.0
1977-05-06,0.49128051785131294,0.5014100130647421,0.4862157702445984,0.4862157702445984,161600.0
1977-05-09,0.4862157702445984,0.5014100130647421,0.4862157702445984,0.4862157702445984,102400.0
1977-05-10,0.4862157702445984,0.5014100130647421,0.4862157702445984,0.4862157702445984,178400.0
1977-05-11,0.4862157702445984,0.5014100130647421,0.4862157702445984,0.4862157702445984,39200.0
1977-05-12,0.4862157702445984,0.5014100130647421,0.4862157702445984,0.4862157702445984,59200.0
1977-05-13,0.4862157702445984,0.5014100130647421,0.4862157702445984,0.4862157702445984,112000.0
1977-05-16,0.48621591266832853,0.4963454108489187,0.4811511635780334,0.48115116357803345,189600.0
1977-05-17,0.4862157702445984,0.5014100130647421,0.4862157702445984,0.4862157702445984,197600.0
1977-05-18,0.4862157702445984,0.5014100130647421,0.4862157702445984,0.4862157702445984,57600.0
1977-05-19,0.4862157702445984,0.5014100130647421,0.4862157702445984,0.4862157702445984,170400.0
1977-05-20,0.4862157702445984,0.5014100130647421,0.4862157702445984,0.4862157702445984,77600.0
1977-05-23,0.4862157702445984,0.5014100130647421,0.4862157702445984,0.4862157702445984,95200.0
1977-05-24,0.48621591266832853,0.4963454108489187,0.4811511635780334,0.48115116357803345,208000.0
1977-05-25,0.4862157702445984,0.5014100130647421,0.4862157702445984,0.4862157702445984,118400.0
1977-05-26,0.4862157702445984,0.5014100130647421,0.4862157702445984,0.4862157702445984,571200.0
1977-05-27,0.48621591266832853,0.4963454108489187,0.4811511635780334,0.48115116357803345,85600.0
1977-05-31,0.4811508152433621,0.48621556066697647,0.4710213243961334,0.4710213243961334,92800.0
1977-06-01,0.4710213243961334,0.48621556066697647,0.4710213243961334,0.4710213243961334,40800.0
1977-06-02,0.4710213243961334,0.48621556066697647,0.4710213243961334,0.4710213243961334,98400.0
1977-06-03,0.4710213243961334,0.48621556066697647,0.4710213243961334,0.4710213243961334,62400.0
1977-06-06,0.4710213243961334,0.48621556066697647,0.4710213243961334,0.4710213243961334,39200.0
1977-06-07,0.47102146466141165,0.4811509585250979,0.4659567177295685,0.4659567177295685,18400.0
1977-06-08,0.4710213243961334,0.48621556066697647,0.4710213243961334,0.4710213243961334,36000.0
1977-06-09,0.47102146466141165,0.4811509585250979,0.4659567177295685,0.4659567177295685,101600.0
1977-06-10,0.4710213243961334,0.48621556066697647,0.4710213243961334,0.4710213243961334,96000.0
1977-06-13,0.4710213243961334,0.48621556066697647,0.4710213243961334,0.4710213243961334,52800.0
1977-06-14,0.4760863184928894,0.4912805627001093,0.4760863184928894,0.4760863184928894,58400.0
1977-06-15,0.4760863184928894,0.4912805627001093,0.4760863184928894,0.4760863184928894,56800.0
1977-06-16,0.4760863184928894,0.4912805627001093,0.4760863184928894,0.4760863184928894,35200.0
1977-06-17,0.4760863184928894,0.4912805627001093,0.4760863184928894,0.4760863184928894,87200.0
1977-06-20,0.47608606981974777,0.48621556066697647,0.4710213243961334,0.4710213243961334,78400.0
1977-06-21,0.4710213243961334,0.48621556066697647,0.4710213243961334,0.4710213243961334,279200.0
1977-06-22,0.47102146466141165,0.4811509585250979,0.4659567177295685,0.4659567177295685,78400.0
1977-06-23,0.4659566184976599,0.4760861102041308,0.46089187264442444,0.46089187264442444,212800.0
1977-06-24,0.46089187264442444,0.4760861102041308,0.46089187264442444,0.46089187264442444,180000.0
1977-06-27,0.4608922544452879,0.47102175454298656,0.4558275043964386,0.4558275043964386,256800.0
1977-06-28,0.4558274685666802,0.465956967868162,0.45076271891593933,0.45076271891593933,362400.0
1977-06-29,0.4507624415511435,0.46089193461970845,0.44569769501686096,0.44569769501686096,30400.0
1977-06-30,0.44569769501686096,0.46089193461970845,0.44569769501686096,0.44569769501686096,372800.0
1977-07-01,0.44569769501686096,0.46089193461970845,0.44569769501686096,0.44569769501686096,36000.0
1977-07-05,0.44569769501686096,0.46089193461970845,0.44569769501686096,0.44569769501686096,113600.0
1977-07-06,0.44569769501686096,0.46089193461970845,0.44569769501686096,0.44569769501686096,134400.0
1977-07-07,0.44569769501686096,0.46089193461970845,0.44569769501686096,0.44569769501686096,104000.0
1977-07-08,0.45076271891593933,0.465956967868162,0.45076271891593933,0.45076271891593933,214400.0
1977-07-11,0.45076271891593933,0.465956967868162,0.45076271891593933,0.45076271891593933,140800.0
1977-07-12,0.45076271891593933,0.465956967868162,0.45076271891593933,0.45076271891593933,111200.0
1977-07-13,0.45076271891593933,0.465956967868162,0.45076271891593933,0.45076271891593933,64000.0
1977-07-15,0.4558275043964386,0.47102175454298656,0.4558275043964386,0.4558275043964386,480000.0
1977-07-18,0.46089187264442444,0.4760861102041308,0.46089187264442444,0.46089187264442444,113600.0
1977-07-19,0.46089187264442444,0.4760861102041308,0.46089187264442444,0.46089187264442444,64800.0
1977-07-20,0.46089187264442444,0.4760861102041308,0.46089187264442444,0.46089187264442444,202400.0
1977-07-21,0.46089187264442444,0.4760861102041308,0.46089187264442444,0.46089187264442444,43200.0
1977-07-22,0.4710213243961334,0.48621556066697647,0.4710213243961334,0.4710213243961334,169600.0
1977-07-25,0.4811511635780334,0.4963454108489187,0.4811511635780334,0.48115116357803345,317600.0
1977-07-26,0.4811511635780334,0.4963454108489187,0.4811511635780334,0.48115116357803345,96800.0
1977-07-27,0.4811508152433621,0.48621556066697647,0.4710213243961334,0.4710213243961334,176800.0
1977-07-28,0.4710213643508953,0.4760861102041308,0.46089187264442444,0.46089187264442444,223200.0
1977-07-29,0.4659567177295685,0.4811509585250979,0.4659567177295685,0.4659567177295685,70400.0
1977-08-01,0.4659567177295685,0.4811509585250979,0.4659567177295685,0.4659567177295685,96800.0
1977-08-02,0.4659566184976599,0.4760861102041308,0.46089187264442444,0.46089187264442444,94400.0
1977-08-03,0.46089187264442444,0.4760861102041308,0.46089187264442444,0.46089187264442444,172000.0
1977-08-04,0.46089187264442444,0.4760861102041308,0.46089187264442444,0.46089187264442444,40800.0
1977-08-05,0.46089187264442444,0.4760861102041308,0.46089187264442444,0.46089187264442444,163200.0
1977-08-08,0.4608922544452879,0.47102175454298656,0.4558275043964386,0.4558275043964386,44800.0
1977-08-09,0.4558275043964386,0.47102175454298656,0.4558275043964386,0.4558275043964386,152800.0
1977-08-10,0.4558274685666802,0.465956967868162,0.45076271891593933,0.45076271891593933,38400.0
1977-08-11,0.45076271891593933,0.465956967868162,0.45076271891593933,0.45076271891593933,9600.0
1977-08-12,0.45076271891593933,0.465956967868162,0.45076271891593933,0.45076271891593933,39200.0
1977-08-15,0.4507624415511435,0.46089193461970845,0.44569769501686096,0.44569769501686096,115200.0
1977-08-16,0.44569786663713123,0.45582736360615694,0.4406331181526184,0.4406331181526184,220000.0
1977-08-17,0.4406331181526184,0.45582736360615694,0.4406331181526184,0.4406331181526184,254400.0
1977-08-18,0.4406331181526184,0.45582736360615694,0.4406331181526184,0.4406331181526184,99200.0
1977-08-19,0.4406331181526184,0.45582736360615694,0.4406331181526184,0.4406331181526184,13600.0
1977-08-22,0.4406331181526184,0.45582736360615694,0.4406331181526184,0.4406331181526184,16800.0
1977-08-23,0.4406331181526184,0.45582736360615694,0.4406331181526184,0.4406331181526184,71200.0
1977-08-24,0.4406331181526184,0.45582736360615694,0.4406331181526184,0.4406331181526184,28800.0
1977-08-25,0.4406331181526184,0.45582736360615694,0.4406331181526184,0.4406331181526184,49600.0
1977-08-26,0.44063329176847327,0.45076279272866804,0.43556854128837585,0.43556854128837585,142400.0
1977-08-29,0.43556854128837585,0.45076279272866804,0.43556854128837585,0.43556854128837585,72000.0
1977-08-30,0.43556823449976306,0.44569772832533894,0.4305034875869751,0.4305034875869751,96000.0
1977-08-31,0.43050347871723627,0.4406329723341124,0.42543873190879816,0.4254387319087982,204000.0
1977-09-01,0.42543873190879816,0.4406329723341124,0.42543873190879816,0.4254387319087982,76800.0
1977-09-02,0.42543873190879816,0.4406329723341124,0.42543873190879816,0.4254387319087982,54400.0
1977-09-06,0.42543873190879816,0.4406329723341124,0.42543873190879816,0.4254387319087982,84000.0
1977-09-07,0.4305034875869751,0.44569772832533894,0.4305034875869751,0.4305034875869751,145600.0
1977-09-08,0.43050347871723627,0.4406329723341124,0.42543873190879816,0.4254387319087982,312000.0
1977-09-09,0.42543873190879816,0.4406329723341124,0.42543873190879816,0.4254387319087982,103200.0
1977-09-12,0.42543873190879816,0.4406329723341124,0.42543873190879816,0.4254387319087982,562400.0
1977-09-13,0.42543873190879816,0.4406329723341124,0.42543873190879816,0.4254387319087982,192800.0
1977-09-14,0.42543873190879816,0.4406329723341124,0.42543873190879816,0.4254387319087982,84000.0
1977-09-15,0.42543873190879816,0.4406329723341124,0.42543873190879816,0.4254387319087982,281600.0
1977-09-16,0.42543873190879816,0.4406329723341124,0.42543873190879816,0.4254387319087982,28000.0
1977-09-19,0.42543873190879816,0.4406329723341124,0.42543873190879816,0.4254387319087982,43200.0
1977-09-20,0.42543873190879816,0.4406329723341124,0.42543873190879816,0.4254387319087982,107200.0
1977-09-21,0.42543873190879816,0.4406329723341124,0.42543873190879816,0.4254387319087982,102400.0
1977-09-22,0.4305034875869751,0.44569772832533894,0.4305034875869751,0.4305034875869751,18400.0
1977-09-23,0.4305034875869751,0.44569772832533894,0.4305034875869751,0.4305034875869751,136000.0
1977-09-26,0.43556854128837585,0.45076279272866804,0.43556854128837585,0.43556854128837585,169600.0
1977-09-27,0.4406331181526184,0.45582736360615694,0.4406331181526184,0.4406331181526184,82400.0
1977-09-28,0.44569769501686096,0.46089193461970845,0.44569769501686096,0.44569769501686096,230400.0
1977-09-29,0.44569769501686096,0.46089193461970845,0.44569769501686096,0.44569769501686096,308000.0
1977-09-30,0.44569786663713123,0.45582736360615694,0.4406331181526184,0.4406331181526184,49600.0
1977-10-03,0.4406331181526184,0.45582736360615694,0.4406331181526184,0.4406331181526184,109600.0
1977-10-04,0.44063329176847327,0.45076279272866804,0.43556854128837585,0.43556854128837585,170400.0
1977-10-05,0.43556854128837585,0.45076279272866804,0.43556854128837585,0.43556854128837585,42400.0
1977-10-06,0.4406331181526184,0.45582736360615694,0.4406331181526184,0.4406331181526184,52000.0
1977-10-07,0.4406331181526184,0.45582736360615694,0.4406331181526184,0.4406331181526184,72000.0
1977-10-10,0.4406331181526184,0.45582736360615694,0.4406331181526184,0.4406331181526184,25600.0
1977-10-11,0.44569769501686096,0.46089193461970845,0.44569769501686096,0.44569769501686096,288800.0
1977-10-12,0.44569786663713123,0.45582736360615694,0.4406331181526184,0.4406331181526184,216000.0
1977-10-13,0.4406331181526184,0.45582736360615694,0.4406331181526184,0.4406331181526184,26400.0
1977-10-14,0.4406331181526184,0.45582736360615694,0.4406331181526184,0.4406331181526184,56800.0
1977-10-17,0.4406331181526184,0.45582736360615694,0.4406331181526184,0.4406331181526184,62400.0
1977-10-18,0.44569769501686096,0.46089193461970845,0.44569769501686096,0.44569769501686096,194400.0
1977-10-19,0.44569786663713123,0.45582736360615694,0.4406331181526184,0.4406331181526184,176800.0
1977-10-20,0.4406331181526184,0.45582736360615694,0.4406331181526184,0.4406331181526184,94400.0
1977-10-21,0.44063329176847327,0.45076279272866804,0.43556854128837585,0.43556854128837585,83200.0
1977-10-24,0.43556854128837585,0.45076279272866804,0.43556854128837585,0.43556854128837585,84000.0
1977-10-25,0.43556823449976306,0.44569772832533894,0.4305034875869751,0.4305034875869751,205600.0
1977-10-26,0.4305036527564727,0.43556840161243116,0.42037415504455566,0.42037415504455566,222400.0
1977-10-27,0.42037415504455566,0.43556840161243116,0.42037415504455566,0.42037415504455566,8800.0
1977-10-28,0.42543873190879816,0.4406329723341124,0.42543873190879816,0.4254387319087982,20000.0
1977-10-31,0.42543873190879816,0.4406329723341124,0.42543873190879816,0.4254387319087982,67200.0
1977-11-01,0.42543880532427536,0.4305035530067072,0.4153093099594117,0.4153093099594116,102400.0
1977-11-02,0.4153093099594117,0.4305035530067072,0.4153093099594117,0.4153093099594116,179200.0
1977-11-03,0.4153093099594117,0.4305035530067072,0.4153093099594117,0.4153093099594116,52000.0
1977-11-04,0.4153093099594117,0.4305035530067072,0.4153093099594117,0.4153093099594116,102400.0
1977-11-07,0.42037415504455566,0.43556840161243116,0.42037415504455566,0.42037415504455566,68800.0
1977-11-08,0.42543873190879816,0.4406329723341124,0.42543873190879816,0.4254387319087982,15200.0
1977-11-09,0.42543873190879816,0.4406329723341124,0.42543873190879816,0.4254387319087982,85600.0
1977-11-10,0.42543873190879816,0.4406329723341124,0.42543873190879816,0.4254387319087982,145600.0
1977-11-11,0.4305034875869751,0.44569772832533894,0.4305034875869751,0.4305034875869751,51200.0
1977-11-14,0.43050347871723627,0.4406329723341124,0.42543873190879816,0.4254387319087982,28800.0
1977-11-15,0.4305034875869751,0.44569772832533894,0.4305034875869751,0.4305034875869751,72000.0
1977-11-16,0.4305034875869751,0.44569772832533894,0.4305034875869751,0.4305034875869751,76000.0
1977-11-17,0.4305034875869751,0.44569772832533894,0.4305034875869751,0.4305034875869751,96800.0
1977-11-18,0.4305034875869751,0.44569772832533894,0.4305034875869751,0.4305034875869751,52000.0
1977-11-21,0.4305034875869751,0.44569772832533894,0.4305034875869751,0.4305034875869751,119200.0
1977-11-22,0.43556854128837585,0.45076279272866804,0.43556854128837585,0.43556854128837585,102400.0
1977-11-23,0.4406331181526184,0.45582736360615694,0.4406331181526184,0.4406331181526184,182400.0
1977-11-25,0.4406331181526184,0.45582736360615694,0.4406331181526184,0.4406331181526184,221600.0
1977-11-28,0.4406331181526184,0.45582736360615694,0.4406331181526184,0.4406331181526184,79200.0
1977-11-29,0.4406331181526184,0.45582736360615694,0.4406331181526184,0.4406331181526184,195200.0
1977-11-30,0.4406331181526184,0.45582736360615694,0.4406331181526184,0.4406331181526184,85600.0
1977-12-01,0.4406331181526184,0.45582736360615694,0.4406331181526184,0.4406331181526184,262400.0
1977-12-02,0.44569769501686096,0.46089193461970845,0.44569769501686096,0.44569769501686096,119200.0
1977-12-05,0.46089187264442444,0.4760861102041308,0.46089187264442444,0.46089187264442444,441600.0
1977-12-06,0.4608922182174211,0.465956967868162,0.45076271891593933,0.45076271891593933,384000.0
1977-12-07,0.45076271891593933,0.465956967868162,0.45076271891593933,0.45076271891593933,57600.0
1977-12-08,0.45076271891593933,0.465956967868162,0.45076271891593933,0.45076271891593933,92800.0
1977-12-09,0.45076271891593933,0.465956967868162,0.45076271891593933,0.45076271891593933,132000.0
1977-12-12,0.4558275043964386,0.47102175454298656,0.4558275043964386,0.4558275043964386,74400.0
1977-12-13,0.4558275043964386,0.47102175454298656,0.4558275043964386,0.4558275043964386,270400.0
1977-12-14,0.4558274685666802,0.465956967868162,0.45076271891593933,0.45076271891593933,226400.0
1977-12-15,0.45076271891593933,0.465956967868162,0.45076271891593933,0.45076271891593933,150400.0
1977-12-16,0.45076271891593933,0.465956967868162,0.45076271891593933,0.45076271891593933,87200.0
1977-12-19,0.45076279272866804,0.45076279272866804,0.43556854128837585,0.43556854128837585,368000.0
1977-12-20,0.43556854128837585,0.45076279272866804,0.43556854128837585,0.43556854128837585,180000.0
1977-12-21,0.4406331181526184,0.45582736360615694,0.4406331181526184,0.4406331181526184,204000.0
1977-12-22,0.4406331181526184,0.45582736360615694,0.4406331181526184,0.4406331181526184,156800.0
1977-12-23,0.4406331181526184,0.45582736360615694,0.4406331181526184,0.4406331181526184,11200.0
1977-12-27,0.44569769501686096,0.46089193461970845,0.44569769501686096,0.44569769501686096,231200.0
1977-12-28,0.45076271891593933,0.465956967868162,0.45076271891593933,0.45076271891593933,136800.0
1977-12-29,0.45076271891593933,0.465956967868162,0.45076271891593933,0.45076271891593933,338400.0
1977-12-30,0.46089187264442444,0.4760861102041308,0.46089187264442444,0.46089187264442444,358400.0
1978-01-03,0.4608922544452879,0.47102175454298656,0.4558275043964386,0.4558275043964386,356800.0
1978-01-04,0.46089187264442444,0.4760861102041308,0.46089187264442444,0.46089187264442444,153600.0
1978-01-05,0.46089187264442444,0.4760861102041308,0.46089187264442444,0.46089187264442444,325600.0
1978-01-06,0.4608922544452879,0.47102175454298656,0.4558275043964386,0.4558275043964386,107200.0
1978-01-09,0.4558275043964386,0.47102175454298656,0.4558275043964386,0.4558275043964386,156800.0
1978-01-10,0.4558275043964386,0.47102175454298656,0.4558275043964386,0.4558275043964386,171200.0
1978-01-11,0.4558275043964386,0.47102175454298656,0.4558275043964386,0.4558275043964386,209600.0
1978-01-12,0.4558275043964386,0.47102175454298656,0.4558275043964386,0.4558275043964386,68000.0
1978-01-13,0.4558275043964386,0.47102175454298656,0.4558275043964386,0.4558275043964386,115200.0
1978-01-16,0.4558275043964386,0.47102175454298656,0.4558275043964386,0.4558275043964386,93600.0
1978-01-17,0.4659567177295685,0.4811509585250979,0.4659567177295685,0.4659567177295685,144000.0
1978-01-18,0.4760863184928894,0.4912805627001093,0.4760863184928894,0.4760863184928894,352000.0
1978-01-19,0.4760863184928894,0.4912805627001093,0.4760863184928894,0.4760863184928894,49600.0
1978-01-20,0.4760863184928894,0.4912805627001093,0.4760863184928894,0.4760863184928894,40800.0
1978-01-23,0.4760863184928894,0.4912805627001093,0.4760863184928894,0.4760863184928894,124000.0
1978-01-24,0.47608606981974777,0.48621556066697647,0.4710213243961334,0.4710213243961334,112000.0
1978-01-25,0.4760863184928894,0.4912805627001093,0.4760863184928894,0.4760863184928894,121600.0
1978-01-26,0.4760863184928894,0.4912805627001093,0.4760863184928894,0.4760863184928894,29600.0
1978-01-27,0.4760863184928894,0.4912805627001093,0.4760863184928894,0.4760863184928894,84000.0
1978-01-30,0.4760863184928894,0.4912805627001093,0.4760863184928894,0.4760863184928894,44800.0
1978-01-31,0.4760863184928894,0.4912805627001093,0.4760863184928894,0.4760863184928894,105600.0
1978-02-01,0.4760863184928894,0.4912805627001093,0.4760863184928894,0.4760863184928894,110400.0
1978-02-02,0.4811511635780334,0.4963454108489187,0.4811511635780334,0.48115116357803345,54400.0
1978-02-03,0.4811511635780334,0.4963454108489187,0.4811511635780334,0.48115116357803345,85600.0
1978-02-06,0.4811511635780334,0.4963454108489187,0.4811511635780334,0.48115116357803345,21600.0
1978-02-07,0.4811511635780334,0.4963454108489187,0.4811511635780334,0.48115116357803345,169600.0
1978-02-08,0.4811511635780334,0.4963454108489187,0.4811511635780334,0.48115116357803345,149600.0
1978-02-09,0.4811511635780334,0.4963454108489187,0.4811511635780334,0.48115116357803345,88800.0
1978-02-10,0.4811511635780334,0.4963454108489187,0.4811511635780334,0.48115116357803345,48800.0
1978-02-13,0.4811511635780334,0.4963454108489187,0.4811511635780334,0.48115116357803345,92000.0
1978-02-14,0.4811511635780334,0.4963454108489187,0.4811511635780334,0.48115116357803345,166400.0
1978-02-15,0.4811511635780334,0.4963454108489187,0.4811511635780334,0.48115116357803345,83200.0
1978-02-16,0.4811511635780334,0.4963454108489187,0.4811511635780334,0.48115116357803345,255200.0
1978-02-17,0.4811511635780334,0.4963454108489187,0.4811511635780334,0.48115116357803345,48800.0
1978-02-21,0.4811511635780334,0.4963454108489187,0.4811511635780334,0.48115116357803345,193600.0
1978-02-22,0.48115106656196266,0.4912805627001093,0.4760863184928894,0.4760863184928894,40000.0
1978-02-23,0.4760863184928894,0.4912805627001093,0.4760863184928894,0.4760863184928894,198400.0
1978-02-24,0.4811511635780334,0.4963454108489187,0.4811511635780334,0.48115116357803345,411200.0
1978-02-27,0.48115106656196266,0.4912805627001093,0.4760863184928894,0.4760863184928894,141600.0
1978-02-28,0.47608606981974777,0.48621556066697647,0.4710213243961334,0.4710213243961334,125600.0
1978-03-01,0.4710213243961334,0.48621556066697647,0.4710213243961334,0.4710213243961334,48000.0
1978-03-02,0.4710213243961334,0.48621556066697647,0.4710213243961334,0.4710213243961334,84000.0
1978-03-03,0.4710213243961334,0.48621556066697647,0.4710213243961334,0.4710213243961334,46400.0
1978-03-06,0.4710213243961334,0.48621556066697647,0.4710213243961334,0.4710213243961334,31200.0
1978-03-07,0.4710213243961334,0.48621556066697647,0.4710213243961334,0.4710213243961334,50400.0
1978-03-08,0.4710213243961334,0.48621556066697647,0.4710213243961334,0.4710213243961334,108000.0
1978-03-09,0.4710213243961334,0.48621556066697647,0.4710213243961334,0.4710213243961334,79200.0
1978-03-10,0.47102146466141165,0.4811509585250979,0.4659567177295685,0.4659567177295685,31200.0
1978-03-13,0.4659567177295685,0.4811509585250979,0.4659567177295685,0.4659567177295685,1704800.0
1978-03-14,0.4659567177295685,0.4811509585250979,0.4659567177295685,0.4659567177295685,132000.0
1978-03-15,0.4659566184976599,0.4760861102041308,0.46089187264442444,0.46089187264442444,168800.0
1978-03-16,0.46089187264442444,0.4760861102041308,0.46089187264442444,0.46089187264442444,379200.0
1978-03-17,0.46089187264442444,0.4760861102041308,0.46089187264442444,0.46089187264442444,188800.0
1978-03-20,0.46089187264442444,0.4760861102041308,0.46089187264442444,0.46089187264442444,130400.0
1978-03-21,0.46089187264442444,0.4760861102041308,0.46089187264442444,0.46089187264442444,294400.0
1978-03-22,0.4608922544452879,0.47102175454298656,0.4558275043964386,0.4558275043964386,194400.0
1978-03-23,0.4558275043964386,0.47102175454298656,0.4558275043964386,0.4558275043964386,102400.0
1978-03-27,0.46089187264442444,0.4760861102041308,0.46089187264442444,0.46089187264442444,188000.0
1978-03-28,0.4608922544452879,0.47102175454298656,0.4558275043964386,0.4558275043964386,36000.0
1978-03-29,0.46089187264442444,0.4760861102041308,0.46089187264442444,0.46089187264442444,371200.0
1978-03-30,0.4659567177295685,0.4811509585250979,0.4659567177295685,0.4659567177295685,45600.0
1978-03-31,0.4659566184976599,0.4760861102041308,0.46089187264442444,0.46089187264442444,120800.0
1978-04-03,0.4608922544452879,0.47102175454298656,0.4558275043964386,0.4558275043964386,255200.0
1978-04-04,0.4558275043964386,0.47102175454298656,0.4558275043964386,0.4558275043964386,102400.0
1978-04-05,0.46089187264442444,0.4760861102041308,0.46089187264442444,0.46089187264442444,199200.0
1978-04-06,0.4659567177295685,0.4811509585250979,0.4659567177295685,0.4659567177295685,106400.0
1978-04-07,0.4659567177295685,0.4811509585250979,0.4659567177295685,0.4659567177295685,244800.0
1978-04-10,0.4760863184928894,0.4912805627001093,0.4760863184928894,0.4760863184928894,719200.0
1978-04-11,0.49128040671348566,0.506474646096377,0.49128040671348566,0.4912804067134857,589600.0
1978-04-12,0.5064746141433716,0.5216688525676727,0.5064746141433716,0.5064746141433716,728000.0
1978-04-13,0.5166042447090149,0.5317984872004565,0.5166042447090149,0.5166042447090149,377600.0
1978-04-14,0.5216689109802246,0.5368631511058621,0.5216689109802246,0.5216689109802246,372800.0
1978-04-17,0.5216689922061621,0.5317984872004565,0.5166042447090149,0.5166042447090149,444800.0
1978-04-18,0.516604106426239,0.5216688525676727,0.5064746141433716,0.5064746141433716,192800.0
1978-04-19,0.5216689109802246,0.5368631511058621,0.5216689109802246,0.5216689109802246,942400.0
1978-04-20,0.5368631482124329,0.552057388256181,0.5368631482124329,0.5368631482124329,282400.0
1978-04-21,0.5368631482124329,0.552057388256181,0.5368631482124329,0.5368631482124329,219200.0
1978-04-24,0.5368631482124329,0.552057388256181,0.5368631482124329,0.5368631482124329,352000.0
1978-04-25,0.5368634099052065,0.5469929082053048,0.5317986607551575,0.5317986607551575,141600.0
1978-04-26,0.5317987444309088,0.5419282443248309,0.5267339944839478,0.5267339944839478,106400.0
1978-04-27,0.5267336576887705,0.5368631511058621,0.5216689109802246,0.5216689109802246,259200.0
1978-04-28,0.5267339944839478,0.5419282443248309,0.5267339944839478,0.5267339944839478,277600.0
1978-05-01,0.5317986607551575,0.5469929082053048,0.5317986607551575,0.5317986607551575,92000.0
1978-05-02,0.5317986607551575,0.5469929082053048,0.5317986607551575,0.5317986607551575,233600.0
1978-05-03,0.5368631482124329,0.552057388256181,0.5368631482124329,0.5368631482124329,224800.0
1978-05-04,0.5469924211502075,0.5621866550710466,0.5469924211502075,0.5469924211502075,361600.0
1978-05-05,0.5571222901344299,0.5723165344108234,0.5571222901344299,0.5571222901344299,190400.0
1978-05-08,0.5571222901344299,0.5723165344108234,0.5571222901344299,0.5571222901344299,252800.0
1978-05-09,0.5621870160102844,0.577381259686238,0.5621870160102844,0.5621870160102844,526400.0
1978-05-10,0.5621871822470919,0.5672519316367053,0.552057683467865,0.552057683467865,194400.0
1978-05-11,0.552057683467865,0.5672519316367053,0.552057683467865,0.552057683467865,186400.0
1978-05-12,0.552057683467865,0.5672519316367053,0.552057683467865,0.552057683467865,86400.0
1978-05-15,0.552057683467865,0.5672519316367053,0.552057683467865,0.552057683467865,232000.0
1978-05-16,0.5621870160102844,0.577381259686238,0.5621870160102844,0.5621870160102844,343200.0
1978-05-17,0.5672519207000732,0.5824461685759681,0.5672519207000732,0.5672519207000732,232000.0
1978-05-18,0.5723166465759277,0.587510893830156,0.5723166465759277,0.5723166465759277,248800.0
1978-05-19,0.5723166465759277,0.587510893830156,0.5723166465759277,0.5723166465759277,534400.0
1978-05-22,0.5723166699920381,0.5824461685759681,0.5672519207000732,0.5672519207000732,355200.0
1978-05-23,0.5672519316367053,0.5672519316367053,0.552057683467865,0.552057683467865,186400.0
1978-05-24,0.5520571657904872,0.5621866550710466,0.5469924211502075,0.5469924211502075,104800.0
1978-05-25,0.5469926415749317,0.552057388256181,0.5368631482124329,0.5368631482124329,147200.0
1978-05-26,0.5368634099052065,0.5469929082053048,0.5317986607551575,0.5317986607551575,72800.0
1978-05-30,0.5317986607551575,0.5469929082053048,0.5317986607551575,0.5317986607551575,97600.0
1978-05-31,0.5419281721115112,0.5571224199277218,0.5419281721115112,0.5419281721115112,145600.0
1978-06-01,0.5419281721115112,0.5571224199277218,0.5419281721115112,0.5419281721115112,97600.0
1978-06-02,0.5419281721115112,0.5571224199277218,0.5419281721115112,0.5419281721115112,92800.0
1978-06-05,0.5419281721115112,0.5571224199277218,0.5419281721115112,0.5419281721115112,106400.0
1978-06-06,0.5419281721115112,0.5571224199277218,0.5419281721115112,0.5419281721115112,208000.0
1978-06-07,0.5419281721115112,0.5571224199277218,0.5419281721115112,0.5419281721115112,86400.0
1978-06-08,0.5419281721115112,0.5571224199277218,0.5419281721115112,0.5419281721115112,74400.0
1978-06-09,0.5419281721115112,0.5571224199277218,0.5419281721115112,0.5419281721115112,224000.0
1978-06-12,0.5419281721115112,0.5571224199277218,0.5419281721115112,0.5419281721115112,160000.0
1978-06-13,0.5419281590552557,0.5469929082053048,0.5317986607551575,0.5317986607551575,161600.0
1978-06-14,0.5368631482124329,0.552057388256181,0.5368631482124329,0.5368631482124329,110400.0
1978-06-15,0.5419281721115112,0.5571224199277218,0.5419281721115112,0.5419281721115112,120800.0
1978-06-16,0.5419281721115112,0.5571224199277218,0.5419281721115112,0.5419281721115112,116800.0
1978-06-19,0.5419281721115112,0.5571224199277218,0.5419281721115112,0.5419281721115112,121600.0
1978-06-20,0.5419278948936823,0.552057388256181,0.5368631482124329,0.5368631482124329,95200.0
1978-06-21,0.5368631482124329,0.552057388256181,0.5368631482124329,0.5368631482124329,216800.0
1978-06-22,0.5368631482124329,0.552057388256181,0.5368631482124329,0.5368631482124329,112800.0
1978-06-23,0.5368631482124329,0.552057388256181,0.5368631482124329,0.5368631482124329,321600.0
1978-06-26,0.5368634943778698,0.5419282443248309,0.5267339944839478,0.5267339944839478,316800.0
1978-06-27,0.5267336576887705,0.5368631511058621,0.5216689109802246,0.5216689109802246,123200.0
1978-06-28,0.5216689109802246,0.5368631511058621,0.5216689109802246,0.5216689109802246,236800.0
1978-06-29,0.5267339944839478,0.5419282443248309,0.5267339944839478,0.5267339944839478,147200.0
1978-06-30,0.5267339944839478,0.5419282443248309,0.5267339944839478,0.5267339944839478,174400.0
1978-07-03,0.5267339944839478,0.5419282443248309,0.5267339944839478,0.5267339944839478,56000.0
1978-07-05,0.5267336576887705,0.5368631511058621,0.5216689109802246,0.5216689109802246,77600.0
1978-07-06,0.5216689109802246,0.5368631511058621,0.5216689109802246,0.5216689109802246,83200.0
1978-07-07,0.5216689109802246,0.5368631511058621,0.5216689109802246,0.5216689109802246,269600.0
1978-07-10,0.5267339944839478,0.5419282443248309,0.5267339944839478,0.5267339944839478,258400.0
1978-07-11,0.5267339944839478,0.5419282443248309,0.5267339944839478,0.5267339944839478,444800.0
1978-07-12,0.5267339944839478,0.5419282443248309,0.5267339944839478,0.5267339944839478,120800.0
1978-07-13,0.5267339944839478,0.5419282443248309,0.5267339944839478,0.5267339944839478,350400.0
1978-07-14,0.552057683467865,0.5672519316367053,0.552057683467865,0.552057683467865,599200.0
1978-07-17,0.5571222901344299,0.5723165344108234,0.5571222901344299,0.5571222901344299,92000.0
1978-07-18,0.5571222901344299,0.5723165344108234,0.5571222901344299,0.5571222901344299,212800.0
1978-07-19,0.5571222901344299,0.5723165344108234,0.5571222901344299,0.5571222901344299,87200.0
1978-07-20,0.5723166465759277,0.587510893830156,0.5723166465759277,0.5723166465759277,241600.0
1978-07-21,0.5723166699920381,0.5824461685759681,0.5672519207000732,0.5672519207000732,144000.0
1978-07-24,0.5672519207000732,0.5824461685759681,0.5672519207000732,0.5672519207000732,70400.0
1978-07-25,0.5672519207000732,0.5824461685759681,0.5672519207000732,0.5672519207000732,58400.0
1978-07-26,0.5773812532424927,0.592575496748874,0.5773812532424927,0.5773812532424927,233600.0
1978-07-27,0.5824460387229919,0.5976402832114178,0.5824460387229919,0.5824460387229919,206400.0
1978-07-28,0.5824460387229919,0.5976402832114178,0.5824460387229919,0.5824460387229919,140000.0
1978-07-31,0.5824460387229919,0.5976402832114178,0.5824460387229919,0.5824460387229919,115200.0
1978-08-01,0.5824460387229919,0.5976402832114178,0.5824460387229919,0.5824460387229919,171200.0
1978-08-02,0.6027051210403442,0.6178993677892605,0.6027051210403442,0.6027051210403442,463200.0
1978-08-03,0.6027051210403442,0.6178993677892605,0.6027051210403442,0.6027051210403442,292000.0
1978-08-04,0.6027050841662843,0.612834581379163,0.597640335559845,0.597640335559845,204800.0
1978-08-07,0.5976402983706222,0.6077697949531751,0.5925755500793457,0.5925755500793457,84000.0
1978-08-08,0.5925755500793457,0.6077697949531751,0.5925755500793457,0.5925755500793457,186400.0
1978-08-09,0.597640335559845,0.612834581379163,0.597640335559845,0.597640335559845,203200.0
1978-08-10,0.5976402983706222,0.6077697949531751,0.5925755500793457,0.5925755500793457,240800.0
1978-08-11,0.5925755500793457,0.6077697949531751,0.5925755500793457,0.5925755500793457,163200.0
1978-08-14,0.5925755500793457,0.6077697949531751,0.5925755500793457,0.5925755500793457,336000.0
1978-08-15,0.597640335559845,0.612834581379163,0.597640335559845,0.597640335559845,157600.0
1978-08-16,0.6077700257301331,0.6229642763733865,0.6077700257301331,0.6077700257301331,214400.0
1978-08-17,0.6128345727920532,0.6280288183984678,0.6128345727920532,0.6128345727920532,312800.0
1978-08-18,0.6128347759445509,0.6229642763733865,0.6077700257301331,0.6077700257301331,127200.0
1978-08-21,0.6077700257301331,0.6229642763733865,0.6077700257301331,0.6077700257301331,416800.0
1978-08-22,0.6077698699566496,0.6178993677892605,0.6027051210403442,0.6027051210403442,121600.0
1978-08-23,0.6077700257301331,0.6229642763733865,0.6077700257301331,0.6077700257301331,176000.0
1978-08-24,0.6077700257301331,0.6229642763733865,0.6077700257301331,0.6077700257301331,238400.0
1978-08-25,0.6178992986679077,0.6330935437171186,0.6178992986679077,0.6178992986679077,432000.0
1978-08-28,0.6178992986679077,0.6330935437171186,0.6178992986679077,0.6178992986679077,171200.0
1978-08-29,0.6178992986679077,0.6330935437171186,0.6178992986679077,0.6178992986679077,279200.0
1978-08-30,0.6178992986679077,0.6330935437171186,0.6178992986679077,0.6178992986679077,256000.0
1978-08-31,0.6178993213275248,0.6280288183984678,0.6128345727920532,0.6128345727920532,174400.0
1978-09-01,0.6178992986679077,0.6330935437171186,0.6178992986679077,0.6178992986679077,154400.0
1978-09-05,0.6229639649391174,0.638158207986413,0.6229639649391174,0.6229639649391174,50400.0
1978-09-06,0.6280285716056824,0.6432228112413036,0.6280285716056824,0.6280285716056824,152800.0
1978-09-07,0.6432228684425354,0.6584171094293669,0.6432228684425354,0.6432228684425354,231200.0
1978-09-08,0.648287832736969,0.6634820788167417,0.648287832736969,0.648287832736969,197600.0
1978-09-11,0.648287832736969,0.6634820788167417,0.648287832736969,0.648287832736969,51200.0
1978-09-12,0.6634824275970459,0.6786766816641538,0.6634824275970459,0.6634824275970459,282400.0
1978-09-13,0.673611581325531,0.6888058275208437,0.673611581325531,0.673611581325531,298400.0
1978-09-14,0.6736119303084511,0.6786766816641538,0.6634824275970459,0.6634824275970459,528000.0
1978-09-15,0.6634820788167417,0.6634820788167417,0.648287832736969,0.648287832736969,226400.0
1978-09-18,0.6482881212991382,0.6533528722467876,0.6381586194038391,0.6381586194038391,453600.0
1978-09-19,0.6381586194038391,0.6533528722467876,0.6381586194038391,0.6381586194038391,188000.0
1978-09-20,0.6381580646960966,0.6432228112413036,0.6280285716056824,0.6280285716056824,113600.0
1978-09-21,0.6280288183984678,0.6280288183984678,0.6128345727920532,0.6128345727920532,170400.0
1978-09-22,0.6280285716056824,0.6432228112413036,0.6280285716056824,0.6280285716056824,298400.0
1978-09-25,0.6280287953673817,0.6330935437171186,0.6178992986679077,0.6178992986679077,99200.0
1978-09-26,0.6229639649391174,0.638158207986413,0.6229639649391174,0.6229639649391174,32000.0
1978-09-27,0.6229640698629962,0.6280288183984678,0.6128345727920532,0.6128345727920532,138400.0
1978-09-28,0.6128347759445509,0.6229642763733865,0.6077700257301331,0.6077700257301331,65600.0
1978-09-29,0.6128345727920532,0.6280288183984678,0.6128345727920532,0.6128345727920532,46400.0
1978-10-02,0.6128345727920532,0.6280288183984678,0.6128345727920532,0.6128345727920532,68000.0
1978-10-03,0.6128347759445509,0.6229642763733865,0.6077700257301331,0.6077700257301331,58400.0
1978-10-04,0.6077698699566496,0.6178993677892605,0.6027051210403442,0.6027051210403442,163200.0
1978-10-05,0.6077700257301331,0.6229642763733865,0.6077700257301331,0.6077700257301331,36000.0
1978-10-06,0.6077700257301331,0.6229642763733865,0.6077700257301331,0.6077700257301331,20800.0
1978-10-09,0.6128345727920532,0.6280288183984678,0.6128345727920532,0.6128345727920532,67200.0
1978-10-10,0.6178992986679077,0.6330935437171186,0.6178992986679077,0.6178992986679077,72800.0
1978-10-11,0.6178992986679077,0.6330935437171186,0.6178992986679077,0.6178992986679077,59200.0
1978-10-12,0.6178992986679077,0.6330935437171186,0.6178992986679077,0.6178992986679077,48800.0
1978-10-13,0.6178993213275248,0.6280288183984678,0.6128345727920532,0.6128345727920532,55200.0
1978-10-16,0.612834618872955,0.6178993677892605,0.6027051210403442,0.6027051210403442,93600.0
1978-10-17,0.6027046416340204,0.6027046416340204,0.5875104069709778,0.5875104069709778,188000.0
1978-10-18,0.587510893830156,0.587510893830156,0.5723166465759277,0.5723166465759277,144000.0
1978-10-19,0.5672519316367053,0.5672519316367053,0.552057683467865,0.552057683467865,292800.0
1978-10-20,0.552057388256181,0.552057388256181,0.5368631482124329,0.5368631482124329,208800.0
1978-10-23,0.5368631511058621,0.5368631511058621,0.5216689109802246,0.5216689109802246,148000.0
1978-10-24,0.5216689922061621,0.5317984872004565,0.5166042447090149,0.5166042447090149,185600.0
1978-10-25,0.5216689109802246,0.5368631511058621,0.5216689109802246,0.5216689109802246,244000.0
1978-10-26,0.5166043729493113,0.5166043729493113,0.5014101266860962,0.5014101266860962,152800.0
1978-10-27,0.5014098996354133,0.506474646096377,0.49128040671348566,0.4912804067134857,112800.0
1978-10-30,0.4912806617586236,0.4963454108489187,0.4811511635780334,0.48115116357803345,156800.0
1978-10-31,0.4811511635780334,0.4963454108489187,0.4811511635780334,0.48115116357803345,375200.0
1978-11-01,0.5317986607551575,0.5469929082053048,0.5317986607551575,0.5317986607551575,302400.0
1978-11-02,0.5317986607551575,0.5469929082053048,0.5317986607551575,0.5317986607551575,260000.0
1978-11-03,0.5419281721115112,0.5571224199277218,0.5419281721115112,0.5419281721115112,198400.0
1978-11-06,0.5419281721115112,0.5571224199277218,0.5419281721115112,0.5419281721115112,100000.0
1978-11-07,0.5419282443248309,0.5419282443248309,0.5267339944839478,0.5267339944839478,419200.0
1978-11-08,0.5267339944839478,0.5419282443248309,0.5267339944839478,0.5267339944839478,354400.0
1978-11-09,0.5317986607551575,0.5469929082053048,0.5317986607551575,0.5317986607551575,291200.0
1978-11-10,0.5317986607551575,0.5469929082053048,0.5317986607551575,0.5317986607551575,209600.0
1978-11-13,0.5317984872004565,0.5317984872004565,0.5166042447090149,0.5166042447090149,212000.0
1978-11-14,0.5166042447090149,0.5317984872004565,0.5166042447090149,0.5166042447090149,140800.0
1978-11-15,0.5216689109802246,0.5368631511058621,0.5216689109802246,0.5216689109802246,93600.0
1978-11-16,0.5216689109802246,0.5368631511058621,0.5216689109802246,0.5216689109802246,173600.0
1978-11-17,0.5267339944839478,0.5419282443248309,0.5267339944839478,0.5267339944839478,87200.0
1978-11-20,0.5267339944839478,0.5419282443248309,0.5267339944839478,0.5267339944839478,37600.0
1978-11-21,0.5267336576887705,0.5368631511058621,0.5216689109802246,0.5216689109802246,140000.0
1978-11-22,0.5216689109802246,0.5368631511058621,0.5216689109802246,0.5216689109802246,90400.0
1978-11-24,0.5216689109802246,0.5368631511058621,0.5216689109802246,0.5216689109802246,53600.0
1978-11-27,0.5216689109802246,0.5368631511058621,0.5216689109802246,0.5216689109802246,170400.0
1978-11-28,0.5216689922061621,0.5317984872004565,0.5166042447090149,0.5166042447090149,116800.0
1978-11-29,0.5166042665443799,0.5267337619668186,0.5115395188331604,0.5115395188331604,312800.0
1978-11-30,0.5115393602848053,0.5216688525676727,0.5064746141433716,0.5064746141433716,102400.0
1978-12-01,0.5115395188331604,0.5267337619668186,0.5115395188331604,0.5115395188331604,59200.0
1978-12-04,0.5115393602848053,0.5216688525676727,0.5064746141433716,0.5064746141433716,84800.0
1978-12-05,0.5166042447090149,0.5317984872004565,0.5166042447090149,0.5166042447090149,274400.0
1978-12-06,0.5166042665443799,0.5267337619668186,0.5115395188331604,0.5115395188331604,277600.0
1978-12-07,0.5115393602848053,0.5216688525676727,0.5064746141433716,0.5064746141433716,156000.0
1978-12-08,0.5064746141433716,0.5216688525676727,0.5064746141433716,0.5064746141433716,68000.0
1978-12-11,0.5064748754405013,0.5166043729493113,0.5014101266860962,0.5014101266860962,40800.0
1978-12-12,0.5014101266860962,0.5166043729493113,0.5014101266860962,0.5014101266860962,212800.0
1978-12-13,0.5014101266860962,0.5166043729493113,0.5014101266860962,0.5014101266860962,76000.0
1978-12-14,0.5014102401173846,0.5115397399177357,0.4963454902172089,0.49634549021720886,128000.0
1978-12-15,0.4963452654580275,0.5014100130647421,0.4862157702445984,0.4862157702445984,152800.0
1978-12-18,0.4811509585250979,0.4811509585250979,0.4659567177295685,0.4659567177295685,212800.0
1978-12-19,0.4659566184976599,0.4760861102041308,0.46089187264442444,0.46089187264442444,148800.0
1978-12-20,0.46089187264442444,0.46089187264442444,0.46089187264442444,0.46089187264442444,0.0
1978-12-21,0.4659567177295685,0.4811509585250979,0.4659567177295685,0.4659567177295685,215200.0
1978-12-22,0.4811511635780334,0.4963454108489187,0.4811511635780334,0.48115116357803345,442400.0
1978-12-26,0.4862157702445984,0.5014100130647421,0.4862157702445984,0.4862157702445984,96000.0
1978-12-27,0.48621591266832853,0.4963454108489187,0.4811511635780334,0.48115116357803345,112800.0
1978-12-28,0.4811511635780334,0.4963454108489187,0.4811511635780334,0.48115116357803345,84800.0
1978-12-29,0.4862157702445984,0.5014100130647421,0.4862157702445984,0.4862157702445984,118400.0
1979-01-02,0.4862157702445984,0.5014100130647421,0.4862157702445984,0.4862157702445984,62400.0
1979-01-03,0.49128040671348566,0.506474646096377,0.49128040671348566,0.4912804067134857,227200.0
1979-01-04,0.49128040671348566,0.506474646096377,0.49128040671348566,0.4912804067134857,81600.0
1979-01-05,0.5014101266860962,0.5166043729493113,0.5014101266860962,0.5014101266860962,791200.0
1979-01-08,0.5014102401173846,0.5115397399177357,0.4963454902172089,0.49634549021720886,71200.0
1979-01-09,0.4963454902172089,0.5115397399177357,0.4963454902172089,0.49634549021720886,87200.0
1979-01-10,0.49634515317444944,0.506474646096377,0.49128040671348566,0.4912804067134857,410400.0
1979-01-11,0.4963454902172089,0.5115397399177357,0.4963454902172089,0.49634549021720886,162400.0
1979-01-12,0.5115395188331604,0.5267337619668186,0.5115395188331604,0.5115395188331604,219200.0
1979-01-15,0.5115395188331604,0.5267337619668186,0.5115395188331604,0.5115395188331604,84000.0
1979-01-16,0.5115395188331604,0.5267337619668186,0.5115395188331604,0.5115395188331604,104800.0
1979-01-17,0.5115395188331604,0.5267337619668186,0.5115395188331604,0.5115395188331604,81600.0
1979-01-18,0.5115395188331604,0.5267337619668186,0.5115395188331604,0.5115395188331604,28800.0
1979-01-19,0.5216689109802246,0.5368631511058621,0.5216689109802246,0.5216689109802246,175200.0
1979-01-22,0.5216689109802246,0.5368631511058621,0.5216689109802246,0.5216689109802246,281600.0
1979-01-23,0.5317986607551575,0.5469929082053048,0.5317986607551575,0.5317986607551575,363200.0
1979-01-24,0.5317987444309088,0.5419282443248309,0.5267339944839478,0.5267339944839478,83200.0
1979-01-25,0.5317986607551575,0.5469929082053048,0.5317986607551575,0.5317986607551575,199200.0
1979-01-26,0.5317986607551575,0.5469929082053048,0.5317986607551575,0.5317986607551575,24800.0
1979-01-29,0.5317987444309088,0.5419282443248309,0.5267339944839478,0.5267339944839478,109600.0
1979-01-30,0.5267337397033093,0.5317984872004565,0.5166042447090149,0.5166042447090149,222400.0
1979-01-31,0.5166042447090149,0.5317984872004565,0.5166042447090149,0.5166042447090149,88800.0
1979-02-01,0.5166042665443799,0.5267337619668186,0.5115395188331604,0.5115395188331604,17600.0
1979-02-02,0.5115393602848053,0.5216688525676727,0.5064746141433716,0.5064746141433716,113600.0
1979-02-05,0.5064746141433716,0.5216688525676727,0.5064746141433716,0.5064746141433716,40000.0
1979-02-06,0.5064748754405013,0.5166043729493113,0.5014101266860962,0.5014101266860962,54400.0
1979-02-07,0.5014101266860962,0.5166043729493113,0.5014101266860962,0.5014101266860962,231200.0
1979-02-08,0.5014102401173846,0.5115397399177357,0.4963454902172089,0.49634549021720886,92800.0
1979-02-09,0.5014101266860962,0.5166043729493113,0.5014101266860962,0.5014101266860962,80000.0
1979-02-12,0.5014102401173846,0.5115397399177357,0.4963454902172089,0.49634549021720886,44000.0
1979-02-13,0.4963454902172089,0.5115397399177357,0.4963454902172089,0.49634549021720886,5600.0
1979-02-14,0.4963454902172089,0.5115397399177357,0.4963454902172089,0.49634549021720886,104000.0
1979-02-15,0.49634515317444944,0.506474646096377,0.49128040671348566,0.4912804067134857,112000.0
1979-02-16,0.49128040671348566,0.506474646096377,0.49128040671348566,0.4912804067134857,128000.0
1979-02-20,0.49128051785131294,0.5014100130647421,0.4862157702445984,0.4862157702445984,152800.0
1979-02-21,0.4862157702445984,0.5014100130647421,0.4862157702445984,0.4862157702445984,184000.0
1979-02-22,0.4862157702445984,0.5014100130647421,0.4862157702445984,0.4862157702445984,228800.0
1979-02-23,0.4862157702445984,0.5014100130647421,0.4862157702445984,0.4862157702445984,68800.0
1979-02-26,0.48621591266832853,0.4963454108489187,0.4811511635780334,0.48115116357803345,311200.0
1979-02-27,0.48115106656196266,0.4912805627001093,0.4760863184928894,0.4760863184928894,461600.0
1979-02-28,0.4760863184928894,0.4912805627001093,0.4760863184928894,0.4760863184928894,159200.0
1979-03-01,0.4760863184928894,0.4912805627001093,0.4760863184928894,0.4760863184928894,96800.0
1979-03-02,0.4811511635780334,0.4963454108489187,0.4811511635780334,0.48115116357803345,485600.0
1979-03-05,0.4811511635780334,0.4963454108489187,0.4811511635780334,0.48115116357803345,307200.0
1979-03-06,0.48115106656196266,0.4912805627001093,0.4760863184928894,0.4760863184928894,123200.0
1979-03-07,0.4760863184928894,0.4912805627001093,0.4760863184928894,0.4760863184928894,88000.0
1979-03-08,0.4760863184928894,0.4912805627001093,0.4760863184928894,0.4760863184928894,680800.0
1979-03-09,0.4760863184928894,0.4912805627001093,0.4760863184928894,0.4760863184928894,168800.0
1979-03-12,0.4760863184928894,0.4912805627001093,0.4760863184928894,0.4760863184928894,157600.0
1979-03-13,0.4760863184928894,0.4912805627001093,0.4760863184928894,0.4760863184928894,17600.0
1979-03-14,0.4760863184928894,0.4912805627001093,0.4760863184928894,0.4760863184928894,84800.0
1979-03-15,0.4760863184928894,0.4912805627001093,0.4760863184928894,0.4760863184928894,156800.0
1979-03-16,0.4760863184928894,0.4912805627001093,0.4760863184928894,0.4760863184928894,270400.0
1979-03-19,0.4811511635780334,0.4963454108489187,0.4811511635780334,0.48115116357803345,152800.0
1979-03-20,0.4862157702445984,0.5014100130647421,0.4862157702445984,0.4862157702445984,613600.0
1979-03-21,0.4862157702445984,0.5014100130647421,0.4862157702445984,0.4862157702445984,138400.0
1979-03-22,0.4862157702445984,0.5014100130647421,0.4862157702445984,0.4862157702445984,312000.0
1979-03-23,0.4862157702445984,0.5014100130647421,0.4862157702445984,0.4862157702445984,404000.0
1979-03-26,0.4862157702445984,0.5014100130647421,0.4862157702445984,0.4862157702445984,220000.0
1979-03-27,0.4862157702445984,0.5014100130647421,0.4862157702445984,0.4862157702445984,175200.0
1979-03-28,0.4862157702445984,0.5014100130647421,0.4862157702445984,0.4862157702445984,142400.0
1979-03-29,0.49128040671348566,0.506474646096377,0.49128040671348566,0.4912804067134857,316800.0
1979-03-30,0.49128051785131294,0.5014100130647421,0.4862157702445984,0.4862157702445984,249600.0
1979-04-02,0.4862157702445984,0.5014100130647421,0.4862157702445984,0.4862157702445984,104800.0
1979-04-03,0.4862157702445984,0.5014100130647421,0.4862157702445984,0.4862157702445984,163200.0
1979-04-04,0.4963454902172089,0.5115397399177357,0.4963454902172089,0.49634549021720886,498400.0
1979-04-05,0.4963454902172089,0.5115397399177357,0.4963454902172089,0.49634549021720886,154400.0
1979-04-06,0.4963454902172089,0.5115397399177357,0.4963454902172089,0.49634549021720886,157600.0
1979-04-09,0.5064746141433716,0.5216688525676727,0.5064746141433716,0.5064746141433716,498400.0
1979-04-10,0.5115395188331604,0.5267337619668186,0.5115395188331604,0.5115395188331604,309600.0
1979-04-11,0.5166042447090149,0.5317984872004565,0.5166042447090149,0.5166042447090149,249600.0
1979-04-12,0.5166042665443799,0.5267337619668186,0.5115395188331604,0.5115395188331604,238400.0
1979-04-16,0.5115395188331604,0.5267337619668186,0.5115395188331604,0.5115395188331604,195200.0
1979-04-17,0.5115393602848053,0.5216688525676727,0.5064746141433716,0.5064746141433716,244000.0
1979-04-18,0.5115395188331604,0.5267337619668186,0.5115395188331604,0.5115395188331604,62400.0
1979-04-19,0.5115395188331604,0.5267337619668186,0.5115395188331604,0.5115395188331604,125600.0
1979-04-20,0.5115395188331604,0.5267337619668186,0.5115395188331604,0.5115395188331604,135200.0
1979-04-23,0.5166042447090149,0.5317984872004565,0.5166042447090149,0.5166042447090149,193600.0
1979-04-24,0.5267339944839478,0.5419282443248309,0.5267339944839478,0.5267339944839478,220000.0
1979-04-25,0.5317986607551575,0.5469929082053048,0.5317986607551575,0.5317986607551575,96800.0
1979-04-26,0.5317987444309088,0.5419282443248309,0.5267339944839478,0.5267339944839478,140000.0
1979-04-27,0.5267339944839478,0.5419282443248309,0.5267339944839478,0.5267339944839478,98400.0
1979-04-30,0.5267337397033093,0.5317984872004565,0.5166042447090149,0.5166042447090149,282400.0
1979-05-01,0.516604106426239,0.5216688525676727,0.5064746141433716,0.5064746141433716,144000.0
1979-05-02,0.5064746141433716,0.5216688525676727,0.5064746141433716,0.5064746141433716,88800.0
1979-05-03,0.5115395188331604,0.5267337619668186,0.5115395188331604,0.5115395188331604,845600.0
1979-05-04,0.5115395188331604,0.5267337619668186,0.5115395188331604,0.5115395188331604,186400.0
1979-05-07,0.5115393602848053,0.5216688525676727,0.5064746141433716,0.5064746141433716,87200.0
1979-05-08,0.5064746141433716,0.5216688525676727,0.5064746141433716,0.5064746141433716,900000.0
1979-05-09,0.5064748754405013,0.5166043729493113,0.5014101266860962,0.5014101266860962,220800.0
1979-05-10,0.5014102401173846,0.5115397399177357,0.4963454902172089,0.49634549021720886,174400.0
1979-05-11,0.49634515317444944,0.506474646096377,0.49128040671348566,0.4912804067134857,78400.0
1979-05-14,0.49128040671348566,0.506474646096377,0.49128040671348566,0.4912804067134857,80800.0
1979-05-15,0.49128040671348566,0.506474646096377,0.49128040671348566,0.4912804067134857,189600.0
1979-05-16,0.49128040671348566,0.506474646096377,0.49128040671348566,0.4912804067134857,30400.0
1979-05-17,0.4963454902172089,0.5115397399177357,0.4963454902172089,0.49634549021720886,116000.0
1979-05-18,0.5014101266860962,0.5166043729493113,0.5014101266860962,0.5014101266860962,62400.0
1979-05-21,0.5014101266860962,0.5166043729493113,0.5014101266860962,0.5014101266860962,100800.0
1979-05-22,0.5014101266860962,0.5166043729493113,0.5014101266860962,0.5014101266860962,173600.0
1979-05-23,0.5014101266860962,0.5166043729493113,0.5014101266860962,0.5014101266860962,56800.0
1979-05-24,0.5014101266860962,0.5166043729493113,0.5014101266860962,0.5014101266860962,122400.0
1979-05-25,0.5014102401173846,0.5115397399177357,0.4963454902172089,0.49634549021720886,73600.0
1979-05-29,0.4963454902172089,0.5115397399177357,0.4963454902172089,0.49634549021720886,349600.0
1979-05-30,0.49634515317444944,0.506474646096377,0.49128040671348566,0.4912804067134857,93600.0
1979-05-31,0.49128051785131294,0.5014100130647421,0.4862157702445984,0.4862157702445984,235200.0
1979-06-01,0.49128040671348566,0.506474646096377,0.49128040671348566,0.4912804067134857,124000.0
1979-06-04,0.4963454902172089,0.5115397399177357,0.4963454902172089,0.49634549021720886,244800.0
1979-06-05,0.5014101266860962,0.5166043729493113,0.5014101266860962,0.5014101266860962,55200.0
1979-06-06,0.5014101266860962,0.5064748754405013,0.4912806291772862,0.5014101266860962,192800.0
1979-06-07,0.5014101266860962,0.5014101266860962,0.4963453779316912,0.5014101266860962,85600.0
1979-06-08,0.5014101266860962,0.5014101266860962,0.4963453779316912,0.5014101266860962,26400.0
1979-06-11,0.5014102401173846,0.5014102401173846,0.4912807403170333,0.49634549021720886,46400.0
1979-06-12,0.4963451218605041,0.5115393602848053,0.4912803757190704,0.5064746141433716,572800.0
1979-06-13,0.5064746141433716,0.5115393602848053,0.5064746141433716,0.5064746141433716,119200.0
1979-06-14,0.5064748754405013,0.5064748754405013,0.5014101266860962,0.5014101266860962,223200.0
1979-06-15,0.5014098680019379,0.5064746141433716,0.5014098680019379,0.5064746141433716,15200.0
1979-06-18,0.5064747711219411,0.5115395188331604,0.5064747711219411,0.5115395188331604,375200.0
1979-06-19,0.5115395188331604,0.5115395188331604,0.5064747711219411,0.5115395188331604,86400.0
1979-06-20,0.5115395188331604,0.5115395188331604,0.5064747711219411,0.5115395188331604,62400.0
1979-06-21,0.5115394972118678,0.5166042447090149,0.5115394972118678,0.5166042447090149,64800.0
1979-06-22,0.5166044945900257,0.5267339944839478,0.5166044945900257,0.5267339944839478,240000.0
1979-06-25,0.5267339116051083,0.5368634099052065,0.5267339116051083,0.5317986607551575,166400.0
1979-06-26,0.5317987444309088,0.5368634943778698,0.5267339944839478,0.5267339944839478,172800.0
1979-06-27,0.5317984015311835,0.5368631482124329,0.5317984015311835,0.5368631482124329,479200.0
1979-06-28,0.5368632977659052,0.5571222901344299,0.5368632977659052,0.5571222901344299,255200.0
1979-06-29,0.5571222901344299,0.5621870382265611,0.5571222901344299,0.5571222901344299,64800.0
1979-07-02,0.5571222681182998,0.5621870160102844,0.5520575202263153,0.5621870160102844,84000.0
1979-07-03,0.5621871822470919,0.5621871822470919,0.5469929340782516,0.552057683467865,104800.0
1979-07-05,0.5520571657904872,0.557121910430767,0.5469924211502075,0.5469924211502075,96800.0
1979-07-06,0.5469927939501675,0.5571222901344299,0.5469927939501675,0.5571222901344299,49600.0
1979-07-09,0.5571224221161434,0.5672519207000732,0.5520576728241784,0.5672519207000732,114400.0
1979-07-10,0.5672519207000732,0.5723166699920381,0.5621871714081083,0.5672519207000732,96800.0
1979-07-11,0.5672517575715718,0.5773812532424927,0.5672517575715718,0.5773812532424927,88800.0
1979-07-12,0.5773812905601834,0.5875107868858006,0.5773812905601834,0.5824460387229919,224000.0
1979-07-13,0.5824460075782225,0.5824460075782225,0.5621870160102844,0.5621870160102844,103200.0
1979-07-16,0.5621871484064423,0.5723166465759277,0.5571223993216996,0.5723166465759277,78400.0
1979-07-17,0.5723165117942535,0.5723165117942535,0.5571222681182998,0.5621870160102844,65600.0
1979-07-18,0.5621870160102844,0.5621870160102844,0.5520575202263153,0.5621870160102844,43200.0
1979-07-19,0.5621870160102844,0.5621870160102844,0.5571222681182998,0.5621870160102844,16800.0
1979-07-20,0.5621871714081083,0.5672519207000732,0.5571224221161434,0.5672519207000732,91200.0
1979-07-23,0.5672519207000732,0.5723166699920381,0.5621871714081083,0.5672519207000732,48000.0
1979-07-24,0.5672519207000732,0.5723166699920381,0.5621871714081083,0.5672519207000732,80800.0
1979-07-25,0.5723161723079353,0.5875104069709778,0.5723161723079353,0.5875104069709778,245600.0
1979-07-26,0.5875107489134136,0.5875107489134136,0.5773812532424927,0.5773812532424927,132000.0
1979-07-27,0.5773812532424927,0.5824460010779531,0.5773812532424927,0.5773812532424927,48800.0
1979-07-30,0.5773809171956161,0.5875104069709778,0.5773809171956161,0.5875104069709778,90400.0
1979-07-31,0.5875108017880692,0.5925755500793457,0.5875108017880692,0.5925755500793457,73600.0
1979-08-01,0.5976405253012975,0.6077700257301331,0.5976405253012975,0.6077700257301331,352800.0
1979-08-02,0.6077697218918219,0.6280287126215494,0.6027049742093901,0.6229639649391174,230400.0
1979-08-03,0.6229638250604752,0.6330933181508894,0.6178990785152682,0.6280285716056824,274400.0
1979-08-06,0.6280288379639387,0.648287832736969,0.6280288379639387,0.648287832736969,88800.0
1979-08-07,0.6533524770003099,0.6736114685352032,0.6533524770003099,0.6584172248840332,419200.0
1979-08-08,0.658417050876925,0.6634817974221322,0.6229638250604752,0.6280285716056824,181600.0
1979-08-09,0.6280291175085401,0.6381586194038391,0.6229643665608906,0.6381586194038391,57600.0
1979-08-10,0.6381583353504539,0.6533525814302266,0.6330935866571963,0.648287832736969,163200.0
1979-08-13,0.6432228684425354,0.6432228684425354,0.6330933744513144,0.6432228684425354,16800.0
1979-08-14,0.6432233703514887,0.6432233703514887,0.6330938684561896,0.6381586194038391,47200.0
1979-08-15,0.6381586194038391,0.6381586194038391,0.6280291175085401,0.6381586194038391,72000.0
1979-08-16,0.6381586194038391,0.6381586194038391,0.6280291175085401,0.6381586194038391,46400.0
1979-08-17,0.6381586194038391,0.6381586194038391,0.6229643665608906,0.6381586194038391,44000.0
1979-08-20,0.6381586194038391,0.6482881212991382,0.6381586194038391,0.6381586194038391,308000.0
1979-08-21,0.6381586194038391,0.6432233703514887,0.6381586194038391,0.6381586194038391,46400.0
1979-08-22,0.638158121446925,0.6432228684425354,0.638158121446925,0.6432228684425354,90400.0
1979-08-23,0.6432228507995605,0.64828759765625,0.6330933570861816,0.6330933570861816,57600.0
1979-08-24,0.6280287126215494,0.6280287126215494,0.6178992172566856,0.6229639649391174,44000.0
1979-08-27,0.6229638250604752,0.6280285716056824,0.6178990785152682,0.6280285716056824,23200.0
1979-08-28,0.6280285716056824,0.6330933181508894,0.6280285716056824,0.6280285716056824,31200.0
1979-08-29,0.6280287126215494,0.6330934603039812,0.6229639649391174,0.6229639649391174,35200.0
1979-08-30,0.6229638250604752,0.6280285716056824,0.6077695854248539,0.6280285716056824,14400.0
1979-08-31,0.6229640470176446,0.6229640470176446,0.6077698019684339,0.6178992986679077,40800.0
1979-09-04,0.6178992986679077,0.6178992986679077,0.6178992986679077,0.6178992986679077,28800.0
1979-09-05,0.6077698699566496,0.6077698699566496,0.5976403721240388,0.6027051210403442,43200.0
1979-09-06,0.6027050841662843,0.6027050841662843,0.5925755869534056,0.597640335559845,29600.0
1979-09-07,0.5976402983706222,0.6027050466618986,0.5925755500793457,0.5925755500793457,24800.0
1979-09-10,0.5925755500793457,0.5925755500793457,0.5824460534967928,0.5925755500793457,23200.0
1979-09-11,0.5925751518586586,0.5976398967463395,0.5875104069709778,0.5875104069709778,856000.0
1979-09-12,0.5824460010779531,0.5824460010779531,0.5723165054070322,0.5773812532424927,36000.0
1979-09-13,0.5773809171956161,0.5875104069709778,0.5773809171956161,0.5875104069709778,9600.0
1979-09-14,0.5875107868858006,0.5875107868858006,0.5824460387229919,0.5824460387229919,61600.0
1979-09-17,0.5824460387229919,0.5875107868858006,0.5824460387229919,0.5824460387229919,47200.0
1979-09-18,0.5824460387229919,0.5824460387229919,0.5723165423973747,0.5824460387229919,23200.0
1979-09-19,0.5824461447454132,0.5824461447454132,0.5621871484064423,0.5723166465759277,81600.0
1979-09-20,0.5723165054070322,0.5773812532424927,0.5621870097361112,0.5773812532424927,79200.0
1979-09-21,0.5773812532424927,0.5824460010779531,0.5672517575715718,0.5773812532424927,68800.0
1979-09-24,0.5773812532424927,0.5824460010779531,0.5773812532424927,0.5773812532424927,68000.0
1979-09-25,0.5773813956606705,0.5773813956606705,0.5723166465759277,0.5723166465759277,23200.0
1979-09-26,0.5723166465759277,0.5773813956606705,0.5723166465759277,0.5723166465759277,72000.0
1979-09-27,0.5723166465759277,0.5723166465759277,0.5672518974911851,0.5723166465759277,27200.0
1979-09-28,0.5723165423973747,0.5824460387229919,0.5672517942345661,0.5824460387229919,120000.0
1979-10-01,0.5773813956606705,0.5773813956606705,0.5723166465759277,0.5723166465759277,32800.0
1979-10-02,0.5723166699920381,0.5773814192840031,0.5672519207000732,0.5672519207000732,245600.0
1979-10-03,0.5672519207000732,0.5723166699920381,0.5672519207000732,0.5672519207000732,22400.0
1979-10-04,0.5672519207000732,0.5723166699920381,0.5672519207000732,0.5672519207000732,483200.0
1979-10-05,0.5672518974911851,0.5773813956606705,0.5672518974911851,0.5723166465759277,103200.0
1979-10-08,0.5723166465759277,0.5824461447454132,0.5723166465759277,0.5723166465759277,116000.0
1979-10-09,0.5672519048055013,0.5672519048055013,0.5317986607551575,0.5317986607551575,123200.0
1979-10-10,0.5216689109802246,0.5216689109802246,0.5115394175631328,0.5216689109802246,191200.0
1979-10-11,0.5216692445369867,0.5267339944839478,0.5166044945900257,0.5267339944839478,64000.0
1979-10-12,0.5267337397033093,0.5368632346976038,0.5166042447090149,0.5166042447090149,187200.0
1979-10-15,0.5166041642716788,0.5216689109802246,0.5115394175631328,0.5216689109802246,53600.0
1979-10-16,0.5216689922061621,0.5216689922061621,0.5115394972118678,0.5166042447090149,47200.0
1979-10-17,0.5216689109802246,0.5267336576887705,0.5216689109802246,0.5216689109802246,36000.0
1979-10-18,0.5216689109802246,0.5267336576887705,0.5216689109802246,0.5216689109802246,92000.0
1979-10-19,0.516604106426239,0.516604106426239,0.5014098680019379,0.5064746141433716,124000.0
1979-10-22,0.4963452654580275,0.4963452654580275,0.4862157702445984,0.4862157702445984,92800.0
1979-10-23,0.48621566025252194,0.49128040671348566,0.48621566025252194,0.4912804067134857,148800.0
1979-10-24,0.49128040671348566,0.49634515317444944,0.48621566025252194,0.4912804067134857,147200.0
1979-10-25,0.49128040671348566,0.49634515317444944,0.48621566025252194,0.4912804067134857,41600.0
1979-10-26,0.49128040671348566,0.49128040671348566,0.48621566025252194,0.4912804067134857,26400.0
1979-10-29,0.49128051785131294,0.49128051785131294,0.4862157702445984,0.4862157702445984,21600.0
1979-10-30,0.4862159904168577,0.4963454902172089,0.4862159904168577,0.49634549021720886,74400.0
1979-10-31,0.49634531076918254,0.49634531076918254,0.4760863184928894,0.4760863184928894,242400.0
1979-11-01,0.4760864144877383,0.4811511635780334,0.4760864144877383,0.48115116357803345,19200.0
1979-11-02,0.4811511635780334,0.48621591266832853,0.4811511635780334,0.48115116357803345,9600.0
1979-11-05,0.4811511635780334,0.48621591266832853,0.4760864144877383,0.48115116357803345,140000.0
1979-11-06,0.4811508152433621,0.4811508152433621,0.4659565789725191,0.4710213243961334,211200.0
1979-11-07,0.46089187264442444,0.46089187264442444,0.45076238093795357,0.46089187264442444,455200.0
1979-11-08,0.46089183354890473,0.47608606981974777,0.46089183354890473,0.4710213243961334,82400.0
1979-11-09,0.4710215274244547,0.4862157702445984,0.4710215274244547,0.4862157702445984,158400.0
1979-11-12,0.49634517743749523,0.5216689109802246,0.49634517743749523,0.5216689109802246,193600.0
1979-11-13,0.5216692445369867,0.5419282443248309,0.5216692445369867,0.5267339944839478,494400.0
1979-11-14,0.5267339116051083,0.5317986607551575,0.5216691624550592,0.5317986607551575,96000.0
1979-11-15,0.5317984015311835,0.5368631482124329,0.5317984015311835,0.5368631482124329,88800.0
1979-11-16,0.5368634099052065,0.5419281590552557,0.5317986607551575,0.5317986607551575,61600.0
1979-11-19,0.536863422839441,0.5520576706556516,0.536863422839441,0.5419281721115112,60000.0
1979-11-20,0.5419281721115112,0.5469929213835815,0.5317986735673709,0.5419281721115112,52800.0
1979-11-21,0.5419281721115112,0.5419281721115112,0.5317986735673709,0.5419281721115112,104000.0
1979-11-23,0.5419276765099278,0.5469924211502075,0.5368629318696482,0.5469924211502075,9600.0
1979-11-26,0.5469929235322135,0.5672519207000732,0.5419281742402485,0.5672519207000732,93600.0
1979-11-27,0.5672518086229634,0.5976402983706222,0.5672518086229634,0.5925755500793457,117600.0
1979-11-28,0.5925755350486093,0.5925755350486093,0.5723165423973747,0.5824460387229919,41600.0
1979-11-29,0.582445662083297,0.5875104069709778,0.5723161723079353,0.5875104069709778,216000.0
1979-11-30,0.5875104069709778,0.5875104069709778,0.5773809171956161,0.5875104069709778,173600.0
1979-12-03,0.5824461447454132,0.5824461447454132,0.5723166465759277,0.5723166465759277,118400.0
1979-12-04,0.5773812905601834,0.5875107868858006,0.5773812905601834,0.5824460387229919,36800.0
1979-12-05,0.5824460387229919,0.5875107868858006,0.5672517942345661,0.5824460387229919,185600.0
1979-12-06,0.5824460387229919,0.5925755350486093,0.5824460387229919,0.5824460387229919,188000.0
1979-12-07,0.5824460010779531,0.5875107489134136,0.5773812532424927,0.5773812532424927,85600.0
1979-12-10,0.5773812532424927,0.5875107489134136,0.5773812532424927,0.5773812532424927,31200.0
1979-12-11,0.5773812532424927,0.5824460010779531,0.5723165054070322,0.5773812532424927,268000.0
1979-12-12,0.5723166699920381,0.5723166699920381,0.5621871714081083,0.5672519207000732,67200.0
1979-12-13,0.5672519207000732,0.5672519207000732,0.5621871714081083,0.5672519207000732,62400.0
1979-12-14,0.567251763902269,0.567251763902269,0.5571222681182998,0.5621870160102844,172800.0
1979-12-17,0.5621870160102844,0.5621870160102844,0.5571222681182998,0.5621870160102844,96800.0
1979-12-18,0.5621870160102844,0.5723165117942535,0.5621870160102844,0.5621870160102844,67200.0
1979-12-19,0.5621870160102844,0.567251763902269,0.5621870160102844,0.5621870160102844,157600.0
1979-12-20,0.5621870160102844,0.567251763902269,0.5621870160102844,0.5621870160102844,40000.0
1979-12-21,0.5621870160102844,0.577381259686238,0.5621870160102844,0.5621870160102844,155200.0
1979-12-24,0.5621870382265611,0.5672517863186923,0.5571222901344299,0.5571222901344299,71200.0
1979-12-26,0.5571222901344299,0.5621870382265611,0.5520575420422987,0.5571222901344299,70400.0
1979-12-27,0.5571224221161434,0.5672519207000732,0.5520576728241784,0.5672519207000732,80800.0
1979-12-28,0.5672517863186923,0.5672517863186923,0.5571222901344299,0.5571222901344299,99200.0
1979-12-31,0.5571224328574784,0.5621871822470919,0.552057683467865,0.552057683467865,48800.0
1980-01-02,0.5520571657904872,0.557121910430767,0.5469924211502075,0.5469924211502075,36000.0
1980-01-03,0.5469929213835815,0.5469929213835815,0.5419281721115112,0.5419281721115112,31200.0
1980-01-04,0.5419281721115112,0.5419281721115112,0.5317986735673709,0.5419281721115112,35200.0
1980-01-07,0.5419276765099278,0.5520571657904872,0.5368629318696482,0.5469924211502075,260000.0
1980-01-08,0.5469929213835815,0.5520576706556516,0.536863422839441,0.5419281721115112,160800.0
1980-01-09,0.5520576728241784,0.5672519207000732,0.5520576728241784,0.5672519207000732,176800.0
1980-01-10,0.5672517863186923,0.5672517863186923,0.5520575420422987,0.5571222901344299,774400.0
1980-01-11,0.5571222901344299,0.5621870382265611,0.5571222901344299,0.5571222901344299,40000.0
1980-01-14,0.5571222901344299,0.5621870382265611,0.5571222901344299,0.5571222901344299,27200.0
1980-01-15,0.5571222681182998,0.5621870160102844,0.5571222681182998,0.5621870160102844,60000.0
1980-01-16,0.5621871484064423,0.5773813956606705,0.5571223993216996,0.5723166465759277,235200.0
1980-01-17,0.5723166465759277,0.5773813956606705,0.5723166465759277,0.5723166465759277,58400.0
1980-01-18,0.5723165054070322,0.5773812532424927,0.5723165054070322,0.5773812532424927,188800.0
1980-01-21,0.5824462746580442,0.6077700257301331,0.5824462746580442,0.6077700257301331,301600.0
1980-01-22,0.6077698242565818,0.6229640698629962,0.6027050757211102,0.6128345727920532,304000.0
1980-01-23,0.6128347759445509,0.6128347759445509,0.6077700257301331,0.6077700257301331,212000.0
1980-01-24,0.6077698901691269,0.6077698901691269,0.5672518974911851,0.5723166465759277,1179200.0
1980-01-25,0.5723166699920381,0.5773814192840031,0.5571224221161434,0.5672519207000732,1677600.0
1980-01-28,0.5672519207000732,0.5723166699920381,0.5621871714081083,0.5672519207000732,40000.0
1980-01-29,0.5672518974911851,0.5723166465759277,0.5621871484064423,0.5723166465759277,100000.0
1980-01-30,0.5723165344108234,0.5723165344108234,0.5571222901344299,0.5571222901344299,37600.0
1980-01-31,0.5621871714081083,0.5723166699920381,0.5621871714081083,0.5672519207000732,377600.0
1980-02-01,0.5621866550710466,0.5621866550710466,0.5469924211502075,0.5469924211502075,39200.0
1980-02-04,0.5469929213835815,0.5571224199277218,0.5419281721115112,0.5419281721115112,500000.0
1980-02-05,0.5419278948936823,0.5469926415749317,0.5368631482124329,0.5368631482124329,96800.0
1980-02-06,0.5368634099052065,0.5469929082053048,0.5317986607551575,0.5317986607551575,308000.0
1980-02-07,0.5368634352990246,0.5571224328574784,0.5368634352990246,0.552057683467865,100800.0
1980-02-08,0.5520571657904872,0.5520571657904872,0.5469924211502075,0.5469924211502075,13600.0
1980-02-11,0.5419281590552557,0.5419281590552557,0.5317986607551575,0.5317986607551575,90400.0
1980-02-12,0.5317981872293684,0.5469924211502075,0.5317981872293684,0.5469924211502075,21600.0
1980-02-13,0.5419278948936823,0.5419278948936823,0.5368631482124329,0.5368631482124329,81600.0
1980-02-14,0.5368631482124329,0.5419278948936823,0.5368631482124329,0.5368631482124329,160000.0
1980-02-15,0.5368630909919738,0.5368630909919738,0.5064746141433716,0.5064746141433716,348800.0
1980-02-19,0.5064747497147205,0.5216689922061621,0.5014100022175733,0.5166042447090149,187200.0
1980-02-20,0.5166044945900257,0.5267339944839478,0.5115397446430646,0.5267339944839478,138400.0
1980-02-21,0.5267339896182626,0.5267339896182626,0.4862159904168577,0.49634549021720886,979200.0
1980-02-22,0.4912806617586236,0.4912806617586236,0.4760864144877383,0.48115116357803345,440000.0
1980-02-25,0.4760863184928894,0.4760863184928894,0.4507625781475229,0.4760863184928894,152000.0
1980-02-26,0.4760863184928894,0.48115106656196266,0.4659568223547428,0.4760863184928894,68800.0
1980-02-27,0.4811511635780334,0.48621591266832853,0.4811511635780334,0.48115116357803345,61600.0
1980-02-28,0.4862157702445984,0.49128051785131294,0.4862157702445984,0.4862157702445984,98400.0
1980-02-29,0.4862159904168577,0.4963454902172089,0.4811512405166821,0.49634549021720886,116800.0
1980-03-03,0.49128051785131294,0.49128051785131294,0.4862157702445984,0.4862157702445984,61600.0
1980-03-04,0.48621556066697647,0.48621556066697647,0.4710213243961334,0.4710213243961334,360000.0
1980-03-05,0.4710213643508953,0.4760861102041308,0.45582712679118903,0.46089187264442444,72800.0
1980-03-06,0.4608919690637028,0.4608919690637028,0.4305034875869751,0.4305034875869751,585600.0
1980-03-07,0.4305034875869751,0.44063298141255103,0.4305034875869751,0.4305034875869751,88000.0
1980-03-10,0.4305036527564727,0.4305036527564727,0.4051799084766802,0.42037415504455566,820000.0
1980-03-11,0.4203739937613992,0.4305034875869751,0.4203739937613992,0.4305034875869751,296800.0
1980-03-12,0.4305034554140134,0.44569769501686096,0.4305034554140134,0.44569769501686096,171200.0
1980-03-13,0.4558272238658822,0.4659567177295685,0.4558272238658822,0.4659567177295685,92000.0
1980-03-14,0.46595700449413724,0.46595700449413724,0.4558275043964386,0.4558275043964386,204800.0
1980-03-17,0.4558275043964386,0.4760865045918359,0.4558275043964386,0.4558275043964386,57600.0
1980-03-18,0.4558274685666802,0.4558274685666802,0.44569796926519845,0.45076271891593933,140000.0
1980-03-19,0.4558272238658822,0.47102146466141165,0.4558272238658822,0.4659567177295685,88000.0
1980-03-20,0.4659567177295685,0.4659567177295685,0.4659567177295685,0.4659567177295685,26400.0
1980-03-21,0.4659567177295685,0.47102146466141165,0.46089197079772537,0.4659567177295685,66400.0
1980-03-24,0.46595668115399097,0.476086174222556,0.44569769501686096,0.44569769501686096,100800.0
1980-03-25,0.44569786663713123,0.4507626151216441,0.4406331181526184,0.4406331181526184,160000.0
1980-03-26,0.44063329176847327,0.4456980422485707,0.43556854128837585,0.43556854128837585,76800.0
1980-03-27,0.42543890390051414,0.42543890390051414,0.42037415504455566,0.42037415504455566,227200.0
1980-03-28,0.4203739623454484,0.44569769501686096,0.4203739623454484,0.44569769501686096,232000.0
1980-03-31,0.44569763508471816,0.46089187264442444,0.44569763508471816,0.46089187264442444,175200.0
1980-04-01,0.4659568223547428,0.48115106656196266,0.4659568223547428,0.4760863184928894,32000.0
1980-04-02,0.48621566025252194,0.49128040671348566,0.48621566025252194,0.4912804067134857,32000.0
1980-04-03,0.4912807403170333,0.5014102401173846,0.4862159904168577,0.49634549021720886,65600.0
1980-04-07,0.4963454902172089,0.4963454902172089,0.4912807403170333,0.49634549021720886,69600.0
1980-04-08,0.4963454902172089,0.4963454902172089,0.4912807403170333,0.49634549021720886,54400.0
1980-04-09,0.4963451218605041,0.5064746141433716,0.4963451218605041,0.5064746141433716,166400.0
1980-04-10,0.5166044945900257,0.5267339944839478,0.5166044945900257,0.5267339944839478,82400.0
1980-04-11,0.5267339944839478,0.5317987444309088,0.5267339944839478,0.5267339944839478,63200.0
1980-04-14,0.5267339944839478,0.5368634943778698,0.5267339944839478,0.5267339944839478,168000.0
1980-04-15,0.5166042447090149,0.5166042447090149,0.5115394972118678,0.5166042447090149,43200.0
1980-04-16,0.5267339116051083,0.5368634099052065,0.5267339116051083,0.5317986607551575,411200.0
1980-04-17,0.5317981872293684,0.5469924211502075,0.5317981872293684,0.5469924211502075,120800.0
1980-04-18,0.5469924211502075,0.5672513997113263,0.5469924211502075,0.5469924211502075,292000.0
1980-04-21,0.5469924211502075,0.5520571657904872,0.5469924211502075,0.5469924211502075,129600.0
1980-04-22,0.5469924211502075,0.5520571657904872,0.5419276765099278,0.5469924211502075,67200.0
1980-04-23,0.552057683467865,0.5723166810263187,0.552057683467865,0.552057683467865,144800.0
1980-04-24,0.552057683467865,0.5571224328574784,0.552057683467865,0.552057683467865,148800.0
1980-04-25,0.5469924211502075,0.5469924211502075,0.5419276765099278,0.5469924211502075,11200.0
1980-04-28,0.552057683467865,0.5571224328574784,0.552057683467865,0.552057683467865,44800.0
1980-04-29,0.552057683467865,0.5571224328574784,0.5469929340782516,0.552057683467865,136000.0
1980-04-30,0.5520571657904872,0.5520571657904872,0.5469924211502075,0.5469924211502075,54400.0
1980-05-01,0.5469929340782516,0.5571224328574784,0.5469929340782516,0.552057683467865,57600.0
1980-05-02,0.552057683467865,0.5571224328574784,0.552057683467865,0.552057683467865,82400.0
1980-05-05,0.5520576502369569,0.5723166465759277,0.5520576502369569,0.5723166465759277,108800.0
1980-05-06,0.5723165054070322,0.5824460010779531,0.5672517575715718,0.5773812532424927,156000.0
1980-05-07,0.5875108301146956,0.6330935669339393,0.5875108301146956,0.6128345727920532,732800.0
1980-05-08,0.612834581379163,0.612834581379163,0.597640335559845,0.597640335559845,268800.0
1980-05-09,0.5925755350486093,0.5925755350486093,0.5824460387229919,0.5824460387229919,177600.0
1980-05-12,0.5773814192840031,0.5773814192840031,0.5672519207000732,0.5672519207000732,76800.0
1980-05-13,0.5672519207000732,0.5824461685759681,0.5672519207000732,0.5672519207000732,24800.0
1980-05-14,0.5672517575715718,0.592575496748874,0.5672517575715718,0.5773812532424927,614400.0
1980-05-15,0.5773814192840031,0.5773814192840031,0.5672519207000732,0.5672519207000732,187200.0
1980-05-16,0.5672519207000732,0.5824461685759681,0.5672519207000732,0.5672519207000732,52000.0
1980-05-19,0.5621870382265611,0.5621870382265611,0.5520575420422987,0.5571222901344299,128000.0
1980-05-20,0.5672518974911851,0.5723166465759277,0.5672518974911851,0.5723166465759277,44000.0
1980-05-21,0.567251763902269,0.567251763902269,0.5621870160102844,0.5621870160102844,24800.0
1980-05-22,0.5672519207000732,0.5723166699920381,0.5672519207000732,0.5672519207000732,65600.0
1980-05-23,0.5672518974911851,0.5773813956606705,0.5672518974911851,0.5723166465759277,34400.0
1980-05-27,0.5723166465759277,0.5723166465759277,0.5723166465759277,0.5723166465759277,4800.0
1980-05-28,0.5723166465759277,0.5723166465759277,0.5672518974911851,0.5723166465759277,12000.0
1980-05-29,0.5723166465759277,0.5723166465759277,0.5723166465759277,0.5723166465759277,14400.0
1980-05-30,0.5824460387229919,0.5875107868858006,0.5824460387229919,0.5824460387229919,238400.0
1980-06-02,0.5773812532424927,0.5773812532424927,0.5723165054070322,0.5773812532424927,19200.0
1980-06-03,0.5773813956606705,0.5824461447454132,0.5723166465759277,0.5723166465759277,68800.0
1980-06-04,0.5723166465759277,0.5723166465759277,0.5723166465759277,0.5723166465759277,34400.0
1980-06-05,0.5773809171956161,0.5925751518586586,0.5773809171956161,0.5875104069709778,57600.0
1980-06-06,0.5925751518586586,0.5976398967463395,0.5875104069709778,0.5875104069709778,40800.0
1980-06-09,0.5925755869534056,0.597640335559845,0.5925755869534056,0.597640335559845,112800.0
1980-06-10,0.5976398967463395,0.5976398967463395,0.5875104069709778,0.5875104069709778,58400.0
1980-06-11,0.5875104069709778,0.5925751518586586,0.5773809171956161,0.5875104069709778,72800.0
1980-06-12,0.5875107489134136,0.5875107489134136,0.5773812532424927,0.5773812532424927,15200.0
1980-06-13,0.5824460387229919,0.5875107868858006,0.5824460387229919,0.5824460387229919,100000.0
1980-06-16,0.5875108017880692,0.5925755500793457,0.5875108017880692,0.5925755500793457,36800.0
1980-06-17,0.597640335559845,0.6027050841662843,0.597640335559845,0.597640335559845,124000.0
1980-06-18,0.5976403919996414,0.5976403919996414,0.5723166465759277,0.5723166465759277,66400.0
1980-06-19,0.5723165117942535,0.577381259686238,0.5621870160102844,0.5621870160102844,69600.0
1980-06-20,0.5621870382265611,0.5621870382265611,0.5571222901344299,0.5571222901344299,12000.0
1980-06-23,0.5571224221161434,0.5672519207000732,0.5571224221161434,0.5672519207000732,12800.0
1980-06-24,0.5672519207000732,0.5672519207000732,0.5621871714081083,0.5672519207000732,36000.0
1980-06-25,0.5672519207000732,0.5773814192840031,0.5621871714081083,0.5672519207000732,171200.0
1980-06-26,0.5672517575715718,0.5773812532424927,0.5672517575715718,0.5773812532424927,56800.0
1980-06-27,0.5773813052055163,0.5925755500793457,0.5672518086229634,0.5925755500793457,100000.0
1980-06-30,0.5925755869534056,0.6027050841662843,0.5925755869534056,0.597640335559845,185600.0
1980-07-01,0.597640335559845,0.597640335559845,0.5824460897405268,0.597640335559845,62400.0
1980-07-02,0.5976402265269583,0.638158207986413,0.5976402265269583,0.6229639649391174,373600.0
1980-07-03,0.6229639649391174,0.638158207986413,0.6229639649391174,0.6229639649391174,369600.0
1980-07-07,0.6280286102294922,0.6432228507995605,0.6280286102294922,0.6330933570861816,725600.0
1980-07-08,0.6381583353504539,0.6533525814302266,0.6381583353504539,0.648287832736969,430400.0
1980-07-09,0.648287615438146,0.6736113504161986,0.6432228684425354,0.6432228684425354,168800.0
1980-07-10,0.6381581039428711,0.6381581039428711,0.6280286102294922,0.6330933570861816,64000.0
1980-07-11,0.6330935866571963,0.648287832736969,0.6229640892706811,0.648287832736969,60800.0
1980-07-14,0.648287615438146,0.6584171094293669,0.6432228684425354,0.6432228684425354,150400.0
1980-07-15,0.648287832736969,0.6634820788167417,0.648287832736969,0.648287832736969,331200.0
1980-07-16,0.6482877291165865,0.6634819727677564,0.6482877291165865,0.6584172248840332,114400.0
1980-07-17,0.6584172470625056,0.6634819951168326,0.6533524990081787,0.6533524990081787,131200.0
1980-07-18,0.6533525504849174,0.6736115442984032,0.6533525504849174,0.6685467958450317,1992800.0
1980-07-21,0.6685468275099993,0.6685468275099993,0.648287832736969,0.648287832736969,116800.0
1980-07-22,0.648287615438146,0.6584171094293669,0.6432228684425354,0.6432228684425354,65600.0
1980-07-23,0.6330933570861816,0.6330933570861816,0.6128343696594238,0.6330933570861816,77600.0
1980-07-24,0.633093776802222,0.6381585270166398,0.6077700257301331,0.6077700257301331,94400.0
1980-07-25,0.6077698242565818,0.6128345727920532,0.6077698242565818,0.6128345727920532,54400.0
1980-07-28,0.612834331970061,0.6280285716056824,0.612834331970061,0.6280285716056824,235200.0
1980-07-29,0.6330935866571963,0.648287832736969,0.6330935866571963,0.648287832736969,277600.0
1980-07-30,0.6482877291165865,0.6584172248840332,0.6432229812328631,0.6584172248840332,544000.0
1980-07-31,0.6482875577865108,0.6482875577865108,0.6280285716056824,0.6280285716056824,43200.0
1980-08-01,0.6280291175085401,0.6432233703514887,0.6280291175085401,0.6381586194038391,65600.0
1980-08-04,0.6432230028995247,0.6584172470625056,0.6432230028995247,0.6533524990081787,159200.0
1980-08-05,0.648287832736969,0.648287832736969,0.648287832736969,0.648287832736969,43200.0
1980-08-06,0.648287615438146,0.648287615438146,0.638158121446925,0.6432228684425354,68000.0
1980-08-07,0.6533524770003099,0.6634819727677564,0.6533524770003099,0.6584172248840332,219200.0
1980-08-08,0.6584171094293669,0.6634818564249775,0.638158121446925,0.6432228684425354,191200.0
1980-08-11,0.6482877509538517,0.6584172470625056,0.6482877509538517,0.6533524990081787,71200.0
1980-08-12,0.6533523624337565,0.6533523624337565,0.638158121446925,0.6432228684425354,144000.0
1980-08-13,0.638158207986413,0.638158207986413,0.6229639649391174,0.6229639649391174,77600.0
1980-08-14,0.6229638633728027,0.6381581039428711,0.6128343696594238,0.6330933570861816,56000.0
1980-08-15,0.6330933744513144,0.6432228684425354,0.6229638804600933,0.6432228684425354,76800.0
1980-08-18,0.6432228112413036,0.6432228112413036,0.6229638250604752,0.6280285716056824,376000.0
1980-08-19,0.6280287953673817,0.6280287953673817,0.6128345503181708,0.6178992986679077,228800.0
1980-08-20,0.6178992986679077,0.6178992986679077,0.6077698019684339,0.6178992986679077,76800.0
1980-08-21,0.6178993213275248,0.6178993213275248,0.6128345727920532,0.6128345727920532,1148800.0
1980-08-22,0.6128345727920532,0.6178993213275248,0.6027050757211102,0.6128345727920532,112800.0
1980-08-25,0.6128345727920532,0.6178993213275248,0.6077698242565818,0.6128345727920532,249600.0
1980-08-26,0.6128345503181708,0.6229640470176446,0.6128345503181708,0.6178992986679077,51200.0
1980-08-27,0.6178992986679077,0.6178992986679077,0.6128345503181708,0.6178992986679077,63200.0
1980-08-28,0.6178992986679077,0.6178992986679077,0.6128345503181708,0.6178992986679077,161600.0
1980-08-29,0.6128345727920532,0.6128345727920532,0.6027050757211102,0.6128345727920532,98400.0
1980-09-02,0.6128345503181708,0.6178992986679077,0.6027050536186969,0.6178992986679077,94400.0
1980-09-03,0.6178990785152682,0.6330933181508894,0.612834331970061,0.6280285716056824,580000.0
1980-09-04,0.6330933570861816,0.6432228507995605,0.6330933570861816,0.6330933570861816,203200.0
1980-09-05,0.6330933181508894,0.6381580646960966,0.6280285716056824,0.6280285716056824,88800.0
1980-09-08,0.6280287953673817,0.6381582920668555,0.6178992986679077,0.6178992986679077,251200.0
1980-09-09,0.6178992172566856,0.6229639649391174,0.6128344695742538,0.6229639649391174,227200.0
1980-09-10,0.6229638250604752,0.6330933181508894,0.6178990785152682,0.6280285716056824,136000.0
1980-09-11,0.6280285716056824,0.6381580646960966,0.6280285716056824,0.6280285716056824,208800.0
1980-09-12,0.6280287126215494,0.638158207986413,0.6229639649391174,0.6229639649391174,1704800.0
1980-09-15,0.6229640785920417,0.6280288271984812,0.5773813411340875,0.597640335559845,4612800.0
1980-09-16,0.597640335559845,0.6027050841662843,0.5875108383469663,0.597640335559845,222400.0
1980-09-17,0.5976403721240388,0.6027051210403442,0.587510874291428,0.6027051210403442,692800.0
1980-09-18,0.6027051210403442,0.6077698699566496,0.587510874291428,0.6027051210403442,228800.0
1980-09-19,0.5976398967463395,0.5976398967463395,0.5875104069709778,0.5875104069709778,534400.0
1980-09-22,0.5875107868858006,0.5925755350486093,0.5773812905601834,0.5824460387229919,65600.0
1980-09-23,0.5824460010779531,0.592575496748874,0.5773812532424927,0.5773812532424927,987200.0
1980-09-24,0.5773812532424927,0.5875107489134136,0.5723165054070322,0.5773812532424927,1040800.0
1980-09-25,0.5773812532424927,0.5875107489134136,0.5723165054070322,0.5773812532424927,756800.0
1980-09-26,0.5773812825029546,0.5773812825029546,0.5571222901344299,0.5571222901344299,1308800.0
1980-09-29,0.5571224199277218,0.5571224199277218,0.5317986735673709,0.5419281721115112,855200.0
1980-09-30,0.5419278948936823,0.5419278948936823,0.5267336548499342,0.5368631482124329,96000.0
1980-10-01,0.5368634943778698,0.5368634943778698,0.5267339944839478,0.5267339944839478,41600.0
1980-10-02,0.5267339116051083,0.5317986607551575,0.5267339116051083,0.5317986607551575,57600.0
1980-10-03,0.5317986607551575,0.5419281590552557,0.5267339116051083,0.5317986607551575,184000.0
1980-10-06,0.5317984015311835,0.5419278948936823,0.5317984015311835,0.5368631482124329,193600.0
1980-10-07,0.5368634099052065,0.5368634099052065,0.5317986607551575,0.5317986607551575,30400.0
1980-10-08,0.536863422839441,0.5419281721115112,0.536863422839441,0.5419281721115112,32000.0
1980-10-09,0.5419281721115112,0.5520576706556516,0.536863422839441,0.5419281721115112,64800.0
1980-10-10,0.5419281721115112,0.5419281721115112,0.5317986735673709,0.5419281721115112,142400.0
1980-10-13,0.5419281721115112,0.5419281721115112,0.536863422839441,0.5419281721115112,98400.0
1980-10-14,0.5419278948936823,0.5419278948936823,0.5317984015311835,0.5368631482124329,72800.0
1980-10-15,0.536863422839441,0.5419281721115112,0.5317986735673709,0.5419281721115112,129600.0
1980-10-16,0.5368634099052065,0.5368634099052065,0.5317986607551575,0.5317986607551575,55200.0
1980-10-17,0.5317987444309088,0.5317987444309088,0.5267339944839478,0.5267339944839478,1032000.0
1980-10-20,0.5267339116051083,0.5368634099052065,0.5166044133050101,0.5317986607551575,419200.0
1980-10-21,0.5317987444309088,0.5368634943778698,0.5216692445369867,0.5267339944839478,173600.0
1980-10-22,0.5267336576887705,0.5267336576887705,0.5166041642716788,0.5216689109802246,187200.0
1980-10-23,0.5267336548499342,0.5368631482124329,0.5267336548499342,0.5368631482124329,267200.0
1980-10-24,0.5368634099052065,0.5368634099052065,0.5216691624550592,0.5317986607551575,323200.0
1980-10-27,0.5317987444309088,0.5368634943778698,0.5267339944839478,0.5267339944839478,183200.0
1980-10-28,0.5267339116051083,0.5317986607551575,0.5216691624550592,0.5317986607551575,86400.0
1980-10-29,0.5317984015311835,0.5368631482124329,0.5267336548499342,0.5368631482124329,41600.0
1980-10-30,0.5317986607551575,0.5317986607551575,0.5267339116051083,0.5317986607551575,136000.0
1980-10-31,0.5317986607551575,0.5368634099052065,0.5267339116051083,0.5317986607551575,86400.0
1980-11-03,0.5317984015311835,0.5419278948936823,0.5216689081686848,0.5368631482124329,212800.0
1980-11-05,0.5469924211502075,0.557121910430767,0.5469924211502075,0.5469924211502075,216000.0
1980-11-06,0.5419282443248309,0.5419282443248309,0.5267339944839478,0.5267339944839478,212800.0
1980-11-07,0.5267337397033093,0.5368632346976038,0.5166042447090149,0.5166042447090149,60000.0
1980-11-10,0.5166042665443799,0.5267337619668186,0.5115395188331604,0.5115395188331604,251200.0
1980-11-11,0.5166044945900257,0.5267339944839478,0.5166044945900257,0.5267339944839478,90400.0
1980-11-12,0.5267334425890887,0.5469924211502075,0.521668697948809,0.5469924211502075,278400.0
1980-11-13,0.5419281721115112,0.5419281721115112,0.5317986735673709,0.5419281721115112,48000.0
1980-11-14,0.5368631511058621,0.5368631511058621,0.5216689109802246,0.5216689109802246,66400.0
1980-11-17,0.5216691624550592,0.5368634099052065,0.5166044133050101,0.5317986607551575,69600.0
1980-11-18,0.5317984043973163,0.5317984043973163,0.5216689109802246,0.5216689109802246,160000.0
1980-11-19,0.5216689109802246,0.5267336576887705,0.5216689109802246,0.5216689109802246,100800.0
1980-11-20,0.5216689109802246,0.5267336576887705,0.5216689109802246,0.5216689109802246,652800.0
1980-11-21,0.5216689109802246,0.5267336576887705,0.5216689109802246,0.5216689109802246,90400.0
1980-11-24,0.5216691624550592,0.5419281590552557,0.5216691624550592,0.5317986607551575,262400.0
1980-11-25,0.5317984015311835,0.5368631482124329,0.5317984015311835,0.5368631482124329,198400.0
1980-11-26,0.5368634099052065,0.5469929082053048,0.5317986607551575,0.5317986607551575,296800.0
1980-11-28,0.5317986607551575,0.5317986607551575,0.5267339116051083,0.5317986607551575,62400.0
1980-12-01,0.5267336576887705,0.5267336576887705,0.5166041642716788,0.5216689109802246,80800.0
1980-12-02,0.5216692445369867,0.5267339944839478,0.5216692445369867,0.5267339944839478,31200.0
1980-12-03,0.5216690142555993,0.5216690142555993,0.5115395188331604,0.5115395188331604,236000.0
1980-12-04,0.5166042447090149,0.5216689922061621,0.5166042447090149,0.5166042447090149,122400.0
1980-12-05,0.5166042665443799,0.5216690142555993,0.5115395188331604,0.5115395188331604,88000.0
1980-12-08,0.5115393602848053,0.5115393602848053,0.5064746141433716,0.5064746141433716,86400.0
1980-12-09,0.5064748754405013,0.5115396241949063,0.5014101266860962,0.5014101266860962,98400.0
1980-12-10,0.5014101266860962,0.5064748754405013,0.5014101266860962,0.5014101266860962,154400.0
1980-12-11,0.5014101266860962,0.5064748754405013,0.5014101266860962,0.5014101266860962,268000.0
1980-12-12,0.5014098680019379,0.5064746141433716,0.5014098680019379,0.5064746141433716,57600.0
1980-12-15,0.5064746141433716,0.5115393602848053,0.5064746141433716,0.5064746141433716,70400.0
1980-12-16,0.5064746141433716,0.5115393602848053,0.5014098680019379,0.5064746141433716,57600.0
1980-12-17,0.5064747497147205,0.5216689922061621,0.5064747497147205,0.5166042447090149,264800.0
1980-12-18,0.521668697948809,0.557121910430767,0.521668697948809,0.5469924211502075,400800.0
1980-12-19,0.5469929213835815,0.5520576706556516,0.536863422839441,0.5419281721115112,50400.0
1980-12-22,0.5419276765099278,0.5469924211502075,0.5368629318696482,0.5469924211502075,52000.0
1980-12-23,0.5469927723343307,0.567251763902269,0.5469927723343307,0.5621870160102844,155200.0
1980-12-24,0.5571222901344299,0.5571222901344299,0.5469927939501675,0.5571222901344299,670400.0
1980-12-26,0.5571222901344299,0.5571222901344299,0.5520575420422987,0.5571222901344299,10400.0
1980-12-29,0.5520571657904872,0.5520571657904872,0.5469924211502075,0.5469924211502075,68000.0
1980-12-30,0.5469929213835815,0.5469929213835815,0.5419281721115112,0.5419281721115112,52000.0
1980-12-31,0.5469924211502075,0.5520571657904872,0.5469924211502075,0.5469924211502075,158400.0
1981-01-02,0.5469924211502075,0.5520571657904872,0.5469924211502075,0.5469924211502075,63200.0
1981-01-05,0.5520575140651903,0.5773812532424927,0.5520575140651903,0.5773812532424927,88000.0
1981-01-06,0.5773812532424927,0.5875107489134136,0.5723165054070322,0.5773812532424927,134400.0
1981-01-07,0.5773813956606705,0.5773813956606705,0.5267339048132432,0.5723166465759277,168800.0
1981-01-08,0.5723165117942535,0.577381259686238,0.5571222681182998,0.5621870160102844,311200.0
1981-01-09,0.5621870160102844,0.567251763902269,0.5520575202263153,0.5621870160102844,75200.0
1981-01-12,0.5621871822470919,0.5621871822470919,0.5469929340782516,0.552057683467865,197600.0
1981-01-13,0.5520571657904872,0.5520571657904872,0.5419276765099278,0.5469924211502075,168000.0
1981-01-14,0.5469924211502075,0.5520571657904872,0.5469924211502075,0.5469924211502075,70400.0
1981-01-15,0.5419278948936823,0.5419278948936823,0.5317984015311835,0.5368631482124329,38400.0
1981-01-16,0.5368629318696482,0.557121910430767,0.5317981872293684,0.5469924211502075,96000.0
1981-01-19,0.5469929340782516,0.552057683467865,0.5469929340782516,0.552057683467865,74400.0
1981-01-20,0.5520571657904872,0.5520571657904872,0.5419276765099278,0.5469924211502075,73600.0
1981-01-21,0.5469929340782516,0.5571224328574784,0.5469929340782516,0.552057683467865,38400.0
1981-01-22,0.552057683467865,0.5672519316367053,0.552057683467865,0.552057683467865,86400.0
1981-01-23,0.5520571657904872,0.5520571657904872,0.5469924211502075,0.5469924211502075,74400.0
1981-01-26,0.5469924211502075,0.5469924211502075,0.5469924211502075,0.5469924211502075,35200.0
1981-01-27,0.5469926415749317,0.5469926415749317,0.5368631482124329,0.5368631482124329,46400.0
1981-01-28,0.5368629318696482,0.5469924211502075,0.5368629318696482,0.5469924211502075,261600.0
1981-01-29,0.5469929213835815,0.5520576706556516,0.536863422839441,0.5419281721115112,68000.0
1981-01-30,0.5469924211502075,0.5520571657904872,0.5469924211502075,0.5469924211502075,38400.0
1981-02-02,0.5469929213835815,0.5520576706556516,0.536863422839441,0.5419281721115112,87200.0
1981-02-03,0.5419276765099278,0.557121910430767,0.5368629318696482,0.5469924211502075,278400.0
1981-02-04,0.5571222901344299,0.5621870382265611,0.5571222901344299,0.5571222901344299,117600.0
1981-02-05,0.5571224221161434,0.5723166699920381,0.5571224221161434,0.5672519207000732,99200.0
1981-02-06,0.5672517942345661,0.5875107868858006,0.5672517942345661,0.5824460387229919,142400.0
1981-02-09,0.5824460010779531,0.5824460010779531,0.5723165054070322,0.5773812532424927,173600.0
1981-02-10,0.5773813052055163,0.5925755500793457,0.5773813052055163,0.5925755500793457,120000.0
1981-02-11,0.5925756232077334,0.6027051210403442,0.5824461253751225,0.6027051210403442,108800.0
1981-02-12,0.6027050841662843,0.6178993299856024,0.597640335559845,0.597640335559845,348000.0
1981-02-13,0.5976398967463395,0.5976398967463395,0.5875104069709778,0.5875104069709778,152000.0
1981-02-17,0.5875107489134136,0.592575496748874,0.5723165054070322,0.5773812532424927,76800.0
1981-02-18,0.5773813956606705,0.5773813956606705,0.5672518974911851,0.5723166465759277,48000.0
1981-02-19,0.5723166465759277,0.587510893830156,0.5723166465759277,0.5723166465759277,178400.0
1981-02-20,0.5723161723079353,0.5875104069709778,0.5723161723079353,0.5875104069709778,54400.0
1981-02-23,0.5925755869534056,0.6077698327727237,0.5925755869534056,0.597640335559845,52000.0
1981-02-24,0.5976403721240388,0.6077698699566496,0.5925756232077334,0.6027051210403442,90400.0
1981-02-25,0.597640335559845,0.597640335559845,0.5925755869534056,0.597640335559845,120000.0
1981-02-26,0.597640335559845,0.597640335559845,0.5925755869534056,0.597640335559845,32000.0
1981-02-27,0.5976403721240388,0.6027051210403442,0.5976403721240388,0.6027051210403442,115200.0
1981-03-02,0.5976402983706222,0.5976402983706222,0.5875108017880692,0.5925755500793457,91200.0
1981-03-03,0.5925755500793457,0.5976402983706222,0.5925755500793457,0.5925755500793457,312800.0
1981-03-04,0.59764030526896,0.6178992986679077,0.59764030526896,0.6178992986679077,308000.0
1981-03-05,0.6178992986679077,0.6229640470176446,0.6128345503181708,0.6178992986679077,216800.0
1981-03-06,0.6178993213275248,0.6178993213275248,0.6077698242565818,0.6128345727920532,240800.0
1981-03-09,0.612834581379163,0.612834581379163,0.597640335559845,0.597640335559845,104000.0
1981-03-10,0.6027051210403442,0.6077698699566496,0.6027051210403442,0.6027051210403442,125600.0
1981-03-11,0.6077700257301331,0.6077700257301331,0.6077700257301331,0.6077700257301331,155200.0
1981-03-12,0.6077700257301331,0.6077700257301331,0.6027052755157153,0.6077700257301331,32000.0
1981-03-13,0.6128345503181708,0.6178992986679077,0.6128345503181708,0.6178992986679077,122400.0
1981-03-16,0.6178992986679077,0.6178992986679077,0.6128345503181708,0.6178992986679077,43200.0
1981-03-17,0.6178990785152682,0.6381580646960966,0.6178990785152682,0.6280285716056824,204800.0
1981-03-18,0.6280286102294922,0.6330933570861816,0.6280286102294922,0.6330933570861816,119200.0
1981-03-19,0.6330938684561896,0.6381586194038391,0.6280291175085401,0.6381586194038391,129600.0
1981-03-20,0.638158121446925,0.6432228684425354,0.638158121446925,0.6432228684425354,295200.0
1981-03-23,0.6432229812328631,0.6634819727677564,0.6432229812328631,0.6584172248840332,406400.0
1981-03-24,0.6584172989382888,0.6685467958450317,0.6584172989382888,0.6685467958450317,729600.0
1981-03-25,0.66854683259376,0.673611581325531,0.6634820838619891,0.673611581325531,309600.0
1981-03-26,0.673611581325531,0.673611581325531,0.66854683259376,0.673611581325531,156000.0
1981-03-27,0.6736119303084511,0.6736119303084511,0.6634824275970459,0.6634824275970459,166400.0
1981-03-30,0.6634819951168326,0.6634819951168326,0.6533524990081787,0.6533524990081787,99200.0
1981-03-31,0.6584172989382888,0.6736115442984032,0.6584172989382888,0.6685467958450317,247200.0
1981-04-01,0.6685471789527485,0.6736119303084511,0.6634824275970459,0.6634824275970459,287200.0
1981-04-02,0.6634819727677564,0.6685467206514798,0.6533524770003099,0.6584172248840332,82400.0
1981-04-03,0.6634824275970459,0.6685471789527485,0.6634824275970459,0.6634824275970459,136800.0
1981-04-06,0.6634819727677564,0.6634819727677564,0.6584172248840332,0.6584172248840332,120000.0
1981-04-07,0.6584172248840332,0.6584172248840332,0.6533524770003099,0.6584172248840332,84800.0
1981-04-08,0.6584173301234841,0.6634820788167417,0.648287832736969,0.648287832736969,630400.0
1981-04-09,0.6533524770003099,0.6584172248840332,0.6533524770003099,0.6584172248840332,153600.0
1981-04-10,0.6584172470625056,0.6634819951168326,0.6533524990081787,0.6533524990081787,207200.0
1981-04-13,0.6533523624337565,0.6533523624337565,0.638158121446925,0.6432228684425354,124000.0
1981-04-14,0.6432228684425354,0.648287615438146,0.6432228684425354,0.6432228684425354,179200.0
1981-04-15,0.6432230028995247,0.6533524990081787,0.6432230028995247,0.6533524990081787,264800.0
1981-04-16,0.6533529248856406,0.6634824275970459,0.6533529248856406,0.6634824275970459,70400.0
1981-04-20,0.6584173301234841,0.6584173301234841,0.648287832736969,0.648287832736969,224000.0
1981-04-21,0.6533524990081787,0.6584172470625056,0.6533524990081787,0.6533524990081787,247200.0
1981-04-22,0.6533525814302266,0.6584173301234841,0.648287832736969,0.648287832736969,153600.0
1981-04-23,0.6533524990081787,0.6584172470625056,0.6533524990081787,0.6533524990081787,144000.0
1981-04-24,0.6533524990081787,0.6584172470625056,0.6533524990081787,0.6533524990081787,58400.0
1981-04-27,0.6533524990081787,0.6584172470625056,0.6533524990081787,0.6533524990081787,66400.0
1981-04-28,0.6533524990081787,0.6584172470625056,0.6533524990081787,0.6533524990081787,61600.0
1981-04-29,0.6533524990081787,0.6584172470625056,0.6533524990081787,0.6533524990081787,182400.0
1981-04-30,0.6533524770003099,0.6584172248840332,0.6533524770003099,0.6584172248840332,232000.0
1981-05-01,0.6584172248840332,0.6584172248840332,0.6584172248840332,0.6584172248840332,80000.0
1981-05-04,0.6533528722467876,0.6533528722467876,0.6381586194038391,0.6381586194038391,65600.0
1981-05-05,0.6381580646960966,0.6432228112413036,0.6280285716056824,0.6280285716056824,215200.0
1981-05-06,0.6280286102294922,0.6381581039428711,0.6280286102294922,0.6330933570861816,108800.0
1981-05-07,0.6330933181508894,0.6330933181508894,0.6280285716056824,0.6280285716056824,12800.0
1981-05-08,0.6280285716056824,0.6280285716056824,0.6280285716056824,0.6280285716056824,2400.0
1981-05-11,0.6280286102294922,0.6381581039428711,0.6280286102294922,0.6330933570861816,136000.0
1981-05-12,0.6330935437171186,0.6330935437171186,0.6178992986679077,0.6178992986679077,116000.0
1981-05-13,0.6178995261589687,0.6178995261589687,0.6077700257301331,0.6077700257301331,98400.0
1981-05-14,0.6077698242565818,0.6178993213275248,0.6027050757211102,0.6128345727920532,201600.0
1981-05-15,0.6128347759445509,0.6178995261589687,0.6027052755157153,0.6077700257301331,112800.0
1981-05-18,0.6077698242565818,0.6128345727920532,0.6077698242565818,0.6128345727920532,220800.0
1981-05-19,0.6128345503181708,0.6178992986679077,0.6077698019684339,0.6178992986679077,100800.0
1981-05-20,0.6178992986679077,0.6229640470176446,0.6178992986679077,0.6178992986679077,32800.0
1981-05-21,0.6229643665608906,0.6381586194038391,0.6229643665608906,0.6381586194038391,376000.0
1981-05-22,0.6381581039428711,0.6381581039428711,0.6280286102294922,0.6330933570861816,100000.0
1981-05-26,0.6330933744513144,0.6432228684425354,0.6280286274557039,0.6432228684425354,118400.0
1981-05-27,0.6381580646960966,0.6381580646960966,0.6280285716056824,0.6280285716056824,64000.0
1981-05-28,0.6280287126215494,0.6330934603039812,0.6128344695742538,0.6229639649391174,54400.0
1981-05-29,0.6229640470176446,0.6229640470176446,0.6178992986679077,0.6178992986679077,25600.0
1981-06-01,0.6178993213275248,0.6178993213275248,0.6077698242565818,0.6128345727920532,60800.0
1981-06-02,0.6128345727920532,0.6178993213275248,0.6128345727920532,0.6128345727920532,26400.0
1981-06-03,0.6128345727920532,0.6178993213275248,0.6128345727920532,0.6128345727920532,33600.0
1981-06-04,0.6128345727920532,0.6178993213275248,0.6128345727920532,0.6128345727920532,84800.0
1981-06-05,0.6128344695742538,0.6229639649391174,0.6128344695742538,0.6229639649391174,55200.0
1981-06-08,0.6178995261589687,0.6178995261589687,0.6077700257301331,0.6077700257301331,158400.0
1981-06-09,0.6077698699566496,0.6077698699566496,0.6027051210403442,0.6027051210403442,78400.0
1981-06-10,0.6027050466618986,0.6027050466618986,0.5875108017880692,0.5925755500793457,1528800.0
1981-06-11,0.5925753457892325,0.6280285716056824,0.5925753457892325,0.6280285716056824,1964800.0
1981-06-12,0.6381586194038391,0.6482881212991382,0.6381586194038391,0.6381586194038391,1812000.0
1981-06-15,0.6381582333491398,0.6736114685352032,0.6381582333491398,0.6584172248840332,252800.0
1981-06-16,0.6584172989382888,0.6736115442984032,0.6584172989382888,0.6685467958450317,4344800.0
1981-06-17,0.6685468687939999,0.6837411158120454,0.6685468687939999,0.6786763668060303,2320000.0
1981-06-18,0.6837411522865295,0.6938706508389225,0.6837411522865295,0.6837411522865295,223200.0
1981-06-19,0.6837410787890728,0.6938705762526146,0.66854683259376,0.673611581325531,1091200.0
1981-06-22,0.6888057959340784,0.7040000414326243,0.6888057959340784,0.6938705444335938,209600.0
1981-06-23,0.6938705285945972,0.7293237672819124,0.688805780210695,0.7242590188980103,452000.0
1981-06-24,0.7242589275613963,0.7242589275613963,0.6989351888354735,0.703999936580658,362400.0
1981-06-25,0.698935292933109,0.698935292933109,0.6938705444335936,0.6938705444335938,20800.0
1981-06-26,0.6938705762526146,0.6938705762526146,0.673611581325531,0.673611581325531,25600.0
1981-06-29,0.6736115442984032,0.6786762927517747,0.6685467958450317,0.6685467958450317,79200.0
1981-06-30,0.6685471789527485,0.6685471789527485,0.6584176762413432,0.6634824275970459,52000.0
1981-07-01,0.6634819951168326,0.6685467431711596,0.6533524990081787,0.6533524990081787,796800.0
1981-07-02,0.6533523624337565,0.6533523624337565,0.6432228684425354,0.6432228684425354,30400.0
1981-07-06,0.6432228684425354,0.6634818564249775,0.638158121446925,0.6432228684425354,24000.0
1981-07-07,0.6432233703514887,0.6482881212991382,0.6381586194038391,0.6381586194038391,68800.0
1981-07-08,0.6381580646960966,0.6381580646960966,0.6178990785152682,0.6280285716056824,87200.0
1981-07-09,0.6330933570861816,0.64828759765625,0.6330933570861816,0.6330933570861816,171200.0
1981-07-10,0.6330933570861816,0.6330933570861816,0.6280286102294922,0.6330933570861816,51200.0
1981-07-13,0.6330933181508894,0.6330933181508894,0.6280285716056824,0.6280285716056824,106400.0
1981-07-14,0.6280287953673817,0.6280287953673817,0.6178992986679077,0.6178992986679077,30400.0
1981-07-15,0.6178992986679077,0.6280287953673817,0.6128345503181708,0.6178992986679077,46400.0
1981-07-16,0.6178992986679077,0.6229640470176446,0.6128345503181708,0.6178992986679077,11200.0
1981-07-17,0.6128347759445509,0.6128347759445509,0.6077700257301331,0.6077700257301331,12000.0
1981-07-20,0.6077698699566496,0.6077698699566496,0.6027051210403442,0.6027051210403442,26400.0
1981-07-21,0.6027051210403442,0.6027051210403442,0.5976403721240388,0.6027051210403442,46400.0
1981-07-22,0.6027050313742265,0.6027050313742265,0.5773812905601834,0.5824460387229919,134400.0
1981-07-23,0.5824461685759681,0.5824461685759681,0.5672519207000732,0.5672519207000732,147200.0
1981-07-24,0.5773809171956161,0.5875104069709778,0.5773809171956161,0.5875104069709778,202400.0
1981-07-27,0.5925756232077334,0.6027051210403442,0.5925756232077334,0.6027051210403442,125600.0
1981-07-28,0.5976402983706222,0.5976402983706222,0.5925755500793457,0.5925755500793457,18400.0
1981-07-29,0.5925755350486093,0.5925755350486093,0.5824460387229919,0.5824460387229919,16800.0
1981-07-30,0.5875104069709778,0.5875104069709778,0.5875104069709778,0.5875104069709778,7200.0
1981-07-31,0.5875104069709778,0.5976398967463395,0.5875104069709778,0.5875104069709778,12800.0
1981-08-03,0.587510893830156,0.587510893830156,0.5723166465759277,0.5723166465759277,23200.0
1981-08-04,0.5723165117942535,0.5723165117942535,0.5621870160102844,0.5621870160102844,92000.0
1981-08-05,0.5621870160102844,0.5723165117942535,0.5621870160102844,0.5621870160102844,167200.0
1981-08-06,0.5672519207000732,0.5723166699920381,0.5672519207000732,0.5672519207000732,29600.0
1981-08-07,0.5723166465759277,0.5773813956606705,0.5723166465759277,0.5723166465759277,44800.0
1981-08-10,0.5723165054070322,0.5773812532424927,0.5723165054070322,0.5773812532424927,48000.0
1981-08-11,0.5773809171956161,0.5875104069709778,0.5773809171956161,0.5875104069709778,19200.0
1981-08-12,0.5875108383469663,0.597640335559845,0.5875108383469663,0.597640335559845,110400.0
1981-08-13,0.597640335559845,0.6077698327727237,0.597640335559845,0.597640335559845,145600.0
1981-08-14,0.5976398967463395,0.5976398967463395,0.5875104069709778,0.5875104069709778,49600.0
1981-08-17,0.5875104069709778,0.5875104069709778,0.582445662083297,0.5875104069709778,40000.0
1981-08-18,0.5875107489134136,0.5875107489134136,0.5773812532424927,0.5773812532424927,9600.0
1981-08-19,0.5773812532424927,0.5824460010779531,0.5672517575715718,0.5773812532424927,31200.0
1981-08-20,0.5773814192840031,0.5773814192840031,0.5672519207000732,0.5672519207000732,51200.0
1981-08-21,0.5672519207000732,0.5672519207000732,0.5672519207000732,0.5672519207000732,52000.0
1981-08-24,0.567251763902269,0.577381259686238,0.5621870160102844,0.5621870160102844,242400.0
1981-08-25,0.5621871822470919,0.5672519316367053,0.552057683467865,0.552057683467865,12800.0
1981-08-26,0.5520576706556516,0.5621871691997921,0.5419281721115112,0.5419281721115112,73600.0
1981-08-27,0.5419276765099278,0.5469924211502075,0.5368629318696482,0.5469924211502075,79200.0
1981-08-28,0.5469924211502075,0.5469924211502075,0.5368629318696482,0.5469924211502075,175200.0
1981-08-31,0.5469924211502075,0.5469924211502075,0.5419276765099278,0.5469924211502075,87200.0
1981-09-01,0.5469929213835815,0.5520576706556516,0.5419281721115112,0.5419281721115112,56000.0
1981-09-02,0.5469929235322135,0.5672519207000732,0.5469929235322135,0.5672519207000732,198400.0
1981-09-03,0.5672517863186923,0.5672517863186923,0.5571222901344299,0.5571222901344299,92800.0
1981-09-04,0.5571222901344299,0.5672517863186923,0.5571222901344299,0.5571222901344299,90400.0
1981-09-08,0.5520576706556516,0.5520576706556516,0.5419281721115112,0.5419281721115112,398400.0
1981-09-09,0.5419276765099278,0.5469924211502075,0.5419276765099278,0.5469924211502075,68000.0
1981-09-10,0.5469929340782516,0.5571224328574784,0.5469929340782516,0.552057683467865,28800.0
1981-09-11,0.5520575497461402,0.5875107868858006,0.5520575497461402,0.5824460387229919,408800.0
1981-09-14,0.582445662083297,0.5925751518586586,0.5773809171956161,0.5875104069709778,284000.0
1981-09-15,0.5875108017880692,0.6077697949531751,0.5875108017880692,0.5925755500793457,589600.0
1981-09-16,0.5875104069709778,0.5875104069709778,0.5875104069709778,0.5875104069709778,65600.0
1981-09-17,0.5875104069709778,0.5925751518586586,0.5875104069709778,0.5875104069709778,118400.0
1981-09-18,0.5875104069709778,0.5875104069709778,0.582445662083297,0.5875104069709778,204800.0
1981-09-21,0.5875107489134136,0.5875107489134136,0.5723165054070322,0.5773812532424927,122400.0
1981-09-22,0.577381259686238,0.5824460075782225,0.5621870160102844,0.5621870160102844,80800.0
1981-09-23,0.5571224328574784,0.5571224328574784,0.552057683467865,0.552057683467865,11200.0
1981-09-24,0.5520571657904872,0.557121910430767,0.5469924211502075,0.5469924211502075,16000.0
1981-09-25,0.5469929213835815,0.5520576706556516,0.5419281721115112,0.5419281721115112,75200.0
1981-09-28,0.5419278948936823,0.5419278948936823,0.5317984015311835,0.5368631482124329,23200.0
1981-09-29,0.5469924211502075,0.557121910430767,0.5469924211502075,0.5469924211502075,64800.0
1981-09-30,0.5469924211502075,0.557121910430767,0.5469924211502075,0.5469924211502075,12000.0
1981-10-01,0.5469927939501675,0.5571222901344299,0.5469927939501675,0.5571222901344299,138400.0
1981-10-02,0.5571222979089488,0.5824460387229919,0.5571222979089488,0.5824460387229919,92800.0
1981-10-05,0.5824461447454132,0.5824461447454132,0.5672518974911851,0.5723166465759277,148800.0
1981-10-06,0.5723166699920381,0.5723166699920381,0.5672519207000732,0.5672519207000732,30400.0
1981-10-07,0.567251763902269,0.5723165117942535,0.5621870160102844,0.5621870160102844,36800.0
1981-10-08,0.5621871714081083,0.5723166699920381,0.5520576728241784,0.5672519207000732,10285600.0
1981-10-09,0.5723166465759277,0.5824461447454132,0.5723166465759277,0.5723166465759277,156800.0
1981-10-12,0.5723166699920381,0.5723166699920381,0.5621871714081083,0.5672519207000732,289600.0
1981-10-13,0.5672517575715718,0.5824460010779531,0.5672517575715718,0.5773812532424927,262400.0
1981-10-14,0.5773813956606705,0.5824461447454132,0.5723166465759277,0.5723166465759277,162400.0
1981-10-15,0.5723166699920381,0.5723166699920381,0.5621871714081083,0.5672519207000732,114400.0
1981-10-16,0.567251763902269,0.567251763902269,0.5621870160102844,0.5621870160102844,113600.0
1981-10-19,0.5621871484064423,0.5723166465759277,0.5621871484064423,0.5723166465759277,621600.0
1981-10-20,0.5773812905601834,0.5875107868858006,0.5773812905601834,0.5824460387229919,199200.0
1981-10-21,0.5824460534967928,0.5925755500793457,0.5824460534967928,0.5925755500793457,153600.0
1981-10-22,0.5925751518586586,0.5976398967463395,0.5875104069709778,0.5875104069709778,366400.0
1981-10-23,0.5875107489134136,0.592575496748874,0.5773812532424927,0.5773812532424927,59200.0
1981-10-26,0.5773812532424927,0.5773812532424927,0.5723165054070322,0.5773812532424927,23200.0
1981-10-27,0.5773813956606705,0.5824461447454132,0.5723166465759277,0.5723166465759277,53600.0
1981-10-28,0.5723165054070322,0.5773812532424927,0.5723165054070322,0.5773812532424927,14400.0
1981-10-29,0.5723166465759277,0.5723166465759277,0.5723166465759277,0.5723166465759277,5600.0
1981-10-30,0.5773812905601834,0.5875107868858006,0.5773812905601834,0.5824460387229919,315200.0
1981-11-02,0.5925755500793457,0.6027050466618986,0.5925755500793457,0.5925755500793457,248000.0
1981-11-03,0.6027050757211102,0.6178993213275248,0.6027050757211102,0.6128345727920532,91200.0
1981-11-04,0.6178992986679077,0.6280287953673817,0.6178992986679077,0.6178992986679077,253600.0
1981-11-05,0.6229639649391174,0.6330934603039812,0.6229639649391174,0.6229639649391174,105600.0
1981-11-06,0.6229640470176446,0.6280287953673817,0.6178992986679077,0.6178992986679077,338400.0
1981-11-09,0.6229639649391174,0.6280287126215494,0.6229639649391174,0.6229639649391174,31200.0
1981-11-10,0.6381586194038391,0.6634823741420867,0.6381586194038391,0.6381586194038391,1124000.0
1981-11-11,0.6381581039428711,0.6381581039428711,0.6330933570861816,0.6330933570861816,28800.0
1981-11-12,0.638158121446925,0.648287615438146,0.638158121446925,0.6432228684425354,856000.0
1981-11-13,0.6432228684425354,0.6584171094293669,0.6432228684425354,0.6432228684425354,468800.0
1981-11-16,0.6432233703514887,0.6432233703514887,0.6381586194038391,0.6381586194038391,29600.0
1981-11-17,0.6381581039428711,0.6381581039428711,0.6280286102294922,0.6330933570861816,217600.0
1981-11-18,0.6330938684561896,0.6381586194038391,0.6330938684561896,0.6381586194038391,71200.0
1981-11-19,0.6381581039428711,0.6381581039428711,0.6330933570861816,0.6330933570861816,34400.0
1981-11-20,0.6330933181508894,0.6381580646960966,0.6280285716056824,0.6280285716056824,26400.0
1981-11-23,0.6280285716056824,0.6330933181508894,0.6229638250604752,0.6280285716056824,104800.0
1981-11-24,0.6280285716056824,0.6280285716056824,0.6229638250604752,0.6280285716056824,56000.0
1981-11-25,0.6280287126215494,0.6330934603039812,0.6229639649391174,0.6229639649391174,45600.0
1981-11-27,0.6280285716056824,0.6330933181508894,0.6280285716056824,0.6280285716056824,23200.0
1981-11-30,0.6280287953673817,0.6280287953673817,0.6178992986679077,0.6178992986679077,124800.0
1981-12-01,0.6178990785152682,0.6280285716056824,0.6178990785152682,0.6280285716056824,52800.0
1981-12-02,0.6229640470176446,0.6229640470176446,0.6178992986679077,0.6178992986679077,72800.0
1981-12-03,0.6229638633728027,0.6381581039428711,0.6229638633728027,0.6330933570861816,211200.0
1981-12-04,0.6330933181508894,0.6330933181508894,0.6280285716056824,0.6280285716056824,36000.0
1981-12-07,0.6280286102294922,0.6381581039428711,0.6280286102294922,0.6330933570861816,64800.0
1981-12-08,0.6330934603039812,0.6330934603039812,0.6229639649391174,0.6229639649391174,512800.0
1981-12-09,0.6229639649391174,0.6229639649391174,0.6178992172566856,0.6229639649391174,25600.0
1981-12-10,0.6330935866571963,0.648287832736969,0.6330935866571963,0.648287832736969,874400.0
1981-12-11,0.64828759765625,0.6533523445129394,0.6330933570861816,0.6330933570861816,876000.0
1981-12-14,0.6280287126215494,0.6280287126215494,0.6178992172566856,0.6229639649391174,31200.0
1981-12-15,0.6229639649391174,0.6280287126215494,0.6178992172566856,0.6229639649391174,20800.0
1981-12-16,0.6229640470176446,0.6229640470176446,0.6178992986679077,0.6178992986679077,168000.0
1981-12-17,0.6178992986679077,0.6178992986679077,0.6178992986679077,0.6178992986679077,8800.0
1981-12-18,0.6178993213275248,0.6229640698629962,0.6128345727920532,0.6128345727920532,40000.0
1981-12-21,0.6128345727920532,0.6229640698629962,0.6128345727920532,0.6128345727920532,33600.0
1981-12-22,0.6128345503181708,0.6229640470176446,0.6128345503181708,0.6178992986679077,293600.0
1981-12-23,0.6128347759445509,0.6128347759445509,0.6027052755157153,0.6077700257301331,352000.0
1981-12-24,0.6077700257301331,0.6077700257301331,0.5925757750868798,0.6077700257301331,195200.0
1981-12-28,0.6077700257301331,0.6128347759445509,0.6027052755157153,0.6077700257301331,137600.0
1981-12-29,0.6077698699566496,0.6077698699566496,0.6027051210403442,0.6027051210403442,42400.0
1981-12-30,0.6027051210403442,0.6077698699566496,0.6027051210403442,0.6027051210403442,12800.0
1981-12-31,0.6027051210403442,0.6077698699566496,0.6027051210403442,0.6027051210403442,48800.0
1982-01-04,0.6027050536186969,0.6178992986679077,0.6027050536186969,0.6178992986679077,296800.0
1982-01-05,0.6178993677892605,0.6178993677892605,0.6027051210403442,0.6027051210403442,44800.0
1982-01-06,0.6027050841662843,0.6077698327727237,0.597640335559845,0.597640335559845,195200.0
1982-01-07,0.597640335559845,0.597640335559845,0.5925755869534056,0.597640335559845,192800.0
1982-01-08,0.597640335559845,0.6077698327727237,0.597640335559845,0.597640335559845,48000.0
1982-01-11,0.597640335559845,0.597640335559845,0.5925755869534056,0.597640335559845,38400.0
1982-01-12,0.5925755500793457,0.5925755500793457,0.5875108017880692,0.5925755500793457,57600.0
1982-01-13,0.5875107868858006,0.5875107868858006,0.5773812905601834,0.5824460387229919,93600.0
1982-01-14,0.5824460010779531,0.5824460010779531,0.5773812532424927,0.5773812532424927,32000.0
1982-01-15,0.5773812532424927,0.5875107489134136,0.5773812532424927,0.5773812532424927,55200.0
1982-01-18,0.5773809171956161,0.5875104069709778,0.5723161723079353,0.5875104069709778,33600.0
1982-01-19,0.5875108017880692,0.5925755500793457,0.5824460534967928,0.5925755500793457,202400.0
1982-01-20,0.5925751518586586,0.5925751518586586,0.5875104069709778,0.5875104069709778,24000.0
1982-01-21,0.5875104069709778,0.5925751518586586,0.5875104069709778,0.5875104069709778,13600.0
1982-01-22,0.5925755500793457,0.5976402983706222,0.5925755500793457,0.5925755500793457,27200.0
1982-01-25,0.5925751518586586,0.5925751518586586,0.5875104069709778,0.5875104069709778,54400.0
1982-01-26,0.5875108017880692,0.5925755500793457,0.5875108017880692,0.5925755500793457,84800.0
1982-01-27,0.5925755500793457,0.5976402983706222,0.5925755500793457,0.5925755500793457,111200.0
1982-01-28,0.5925755869534056,0.597640335559845,0.5925755869534056,0.597640335559845,31200.0
1982-01-29,0.6027052755157153,0.6178995261589687,0.6027052755157153,0.6077700257301331,327200.0
1982-02-01,0.6077698242565818,0.6280288183984678,0.6027050757211102,0.6128345727920532,240000.0
1982-02-02,0.612834618872955,0.612834618872955,0.6027051210403442,0.6027051210403442,363200.0
1982-02-03,0.6027051210403442,0.6077698699566496,0.5925756232077334,0.6027051210403442,74400.0
1982-02-04,0.6027052755157153,0.6178995261589687,0.6027052755157153,0.6077700257301331,53600.0
1982-02-05,0.6077700257301331,0.6128347759445509,0.6077700257301331,0.6077700257301331,40000.0
1982-02-08,0.6077700257301331,0.6128347759445509,0.6027052755157153,0.6077700257301331,104800.0
1982-02-09,0.6077698242565818,0.6128345727920532,0.6077698242565818,0.6128345727920532,260800.0
1982-02-10,0.6128347759445509,0.6128347759445509,0.6077700257301331,0.6077700257301331,69600.0
1982-02-11,0.6077698019684339,0.6178992986679077,0.6077698019684339,0.6178992986679077,75200.0
1982-02-12,0.6178995261589687,0.6178995261589687,0.6077700257301331,0.6077700257301331,130400.0
1982-02-16,0.6027050466618986,0.6027050466618986,0.5925755500793457,0.5925755500793457,284800.0
1982-02-17,0.5925755500793457,0.5976402983706222,0.5925755500793457,0.5925755500793457,132800.0
1982-02-18,0.5925755350486093,0.5925755350486093,0.5824460387229919,0.5824460387229919,156000.0
1982-02-19,0.5824461447454132,0.587510893830156,0.5723166465759277,0.5723166465759277,55200.0
1982-02-22,0.5723165423973747,0.5824460387229919,0.5723165423973747,0.5824460387229919,36000.0
1982-02-23,0.5824461685759681,0.5824461685759681,0.5672519207000732,0.5672519207000732,55200.0
1982-02-24,0.5672518974911851,0.5723166465759277,0.5621871484064423,0.5723166465759277,110400.0
1982-02-25,0.5723165423973747,0.5824460387229919,0.5672517942345661,0.5824460387229919,40800.0
1982-02-26,0.5824460534967928,0.5976402983706222,0.5824460534967928,0.5925755500793457,40000.0
1982-03-01,0.5875107489134136,0.5875107489134136,0.5773812532424927,0.5773812532424927,72000.0
1982-03-02,0.5773812905601834,0.5824460387229919,0.5723165423973747,0.5824460387229919,51200.0
1982-03-03,0.5723165117942535,0.5723165117942535,0.5621870160102844,0.5621870160102844,32800.0
1982-03-04,0.5621866550710466,0.5672513997113263,0.5469924211502075,0.5469924211502075,206400.0
1982-03-05,0.552057683467865,0.5571224328574784,0.552057683467865,0.552057683467865,33600.0
1982-03-08,0.5571222901344299,0.5672517863186923,0.5571222901344299,0.5571222901344299,261600.0
1982-03-09,0.5571222901344299,0.5621870382265611,0.5571222901344299,0.5571222901344299,59200.0
1982-03-10,0.5571222901344299,0.5621870382265611,0.5520575420422987,0.5571222901344299,93600.0
1982-03-11,0.5571222901344299,0.5621870382265611,0.5520575420422987,0.5571222901344299,246400.0
1982-03-12,0.557121910430767,0.557121910430767,0.5469924211502075,0.5469924211502075,41600.0
1982-03-15,0.5469929340782516,0.5571224328574784,0.5419281846886381,0.552057683467865,57600.0
1982-03-16,0.552057683467865,0.5571224328574784,0.552057683467865,0.552057683467865,40800.0
1982-03-17,0.552057683467865,0.552057683467865,0.552057683467865,0.552057683467865,0.0
1982-03-18,0.552057683467865,0.5571224328574784,0.5469929340782516,0.552057683467865,46400.0
1982-03-19,0.5520575420422987,0.5571222901344299,0.5469927939501675,0.5571222901344299,45600.0
1982-03-22,0.5571222901344299,0.5621870382265611,0.5469927939501675,0.5571222901344299,1602400.0
1982-03-23,0.5571222681182998,0.567251763902269,0.5520575202263153,0.5621870160102844,730400.0
1982-03-24,0.5621871484064423,0.5723166465759277,0.5621871484064423,0.5723166465759277,139200.0
1982-03-25,0.5723166699920381,0.5723166699920381,0.5621871714081083,0.5672519207000732,78400.0
1982-03-26,0.5672519207000732,0.5672519207000732,0.5621871714081083,0.5672519207000732,76000.0
1982-03-29,0.5672519207000732,0.5672519207000732,0.5621871714081083,0.5672519207000732,359200.0
1982-03-30,0.567251763902269,0.5723165117942535,0.5621870160102844,0.5621870160102844,108000.0
1982-03-31,0.5621870382265611,0.5672517863186923,0.5520575420422987,0.5571222901344299,48800.0
1982-04-01,0.5621871714081083,0.5672519207000732,0.5621871714081083,0.5672519207000732,271200.0
1982-04-02,0.567251763902269,0.5723165117942535,0.5621870160102844,0.5621870160102844,25600.0
1982-04-05,0.5621870160102844,0.567251763902269,0.5621870160102844,0.5621870160102844,14400.0
1982-04-06,0.5621871822470919,0.5621871822470919,0.5469929340782516,0.552057683467865,195200.0
1982-04-07,0.552057683467865,0.5621871822470919,0.552057683467865,0.552057683467865,727200.0
1982-04-08,0.5571222681182998,0.5621870160102844,0.5571222681182998,0.5621870160102844,40800.0
1982-04-12,0.5621871822470919,0.5621871822470919,0.552057683467865,0.552057683467865,50400.0
1982-04-13,0.5571222681182998,0.5621870160102844,0.5571222681182998,0.5621870160102844,285600.0
1982-04-14,0.5571224328574784,0.5571224328574784,0.552057683467865,0.552057683467865,63200.0
1982-04-15,0.5520575420422987,0.5571222901344299,0.5520575420422987,0.5571222901344299,11200.0
1982-04-16,0.5571224328574784,0.5571224328574784,0.552057683467865,0.552057683467865,176800.0
1982-04-19,0.5520575420422987,0.5571222901344299,0.5520575420422987,0.5571222901344299,41600.0
1982-04-20,0.5571224199277218,0.5571224199277218,0.5419281721115112,0.5419281721115112,118400.0
1982-04-21,0.5419276765099278,0.5469924211502075,0.5419276765099278,0.5469924211502075,167200.0
1982-04-22,0.5469924211502075,0.5469924211502075,0.5419276765099278,0.5469924211502075,64000.0
1982-04-23,0.5469929340782516,0.552057683467865,0.5469929340782516,0.552057683467865,204000.0
1982-04-26,0.552057683467865,0.5571224328574784,0.552057683467865,0.552057683467865,89600.0
1982-04-27,0.5520575202263153,0.5621870160102844,0.5520575202263153,0.5621870160102844,111200.0
1982-04-28,0.5621870382265611,0.5621870382265611,0.5571222901344299,0.5571222901344299,53600.0
1982-04-29,0.5571222681182998,0.567251763902269,0.5571222681182998,0.5621870160102844,62400.0
1982-04-30,0.5621871484064423,0.5773813956606705,0.5621871484064423,0.5723166465759277,135200.0
1982-05-03,0.5723166465759277,0.5723166465759277,0.5672518974911851,0.5723166465759277,72800.0
1982-05-04,0.5672519207000732,0.5672519207000732,0.5672519207000732,0.5672519207000732,58400.0
1982-05-05,0.5672519207000732,0.5723166699920381,0.5621871714081083,0.5672519207000732,52800.0
1982-05-06,0.567251763902269,0.567251763902269,0.5571222681182998,0.5621870160102844,133600.0
1982-05-07,0.5621870160102844,0.5723165117942535,0.5621870160102844,0.5621870160102844,63200.0
1982-05-10,0.5621870160102844,0.567251763902269,0.5621870160102844,0.5621870160102844,38400.0
1982-05-11,0.5621871714081083,0.5672519207000732,0.5621871714081083,0.5672519207000732,44800.0
1982-05-12,0.567251763902269,0.5723165117942535,0.5621870160102844,0.5621870160102844,180800.0
1982-05-13,0.5621870382265611,0.5672517863186923,0.5571222901344299,0.5571222901344299,174400.0
1982-05-14,0.5571224328574784,0.5621871822470919,0.552057683467865,0.552057683467865,28800.0
1982-05-17,0.5520576706556516,0.5571224199277218,0.5419281721115112,0.5419281721115112,128000.0
1982-05-18,0.5419276765099278,0.5520571657904872,0.5368629318696482,0.5469924211502075,64800.0
1982-05-19,0.5469929340782516,0.552057683467865,0.5469929340782516,0.552057683467865,127200.0
1982-05-20,0.5520575202263153,0.5621870160102844,0.5469927723343307,0.5621870160102844,167200.0
1982-05-21,0.5621870382265611,0.5672517863186923,0.5520575420422987,0.5571222901344299,32000.0
1982-05-24,0.5571222901344299,0.5621870382265611,0.5571222901344299,0.5571222901344299,44000.0
1982-05-25,0.5571222901344299,0.5621870382265611,0.5571222901344299,0.5571222901344299,63200.0
1982-05-26,0.5571224328574784,0.5621871822470919,0.5469929340782516,0.552057683467865,128000.0
1982-05-27,0.5520571657904872,0.5520571657904872,0.5419276765099278,0.5469924211502075,118400.0
1982-05-28,0.5419278948936823,0.5419278948936823,0.5317984015311835,0.5368631482124329,55200.0
1982-06-01,0.536863422839441,0.5419281721115112,0.5267339242953006,0.5419281721115112,69600.0
1982-06-02,0.5419278948936823,0.5419278948936823,0.5317984015311835,0.5368631482124329,54400.0
1982-06-03,0.5368634943778698,0.5368634943778698,0.5267339944839478,0.5267339944839478,385600.0
1982-06-04,0.5267339944839478,0.5317987444309088,0.5267339944839478,0.5267339944839478,516800.0
1982-06-07,0.5267336576887705,0.5317984043973163,0.5216689109802246,0.5216689109802246,181600.0
1982-06-08,0.5216689109802246,0.5267336576887705,0.5216689109802246,0.5216689109802246,31200.0
1982-06-09,0.5216689922061621,0.5267337397033093,0.5115394972118678,0.5166042447090149,196800.0
1982-06-10,0.5166041642716788,0.5216689109802246,0.5115394175631328,0.5216689109802246,29600.0
1982-06-11,0.5216689081686848,0.5368631482124329,0.5216689081686848,0.5368631482124329,239200.0
1982-06-14,0.5368634943778698,0.5368634943778698,0.5267339944839478,0.5267339944839478,87200.0
1982-06-15,0.5267339116051083,0.5317986607551575,0.5216691624550592,0.5317986607551575,158400.0
1982-06-16,0.5267336576887705,0.5267336576887705,0.5216689109802246,0.5216689109802246,56800.0
1982-06-17,0.5216689109802246,0.5267336576887705,0.5216689109802246,0.5216689109802246,24800.0
1982-06-18,0.5216689922061621,0.5216689922061621,0.5014100022175733,0.5166042447090149,62400.0
1982-06-21,0.5166042447090149,0.5216689922061621,0.5115394972118678,0.5166042447090149,212000.0
1982-06-22,0.5166041642716788,0.5216689109802246,0.5115394175631328,0.5216689109802246,617600.0
1982-06-23,0.5216692445369867,0.5267339944839478,0.5216692445369867,0.5267339944839478,12800.0
1982-06-24,0.5267336576887705,0.5267336576887705,0.5216689109802246,0.5216689109802246,192000.0
1982-06-25,0.5216689922061621,0.5216689922061621,0.5115394972118678,0.5166042447090149,74400.0
1982-06-28,0.5166042665443799,0.5216690142555993,0.5115395188331604,0.5115395188331604,16000.0
1982-06-29,0.5115394972118678,0.5166042447090149,0.5115394972118678,0.5166042447090149,24000.0
1982-06-30,0.5166042447090149,0.5216689922061621,0.5115394972118678,0.5166042447090149,53600.0
1982-07-01,0.5166042447090149,0.5216689922061621,0.5115394972118678,0.5166042447090149,605600.0
1982-07-02,0.5166042665443799,0.5166042665443799,0.5115395188331604,0.5115395188331604,185600.0
1982-07-06,0.5115395188331604,0.5166042665443799,0.5115395188331604,0.5115395188331604,684800.0
1982-07-07,0.5115394972118678,0.5216689922061621,0.5115394972118678,0.5166042447090149,20800.0
1982-07-08,0.516604106426239,0.516604106426239,0.5064746141433716,0.5064746141433716,128800.0
1982-07-09,0.5064746141433716,0.5115393602848053,0.5064746141433716,0.5064746141433716,118400.0
1982-07-12,0.5064746141433716,0.5115393602848053,0.5014098680019379,0.5064746141433716,134400.0
1982-07-13,0.5064746141433716,0.5115393602848053,0.5064746141433716,0.5064746141433716,108000.0
1982-07-14,0.5064746141433716,0.5064746141433716,0.5064746141433716,0.5064746141433716,57600.0
1982-07-15,0.5064746141433716,0.5115393602848053,0.5014098680019379,0.5064746141433716,131200.0
1982-07-16,0.5064746141433716,0.5064746141433716,0.5064746141433716,0.5064746141433716,16800.0
1982-07-19,0.5064746141433716,0.5064746141433716,0.5064746141433716,0.5064746141433716,24800.0
1982-07-20,0.5064746141433716,0.5115393602848053,0.5014098680019379,0.5064746141433716,119200.0
1982-07-21,0.5064746141433716,0.5064746141433716,0.5064746141433716,0.5064746141433716,54400.0
1982-07-22,0.5014102401173846,0.5014102401173846,0.4963454902172089,0.49634549021720886,44800.0
1982-07-23,0.4963454902172089,0.5014102401173846,0.4963454902172089,0.49634549021720886,77600.0
1982-07-26,0.4963453779316912,0.5064748754405013,0.4963453779316912,0.5014101266860962,50400.0
1982-07-27,0.5014101266860962,0.5014101266860962,0.4963453779316912,0.5014101266860962,6400.0
1982-07-28,0.5014102401173846,0.5014102401173846,0.4912807403170333,0.49634549021720886,78400.0
1982-07-29,0.49128051785131294,0.49128051785131294,0.4862157702445984,0.4862157702445984,104000.0
1982-07-30,0.4862157702445984,0.49128051785131294,0.4862157702445984,0.4862157702445984,10400.0
1982-08-02,0.49128040671348566,0.49634515317444944,0.49128040671348566,0.4912804067134857,13600.0
1982-08-03,0.4963451218605041,0.5064746141433716,0.4963451218605041,0.5064746141433716,44000.0
1982-08-04,0.506474646096377,0.506474646096377,0.49128040671348566,0.4912804067134857,70400.0
1982-08-05,0.49128040671348566,0.49128040671348566,0.48621566025252194,0.4912804067134857,38400.0
1982-08-06,0.49128051785131294,0.49128051785131294,0.4862157702445984,0.4862157702445984,44000.0
1982-08-09,0.4811511635780334,0.4811511635780334,0.4811511635780334,0.48115116357803345,88800.0
1982-08-10,0.4811510226378838,0.4862157702445984,0.4811510226378838,0.4862157702445984,116800.0
1982-08-11,0.48621591266832853,0.48621591266832853,0.4811511635780334,0.48115116357803345,62400.0
1982-08-12,0.4811511635780334,0.4811511635780334,0.4760864144877383,0.48115116357803345,256800.0
1982-08-13,0.4811510226378838,0.4862157702445984,0.4811510226378838,0.4862157702445984,14400.0
1982-08-16,0.4862157702445984,0.49128051785131294,0.4811510226378838,0.4862157702445984,13600.0
1982-08-17,0.48621566025252194,0.49128040671348566,0.48115091379155817,0.4912804067134857,107200.0
1982-08-18,0.5064746141433716,0.5216688525676727,0.5064746141433716,0.5064746141433716,380800.0
1982-08-19,0.5064746141433716,0.5064746141433716,0.5064746141433716,0.5064746141433716,32000.0
1982-08-20,0.5064746141433716,0.5064746141433716,0.5014098680019379,0.5064746141433716,144000.0
1982-08-23,0.5166044945900257,0.5267339944839478,0.5166044945900257,0.5267339944839478,156000.0
1982-08-24,0.5216689109802246,0.5216689109802246,0.5115394175631328,0.5216689109802246,260000.0
1982-08-25,0.5216689922061621,0.5267337397033093,0.5166042447090149,0.5166042447090149,238400.0
1982-08-26,0.5166044377405709,0.5571224328574784,0.5166044377405709,0.552057683467865,733600.0
1982-08-27,0.5520571657904872,0.557121910430767,0.5419276765099278,0.5469924211502075,60800.0
1982-08-30,0.5469926415749317,0.5469926415749317,0.5368631482124329,0.5368631482124329,151200.0
1982-08-31,0.5368631482124329,0.5368631482124329,0.5317984015311835,0.5368631482124329,100000.0
1982-09-01,0.5368631482124329,0.5419278948936823,0.5317984015311835,0.5368631482124329,82400.0
1982-09-02,0.5368634099052065,0.5368634099052065,0.5317986607551575,0.5317986607551575,87200.0
1982-09-03,0.5317987444309088,0.5317987444309088,0.5267339944839478,0.5267339944839478,192800.0
1982-09-07,0.5267337619668186,0.5317985096780381,0.5064747711219411,0.5115395188331604,170400.0
1982-09-08,0.5115395188331604,0.5166042665443799,0.5064747711219411,0.5115395188331604,97600.0
1982-09-09,0.5115394972118678,0.5216689922061621,0.5115394972118678,0.5166042447090149,57600.0
1982-09-10,0.5166044945900257,0.5267339944839478,0.5166044945900257,0.5267339944839478,72000.0
1982-09-13,0.5267339944839478,0.5317987444309088,0.5166044945900257,0.5267339944839478,238400.0
1982-09-14,0.5317986607551575,0.5368634099052065,0.5317986607551575,0.5317986607551575,137600.0
1982-09-15,0.5317981872293684,0.5469924211502075,0.5317981872293684,0.5469924211502075,257600.0
1982-09-16,0.5469929235322135,0.5672519207000732,0.5469929235322135,0.5672519207000732,195200.0
1982-09-17,0.567251763902269,0.577381259686238,0.5621870160102844,0.5621870160102844,248000.0
1982-09-20,0.5621871714081083,0.5672519207000732,0.5621871714081083,0.5672519207000732,104800.0
1982-09-21,0.5672518974911851,0.5723166465759277,0.5672518974911851,0.5723166465759277,120000.0
1982-09-22,0.5773812532424927,0.5875107489134136,0.5773812532424927,0.5773812532424927,144000.0
1982-09-23,0.5773809171956161,0.5875104069709778,0.5773809171956161,0.5875104069709778,604800.0
1982-09-24,0.5875104069709778,0.5976398967463395,0.5875104069709778,0.5875104069709778,343200.0
1982-09-27,0.5875104069709778,0.5875104069709778,0.582445662083297,0.5875104069709778,143200.0
1982-09-28,0.5875108017880692,0.5925755500793457,0.5875108017880692,0.5925755500793457,352000.0
1982-09-29,0.5976403721240388,0.6027051210403442,0.5976403721240388,0.6027051210403442,208800.0
1982-09-30,0.6027050841662843,0.6027050841662843,0.5875108383469663,0.597640335559845,123200.0
1982-10-01,0.5976405253012975,0.6128347759445509,0.5925757750868798,0.6077700257301331,244800.0
1982-10-04,0.6077700257301331,0.6178995261589687,0.6027052755157153,0.6077700257301331,315200.0
1982-10-05,0.6077698242565818,0.6178993213275248,0.6077698242565818,0.6128345727920532,616800.0
1982-10-06,0.6128343696594238,0.6381581039428711,0.6128343696594238,0.6330933570861816,254400.0
1982-10-07,0.6432234221742353,0.6685471789527485,0.6432234221742353,0.6634824275970459,3517600.0
1982-10-08,0.6634820473916603,0.6837410412051461,0.6634820473916603,0.6685467958450317,2360000.0
1982-10-11,0.6736114501095505,0.7090646843258426,0.6736114501095505,0.703999936580658,2952000.0
1982-10-12,0.7040000414326243,0.7090647899321395,0.6837410474345631,0.6938705444335938,1122400.0
1982-10-13,0.6938704410902888,0.703999936580658,0.6837409455999196,0.703999936580658,1841600.0
1982-10-14,0.7040003188278364,0.7141298198181649,0.6989355683326721,0.6989355683326721,1608800.0
1982-10-15,0.698935292933109,0.7090647899321395,0.6938705444335936,0.6938705444335938,354400.0
1982-10-18,0.6938707696540015,0.714129770227841,0.6888060195105417,0.7090650200843811,872800.0
1982-10-19,0.7191943431722707,0.7495828365457469,0.7191943431722707,0.7343885898590088,1609600.0
1982-10-20,0.7445178203934791,0.7647768087035057,0.7445178203934791,0.7546473145484924,555200.0
1982-10-21,0.7597122122259701,0.8052949449595284,0.7597122122259701,0.7749064564704895,567200.0
1982-10-22,0.7749062912373603,0.8052947732466686,0.7749062912373603,0.8002300262451172,1200800.0
1982-10-25,0.785036279182685,0.785036279182685,0.7597125282413081,0.7698420286178589,535200.0
1982-10-26,0.769841708388983,0.7749064564704895,0.7597122122259701,0.7749064564704895,484800.0
1982-10-27,0.7799710755078297,0.8052948117256165,0.7799710755078297,0.8052948117256165,302400.0
1982-10-28,0.8052947732466686,0.8154242672497714,0.8002300262451173,0.8002300262451172,1936000.0
1982-10-29,0.8002300690381955,0.8002300690381955,0.7850358272210145,0.7901005744934082,810400.0
1982-11-01,0.7901005699949445,0.8052948117256165,0.7901005699949445,0.8052948117256165,820000.0
1982-11-02,0.8052953235805035,0.8154248245060445,0.800230573117733,0.8103600740432739,1608800.0
1982-11-03,0.8103592995485644,0.8356830276594571,0.8002298083042074,0.8255535364151001,1275200.0
1982-11-04,0.8255539760913377,0.8255539760913377,0.8103597311326015,0.820489227771759,1932800.0
1982-11-05,0.820489227771759,0.8306187244109166,0.8103597311326015,0.820489227771759,956000.0
1982-11-08,0.8204895749688149,0.8204895749688149,0.8052953235805035,0.8103600740432739,585600.0
1982-11-09,0.8002304074111258,0.8002304074111258,0.790100908583137,0.7951656579971313,708000.0
1982-11-10,0.7951656579971313,0.8002304074111258,0.790100908583137,0.7951656579971313,457600.0
1982-11-11,0.7901005744934082,0.7901005744934082,0.7799710799486209,0.7901005744934082,922400.0
1982-11-12,0.7901005960279897,0.7951653434384255,0.7850358486175538,0.7850358486175537,2600800.0
1982-11-15,0.7799715289944097,0.7799715289944097,0.7647772784295834,0.7698420286178589,190400.0
1982-11-16,0.7698415557810124,0.7698415557810124,0.7495825674709857,0.7546473145484924,764800.0
1982-11-17,0.7546477780530327,0.7698420286178589,0.7495830278647573,0.7698420286178589,2772800.0
1982-11-18,0.7698420286178589,0.7698420286178589,0.7597125282413081,0.7698420286178589,1892000.0
1982-11-19,0.76984200606475,0.76984200606475,0.7495830059051514,0.7495830059051514,196800.0
1982-11-22,0.7495822089992157,0.7546469536546158,0.7394527196884155,0.7394527196884155,296800.0
1982-11-23,0.7394535890241869,0.754647840853451,0.7394535890241869,0.7445183396339417,1584000.0
1982-11-24,0.7445183396339417,0.7495830902436963,0.7394535890241869,0.7445183396339417,196800.0
1982-11-26,0.7495827595919173,0.7647770047187805,0.7495827595919173,0.7647770047187805,231200.0
1982-11-29,0.7495830059051514,0.7495830059051514,0.739453505825352,0.7495830059051514,144800.0
1982-11-30,0.7495830059051514,0.7495830059051514,0.7343887557854523,0.7495830059051514,571200.0
1982-12-01,0.7495825465520223,0.7597120404243469,0.7495825465520223,0.7597120404243469,600000.0
1982-12-02,0.7597120404243469,0.7597120404243469,0.7546472934881846,0.7597120404243469,85600.0
1982-12-03,0.7597122122259701,0.7749064564704895,0.7597122122259701,0.7749064564704895,245600.0
1982-12-06,0.7749066603411535,0.7951656579971313,0.769841910927159,0.7951656579971313,687200.0
1982-12-07,0.7951658226549626,0.8103600740432739,0.7951658226549626,0.8103600740432739,496800.0
1982-12-08,0.8052951568251203,0.8052951568251203,0.7951656579971313,0.7951656579971313,59200.0
1982-12-09,0.7951652792435658,0.8002300262451173,0.7901005322420145,0.8002300262451172,143200.0
1982-12-10,0.7951654487965154,0.7951654487965154,0.7749064564704895,0.7749064564704895,87200.0
1982-12-13,0.7749063537966822,0.7901005960279897,0.7749063537966822,0.7850358486175537,96800.0
1982-12-14,0.7850359982212648,0.7901007465968858,0.7597122563431594,0.7647770047187805,271200.0
1982-12-15,0.7647768397566299,0.7647768397566299,0.7191941142082214,0.7191941142082214,343200.0
1982-12-16,0.7242584857222152,0.7394527196884155,0.7242584857222152,0.7394527196884155,814400.0
1982-12-17,0.7394530733159724,0.7546473145484924,0.7394530733159724,0.7546473145484924,177600.0
1982-12-20,0.7546473145484924,0.7647768087035057,0.7546473145484924,0.7546473145484924,306400.0
1982-12-21,0.7597122563431594,0.7698417530944015,0.7597122563431594,0.7647770047187805,1607200.0
1982-12-22,0.7647768381314399,0.7951653217658018,0.7647768381314399,0.7901005744934082,897600.0
1982-12-23,0.7901005322420145,0.8052947732466686,0.7901005322420145,0.8002300262451172,844000.0
1982-12-27,0.8002304074111258,0.8052951568251203,0.7850361591691425,0.7951656579971313,160000.0
1982-12-28,0.7951653217658018,0.8002300690381955,0.7799710799486209,0.7901005744934082,137600.0
1982-12-29,0.7901005744934082,0.7901005744934082,0.7850358272210145,0.7901005744934082,164000.0
1982-12-30,0.7901005960279897,0.7901005960279897,0.7698416063862463,0.7850358486175537,444000.0
1982-12-31,0.7799710281689962,0.7799710281689962,0.7597120404243469,0.7597120404243469,758400.0
1983-01-03,0.7698420286178589,0.785036279182685,0.7698420286178589,0.7698420286178589,88800.0
1983-01-04,0.769842039455067,0.7799715399742126,0.769842039455067,0.7799715399742126,314400.0
1983-01-05,0.7799710799486209,0.7951653217658018,0.7799710799486209,0.7901005744934082,345600.0
1983-01-06,0.7850359526335025,0.7850359526335025,0.769841708388983,0.7749064564704895,673600.0
1983-01-07,0.7749064564704895,0.779971204551996,0.7749064564704895,0.7749064564704895,518400.0
1983-01-10,0.7749067897146398,0.7799715399742126,0.769842039455067,0.7799715399742126,158400.0
1983-01-11,0.7799715399742126,0.7850362902337854,0.7749067897146398,0.7799715399742126,388800.0
1983-01-12,0.7799715399742126,0.7901010404933583,0.7799715399742126,0.7799715399742126,202400.0
1983-01-13,0.7799715399742126,0.7850362902337854,0.7749067897146398,0.7799715399742126,134400.0
1983-01-14,0.7799710799486209,0.7901005744934082,0.7749063326762272,0.7901005744934082,293600.0
1983-01-17,0.7901005960279897,0.7901005960279897,0.779971101207118,0.7850358486175537,64000.0
1983-01-18,0.7850358272210145,0.7901005744934082,0.7799710799486209,0.7901005744934082,160800.0
1983-01-19,0.7901005960279897,0.7951653434384255,0.779971101207118,0.7850358486175537,200000.0
1983-01-20,0.7850362902337854,0.7850362902337854,0.769842039455067,0.7799715399742126,108800.0
1983-01-21,0.7749067788061342,0.7749067788061342,0.7647772784295834,0.7698420286178589,776000.0
1983-01-24,0.7647767873605092,0.7647767873605092,0.7495825465520223,0.7597120404243469,146400.0
1983-01-25,0.7597125282413081,0.7749067788061342,0.7597125282413081,0.7698420286178589,976000.0
1983-01-26,0.7698420286178589,0.7749067788061342,0.7647772784295834,0.7698420286178589,50400.0
1983-01-27,0.769842039455067,0.7850362902337854,0.769842039455067,0.7799715399742126,223200.0
1983-01-28,0.7799715399742126,0.7799715399742126,0.7749067897146398,0.7799715399742126,115200.0
1983-01-31,0.7850358272210145,0.7901005744934082,0.7850358272210145,0.7901005744934082,104000.0
1983-02-01,0.790100908583137,0.8052951568251203,0.7850361591691425,0.7951656579971313,653600.0
1983-02-02,0.7951653172385018,0.8103595589691738,0.7901005699949445,0.8052948117256165,791200.0
1983-02-03,0.8103595164992055,0.8255537574335655,0.8103595164992055,0.8154242634773254,788800.0
1983-02-04,0.8154243062127311,0.8255538006998459,0.8002300644820591,0.8052948117256165,422400.0
1983-02-07,0.8052947695210854,0.8154242634773254,0.8052947695210854,0.8154242634773254,228000.0
1983-02-08,0.8103600740432739,0.8103600740432739,0.8052953235805035,0.8103600740432739,212800.0
1983-02-09,0.8103595589691738,0.8103595589691738,0.8052948117256165,0.8052948117256165,124800.0
1983-02-10,0.8052947732466686,0.81035952024822,0.8002300262451173,0.8002300262451172,451200.0
1983-02-11,0.800230573117733,0.8154248245060445,0.800230573117733,0.8103600740432739,1167200.0
1983-02-14,0.8103596291890959,0.8356833676012552,0.8103596291890959,0.8306186199188232,561600.0
1983-02-15,0.8508780082066854,0.9167197588417265,0.8508780082066854,0.9116550087928772,944000.0
1983-02-16,0.9116546135374953,0.9268488570964536,0.9015251178315231,0.9065898656845093,437600.0
1983-02-17,0.9116547615801701,0.9319137562819517,0.9116547615801701,0.9268490076065063,268800.0
1983-02-18,0.9268484125214238,0.9471073942158812,0.9268484125214238,0.9420426487922668,1146400.0
1983-02-22,0.9369787590371238,0.9369787590371238,0.9116550087928772,0.9116550087928772,1352800.0
1983-02-23,0.9116546135374953,0.9217841092434674,0.9015251178315231,0.9065898656845093,592800.0
1983-02-24,0.9065896690228564,0.9116544157771741,0.8863306820055858,0.8964601755142212,1159200.0
1983-02-25,0.8964601365680044,0.8964601365680044,0.8812658969651569,0.8913953900337219,355200.0
1983-02-28,0.8812662363052368,0.8812662363052368,0.8660719908516983,0.8812662363052368,119200.0
1983-03-01,0.8812660791970401,0.8863308267786323,0.8660718364522636,0.876201331615448,438400.0
1983-03-02,0.8762014878207239,0.8863309847897497,0.8762014878207239,0.8812662363052368,348800.0
1983-03-03,0.8812662363052368,0.8863309847897497,0.8762014878207239,0.8812662363052368,356800.0
1983-03-04,0.8812659352512683,0.8964601755142212,0.8812659352512683,0.8964601755142212,1036800.0
1983-03-07,0.8964601755142212,0.9065896690228564,0.8913954287599035,0.8964601755142212,727200.0
1983-03-08,0.8964601365680044,0.8964601365680044,0.8863306434994394,0.8913953900337219,1096000.0
1983-03-09,0.8913957105364119,0.8964604588917324,0.8863309621810914,0.8863309621810913,590400.0
1983-03-10,0.8913954287599035,0.9015249222685388,0.8913954287599035,0.8964601755142212,240800.0
1983-03-11,0.8964601755142212,0.9065896690228564,0.8913954287599035,0.8964601755142212,1587200.0
1983-03-14,0.8964601365680044,0.8964601365680044,0.8863306434994394,0.8913953900337219,499200.0
1983-03-15,0.8913957105364119,0.8964604588917324,0.8863309621810914,0.8863309621810913,186400.0
1983-03-16,0.8863313340170439,0.8913960844971414,0.861007581616557,0.8711370825767517,1049600.0
1983-03-17,0.8711365840338557,0.876201331615448,0.8660718364522636,0.876201331615448,148800.0
1983-03-18,0.8762014878207239,0.8863309847897497,0.8762014878207239,0.8812662363052368,111200.0
1983-03-21,0.8812662138257709,0.8913957105364119,0.8812662138257709,0.8863309621810913,359200.0
1983-03-22,0.8863309847897497,0.8913957332742625,0.8762014878207239,0.8812662363052368,940000.0
1983-03-23,0.8812662138257709,0.8913957105364119,0.8711367171151299,0.8863309621810913,400800.0
1983-03-24,0.8913954287599035,0.9015249222685388,0.8913954287599035,0.8964601755142212,392800.0
1983-03-25,0.8964601755142212,0.9015249222685388,0.8863306820055858,0.8964601755142212,245600.0
1983-03-28,0.8964606881811378,0.9065901874826195,0.8964606881811378,0.9015254378318787,266400.0
1983-03-29,0.9015254378318787,0.9065901874826195,0.8964606881811378,0.9015254378318787,427200.0
1983-03-30,0.9015247615608009,0.9369779825210571,0.9015247615608009,0.9369779825210571,275200.0
1983-03-31,0.9420431408476322,0.9673668811929986,0.9420431408476322,0.9521726369857788,336000.0
1983-04-04,0.9521721396394955,0.9623016304867242,0.9319131579450382,0.9420426487922668,837600.0
1983-04-05,0.9420426487922668,0.9521721396394955,0.9369779033686525,0.9420426487922668,694400.0
1983-04-06,0.9420431408476322,0.9623021331239253,0.9420431408476322,0.9521726369857788,735200.0
1983-04-07,0.9521720434358607,0.9673662781715393,0.9471072985239678,0.9673662781715393,147200.0
1983-04-08,0.9724319808337154,0.9926909804344178,0.9724319808337154,0.9926909804344177,320800.0
1983-04-11,1.0028201417969953,1.0433381273241464,1.0028201417969953,1.0281438827514648,256000.0
1983-04-12,1.028144077459971,1.068662070660364,1.028144077459971,1.063597321510315,569600.0
1983-04-13,1.0635978915680078,1.0737273952972268,1.0585331397033981,1.0686626434326172,616800.0
1983-04-14,1.0686611190990165,1.093984842300415,1.063596374458737,1.093984842300415,518400.0
1983-04-15,1.0939854169221517,1.104114911523283,1.0939854169221517,1.0990501642227173,160000.0
1983-04-18,1.0990503359924664,1.1395683207295157,1.093985587900335,1.1142445802688599,553600.0
1983-04-19,1.1142444061244139,1.1142444061244139,1.0990501642227173,1.0990501642227173,199200.0
1983-04-20,1.0990502515309295,1.1041149992338368,1.0787912607192993,1.0787912607192993,178400.0
1983-04-21,1.0787916199876626,1.1142448657149568,1.0686621212084357,1.10411536693573,230400.0
1983-04-22,1.1041155593339786,1.1142450598783271,1.083856558245282,1.088921308517456,460000.0
1983-04-25,1.0889200976601354,1.1193085655018136,1.0838553530198556,1.093984842300415,314400.0
1983-04-26,1.0939860587896304,1.1041155593339786,1.088921308517456,1.088921308517456,396000.0
1983-04-27,1.0889210672605605,1.0889210672605605,1.0534678232102166,1.063597321510315,188000.0
1983-04-28,1.0635973471347417,1.0838563442230225,1.0635973471347417,1.0838563442230225,168800.0
1983-04-29,1.0737269887557397,1.0737269887557397,1.0534679889678955,1.0534679889678955,101600.0
1983-05-02,1.053467315377541,1.0585320620860867,1.0433378219604492,1.0433378219604492,320800.0
1983-05-03,1.0433378219604492,1.048402568668995,1.0332083285433575,1.0433378219604492,62400.0
1983-05-04,1.038273280799979,1.038273280799979,1.0078847945326626,1.0230790376663208,457600.0
1983-05-05,1.0230787205696106,1.0281434667110443,1.0028197360038758,1.0129492282867432,417600.0
1983-05-06,1.012949499429441,1.0332084894180298,1.012949499429441,1.0332084894180298,523200.0
1983-05-09,1.0382741322449598,1.0686626434326172,1.0382741322449598,1.0686626434326172,831200.0
1983-05-10,1.0737258637392963,1.1041143315809745,1.0737258637392963,1.093984842300415,1644800.0
1983-05-11,1.0939860587896304,1.1142450598783271,1.0787918079731076,1.088921308517456,858400.0
1983-05-12,1.0889206696215863,1.104114911523283,1.0889206696215863,1.0990501642227173,379200.0
1983-05-13,1.0990495869406949,1.1041143315809745,1.0838553530198556,1.093984842300415,209600.0
1983-05-16,1.0939852831498633,1.0939852831498633,1.0585320563811178,1.0737262964248657,327200.0
1983-05-17,1.0737262964248657,1.0838557897873646,1.0686615497436165,1.0737262964248657,291200.0
1983-05-18,1.0737265130163918,1.0838560084222069,1.0534675222047618,1.0787912607192993,539200.0
1983-05-19,1.0787910431061152,1.0939852831498633,1.0737262964248657,1.0737262964248657,792800.0
1983-05-20,1.0737273952972268,1.0787921471618362,1.0686626434326172,1.0686626434326172,92800.0
1983-05-23,1.0585327389148564,1.0585327389148564,1.0433384890739734,1.0534679889678955,524000.0
1983-05-24,1.0534678232102166,1.063597321510315,1.0534678232102166,1.063597321510315,261600.0
1983-05-25,1.063597321510315,1.068662070660364,1.0534678232102166,1.063597321510315,572000.0
1983-05-26,1.063596803062367,1.0737262964248657,1.063596803062367,1.0737262964248657,240000.0
1983-05-27,1.0737270577009335,1.088921308517456,1.0585328068844109,1.088921308517456,341600.0
1983-05-31,1.0889210672605605,1.0889210672605605,1.0534678232102166,1.063597321510315,402400.0
1983-06-01,1.0686621212084357,1.1091801163253434,1.0686621212084357,1.10411536693573,834400.0
1983-06-02,1.1041153413113032,1.1142448398554436,1.0787915949509523,1.0838563442230225,669600.0
1983-06-03,1.0939855446686615,1.1243740320205688,1.0939855446686615,1.1243740320205688,756800.0
1983-06-06,1.1345036878424175,1.19528067111969,1.1345036878424175,1.19528067111969,1949600.0
1983-06-07,1.195279793492679,1.2104740281557216,1.1547618343912323,1.1750208139419556,883200.0
1983-06-08,1.1750215737716012,1.1800863219344098,1.1547625811203668,1.1648920774459839,572800.0
1983-06-09,1.1648925569322375,1.1699573071797689,1.1294393051995173,1.13956880569458,1320000.0
1983-06-10,1.1395685440671128,1.1446332931518555,1.1345037949823702,1.1446332931518555,444000.0
1983-06-13,1.1446330108140643,1.1699567499913666,1.1446330108140643,1.1547625064849854,302400.0
1983-06-14,1.1547630564371745,1.159827806684706,1.1193098047044543,1.13956880569458,354400.0
1983-06-15,1.1395675757908086,1.1598265549159785,1.134502831009516,1.1496970653533936,466400.0
1983-06-16,1.1496970653533936,1.154761810134686,1.1395675757908086,1.1496970653533936,540000.0
1983-06-17,1.149697870417026,1.1547626187448543,1.129438877105713,1.129438877105713,570400.0
1983-06-20,1.1294390921081816,1.1395685906921114,1.1142448442322868,1.1345038414001465,568800.0
1983-06-21,1.1345038632734106,1.1345038632734106,1.0838563693772763,1.10411536693573,556800.0
1983-06-22,1.1041151061994299,1.1142446025865806,1.1041151061994299,1.1091798543930054,444800.0
1983-06-23,1.099050592039233,1.099050592039233,1.0534678485906013,1.0838563442230225,1047200.0
1983-06-24,1.0838563442230225,1.0838563442230225,1.0686620964068119,1.0838563442230225,109600.0
1983-06-27,1.0838568990264459,1.0889216508910555,1.0534683878387885,1.0686626434326172,359200.0
1983-06-28,1.0686616996439493,1.078791194427304,1.0382732152938843,1.0382732152938843,752800.0
1983-06-29,1.0382730752519034,1.048402568668995,1.0230788351262656,1.0433378219604492,820000.0
1983-06-30,1.0433383249101185,1.063597321510315,1.0433383249101185,1.063597321510315,6973600.0
1983-07-01,1.0737258637392963,1.093984842300415,1.0737258637392963,1.093984842300415,586400.0
1983-07-05,1.0889210934950926,1.0889210934950926,1.0635973471347417,1.0838563442230225,162400.0
1983-07-06,1.0838553530198556,1.093984842300415,1.0737258637392963,1.093984842300415,786400.0
1983-07-07,1.0939860587896304,1.0939860587896304,1.083856558245282,1.088921308517456,178400.0
1983-07-08,1.088921308517456,1.0939860587896304,1.0787918079731076,1.088921308517456,133600.0
1983-07-11,1.0939856388109146,1.129438877105713,1.0939856388109146,1.129438877105713,368000.0
1983-07-12,1.129438054782373,1.129438054782373,1.093984842300415,1.093984842300415,161600.0
1983-07-13,1.0889207561251144,1.0889207561251144,1.0737265130163918,1.0787912607192993,123200.0
1983-07-14,1.083856558245282,1.0939860587896304,1.083856558245282,1.088921308517456,128000.0
1983-07-15,1.0889207561251144,1.0889207561251144,1.0787912607192993,1.0787912607192993,183200.0
1983-07-18,1.0787912607192993,1.0838560084222069,1.063597017610577,1.0787912607192993,328000.0
1983-07-19,1.0787910431061152,1.0939852831498633,1.0686615497436165,1.0737262964248657,185600.0
1983-07-20,1.0737262964248657,1.0737262964248657,1.048402563018619,1.0737262964248657,1140000.0
1983-07-21,1.0686613720569884,1.0686613720569884,1.0534671345395905,1.0585318803787231,112000.0
1983-07-22,1.0585325723602657,1.063597321510315,1.0433383249101185,1.063597321510315,80000.0
1983-07-25,1.0635978915680078,1.0686626434326172,1.048403635974179,1.0686626434326172,255200.0
1983-07-26,1.0686617653134844,1.0889207561251144,1.0686617653134844,1.0787912607192993,114400.0
1983-07-27,1.0787915949509523,1.0889210934950926,1.073726845678882,1.0838563442230225,136000.0
1983-07-28,1.0838557897873646,1.0889205364686139,1.063596803062367,1.0737262964248657,92800.0
1983-07-29,1.0635974888618176,1.0635974888618176,1.0484032390209344,1.0534679889678955,645600.0
1983-08-01,1.048402568668995,1.048402568668995,1.0028198482920823,1.0433378219604492,653600.0
1983-08-02,1.0433379626855617,1.0433379626855617,1.0281437205105293,1.0382732152938843,649600.0
1983-08-03,1.038273280799979,1.048402776222418,1.0230790376663208,1.0230790376663208,515200.0
1983-08-04,1.0382730546204941,1.0585320410521135,1.0382730546204941,1.0484025478363037,723200.0
1983-08-05,1.0484027319094715,1.0484027319094715,1.0332084894180298,1.0332084894180298,129600.0
1983-08-08,1.0332086309423587,1.0332086309423587,0.9876258972243135,1.0281438827514648,207200.0
1983-08-09,1.0281434667110443,1.0433377051353454,1.0129492282867432,1.0129492282867432,361600.0
1983-08-10,1.012949499429441,1.0433379844123243,1.012949499429441,1.0332084894180298,238400.0
1983-08-11,1.0332083285433575,1.0433378219604492,1.0281435818348115,1.0433378219604492,148000.0
1983-08-12,1.043337801228399,1.0484025478363037,1.0281435614046843,1.0484025478363037,128000.0
1983-08-15,1.0585320563811178,1.0838557897873646,1.0585320563811178,1.0737262964248657,588000.0
1983-08-16,1.0737262964248657,1.0787910431061152,1.0534673096998683,1.0737262964248657,123200.0
1983-08-17,1.0838553530198556,1.093984842300415,1.0838553530198556,1.093984842300415,112000.0
1983-08-18,1.093985587900335,1.1142445802688599,1.093985587900335,1.1142445802688599,126400.0
1983-08-19,1.1142445802688599,1.119309328360991,1.1041150840845975,1.1142445802688599,190400.0
1983-08-22,1.1142445362365996,1.1294387799125534,1.1142445362365996,1.1243740320205688,253600.0
1983-08-23,1.1243741287778846,1.1395683737613695,1.1243741287778846,1.129438877105713,364000.0
1983-08-24,1.1294388471673067,1.1345035953608822,1.1041151061994299,1.1091798543930054,68000.0
1983-08-25,1.1041143315809745,1.1041143315809745,1.078790608379576,1.093984842300415,108800.0
1983-08-26,1.093984842300415,1.093984842300415,1.078790608379576,1.093984842300415,44800.0
1983-08-29,1.0889207561251144,1.0889207561251144,1.0787912607192993,1.0787912607192993,72000.0
1983-08-30,1.0787918079731076,1.088921308517456,1.0787918079731076,1.088921308517456,553600.0
1983-08-31,1.088921308517456,1.088921308517456,1.0787918079731076,1.088921308517456,176800.0
1983-09-01,1.0889207561251144,1.0889207561251144,1.0787912607192993,1.0787912607192993,104000.0
1983-09-02,1.0787915949509523,1.0889210934950926,1.0787915949509523,1.0838563442230225,92800.0
1983-09-06,1.083856558245282,1.088921308517456,1.0787918079731076,1.088921308517456,490400.0
1983-09-07,1.088921308517456,1.0939860587896304,1.0737270577009335,1.088921308517456,544000.0
1983-09-08,1.088921308517456,1.088921308517456,1.0787918079731076,1.088921308517456,104000.0
1983-09-09,1.088921308517456,1.088921308517456,1.0787918079731076,1.088921308517456,146400.0
1983-09-12,1.088921308517456,1.0939860587896304,1.083856558245282,1.088921308517456,196800.0
1983-09-13,1.0889216508910555,1.0889216508910555,1.0635978915680078,1.0686626434326172,363200.0
1983-09-14,1.0686615497436165,1.0737262964248657,1.0534673096998683,1.0737262964248657,169600.0
1983-09-15,1.073726819810413,1.073726819810413,1.063597321510315,1.063597321510315,197600.0
1983-09-16,1.0635978915680078,1.0686626434326172,1.0534683878387885,1.0686626434326172,154400.0
1983-09-19,1.0686626434326172,1.0737273952972268,1.0585331397033981,1.0686626434326172,144800.0
1983-09-20,1.0737265130163918,1.0838560084222069,1.0737265130163918,1.0787912607192993,479200.0
1983-09-21,1.0838563693772763,1.10411536693573,1.0838563693772763,1.10411536693573,1313600.0
1983-09-22,1.1041143315809745,1.1041143315809745,1.0889200976601354,1.093984842300415,579200.0
1983-09-23,1.0939860587896304,1.0939860587896304,1.0686623074287593,1.088921308517456,617600.0
1983-09-26,1.0889212385966227,1.0889212385966227,1.0484032390209344,1.0534679889678955,480000.0
1983-09-27,1.0534676237059344,1.0534676237059344,1.012949638178783,1.0281438827514648,378400.0
1983-09-28,1.0281437205105293,1.0382732152938843,1.0129494783354969,1.0382732152938843,1192800.0
1983-09-29,1.0382730546204941,1.0484025478363037,1.0281435614046843,1.0484025478363037,87200.0
1983-09-30,1.0484032390209344,1.0534679889678955,1.0382737391270123,1.0534679889678955,195200.0
1983-10-03,1.053467315377541,1.053467315377541,1.0332083285433575,1.0433378219604492,175200.0
1983-10-04,1.0433378219604492,1.048402568668995,1.0382730752519034,1.0433378219604492,99200.0
1983-10-05,1.0433378219604492,1.048402568668995,1.0332083285433575,1.0433378219604492,1297600.0
1983-10-06,1.0433383249101185,1.068662070660364,1.0433383249101185,1.063597321510315,193600.0
1983-10-07,1.0635974888618176,1.0686622388087785,1.0382737391270123,1.0534679889678955,204800.0
1983-10-10,1.0534679889678955,1.0534679889678955,1.0433384890739734,1.0534679889678955,58400.0
1983-10-11,1.0534675239336373,1.0534675239336373,1.0129495422438821,1.0230790376663208,324000.0
1983-10-12,1.023079577436302,1.02814432781965,0.9977558255195618,0.9977558255195618,319200.0
1983-10-13,0.9977551279355533,1.0129493684624906,0.9977551279355533,1.0078846216201782,307200.0
1983-10-14,1.0078844821453095,1.0129492282867432,0.9977549898624419,1.0129492282867432,149600.0
1983-10-17,1.0129495422438821,1.0332085330887597,1.0129495422438821,1.0230790376663208,165600.0
1983-10-18,1.0129493684624906,1.0129493684624906,1.0028198747778658,1.0078846216201782,104000.0
1983-10-19,1.0078846216201782,1.0129493684624906,0.9926903810932409,1.0078846216201782,1002400.0
1983-10-20,1.0078850021265975,1.0078850021265975,0.9926907558633824,1.0028202533721924,64800.0
1983-10-21,0.9926900027310036,0.9926900027310036,0.9521720434358607,0.9673662781715393,416800.0
1983-10-24,0.9572372436523436,0.9572372436523436,0.9167192650850488,0.9572372436523438,300000.0
1983-10-25,0.9572369659269178,0.9673664576298481,0.9319132366695919,0.9369779825210571,259200.0
1983-10-26,0.9420433307948864,0.9623023271560668,0.9420433307948864,0.9623023271560669,1621600.0
1983-10-27,0.9623023271560668,0.9673670762463619,0.9521728289754766,0.9623023271560669,444000.0
1983-10-28,0.9623015332596464,0.9673662781715393,0.9572367883477535,0.9673662781715393,58400.0
1983-10-31,0.9673662781715393,0.9673662781715393,0.9319130637882892,0.9673662781715393,215200.0
1983-11-01,0.9572372436523436,0.9572372436523436,0.9319135070477843,0.9572372436523438,661600.0
1983-11-02,0.9572373850548521,0.9572373850548521,0.9420431408476322,0.9521726369857788,776000.0
1983-11-03,0.9521726369857788,0.9572373850548521,0.9420431408476322,0.9521726369857788,134400.0
1983-11-04,0.9521724963314319,0.9572372436523436,0.9420430016896081,0.9572372436523438,96000.0
1983-11-07,0.9521726592976779,0.9521726592976779,0.9420431629221707,0.9471079111099243,136800.0
1983-11-08,0.9471073942158812,0.9521721396394955,0.9319131579450382,0.9420426487922668,116000.0
1983-11-09,0.9420431408476322,0.9572373850548521,0.9268488966404124,0.9521726369857788,877600.0
1983-11-10,0.9521724963314319,0.9572372436523436,0.9420430016896081,0.9572372436523438,253600.0
1983-11-11,0.9572372976690531,0.9724315404891968,0.9420430548489094,0.9724315404891968,603200.0
1983-11-14,0.9825615743695177,1.0028205759029098,0.9825615743695177,0.9977558255195618,220800.0
1983-11-15,0.9977555046177874,1.0078850021265975,0.9876260071089774,1.0028202533721924,683200.0
1983-11-16,1.0028198747778658,1.0078846216201782,0.9977551279355533,1.0078846216201782,376000.0
1983-11-17,1.0078846216201782,1.0078846216201782,0.9977551279355533,1.0078846216201782,889600.0
1983-11-18,1.0078850021265975,1.0078850021265975,0.9926907558633824,1.0028202533721924,49600.0
1983-11-21,1.0028202533721924,1.0129497508810026,0.9926907558633824,1.0028202533721924,258400.0
1983-11-22,1.0028201857609536,1.0180144309997559,1.0028201857609536,1.0180144309997559,1076800.0
1983-11-23,1.0180142899551015,1.0230790376663208,1.0078847945326626,1.0230790376663208,112800.0
1983-11-25,1.0230791794126899,1.0230791794126899,1.0180144309997559,1.0180144309997559,100800.0
1983-11-28,1.012949292192754,1.012949292192754,0.9825608134269713,0.9825608134269714,146400.0
1983-11-29,0.9876256342509284,1.0129493684624906,0.9876256342509284,1.0078846216201782,247200.0
1983-11-30,1.0078847945326626,1.0230790376663208,1.0078847945326626,1.0230790376663208,117600.0
1983-12-01,1.0180147299352957,1.0180147299352957,0.977496730733891,0.9926909804344177,281600.0
1983-12-02,0.9926903810932409,1.0129493684624906,0.982560887408616,1.0078846216201782,687200.0
1983-12-05,1.0078850021265975,1.0129497508810026,0.9926907558633824,1.0028202533721924,112800.0
1983-12-06,1.0028197992708265,1.0078845457317902,0.9825608134269713,0.9825608134269714,128000.0
1983-12-07,0.9876259405221512,1.0180144309997559,0.9876259405221512,1.0180144309997559,824000.0
1983-12-08,1.0180142469265883,1.0332084894180298,1.012949499429441,1.0332084894180298,196000.0
1983-12-09,1.0332089891800513,1.0534679889678955,1.0129499893922072,1.0534679889678955,173600.0
1983-12-12,1.053467315377541,1.053467315377541,1.0433378219604492,1.0433378219604492,76000.0
1983-12-13,1.0433388841095694,1.0737273952972268,1.0332093803803504,1.0686626434326172,156800.0
1983-12-14,1.0686626434326172,1.0737273952972268,1.048403635974179,1.0686626434326172,456000.0
1983-12-15,1.0585320620860867,1.0585320620860867,1.0332083285433575,1.0433378219604492,96000.0
1983-12-16,1.0433384890739734,1.0534679889678955,1.0332089891800513,1.0534679889678955,237600.0
1983-12-19,1.0534672944442085,1.0585320410521135,1.0332083080125891,1.0484025478363037,214400.0
1983-12-20,1.0484027745018543,1.0787912607192993,1.0484027745018543,1.0787912607192993,378400.0
1983-12-21,1.0838553530198556,1.093984842300415,1.0838553530198556,1.093984842300415,76800.0
1983-12-22,1.093985609812279,1.1091798543930054,1.0838561134251286,1.1091798543930054,604000.0
1983-12-23,1.1091801163253434,1.1243743644941837,1.0939858681565031,1.10411536693573,159200.0
1983-12-27,1.1041150404526305,1.1243740320205688,1.088920796776677,1.1243740320205688,654400.0
1983-12-28,1.1243740320205688,1.1243740320205688,1.109179788344615,1.1243740320205688,222400.0
1983-12-29,1.1243740764531223,1.1243740764531223,1.1091798321767288,1.1142445802688599,52800.0
1983-12-30,1.1091798543930054,1.1091798543930054,1.078791365231553,1.1091798543930054,101600.0
1984-01-03,1.1091790762212541,1.1091790762212541,1.078790608379576,1.093984842300415,194400.0
1984-01-04,1.0939858681565031,1.10411536693573,1.0889211187668897,1.10411536693573,139200.0
1984-01-05,1.1041151061994299,1.1345035953608822,1.1041151061994299,1.1091798543930054,687200.0
1984-01-06,1.109179788344615,1.1294387799125534,1.1041150404526305,1.1243740320205688,1779200.0
1984-01-09,1.1243743428162165,1.1345038414001465,1.1243743428162165,1.1345038414001465,1110400.0
1984-01-10,1.1345029459819533,1.1345029459819533,1.109179219509142,1.1193087100982666,326400.0
1984-01-11,1.119309328360991,1.1294388245452534,1.1091798321767288,1.1142445802688599,140800.0
1984-01-12,1.1142445802688599,1.119309328360991,1.1041150840845975,1.1142445802688599,192800.0
1984-01-13,1.1142445802688599,1.119309328360991,1.0990503359924664,1.1142445802688599,100800.0
1984-01-16,1.1142444061244139,1.1142444061244139,1.0939854169221517,1.0990501642227173,56800.0
1984-01-17,1.0990508090618045,1.109180309606153,1.0686623074287593,1.088921308517456,133600.0
1984-01-18,1.0889200976601354,1.093984842300415,1.078790608379576,1.093984842300415,127200.0
1984-01-19,1.0939854169221517,1.1142444061244139,1.0939854169221517,1.0990501642227173,309600.0
1984-01-20,1.0990503580058546,1.1091798543930054,1.0990503580058546,1.1091798543930054,208800.0
1984-01-23,1.10411536693573,1.10411536693573,1.0939858681565031,1.10411536693573,170400.0
1984-01-24,1.104114911523283,1.104114911523283,1.0889206696215863,1.0990501642227173,227200.0
1984-01-25,1.1041150840845975,1.1243740764531223,1.1041150840845975,1.1142445802688599,254400.0
1984-01-26,1.1142448657149568,1.1193096151045703,1.0939858681565031,1.10411536693573,522400.0
1984-01-27,1.1041150840845975,1.1142445802688599,1.0838560917160727,1.1142445802688599,128000.0
1984-01-30,1.1142439648037041,1.1243734553928288,1.109179219509142,1.1193087100982666,240800.0
1984-01-31,1.1193092841285843,1.1243740320205688,1.099050292560646,1.1243740320205688,264800.0
1984-02-01,1.1243741287778846,1.1446331220891979,1.1193093804500562,1.129438877105713,389600.0
1984-02-02,1.1294387799125534,1.1395682756965224,1.1193092841285843,1.1243740320205688,170400.0
1984-02-03,1.1294380862282236,1.164891299697271,1.1294380862282236,1.1496970653533936,616800.0
1984-02-06,1.1294388245452534,1.1294388245452534,1.1041150840845975,1.1142445802688599,204800.0
1984-02-07,1.1142444061244139,1.1243739007255449,1.0737264277198897,1.0990501642227173,361600.0
1984-02-08,1.0990495869406949,1.0990495869406949,1.0838553530198556,1.093984842300415,117600.0
1984-02-09,1.0889216508910555,1.0889216508910555,1.0585331397033981,1.0686626434326172,320800.0
1984-02-10,1.0686620964068119,1.0838563442230225,1.0585325978626714,1.0838563442230225,200800.0
1984-02-13,1.0838556095743865,1.0838556095743865,1.0534671345395905,1.0585318803787231,76800.0
1984-02-14,1.0585327389148564,1.0686622388087785,1.0433384890739734,1.0534679889678955,426400.0
1984-02-15,1.0534678232102166,1.068662070660364,1.0484030740601675,1.063597321510315,285600.0
1984-02-16,1.063597321510315,1.068662070660364,1.0534678232102166,1.063597321510315,344000.0
1984-02-17,1.0635966262178558,1.0686613720569884,1.0484023887004579,1.0585318803787231,96000.0
1984-02-21,1.0585322048605943,1.0585322048605943,1.0382732152938843,1.0382732152938843,92000.0
1984-02-22,1.0382730546204941,1.0484025478363037,1.0230788147967795,1.0484025478363037,187200.0
1984-02-23,1.048402776222418,1.048402776222418,1.0129495422438821,1.0230790376663208,105600.0
1984-02-24,1.0230788351262656,1.053467315377541,1.0180140884177198,1.0433378219604492,536800.0
1984-02-27,1.0433384890739734,1.0534679889678955,1.0332089891800513,1.0534679889678955,504800.0
1984-02-28,1.0534674794066186,1.0534674794066186,1.0281437419208825,1.0332084894180298,92000.0
1984-02-29,1.0332084679022069,1.0382732152938843,1.0129494783354969,1.0382732152938843,212800.0
1984-03-01,1.0281434667110443,1.0281434667110443,1.0129492282867432,1.0129492282867432,129600.0
1984-03-02,1.012949638178783,1.0281438827514648,1.012949638178783,1.0281438827514648,660800.0
1984-03-05,1.0281438827514648,1.0332086309423587,1.018014386369677,1.0281438827514648,146400.0
1984-03-06,1.0281439278256241,1.0281439278256241,1.0129496825868218,1.0180144309997559,327200.0
1984-03-07,1.0180139744281769,1.0180139744281769,1.0078844821453095,1.0129492282867432,59200.0
1984-03-08,1.0129500766696058,1.0180148270529539,0.9977558255195618,0.9977558255195618,125600.0
1984-03-09,0.9977555046177874,1.0028202533721924,0.9926907558633824,1.0028202533721924,158400.0
1984-03-12,1.0028202533721924,1.0129497508810026,0.9774965096001674,1.0028202533721924,978400.0
1984-03-13,1.0028201857609536,1.0180144309997559,0.9926906889350853,1.0180144309997559,157600.0
1984-03-14,1.0180139744281769,1.0180139744281769,1.0028197360038758,1.0129492282867432,172800.0
1984-03-15,1.0129496825868218,1.0180144309997559,1.0078849341738876,1.0180144309997559,157600.0
1984-03-16,1.0180144309997559,1.0281439278256241,1.0078849341738876,1.0180144309997559,596800.0
1984-03-19,1.0180144309997559,1.0180144309997559,0.9977554373480194,1.0180144309997559,98400.0
1984-03-20,1.0180139744281769,1.0230787205696106,1.0078844821453095,1.0129492282867432,56800.0
1984-03-21,1.0129495422438821,1.0230790376663208,1.0129495422438821,1.0230790376663208,19200.0
1984-03-22,1.0230790376663208,1.0281437853775404,1.0129495422438821,1.0230790376663208,104000.0
1984-03-23,1.0230790376663208,1.0332085330887597,1.0230790376663208,1.0230790376663208,93600.0
1984-03-26,1.0230790376663208,1.0332085330887597,1.0180142899551015,1.0230790376663208,189600.0
1984-03-27,1.023079134560571,1.0332086309423587,1.023079134560571,1.0281438827514648,60000.0
1984-03-28,1.0281435818348115,1.0433378219604492,1.012949341709174,1.0433378219604492,105600.0
1984-03-29,1.0433379844123243,1.0585322269037658,1.0332084894180298,1.0332084894180298,188000.0
1984-03-30,1.0281437853775404,1.0281437853775404,1.0230790376663208,1.0230790376663208,41600.0
1984-04-02,1.0230790376663208,1.0230790376663208,1.0129495422438821,1.0230790376663208,239200.0
1984-04-03,1.0230788621471156,1.028143608989428,1.0028198747778658,1.0078846216201782,174400.0
1984-04-04,1.002820480234769,1.002820480234769,0.9926909804344178,0.9926909804344177,224000.0
1984-04-05,0.9876253576047959,0.9876253576047959,0.9319131579450382,0.9420426487922668,2004000.0
1984-04-06,0.9420431408476322,0.9673668811929986,0.9420431408476322,0.9521726369857788,87200.0
1984-04-09,0.9521726369857788,0.9623021331239253,0.9471078889167055,0.9521726369857788,138400.0
1984-04-10,0.9572367883477535,0.9724310230834321,0.9572367883477535,0.9673662781715393,218400.0
1984-04-11,0.9724312816876821,0.9825607742052622,0.9724312816876821,0.9774960279464722,80800.0
1984-04-12,0.9774960279464722,0.9774960279464722,0.9623017891701021,0.9774960279464722,59200.0
1984-04-13,0.9774962880959113,0.9825610357026259,0.9673667928824822,0.9724315404891968,96800.0
1984-04-16,0.9724319808337154,0.9926909804344178,0.9673672309335398,0.9926909804344177,185600.0
1984-04-17,0.9926903455685346,0.9926903455685346,0.9825608522464067,0.9876255989074707,188800.0
1984-04-18,0.9876259405221512,1.0230791794126899,0.9876259405221512,1.0180144309997559,236800.0
1984-04-19,1.0180144309997559,1.0230791794126899,1.0129496825868218,1.0180144309997559,260000.0
1984-04-23,1.0180139744281769,1.0230787205696106,1.0078844821453095,1.0129492282867432,133600.0
1984-04-24,1.012949499429441,1.0332084894180298,1.012949499429441,1.0332084894180298,353600.0
1984-04-25,1.0332086309423587,1.0382733791332526,1.0281438827514648,1.0281438827514648,258400.0
1984-04-26,1.0281438827514648,1.0332086309423587,1.0281438827514648,1.0281438827514648,32000.0
1984-04-27,1.0281437853775404,1.038273280799979,1.0230790376663208,1.0230790376663208,208000.0
1984-04-30,1.0230787205696106,1.0281434667110443,1.0078844821453095,1.0129492282867432,57600.0
1984-05-01,1.0180142469265883,1.0332084894180298,1.0180142469265883,1.0332084894180298,228800.0
1984-05-02,1.0332083285433575,1.053467315377541,1.0332083285433575,1.0433378219604492,346400.0
1984-05-03,1.0433379844123243,1.0433379844123243,1.0332084894180298,1.0332084894180298,212000.0
1984-05-04,1.0332084679022069,1.0382732152938843,1.0281437205105293,1.0382732152938843,48800.0
1984-05-07,1.0332084894180298,1.0332084894180298,1.0281437419208825,1.0332084894180298,114400.0
1984-05-08,1.0332086309423587,1.0332086309423587,1.023079134560571,1.0281438827514648,72000.0
1984-05-09,1.0281437853775404,1.038273280799979,1.0230790376663208,1.0230790376663208,776000.0
1984-05-10,1.0230791794126899,1.0230791794126899,1.0180144309997559,1.0180144309997559,263200.0
1984-05-11,1.0180141153048032,1.0230788621471156,1.0078846216201782,1.0078846216201782,134400.0
1984-05-14,1.0078850021265975,1.0129497508810026,0.9977555046177874,1.0028202533721924,630400.0
1984-05-15,1.0028199835521419,1.0382732152938843,0.9977552361604645,1.0382732152938843,399200.0
1984-05-16,1.038273236915177,1.038273236915177,1.0230789944237355,1.0332084894180298,404000.0
1984-05-17,1.0281434667110443,1.0281434667110443,1.0028197360038758,1.0129492282867432,188000.0
1984-05-18,1.0129492282867432,1.0230787205696106,1.0078844821453095,1.0129492282867432,102400.0
1984-05-21,1.0180144309997559,1.0230791794126899,1.0180144309997559,1.0180144309997559,186400.0
1984-05-22,1.0180144309997559,1.0230791794126899,1.0180144309997559,1.0180144309997559,212800.0
1984-05-23,1.0180139744281769,1.0230787205696106,1.0129492282867432,1.0129492282867432,75200.0
1984-05-24,1.0129495213429132,1.0129495213429132,0.9521725500623385,0.9724315404891968,1717600.0
1984-05-25,0.9623021331239253,0.9623021331239253,0.9420431408476322,0.9521726369857788,88000.0
1984-05-29,0.9521726592976779,0.9623021556731851,0.9471079111099243,0.9471079111099243,82400.0
1984-05-30,0.9471079111099243,0.9572374074854315,0.9420431629221707,0.9471079111099243,148800.0
1984-05-31,0.9471073942158812,0.9471073942158812,0.9420426487922668,0.9420426487922668,164000.0
1984-06-01,0.9521728289754766,0.9673670762463619,0.9521728289754766,0.9623023271560669,197600.0
1984-06-04,0.9724319808337154,0.9977557303345934,0.9724319808337154,0.9926909804344177,159200.0
1984-06-05,0.9926903063488989,0.9977550528098627,0.9724313205050439,0.9825608134269714,152800.0
1984-06-06,0.9825607742052622,0.9876255204640522,0.9724312816876821,0.9774960279464722,1736000.0
1984-06-07,0.9774962329359912,0.9774962329359912,0.9572372436523436,0.9572372436523438,74400.0
1984-06-08,0.9572375780657717,0.9673670762463619,0.9521728289754766,0.9623023271560669,188800.0
1984-06-11,0.9623019909732555,0.9673667382941674,0.9572372436523436,0.9572372436523438,116000.0
1984-06-12,0.9572372436523436,0.9673667382941674,0.9521724963314319,0.9572372436523438,109600.0
1984-06-13,0.9572375780657717,0.9623023271560668,0.9521728289754766,0.9623023271560669,171200.0
1984-06-14,0.9623021331239253,0.9623021331239253,0.9521726369857788,0.9521726369857788,26400.0
1984-06-15,0.9521726592976779,0.9623021556731851,0.9471079111099243,0.9471079111099243,428000.0
1984-06-18,0.9471078889167055,0.9623021331239253,0.9420431408476322,0.9521726369857788,80000.0
1984-06-19,0.9521728289754766,0.9724318253366571,0.9521728289754766,0.9623023271560669,96000.0
1984-06-20,0.9623019909732555,0.9724314856150793,0.9572372436523436,0.9572372436523438,90400.0
1984-06-21,0.9623022633369523,1.0028202533721924,0.9623022633369523,1.0028202533721924,238400.0
1984-06-22,1.0028202533721924,1.0230792483898126,1.0028202533721924,1.0028202533721924,163200.0
1984-06-25,1.0028197992708265,1.0028197992708265,0.9825608134269713,0.9825608134269714,80800.0
1984-06-26,0.9825608134269713,0.9926903063488989,0.9774960669660075,0.9825608134269714,58400.0
1984-06-27,0.9825610357026259,0.9876257833093404,0.9724315404891968,0.9724315404891968,96800.0
1984-06-28,0.9724315404891968,0.9825610357026259,0.9724315404891968,0.9724315404891968,40000.0
1984-06-29,0.9724315404891968,0.9876257833093404,0.9724315404891968,0.9724315404891968,131200.0
1984-07-02,0.9724315404891968,0.9876257833093404,0.9724315404891968,0.9724315404891968,80800.0
1984-07-03,0.9724319808337154,1.002820480234769,0.9724319808337154,0.9926909804344177,180000.0
1984-07-05,0.9825608134269713,0.9825608134269713,0.9774960669660075,0.9825608134269714,21600.0
1984-07-06,0.9825608134269713,0.9825608134269713,0.9825608134269713,0.9825608134269714,16800.0
1984-07-09,0.9876255989074706,1.0129493322127905,0.9876255989074706,0.9876255989074707,128000.0
1984-07-10,0.9876255989074706,0.9926903455685346,0.9774961055853427,0.9876255989074707,113600.0
1984-07-11,0.9876255598879351,0.9876255598879351,0.9825608134269713,0.9825608134269714,110400.0
1984-07-12,0.9825608522464067,0.9926903455685346,0.9825608522464067,0.9876255989074707,153600.0
1984-07-13,0.9876259405221512,1.0180144309997559,0.9876259405221512,1.0180144309997559,89600.0
1984-07-16,1.0129493684624906,1.0129493684624906,1.0028198747778658,1.0078846216201782,69600.0
1984-07-17,1.0078850021265975,1.0129497508810026,1.0028202533721924,1.0028202533721924,564800.0
1984-07-18,1.0028197992708265,1.0028197992708265,0.9825608134269713,0.9825608134269714,542400.0
1984-07-19,0.9825608134269713,0.9926903063488989,0.9825608134269713,0.9825608134269714,219200.0
1984-07-20,0.9825608134269713,0.9926903063488989,0.9825608134269713,0.9825608134269714,138400.0
1984-07-23,0.9825612583545724,1.0028202533721924,0.9825612583545724,1.0028202533721924,280000.0
1984-07-24,1.0028205759029098,1.0028205759029098,0.9977558255195618,0.9977558255195618,276800.0
1984-07-25,0.9977557303345934,1.002820480234769,0.9926909804344178,0.9926909804344177,46400.0
1984-07-26,0.9926902437210082,1.0129492282867432,0.9926902437210082,1.0129492282867432,167200.0
1984-07-27,1.0129497508810026,1.0180144996354075,1.0028202533721924,1.0028202533721924,80000.0
1984-07-30,1.0028202533721924,1.0129497508810026,1.0028202533721924,1.0028202533721924,75200.0
1984-07-31,1.0028198747778658,1.0129493684624906,1.0028198747778658,1.0078846216201782,36800.0
1984-08-01,1.0078848899878892,1.0281438827514648,1.0078848899878892,1.0281438827514648,199200.0
1984-08-02,1.0281435818348115,1.053467315377541,1.0281435818348115,1.0433378219604492,305600.0
1984-08-03,1.0484027745018543,1.0889207561251144,1.0484027745018543,1.0787912607192993,274400.0
1984-08-06,1.0838560488846924,1.1750215109404143,1.0838560488846924,1.1243740320205688,720800.0
1984-08-07,1.1243740764531223,1.1345035726373847,1.1091798321767288,1.1142445802688599,444800.0
1984-08-08,1.1142446025865806,1.1243740989737314,1.1091798543930054,1.1091798543930054,909600.0
1984-08-09,1.1091801163253434,1.1142448657149568,1.10411536693573,1.10411536693573,45600.0
1984-08-10,1.1142445802688599,1.1243740764531223,1.1142445802688599,1.1142445802688599,2549600.0
1984-08-13,1.1142439648037041,1.1193087100982666,1.109179219509142,1.1193087100982666,812800.0
1984-08-14,1.119309328360991,1.1243740764531223,1.1091798321767288,1.1142445802688599,153600.0
1984-08-15,1.1142445362365996,1.1294387799125534,1.1142445362365996,1.1243740320205688,168000.0
1984-08-16,1.1243741287778846,1.1345036254335412,1.1193093804500562,1.129438877105713,88800.0
1984-08-17,1.1294390458976273,1.1446332931518555,1.1243742968128847,1.1446332931518555,132800.0
1984-08-20,1.1446333399840762,1.1496980892760413,1.1345038414001465,1.1345038414001465,582400.0
1984-08-21,1.1345040554470487,1.1547630564371745,1.1345040554470487,1.13956880569458,160800.0
1984-08-22,1.1395685440671128,1.1648922894908265,1.1345037949823702,1.1446332931518555,183200.0
1984-08-23,1.1446335559421117,1.1547630564371745,1.13956880569458,1.13956880569458,96000.0
1984-08-24,1.13956880569458,1.149698306189643,1.13956880569458,1.13956880569458,40000.0
1984-08-27,1.13956880569458,1.1547630564371745,1.13956880569458,1.13956880569458,104000.0
1984-08-28,1.13956880569458,1.149698306189643,1.13956880569458,1.13956880569458,80800.0
1984-08-29,1.13956880569458,1.149698306189643,1.13956880569458,1.13956880569458,70400.0
1984-08-30,1.139568336631941,1.1648920774459839,1.139568336631941,1.1648920774459839,71200.0
1984-08-31,1.1648920774459839,1.1750215737716012,1.149697832957558,1.1648920774459839,823200.0
1984-09-04,1.1648918603705527,1.1648918603705527,1.1547623659325479,1.1598271131515503,104000.0
1984-09-05,1.1598272543204458,1.1699567499913666,1.1547625064849854,1.1547625064849854,978400.0
1984-09-06,1.1547623659325479,1.1598271131515503,1.1496976187135455,1.1598271131515503,70400.0
1984-09-07,1.1598271131515503,1.1648918603705527,1.1547623659325479,1.1598271131515503,531200.0
1984-09-10,1.1598271131515503,1.169956607589555,1.1598271131515503,1.1598271131515503,836800.0
1984-09-11,1.1699560690542747,1.1902150486049983,1.1699560690542747,1.1750208139419556,1720000.0
1984-09-12,1.180086374282837,1.1952806194452767,1.180086374282837,1.180086374282837,111200.0
1984-09-13,1.180086351867415,1.1902158484499679,1.180086351867415,1.1851511001586914,210400.0
1984-09-14,1.1902159225132505,1.2155396655454473,1.1902159225132505,1.19528067111969,481600.0
1984-09-17,1.2003458249519061,1.2206048262169171,1.2003458249519061,1.2104753255844116,620000.0
1984-09-18,1.210474899977692,1.2661871338678785,1.2054101514422204,1.2256691455841064,865600.0
1984-09-19,1.2256691961872335,1.2560576886546855,1.2256691961872335,1.2408634424209595,467200.0
1984-09-20,1.2408633456855525,1.2560575907347633,1.2256691006363416,1.2357985973358154,276800.0
1984-09-21,1.235798693676384,1.2560576886546855,1.235798693676384,1.2408634424209595,293600.0
1984-09-24,1.2408638274819284,1.2408638274819284,1.2003458249519061,1.2104753255844116,468000.0
1984-09-25,1.2104753012458485,1.2155400514602661,1.200345800817013,1.2155400514602661,389600.0
1984-09-26,1.2155396485131635,1.230733894119578,1.2155396485131635,1.2256691455841064,324800.0
1984-09-27,1.2256691961872335,1.2408634424209595,1.2256691961872335,1.2408634424209595,226400.0
1984-09-28,1.2408634844948263,1.2459282334111317,1.2054102420806885,1.2054102420806885,158400.0
1984-10-01,1.2054105510314306,1.2307343021035195,1.200345800817013,1.2155400514602661,145600.0
1984-10-02,1.2155395218088658,1.2307337658314765,1.2003452777862549,1.2003452777862549,317600.0
1984-10-03,1.1952805967412443,1.1952805967412443,1.1750216035761385,1.1851511001586914,1518400.0
1984-10-04,1.1851503037173172,1.1902150486049983,1.1750208139419556,1.1750208139419556,127200.0
1984-10-05,1.1750216035761385,1.1851511001586914,1.1648921069935856,1.1851511001586914,387200.0
1984-10-08,1.1851511001586914,1.1952805967412443,1.1851511001586914,1.1851511001586914,108800.0
1984-10-09,1.1851509591366383,1.2003452022024925,1.1851509591366383,1.1902157068252563,236000.0
1984-10-10,1.1902158710577968,1.2054101162202369,1.175021625895357,1.180086374282837,308000.0
1984-10-11,1.180086823686895,1.2104753255844116,1.1750220733706422,1.2104753255844116,154400.0
1984-10-12,1.2104746750009203,1.2712516461306738,1.2104746750009203,1.2509926557540894,696800.0
1984-10-15,1.2560579299926757,1.3067054271697998,1.2560579299926757,1.2915111780166626,637600.0
1984-10-16,1.2915107103494496,1.326963945535513,1.2915107103494496,1.3168344497680664,572000.0
1984-10-17,1.3067051628604531,1.3067051628604531,1.2915109167806804,1.296575665473938,207200.0
1984-10-18,1.296575230876292,1.306704724867513,1.2813809898894604,1.2864457368850708,234400.0
1984-10-19,1.3168338739647056,1.3421576023101807,1.3168338739647056,1.3421576023101807,1922400.0
1984-10-22,1.3421576023101807,1.3472223479792758,1.3320281109719907,1.3421576023101807,187200.0
1984-10-23,1.3421576023101807,1.3674813306556557,1.3370928566410856,1.3421576023101807,580000.0
1984-10-24,1.3421583628926441,1.3421583628926441,1.3269641172749915,1.332028865814209,163200.0
1984-10-25,1.3320286934192362,1.3370934413029596,1.311769701884343,1.3168344497680664,796000.0
1984-10-26,1.3117694080107871,1.3117694080107871,1.2915104210144817,1.3016399145126343,480000.0
1984-10-29,1.3016399145126343,1.3168341547598637,1.3016399145126343,1.3016399145126343,143200.0
1984-10-30,1.3016402061168963,1.3472229370704063,1.3016402061168963,1.3168344497680664,267200.0
1984-10-31,1.3168338739647056,1.3472223479792758,1.3067043826265154,1.3421576023101807,168000.0
1984-11-01,1.3421583628926441,1.352287859971079,1.3269641172749915,1.332028865814209,172800.0
1984-11-02,1.3320285416720958,1.3725465201259999,1.3320285416720958,1.3522875308990479,234400.0
1984-11-05,1.3522877767682076,1.397870510816574,1.3522877767682076,1.377611517906189,402400.0
1984-11-06,1.3776113866902084,1.407999873161316,1.3776113866902084,1.407999873161316,236800.0
1984-11-07,1.407999873161316,1.4282588641420544,1.3928056299257623,1.407999873161316,840000.0
1984-11-08,1.407999873161316,1.4282588641420544,1.397870377670947,1.407999873161316,620000.0
1984-11-09,1.4080005398818425,1.4231947903122222,1.4080005398818425,1.4181300401687622,852000.0
1984-11-12,1.4181296317585967,1.4181296317585967,1.3978706370191882,1.4029353857040405,126400.0
1984-11-13,1.4029358871605084,1.4181301386460012,1.3978711366653442,1.3978711366653442,660000.0
1984-11-14,1.3928057625889778,1.3928057625889778,1.3674820214509964,1.377611517906189,414400.0
1984-11-15,1.3776117296361212,1.3776117296361212,1.3573527336120605,1.3573527336120605,519200.0
1984-11-16,1.3573527336120605,1.3674822316240909,1.3573527336120605,1.3573527336120605,133600.0
1984-11-19,1.357352432837853,1.3674819286052997,1.311769701884343,1.3168344497680664,298400.0
1984-11-20,1.3168353524826863,1.337094357905497,1.3117706011269838,1.3269648551940918,219200.0
1984-11-21,1.3269648551940918,1.3269648551940918,1.3168353524826863,1.3269648551940918,119200.0
1984-11-23,1.3269648551940918,1.337094357905497,1.3269648551940918,1.3269648551940918,346400.0
1984-11-26,1.3269648551940918,1.3320296065497943,1.321900103838389,1.3269648551940918,363200.0
1984-11-27,1.326963726618115,1.3320284736662757,1.2915104972809897,1.3117694854736328,399200.0
1984-11-28,1.311769701884343,1.3218991976517898,1.3016402061168963,1.3168344497680664,254400.0
1984-11-29,1.306704724867513,1.306704724867513,1.2864457368850708,1.2864457368850708,151200.0
1984-11-30,1.2864467407029774,1.2915114916506267,1.2611229859647297,1.2763172388076782,184800.0
1984-12-03,1.2763172388076782,1.2763172388076782,1.2661877369123793,1.2763172388076782,88000.0
1984-12-04,1.2763172388076782,1.2813819897553278,1.2712524878600286,1.2763172388076782,117600.0
1984-12-05,1.276316145192022,1.2813808917999268,1.2611219053683074,1.2813808917999268,177600.0
1984-12-06,1.2813816785812377,1.296575927734375,1.2763169288635252,1.2915111780166626,2280800.0
1984-12-07,1.296575458233173,1.326963945535513,1.296575458233173,1.3168344497680664,257600.0
1984-12-10,1.3067046612617108,1.3067046612617108,1.2864456742654051,1.3016399145126343,209600.0
1984-12-11,1.3067054036019863,1.321899652481079,1.3067054036019863,1.321899652481079,142400.0
1984-12-12,1.321900103838389,1.3320296065497943,1.3168353524826863,1.3269648551940918,294400.0
1984-12-13,1.3269641172749915,1.332028865814209,1.321899368735774,1.332028865814209,76800.0
1984-12-14,1.3320281109719907,1.3421576023101807,1.3269633653028956,1.3421576023101807,763200.0
1984-12-17,1.342158280313015,1.377611517906189,1.342158280313015,1.377611517906189,217600.0
1984-12-18,1.3877406265573262,1.4181291074308442,1.3877406265573262,1.4130643606185913,698400.0
1984-12-19,1.4130641805364732,1.4282584190368652,1.397869942036081,1.4282584190368652,945600.0
1984-12-20,1.428259166245608,1.4789066544103457,1.4181296686126603,1.473841905593872,548000.0
1984-12-21,1.4738414716555586,1.4738414716555586,1.4586472296797282,1.4637119770050049,344000.0
1984-12-24,1.4586475345638248,1.4586475345638248,1.4383885410282162,1.4485180377960205,111200.0
1984-12-26,1.4485175036710058,1.4485175036710058,1.4333232641220093,1.4333232641220093,51200.0
1984-12-27,1.433323459876211,1.4434529542922974,1.4181292182520815,1.4434529542922974,116000.0
1984-12-28,1.4434532894121184,1.463712282947727,1.4434532894121184,1.4485180377960205,509600.0
1984-12-31,1.4485178965724719,1.458647392352699,1.4485178965724719,1.4535826444625854,852800.0
1985-01-02,1.4485180377960205,1.4485180377960205,1.4383885410282162,1.4485180377960205,200000.0
1985-01-03,1.4383890407426017,1.4383890407426017,1.4181300401687622,1.4181300401687622,264800.0
1985-01-04,1.4181293686516852,1.4181293686516852,1.4029351254161313,1.407999873161316,114400.0
1985-01-07,1.4080005398818425,1.428259540455682,1.4029357897383827,1.4181300401687622,123200.0
1985-01-08,1.4181293686516852,1.4181293686516852,1.407999873161316,1.407999873161316,194400.0
1985-01-09,1.4130655026520698,1.4282597553687588,1.4130655026520698,1.4231950044631958,152000.0
1985-01-10,1.42319460089008,1.4586478471755981,1.42319460089008,1.4586478471755981,249600.0
1985-01-11,1.4586476819268588,1.4789066775091764,1.4586476819268588,1.4687771797180176,332800.0
1985-01-14,1.4687764006713562,1.5194238627634717,1.4687764006713562,1.5143591165542603,262400.0
1985-01-15,1.5194241786715994,1.5650069040317474,1.5194241786715994,1.524488925933838,757600.0
1985-01-16,1.5244886089726835,1.5244886089726835,1.4890353855082024,1.5143591165542603,297600.0
1985-01-17,1.5143594314093607,1.5295536731960766,1.4991651896226448,1.524488925933838,353600.0
1985-01-18,1.5244893571331162,1.534618854522705,1.5143598597435275,1.534618854522705,450400.0
1985-01-21,1.5346182874216439,1.5852657556533813,1.5346182874216439,1.5852657556533813,800800.0
1985-01-22,1.5852658962592099,1.6105896326211782,1.570071654442029,1.5802011489868164,532000.0
1985-01-23,1.580201817166274,1.6004608148222517,1.570072318338285,1.5903313159942627,930400.0
1985-01-24,1.5751367448181506,1.5751367448181506,1.5194245126863188,1.529554009437561,630400.0
1985-01-25,1.5346193070474423,1.544748807423993,1.5346193070474423,1.5396840572357178,481600.0
1985-01-28,1.5396832012739339,1.565006938136992,1.5396832012739339,1.5447479486465454,194400.0
1985-01-29,1.5447481648594725,1.549812912940979,1.4991654321259142,1.549812912940979,223200.0
1985-01-30,1.5498135576122685,1.5599430579888194,1.5194250564826162,1.5396840572357178,217600.0
1985-01-31,1.5396830685933431,1.5396830685933431,1.4991650931040446,1.5194240808486938,772800.0
1985-02-01,1.5092939073092315,1.5092939073092315,1.4637112054106307,1.478905439376831,266400.0
1985-02-04,1.4789066775091764,1.4839714264047557,1.4282591885533826,1.4687771797180176,228000.0
1985-02-05,1.4687773461143174,1.478906845053037,1.4485183482368786,1.4586478471755981,2313600.0
1985-02-06,1.4586478471755981,1.4738420955836773,1.4586478471755981,1.4586478471755981,302400.0
1985-02-07,1.4586469876564154,1.5092944525055967,1.4586469876564154,1.4941002130508423,660000.0
1985-02-08,1.494101093461116,1.5042305923998356,1.4586478471755981,1.4586478471755981,198400.0
1985-02-11,1.4586478471755981,1.4586478471755981,1.4383888492981591,1.4586478471755981,179200.0
1985-02-12,1.4586472296797282,1.4687767243302818,1.4383882403786208,1.4637119770050049,375200.0
1985-02-13,1.4637117341413335,1.4991649595357603,1.4637117341413335,1.4941002130508423,2430400.0
1985-02-14,1.4991650931040446,1.5346183216571807,1.4991650931040446,1.5194240808486938,724800.0
1985-02-15,1.5194241786715994,1.539683167720554,1.5194241786715994,1.524488925933838,288000.0
1985-02-19,1.5244888703295048,1.5295536174070115,1.4991651349419715,1.5092946290969849,263200.0
1985-02-20,1.509295511890102,1.509295511890102,1.4738422616108042,1.4991660118103027,208000.0
1985-02-21,1.4941014298776378,1.4941014298776378,1.4789071780483738,1.4890366792678833,2321600.0
1985-02-22,1.4839714032268196,1.4839714032268196,1.4586476591444506,1.473841905593872,404800.0
1985-02-25,1.4586475345638248,1.4586475345638248,1.433323792644314,1.4485180377960205,117600.0
1985-02-26,1.4485180377960205,1.4586475345638248,1.4434532894121184,1.4485180377960205,296000.0
1985-02-27,1.4485180377960205,1.4586475345638248,1.4434532894121184,1.4485180377960205,98400.0
1985-02-28,1.4485180377960205,1.4485180377960205,1.4282590442604117,1.4485180377960205,2228800.0
1985-03-01,1.4485178965724719,1.4535826444625854,1.4434531486823583,1.4535826444625854,292000.0
1985-03-04,1.4485175883043624,1.4485175883043624,1.4079996138063382,1.4130643606185913,428000.0
1985-03-05,1.4130646209065005,1.4130646209065005,1.397870377670947,1.407999873161316,323200.0
1985-03-06,1.4079994343696758,1.43838791137046,1.4079994343696758,1.4282584190368652,863200.0
1985-03-07,1.4282584190368652,1.4282584190368652,1.4079994343696758,1.4282584190368652,115200.0
1985-03-08,1.4282584190368652,1.448517403704055,1.4181289267032704,1.4282584190368652,329600.0
1985-03-11,1.4282597553687588,1.4333245062743216,1.4181302535576328,1.4231950044631958,36800.0
1985-03-12,1.4231947903122222,1.4231947903122222,1.4080005398818425,1.4181300401687622,124000.0
1985-03-13,1.4181300401687622,1.4181300401687622,1.4029357897383827,1.4181300401687622,85600.0
1985-03-14,1.4181300401687622,1.4181300401687622,1.4029357897383827,1.4181300401687622,141600.0
1985-03-15,1.413065388150837,1.413065388150837,1.3928063861701798,1.3978711366653442,408800.0
1985-03-18,1.3978710395949228,1.4181300401687622,1.3978710395949228,1.4181300401687622,63200.0
1985-03-19,1.4181291074308442,1.4181291074308442,1.3978701201818322,1.4130643606185913,250400.0
1985-03-20,1.4130652900253025,1.433324290599142,1.4080005398818425,1.4181300401687622,235200.0
1985-03-21,1.4181291074308442,1.4181291074308442,1.402934866994085,1.4130643606185913,195200.0
1985-03-22,1.4181294092317906,1.4535826444625854,1.4181294092317906,1.4535826444625854,1308000.0
1985-03-25,1.4535827861799226,1.4535827861799226,1.4434532894121184,1.4485180377960205,100000.0
1985-03-26,1.448517884003831,1.483971118927002,1.448517884003831,1.483971118927002,436800.0
1985-03-27,1.4839717616906036,1.5346192620896004,1.4738422616108042,1.4991660118103027,779200.0
1985-03-28,1.4991660118103027,1.4991660118103027,1.4839717616906036,1.4991660118103027,64000.0
1985-03-29,1.4991661804873926,1.4991661804873926,1.4789071780483738,1.4890366792678833,728800.0
1985-04-01,1.4890358667731691,1.4941006146193363,1.4789063710808346,1.483971118927002,282400.0
1985-04-02,1.483971118927002,1.4991653624655035,1.483971118927002,1.483971118927002,762400.0
1985-04-03,1.483970184032231,1.483970184032231,1.4687759500660307,1.478905439376831,592000.0
1985-04-04,1.478905439376831,1.478905439376831,1.4586464607552305,1.478905439376831,280800.0
1985-04-08,1.4789066775091764,1.4941009241959144,1.4637124308224383,1.4687771797180176,186400.0
1985-04-09,1.4687771797180176,1.473841928613597,1.4383886863445414,1.4687771797180176,559200.0
1985-04-10,1.4789059735960879,1.4941002130508423,1.4789059735960879,1.4941002130508423,207200.0
1985-04-11,1.4941014298776378,1.4991661804873926,1.4890366792678833,1.4890366792678833,135200.0
1985-04-12,1.4890354665659242,1.4991649595357603,1.4789059735960879,1.4941002130508423,2048800.0
1985-04-15,1.4991651349419715,1.5092946290969849,1.4991651349419715,1.5092946290969849,519200.0
1985-04-16,1.5092944525055967,1.5143591989905147,1.483970720081006,1.4941002130508423,104000.0
1985-04-17,1.4941001317174138,1.5143591165542603,1.4941001317174138,1.5143591165542603,226400.0
1985-04-18,1.5143593339125314,1.5295535747210185,1.5092945869763692,1.5194240808486938,665600.0
1985-04-19,1.5295528867237054,1.5802003333039605,1.5295528867237054,1.575135588645935,203200.0
1985-04-22,1.5751373939216138,1.6207201480865479,1.5751373939216138,1.6207201480865479,1535200.0
1985-04-23,1.62071904049644,1.62071904049644,1.5903305584871317,1.6004600524902344,2025600.0
1985-04-24,1.600460910797119,1.600460910797119,1.5953961610794067,1.5953961610794067,184000.0
1985-04-25,1.5953953817205608,1.6207191179383476,1.5953953817205608,1.610589623451233,246400.0
1985-04-26,1.610589623451233,1.6207191179383476,1.6004601289641183,1.610589623451233,144000.0
1985-04-29,1.610590003642374,1.6308489973988818,1.605525255203247,1.605525255203247,100800.0
1985-04-30,1.6055248762076757,1.6207191179383476,1.5903306344770036,1.610589623451233,2396000.0
1985-05-01,1.6105903136502406,1.6156550630642352,1.5903313159942627,1.5903313159942627,90400.0
1985-05-02,1.600461146235466,1.6207201480865479,1.600461146235466,1.6207201480865479,244800.0
1985-05-03,1.6207201480865479,1.6257848985493184,1.610590647161007,1.6207201480865479,351200.0
1985-05-06,1.62071904049644,1.62071904049644,1.6004600524902346,1.6004600524902344,82400.0
1985-05-07,1.6004600524902346,1.6105895464933373,1.6004600524902346,1.6004600524902344,2203200.0
1985-05-08,1.6004608148222517,1.6055255642362463,1.5903313159942627,1.5903313159942627,120000.0
1985-05-09,1.5852668312462892,1.5852668312462892,1.5599430799484253,1.5599430799484253,326400.0
1985-05-10,1.570071654442029,1.600460138076391,1.570071654442029,1.5802011489868164,488800.0
1985-05-13,1.580201657018929,1.630849146025946,1.580201657018929,1.6257843971252441,800000.0
1985-05-14,1.6257842105847817,1.6561727005022542,1.6257842105847817,1.640978455543518,1464000.0
1985-05-15,1.640977916367557,1.6713663963002896,1.640977916367557,1.6561721563339233,1388800.0
1985-05-16,1.656172921440818,1.6814966664169775,1.6511081724455863,1.6713671684265137,216800.0
1985-05-17,1.6713664467845644,1.7017549276351926,1.6713664467845644,1.7017549276351929,219200.0
1985-05-20,1.7118844565223246,1.7422729379990523,1.7118844565223246,1.7220139503479004,533600.0
1985-05-21,1.7220135727935522,1.73214306439822,1.7017545895842163,1.7270783185958862,242400.0
1985-05-22,1.7270793410447927,1.7321440898455105,1.706820345841921,1.7118850946426392,128000.0
1985-05-23,1.7118857906250182,1.7118857906250182,1.691626787185669,1.691626787185669,152000.0
1985-05-24,1.681496230567374,1.681496230567374,1.6409782491079192,1.6612372398376465,1465600.0
1985-05-28,1.6612372398376467,1.6663019875200784,1.6511077444727829,1.6612372398376465,1761600.0
1985-05-29,1.6561728905294544,1.6561728905294544,1.6207196482245425,1.6257843971252441,67200.0
1985-05-30,1.6308480323629178,1.6764307413420054,1.6308480323629178,1.6663012504577637,691200.0
1985-05-31,1.666302373610347,1.6814966201782227,1.6561728758984302,1.6814966201782227,887200.0
1985-06-03,1.681496164949999,1.6865609124347882,1.6612371750108423,1.67643141746521,569600.0
1985-06-04,1.681495975045597,1.7321434441734764,1.681495975045597,1.7220139503479004,193600.0
1985-06-05,1.7220145922440748,1.7321440898455105,1.7017555970412033,1.7118850946426392,1598400.0
1985-06-06,1.711884421252069,1.727078661677383,1.6916254340183166,1.7017549276351929,679200.0
1985-06-07,1.7017549626967488,1.7321434441734764,1.6966902157839607,1.7220139503479004,205600.0
1985-06-10,1.7220149512888738,1.7372092008590698,1.7169502014321418,1.7372092008590698,344800.0
1985-06-11,1.7422731680677115,1.7574674108124881,1.7422731680677115,1.752402663230896,753600.0
1985-06-12,1.7524034504292656,1.7524034504292656,1.7220149512888738,1.7372092008590698,184800.0
1985-06-13,1.737209414673406,1.747338915633601,1.7321446641933087,1.7422741651535034,414400.0
1985-06-14,1.747338227156935,1.7625324726104736,1.747338227156935,1.7625324726104736,193600.0
1985-06-17,1.7625327343899508,1.7726622328634563,1.7524032359164454,1.7574679851531982,228800.0
1985-06-18,1.7524027510693199,1.7524027510693199,1.732143759727478,1.732143759727478,130400.0
1985-06-19,1.722015292344693,1.722015292344693,1.691626787185669,1.691626787185669,191200.0
1985-06-20,1.6916254340183166,1.7017549276351926,1.6814959404014405,1.7017549276351929,113600.0
1985-06-21,1.7017554907963193,1.7625324726104736,1.6865612453427807,1.7625324726104736,260800.0
1985-06-24,1.7524028045543727,1.7524028045543727,1.727079064604165,1.747338056564331,172000.0
1985-06-25,1.7574677241259606,1.7675972210949864,1.7574677241259606,1.7625324726104736,984800.0
1985-06-26,1.7625324276515417,1.7777266727175032,1.7574676792962212,1.7726619243621826,130400.0
1985-06-27,1.7726629717737181,1.7878572258174927,1.7625334690778682,1.777727723121643,1173600.0
1985-06-28,1.7726619695794994,1.7726619695794994,1.7574677241259606,1.7625324726104736,147200.0
1985-07-01,1.7574684165937957,1.7574684165937957,1.7270799137132113,1.7422741651535034,142400.0
1985-07-02,1.7473380565643313,1.7574675525444143,1.7473380565643313,1.747338056564331,56800.0
1985-07-03,1.7473379156493036,1.7625321583940803,1.7473379156493036,1.752402663230896,57600.0
1985-07-05,1.7574677241259606,1.7625324726104736,1.7574677241259606,1.7625324726104736,174400.0
1985-07-08,1.7625324726104736,1.7675972210949864,1.7574677241259606,1.7625324726104736,141600.0
1985-07-09,1.7625331838137706,1.787856936454773,1.7625331838137706,1.787856936454773,576000.0
1985-07-10,1.7878555266017262,1.7929202731360088,1.7726612869988787,1.7827907800674438,215200.0
1985-07-11,1.7777267180640122,1.7777267180640122,1.742273478672422,1.7625324726104736,380800.0
1985-07-12,1.7625324726104736,1.7625324726104736,1.7321439817033966,1.7625324726104736,214400.0
1985-07-15,1.7625324276515417,1.7827914210728237,1.7524029309409006,1.7726619243621826,195200.0
1985-07-16,1.777727435398372,1.787856936454773,1.777727435398372,1.787856936454773,208000.0
1985-07-17,1.787856936454773,1.787856936454773,1.7827921859265725,1.787856936454773,97600.0
1985-07-18,1.787856936454773,1.787856936454773,1.777727435398372,1.787856936454773,129600.0
1985-07-19,1.7878556042741247,1.79798509778276,1.782790857519807,1.7929203510284424,326400.0
1985-07-22,1.7878555266017262,1.7878555266017262,1.7524023008617486,1.7827907800674438,272000.0
1985-07-23,1.7827917313369617,1.79798597904722,1.74227373744294,1.7574679851531982,92800.0
1985-07-24,1.7524031041616417,1.7524031041616417,1.6814966201782227,1.6814966201782227,172800.0
1985-07-25,1.6814954867841263,1.6865602322262472,1.6612365050156428,1.6663012504577637,148800.0
1985-07-26,1.661237448821833,1.661237448821833,1.640978455543518,1.640978455543518,80800.0
1985-07-29,1.6359143994748593,1.6359143994748593,1.600461146235466,1.6207201480865479,1417600.0
1985-07-30,1.6156543706947903,1.6156543706947903,1.6004601289641183,1.610589623451233,586400.0
1985-07-31,1.6156549294789633,1.6713671684265137,1.6156549294789633,1.6713671684265137,1322400.0
1985-08-01,1.6713671224663056,1.7017556156020566,1.666302373610347,1.6814966201782227,3260800.0
1985-08-02,1.6814966664169775,1.6865614154122093,1.6663024194312819,1.6713671684265137,471200.0
1985-08-05,1.6713671684265137,1.6713671684265137,1.6663024194312819,1.6713671684265137,208000.0
1985-08-06,1.6713669454609905,1.6764316937805692,1.640978455543518,1.640978455543518,1348800.0
1985-08-07,1.6409791749099205,1.6409791749099205,1.6004611705911571,1.6156554222106934,240800.0
1985-08-08,1.6156554222106934,1.6156554222106934,1.6055259211310025,1.6156554222106934,1279200.0
1985-08-09,1.6055255642362463,1.6055255642362463,1.570072318338285,1.5903313159942627,1339200.0
1985-08-12,1.5802011489868164,1.5802011489868164,1.570071654442029,1.5802011489868164,188000.0
1985-08-13,1.5802011920559793,1.5802011920559793,1.559942202414236,1.5700716972351074,231200.0
1985-08-14,1.570071642095957,1.5751363893285248,1.5498126531656868,1.5548774003982544,240000.0
1985-08-15,1.5548776610224855,1.559942409103992,1.539683416777966,1.549812912940979,1355200.0
1985-08-16,1.549812912940979,1.559942409103992,1.5447481648594725,1.549812912940979,1775200.0
1985-08-19,1.549812912940979,1.549812912940979,1.5447481648594725,1.549812912940979,116000.0
1985-08-20,1.549812912940979,1.559942409103992,1.549812912940979,1.549812912940979,316800.0
1985-08-21,1.5498118653558075,1.5802003333039605,1.5498118653558075,1.575135588645935,593600.0
1985-08-22,1.5751364446455434,1.5802011920559793,1.5700716972351076,1.5700716972351074,1243200.0
1985-08-23,1.5700708439879096,1.5802003333039605,1.5700708439879096,1.575135588645935,1335200.0
1985-08-26,1.575135588645935,1.575135588645935,1.5700708439879096,1.575135588645935,188800.0
1985-08-27,1.5700725804675708,1.5700725804675708,1.5498135794292796,1.5599430799484253,200000.0
1985-08-28,1.5498126960191572,1.5498126960191572,1.5295537065287106,1.5447479486465454,417600.0
1985-08-29,1.544747905933119,1.559942147630822,1.544747905933119,1.5548774003982544,1324000.0
1985-08-30,1.5498130029400452,1.5498130029400452,1.4991655191838347,1.529554009437561,1547200.0
1985-09-03,1.529554009437561,1.529554009437561,1.5143597643106979,1.529554009437561,132800.0
1985-09-04,1.5244888703295048,1.5244888703295048,1.4941003878644648,1.5092946290969849,354400.0
1985-09-05,1.5092943703450488,1.5194238627634717,1.4991648779266256,1.5143591165542603,210400.0
1985-09-06,1.5143594314093607,1.5295536731960766,1.509294684147122,1.524488925933838,73600.0
1985-09-09,1.5194240808486938,1.5194240808486938,1.5092945869763692,1.5194240808486938,87200.0
1985-09-10,1.5194245126863188,1.534618757813182,1.5194245126863188,1.529554009437561,60000.0
1985-09-11,1.5244891016963398,1.5244891016963398,1.483971118927002,1.483971118927002,108800.0
1985-09-12,1.473841905593872,1.473841905593872,1.4586476591444506,1.473841905593872,185600.0
1985-09-13,1.4738420955836773,1.4738420955836773,1.443453598767519,1.4586478471755981,477600.0
1985-09-16,1.4586475345638248,1.463712282947727,1.4485180377960205,1.4485180377960205,49600.0
1985-09-17,1.4485175036710058,1.4485175036710058,1.423193771089345,1.4333232641220093,204800.0
1985-09-18,1.428259540455682,1.428259540455682,1.3725472888776236,1.4181300401687622,1700000.0
1985-09-19,1.4181295474926074,1.4586475345638248,1.4181295474926074,1.4485180377960205,434400.0
1985-09-20,1.448517722982756,1.4687767121153819,1.4383882284164429,1.4383882284164429,670400.0
1985-09-23,1.443453598767519,1.4586478471755981,1.443453598767519,1.4586478471755981,368000.0
1985-09-24,1.4586478471755981,1.4637125966449578,1.4586478471755981,1.4586478471755981,606400.0
1985-09-25,1.4586471959164267,1.4586471959164267,1.4434529542922974,1.4434529542922974,535200.0
1985-09-26,1.4434540080854477,1.4434540080854477,1.4231950044631958,1.4231950044631958,255200.0
1985-09-30,1.4231950044631958,1.4282597553687588,1.402936000840944,1.4231950044631958,286400.0
1985-10-01,1.4231941571219042,1.4839711318032667,1.4231941571219042,1.4535826444625854,412800.0
1985-10-02,1.4535821498708523,1.4687763883712444,1.4282584190368652,1.4282584190368652,651200.0
1985-10-03,1.42825873385013,1.4383882284164429,1.407999744717504,1.4383882284164429,223200.0
1985-10-04,1.43838791137046,1.43838791137046,1.4079994343696758,1.4282584190368652,458400.0
1985-10-07,1.428258517605677,1.4333232641220093,1.4181290245730127,1.4333232641220093,165600.0
1985-10-08,1.4333234811332864,1.4535824702659124,1.4333234811332864,1.4383882284164429,77600.0
1985-10-09,1.4485177350291745,1.4637119770050049,1.4485177350291745,1.4637119770050049,218400.0
1985-10-10,1.4637112054106307,1.4940996733430314,1.4637112054106307,1.478905439376831,132800.0
1985-10-11,1.48903559923172,1.5194240808486938,1.48903559923172,1.5194240808486938,299200.0
1985-10-14,1.5396832012739339,1.5548774433917687,1.5396832012739339,1.5447479486465454,306400.0
1985-10-15,1.5447479601829284,1.5751364446455434,1.5346184653620567,1.5700716972351074,1308000.0
1985-10-16,1.570071654442029,1.5852658962592099,1.570071654442029,1.5802011489868164,216800.0
1985-10-17,1.5802011920559793,1.5802011920559793,1.5700716972351076,1.5700716972351074,292800.0
1985-10-18,1.5700708439879096,1.5802003333039605,1.5599413546718586,1.575135588645935,1296800.0
1985-10-21,1.5751373307271437,1.5802020809867166,1.5599430799484253,1.5599430799484253,1298400.0
1985-10-22,1.559942202414236,1.5751364446455434,1.559942202414236,1.5700716972351074,55200.0
1985-10-23,1.570071654442029,1.5802011489868164,1.570071654442029,1.5802011489868164,93600.0
1985-10-24,1.580201817166274,1.5903313159942627,1.5751370677522794,1.5903313159942627,85600.0
1985-10-25,1.5903298226200115,1.5903298226200115,1.5700708439879096,1.575135588645935,1429600.0
1985-10-28,1.5751367062812485,1.5751367062812485,1.559942461526124,1.565007209777832,1396000.0
1985-10-29,1.565007209777832,1.5751367062812485,1.5498129650227075,1.565007209777832,83200.0
1985-10-30,1.5700716972351076,1.5751364446455434,1.5700716972351076,1.5700716972351074,142400.0
1985-10-31,1.57007151518386,1.5852657556533813,1.57007151518386,1.5852657556533813,88800.0
1985-11-01,1.5852662614467392,1.605525255203247,1.5852662614467392,1.605525255203247,1847200.0
1985-11-04,1.6055259211310025,1.6308496738302296,1.6055259211310025,1.6156554222106934,1700800.0
1985-11-05,1.615654752081501,1.6207195005206279,1.60046050676412,1.605525255203247,96000.0
1985-11-06,1.6055255642362463,1.6207198124782296,1.5852665665802683,1.5903313159942627,505600.0
1985-11-07,1.5903305584871317,1.6055247994917858,1.5852658114855804,1.6004600524902344,155200.0
1985-11-08,1.6004600524902346,1.6105895464933373,1.6004600524902346,1.6004600524902344,1356800.0
1985-11-11,1.6004601289641183,1.610589623451233,1.5903306344770036,1.610589623451233,1490400.0
1985-11-12,1.6105895390421707,1.6359132739327709,1.6055247920640507,1.6308485269546509,264800.0
1985-11-13,1.6308489589043604,1.640978455543518,1.6308489589043604,1.640978455543518,148000.0
1985-11-14,1.640977916367557,1.6663016496448342,1.640977916367557,1.6561721563339233,187200.0
1985-11-15,1.656171759573522,1.6713659958998845,1.6409775232471593,1.6663012504577637,419200.0
1985-11-18,1.6663035286797416,1.6916272905137804,1.6561740239461262,1.6865625381469727,168800.0
1985-11-19,1.6764314828849423,1.6764314828849423,1.6612372398376467,1.6612372398376465,423200.0
1985-11-20,1.6713677837463197,1.691626787185669,1.6713677837463197,1.691626787185669,173600.0
1985-11-21,1.6916259303021786,1.6966906785964964,1.6663021888305891,1.6966906785964966,229600.0
1985-11-22,1.6966901808267547,1.7017549276351926,1.6966901808267547,1.7017549276351929,404000.0
1985-11-25,1.7017555970412033,1.711885094642639,1.681496601838332,1.7118850946426392,210400.0
1985-11-26,1.711884421252069,1.716949168060507,1.6916254340183166,1.7017549276351929,798400.0
1985-11-27,1.7017549276351926,1.7068196744436308,1.6916254340183166,1.7017549276351929,1847200.0
1985-11-29,1.7017567952473958,1.7068215476142035,1.6814977857801647,1.6865625381469727,1400000.0
1985-12-02,1.6814966664169775,1.6814966664169775,1.6612376704360499,1.6713671684265137,117600.0
1985-12-03,1.6612365640745572,1.6612365640745572,1.6308480903414861,1.6511070728302002,273600.0
1985-12-04,1.6511081724455863,1.6713671684265137,1.6409786744551225,1.6713671684265137,982400.0
1985-12-05,1.6713667352025103,1.6713667352025103,1.6561724921552148,1.6612372398376465,1018400.0
1985-12-06,1.6713671684265137,1.6865614154122093,1.6713671684265137,1.6713671684265137,248800.0
1985-12-09,1.6814959404014405,1.7017549276351926,1.6814959404014405,1.7017549276351929,196800.0
1985-12-10,1.7017561613127243,1.7422741651535034,1.6865619098724323,1.7422741651535034,661600.0
1985-12-11,1.7422741651535034,1.7574684165937957,1.7321446641933087,1.7422741651535034,194400.0
1985-12-12,1.7422728077931837,1.7827907800674438,1.7422728077931837,1.7827907800674438,307200.0
1985-12-13,1.787856767243809,1.8233100175857544,1.787856767243809,1.8233100175857544,1650400.0
1985-12-16,1.823309517963441,1.848633261268489,1.813180020641422,1.8283742666244507,633600.0
1985-12-17,1.8283742049199132,1.8739569413306592,1.8283742049199132,1.8688921928405762,520800.0
1985-12-18,1.868891219190649,1.8790207108935792,1.8638264733391838,1.8739559650421143,351200.0
1985-12-19,1.8739559650421143,1.8739559650421143,1.8536969816362534,1.8739559650421143,333600.0
1985-12-20,1.8739568294688342,1.8942158222198486,1.863827333093327,1.8942158222198486,828000.0
1985-12-23,1.8942150484840825,1.9094092868409067,1.8739560640083168,1.8790208101272583,122400.0
1985-12-24,1.8739567151082779,1.8739567151082779,1.8233092363215675,1.8385034799575806,648800.0
1985-12-26,1.838504099714163,1.8435688493001525,1.8334393501281736,1.8334393501281738,327200.0
1985-12-27,1.8334393735682026,1.8385041232189434,1.8030508756637573,1.8030508756637573,596800.0
1985-12-30,1.79798509778276,1.79798509778276,1.782790857519807,1.7929203510284424,249600.0
1985-12-31,1.7929213534402582,1.8334393501281736,1.7878566038542687,1.8334393501281738,424800.0
1986-01-02,1.8233098742667209,1.8233098742667209,1.7827918770607938,1.8030508756637573,261600.0
1986-01-03,1.8030501387032476,1.8081148862838747,1.7878558959613662,1.8081148862838745,187200.0
1986-01-06,1.8081157674392063,1.8283747676346036,1.7979862673415077,1.8233100175857544,116000.0
1986-01-07,1.8233076509991064,1.8334371379491015,1.8182429075241089,1.8182429075241089,308800.0
1986-01-08,1.8182440058074214,1.823308752341704,1.7827907800674438,1.7827907800674438,530400.0
1986-01-09,1.7827911483807393,1.8131796338645016,1.7827911483807393,1.8081148862838745,1024800.0
1986-01-10,1.803049766204574,1.803049766204574,1.7726612869988787,1.7827907800674438,402400.0
1986-01-13,1.7827921859265725,1.787856936454773,1.777727435398372,1.787856936454773,784800.0
1986-01-14,1.787856936454773,1.787856936454773,1.7726626848701716,1.787856936454773,323200.0
1986-01-15,1.7878549864094033,1.7878549864094033,1.7675960063934326,1.7675960063934326,375200.0
1986-01-16,1.7675969059756724,1.7675969059756724,1.7422731680677115,1.752402663230896,534400.0
1986-01-17,1.752402663230896,1.752402663230896,1.7422731680677115,1.752402663230896,264800.0
1986-01-20,1.7473381615396755,1.7473381615396755,1.6814964337135427,1.6966906785964966,498400.0
1986-01-21,1.6966904074043665,1.7017551548891556,1.6612371750108423,1.67643141746521,1001600.0
1986-01-22,1.6612369029893788,1.6612369029893788,1.6460426630230125,1.6561721563339233,193600.0
1986-01-23,1.656171759573522,1.6663012504577637,1.620718541478676,1.6663012504577637,2154400.0
1986-01-24,1.6663024194312819,1.6814966664169775,1.656172921440818,1.6713671684265137,1836800.0
1986-01-27,1.6713667352025103,1.681496230567374,1.6511077444727829,1.6612372398376465,367200.0
1986-01-28,1.6612372398376467,1.6713667352025103,1.6511077444727829,1.6612372398376465,518400.0
1986-01-29,1.661237440536271,1.7068201751851322,1.661237440536271,1.6966906785964966,852800.0
1986-01-30,1.6966906785964964,1.7118849234794502,1.676431685419225,1.6966906785964966,1629600.0
1986-01-31,1.696690439833382,1.752402663230896,1.6865609446701975,1.752402663230896,1893600.0
1986-02-03,1.7524039663820183,1.7827924744695678,1.7422744636861687,1.777727723121643,517600.0
1986-02-04,1.7777277231216428,1.7878572258174927,1.7574687177299433,1.777727723121643,931200.0
1986-02-05,1.7777266727175032,1.7929209177834649,1.7675971760068623,1.7726619243621826,590400.0
1986-02-06,1.7726612869988787,1.7827907800674438,1.7524023008617486,1.7827907800674438,1860800.0
1986-02-07,1.7827907800674438,1.7929202731360088,1.7625317939303138,1.7827907800674438,2558400.0
1986-02-10,1.7827897031991262,1.8182429075241089,1.7827897031991262,1.8182429075241089,372000.0
1986-02-11,1.8182443814451288,1.823309129025756,1.8030501387032476,1.8081148862838745,516000.0
1986-02-12,1.8081151696997628,1.813179918074272,1.7827914278272172,1.7979856729507446,209600.0
1986-02-13,1.7979862673415077,1.8233100175857544,1.7827920171949598,1.8233100175857544,1720800.0
1986-02-14,1.8233094564298304,1.8688921928405762,1.8182447079397475,1.8688921928405762,1224000.0
1986-02-18,1.8688916178501171,1.8688916178501171,1.8435678831909015,1.863826870918274,1836800.0
1986-02-19,1.8638263158900763,1.8992795338553767,1.858761570466462,1.8840852975845337,1319200.0
1986-02-20,1.8840851632774978,1.9195383787155154,1.879020418214924,1.9195383787155151,805600.0
1986-02-21,1.9296692754283098,2.0056405067443848,1.9296692754283098,2.0056405067443848,1826400.0
1986-02-24,2.00564095955952,2.015770459355275,1.9853819599680096,2.0107057094573975,369600.0
1986-02-25,2.010705332602224,2.0410938262939453,1.9955110857563634,2.0410938262939453,1718400.0
1986-02-26,2.0360291703303055,2.0360291703303055,2.010705424430675,2.0208349227905273,432800.0
1986-02-27,2.030963915687988,2.081611394882202,2.030963915687988,2.081611394882202,709600.0
1986-02-28,2.081611394882202,2.081611394882202,2.081611394882202,2.081611394882202,0.0
1986-03-03,2.0816112871523256,2.0866760348096305,2.0258990629219715,2.051222801208496,489600.0
1986-03-04,2.0512233241911857,2.061352822088426,2.0410938262939453,2.0410938262939453,2920800.0
1986-03-05,2.0309627056121826,2.0309627056121826,2.0107037260050786,2.0309627056121826,1615200.0
1986-03-06,2.030964328396705,2.0461585752425657,2.0208348304994646,2.0410938262939453,468000.0
1986-03-07,2.0410932413503238,2.0664169788360596,2.0410932413503238,2.0664169788360596,922400.0
1986-03-10,2.0664169572676307,2.0816111996004807,2.03602847260193,2.071481704711914,755200.0
1986-03-11,2.0714825170585907,2.1018710136413574,2.0562882687672075,2.1018710136413574,822400.0
1986-03-12,2.1018698840465357,2.106934630755082,2.0866756439208984,2.0866756439208984,836800.0
1986-03-13,2.0866761428016236,2.091740890721045,2.0664171511239378,2.081611394882202,227200.0
1986-03-14,2.0816108972123524,2.0866756439208984,2.061351910378169,2.0866756439208984,488000.0
1986-03-17,2.076545409728167,2.076545409728167,2.0309627056121826,2.0309627056121826,351200.0
1986-03-18,2.0309644211503795,2.086676662129567,2.0208349227905273,2.0208349227905273,308000.0
1986-03-19,2.020834053618999,2.0309635476221013,1.9955103186112417,2.000575065612793,523200.0
1986-03-20,2.0005750027134193,2.020833990082669,2.0005750027134193,2.0157692432403564,104000.0
1986-03-21,2.0157701736106013,2.0309644211503795,2.0056406752507487,2.0208349227905273,612000.0
1986-03-24,2.0208346167607094,2.041093610412446,1.9955108746960388,2.0360288619995117,531200.0
1986-03-25,2.0360282306096065,2.0360282306096065,2.0157692432403564,2.0157692432403564,280000.0
1986-03-26,2.01070525549879,2.01070525549879,1.98031676297236,2.0056405067443848,450400.0
1986-03-27,2.0056398126143447,2.015769306617447,1.9904455716096903,2.000575065612793,776000.0
1986-03-31,2.0056405067443848,2.03096425051641,2.0056405067443848,2.0056405067443848,516800.0
1986-04-01,2.0056400522589684,2.020834295079112,1.9448630809783936,1.9448630809783936,404000.0
1986-04-02,1.9549922111706854,1.9853806911370693,1.9549922111706854,1.9752511978149414,1360000.0
1986-04-03,1.9752523899078367,2.0360293865203856,1.9499286413192747,1.949928641319275,872000.0
1986-04-04,1.9499286413192747,2.0056408882141112,1.9499286413192747,1.949928641319275,627200.0
1986-04-07,1.9499287828994591,1.9853820334976313,1.9499287828994591,1.970187783241272,362400.0
1986-04-08,1.970187710274377,2.015770459355275,1.970187710274377,2.0107057094573975,343200.0
1986-04-09,2.0157701736106013,2.046158668690158,2.0157701736106013,2.0208349227905273,688000.0
1986-04-10,2.0208332158086306,2.0562864301210624,2.0208332158086306,2.0309627056121826,313600.0
1986-04-11,2.0309637251576467,2.1018701893776144,2.0258989777133634,2.071481704711914,721600.0
1986-04-14,2.0714827283070636,2.106935977935791,2.0714827283070636,2.106935977935791,492800.0
1986-04-15,2.1069349593934126,2.1271939493875798,2.0968054643963288,2.122129201889038,498400.0
1986-04-16,2.1221299221465637,2.1879716619745,2.1221299221465637,2.1727774143218994,711200.0
1986-04-17,2.1727761812940276,2.1980999130107413,2.147452449577314,2.182905673980713,286400.0
1986-04-18,2.182906986923393,2.2284897314299137,2.172777488144166,2.20823073387146,376800.0
1986-04-21,2.208230168169195,2.2487481529062445,2.1930359238928014,2.2284891605377197,178400.0
1986-04-22,2.2284893053925066,2.2386188022352,2.132259085386921,2.1423885822296143,547200.0
1986-04-23,2.1423885822296143,2.147453330650961,2.132259085386921,2.1423885822296143,456800.0
1986-04-24,2.1423883000542134,2.16771203882554,2.1423883000542134,2.152517795562744,1436000.0
1986-04-25,2.152517795562744,2.1778415343340702,2.1474530478084786,2.152517795562744,1379200.0
1986-04-28,2.1778417232374077,2.2436834497538873,2.1778417232374077,2.2183597087860107,868800.0
1986-04-29,2.2183581524425082,2.2335523863633475,2.1727754506799912,2.18796968460083,356000.0
1986-04-30,2.187971685534326,2.2082306826226064,2.167712688446045,2.167712688446045,677600.0
1986-05-01,2.1575842943236725,2.1575842943236725,2.1373252868652344,2.1373252868652344,1566400.0
1986-05-02,2.137323068535846,2.1474525617516558,2.0968050956726074,2.0968050956726074,1500800.0
1986-05-05,2.106935646420433,2.137324141320728,2.106935646420433,2.12719464302063,407200.0
1986-05-06,2.117065477829713,2.117065477829713,2.0968064780418687,2.106935977935791,416000.0
1986-05-07,2.106935646420433,2.137324141320728,2.106935646420433,2.12719464302063,344000.0
1986-05-08,2.117065477829713,2.117065477829713,2.106935977935791,2.106935977935791,1359200.0
1986-05-09,2.111999988555908,2.122129484903898,2.111999988555908,2.111999988555908,1910400.0
1986-05-12,2.111999377463628,2.1170641241721735,2.0816108972123524,2.0866756439208984,333600.0
1986-05-13,2.0866756439208984,2.111999377463628,2.0765461505038068,2.0866756439208984,292000.0
1986-05-14,2.086675602456798,2.117064082104227,2.086675602456798,2.0968050956726074,572000.0
1986-05-15,2.096806455888678,2.1069359556755796,2.0562884567410706,2.0613532066345215,1689600.0
1986-05-16,2.0613522313389123,2.071481726333207,2.051222736344618,2.0664169788360596,1752800.0
1986-05-19,2.0664175786348578,2.0968060724383117,2.0664175786348578,2.0917413234710693,167200.0
1986-05-20,2.0917403490647026,2.1119993354963222,2.081610855848893,2.0968050956726074,250400.0
1986-05-21,2.106935646420433,2.132259392170679,2.106935646420433,2.12719464302063,167200.0
1986-05-22,2.1322583528059833,2.1879705662997266,2.1322583528059833,2.1474525928497314,636800.0
1986-05-23,2.152518865674041,2.1829073673070862,2.152518865674041,2.177842617034912,796800.0
1986-05-27,2.182906986923393,2.2234249820403003,2.182906986923393,2.20823073387146,209600.0
1986-05-28,2.2082302123988597,2.2436834497538873,2.198100716011709,2.2183597087860107,999200.0
1986-05-29,2.218358458304892,2.2386174396592744,2.218358458304892,2.2335526943206787,15733600.0
1986-05-30,2.223424324581215,2.2487480640411377,2.223424324581215,2.2487480640411377,6500800.0
1986-06-02,2.254050987417048,2.259150650284507,2.2336523359472102,2.243851661682129,314400.0
1986-06-03,2.238752799970571,2.2642511234326506,2.2336531352781552,2.2591514587402344,154400.0
1986-06-04,2.2438525280636017,2.2642511874096347,2.228553533554077,2.228553533554077,192000.0
1986-06-05,2.218353347344832,2.243851661682129,2.213253684477373,2.243851661682129,84000.0
1986-06-06,2.254050987417048,2.259150650284507,2.2336523359472102,2.243851661682129,367200.0
1986-06-09,2.2489520142637107,2.2540516786951477,2.192855705517904,2.197955369949341,497600.0
1986-06-10,2.2081546988122147,2.2081546988122147,2.1826563766550295,2.197955369949341,141600.0
1986-06-11,2.1979553905122486,2.1979553905122486,2.1724570681165147,2.187756061553955,318400.0
1986-06-12,2.1826574762567414,2.1826574762567414,2.1112621382483434,2.1367604732513428,348800.0
1986-06-13,2.152058390066408,2.2081546988122147,2.152058390066408,2.197955369949341,602400.0
1986-06-16,2.1979540514725224,2.2081533742171744,2.1877547287278705,2.2030537128448486,590400.0
1986-06-17,2.1928554293753084,2.228553075900023,2.1928554293753084,2.218353748321533,294400.0
1986-06-18,2.2336530685424805,2.2336530685424805,2.2030550813021725,2.2336530685424805,104000.0
1986-06-19,2.2234532833099365,2.2285529468037666,2.203054629334616,2.2234532833099365,386400.0
1986-06-20,2.213254410382275,2.2336530685424805,2.1928557522220697,2.2336530685424805,540000.0
1986-06-23,2.223454087694115,2.223454087694115,2.182656764984131,2.182656764984131,146400.0
1986-06-24,2.1877557324691557,2.1877557324691557,2.1622574139089092,2.172456741333008,244800.0
1986-06-25,2.1622585041731734,2.218354833290874,2.1622585041731734,2.2132551670074463,669600.0
1986-06-26,2.2234523583341526,2.2285520197064788,2.1724557446108923,2.2030537128448486,142400.0
1986-06-27,2.2132530355895006,2.2132530355895006,2.167356083238566,2.2030537128448486,508800.0
1986-06-30,2.2081533742171744,2.2132530355895006,2.2030537128448486,2.2030537128448486,91200.0
1986-07-01,2.213254410382275,2.2336530685424805,2.2030550813021725,2.2336530685424805,566400.0
1986-07-02,2.218354422355367,2.218354422355367,2.172457434306635,2.182656764984131,1055200.0
1986-07-03,2.177556405045057,2.177556405045057,2.15715775019686,2.172456741333008,341600.0
1986-07-07,2.177558107261198,2.177558107261198,2.1010630917836384,2.1163620948791504,336000.0
1986-07-08,2.111261192490073,2.111261192490073,2.0398658864638386,2.0806632041931152,1145600.0
1986-07-09,2.0908625336254345,2.0908625336254345,2.0551648806123173,2.0806632041931152,460000.0
1986-07-10,2.0908622544946023,2.10616124660066,2.039865614141075,2.1010615825653076,258400.0
1986-07-11,2.1112624271806464,2.1163620948791504,2.0959634240851344,2.1163620948791504,210400.0
1986-07-14,2.111262565188938,2.111262565188938,2.0602658848703643,2.0653655529022217,216800.0
1986-07-15,2.075563124948418,2.075563124948418,1.968470187297517,1.983769178390503,804800.0
1986-07-16,1.9888684410734225,2.0092670917510986,1.9786691157345844,2.0092670917510986,378400.0
1986-07-17,2.019467026222753,2.034766018845653,2.0041680335998535,2.0041680335998535,158400.0
1986-07-18,1.9939684962614987,1.999068159934802,1.9582708505483772,1.9888688325881958,346400.0
1986-07-21,1.9786700335415928,1.9786700335415928,1.9531717083670876,1.9633710384368896,312800.0
1986-07-22,1.9684707569649151,1.9990687480058207,1.9582714266179466,1.9939690828323364,693600.0
1986-07-23,1.983768838012557,2.0041674893031747,1.968469849544594,1.9735695123672485,508800.0
1986-07-24,1.9633711157021698,1.9633711157021698,1.9072747981106792,1.9276734590530396,1747200.0
1986-07-25,1.9072741990353625,1.937872180838069,1.9072741990353625,1.9327725172042847,2258400.0
1986-07-28,1.9327727963129682,1.937872460683187,1.8919754813512168,1.9123741388320923,748800.0
1986-07-29,1.8970758672704033,1.9072751998901367,1.8664778694112034,1.9072751998901367,981600.0
1986-07-30,1.9174734619614993,1.968470096588135,1.897074808110845,1.9684700965881348,264000.0
1986-07-31,1.9582721379798227,1.9582721379798227,1.932773802849877,1.9429731369018555,1360000.0
1986-08-01,1.9378726913573896,1.948072021311902,1.9072747014938518,1.9174740314483643,2578400.0
1986-08-04,1.9174740531227807,1.9735703685066919,1.9021750580180776,1.9633710384368896,543200.0
1986-08-05,1.9837699781875222,1.9990689754486084,1.9735706466801313,1.9990689754486084,521600.0
1986-08-06,2.0092662509483628,2.0194655720191665,1.999066929877559,2.0143659114837646,1025600.0
1986-08-07,2.004168413179305,2.0143677435262735,1.9939690828323364,1.9939690828323364,1778400.0
1986-08-08,1.993968705184587,2.0143673620151197,1.993968705184587,2.0041680335998535,1547200.0
1986-08-11,1.9990695069358693,2.0296675095930508,1.9990695069358693,2.0245678424835205,456800.0
1986-08-12,2.0296675095930508,2.0296675095930508,2.01436850826446,2.0245678424835205,629600.0
1986-08-13,2.0194663503276766,2.0500643253326416,2.0194663503276766,2.0500643253326416,1331200.0
1986-08-14,2.0398650003309866,2.065363312835124,2.0398650003309866,2.0500643253326416,1867200.0
1986-08-15,2.0500659694766052,2.0755643024302945,2.0500659694766052,2.060265302658081,1726400.0
1986-08-18,2.055163987833469,2.0602636503342966,2.044964662831814,2.0500643253326416,168000.0
1986-08-19,2.0449663028858676,2.060265302658081,2.03986663629513,2.060265302658081,189600.0
1986-08-20,2.0500643253326416,2.0602636503342966,2.044964662831814,2.0500643253326416,172000.0
1986-08-21,2.044966484968525,2.060265486102953,2.0347671508789062,2.0347671508789062,460800.0
1986-08-22,2.024566012828504,2.055163987833469,2.0194663503276766,2.0500643253326416,360000.0
1986-08-25,2.050066152013334,2.050066152013334,2.0347671508789062,2.0347671508789062,92000.0
1986-08-26,2.0449668807747923,2.0653655529022217,2.0398672127429354,2.0653655529022217,399200.0
1986-08-27,2.0602643290176768,2.080662985740624,2.050065000656203,2.0704636573791504,12080000.0
1986-08-28,2.0755617496145384,2.090860730569928,2.0602627686591486,2.085761070251465,10240000.0
1986-08-29,2.096245765686035,2.1065214802237118,2.075694336610682,2.096245765686035,200800.0
1986-09-02,2.085967914124677,2.09110576612991,2.0500029500880443,2.0602786540985107,584000.0
1986-09-03,2.0500030854795472,2.070554494857788,2.0500030854795472,2.070554494857788,544000.0
1986-09-04,2.0705564793418434,2.096245765686035,2.0551429075353287,2.096245765686035,726400.0
1986-09-05,2.0756922101142106,2.0808300621194435,2.0500029500880443,2.0602786540985107,524800.0
1986-09-08,2.055140495300293,2.0602783465385435,2.0448647928237915,2.055140495300293,800800.0
1986-09-09,2.044865645637995,2.0500034990189953,2.024314232113995,2.029452085494995,412800.0
1986-09-10,2.024315228267592,2.024315228267592,1.9934880928117402,2.0140395164489746,1096000.0
1986-09-11,2.0089002876668363,2.0089002876668363,1.8907296825099635,1.9010053873062134,853600.0
1986-09-12,1.9010055716010346,1.9010055716010346,1.7879728078842163,1.7879728078842163,860000.0
1986-09-15,1.8085242194690923,1.8085242194690923,1.726318573129588,1.7879728078842163,637600.0
1986-09-16,1.787973151730664,1.787973151730664,1.7314567590035455,1.7776974439620972,768800.0
1986-09-17,1.7879728078842163,1.7982485136766544,1.7622835434031212,1.7879728078842163,588800.0
1986-09-18,1.7982482213025903,1.7982482213025903,1.7365939965722157,1.7571454048156738,593600.0
1986-09-19,1.76742173619353,1.777697443962097,1.746870320656396,1.7776974439620972,530400.0
1986-09-22,1.7879732976640974,1.7982490062713623,1.7725597347532,1.7982490062713623,247200.0
1986-09-23,1.8085246748019208,1.813662528991699,1.7674218412836955,1.8136625289916992,1021600.0
1986-09-24,1.8290756979296285,1.9112813472747803,1.8136621386774125,1.9112813472747803,673600.0
1986-09-25,1.9112810751666194,1.9215567798718163,1.8496268469354382,1.8907296657562256,786400.0
1986-09-26,1.8804543018341064,1.9010057149689055,1.8599028886993076,1.8804543018341064,816800.0
1986-09-29,1.8496272042187298,1.8547650575637817,1.8136622308033656,1.8547650575637817,316800.0
1986-09-30,1.83421429810603,1.859903573989868,1.7982493118686569,1.8599035739898682,538400.0
1986-10-01,1.859902873799041,1.8958678464968124,1.859902873799041,1.8701785802841187,216800.0
1986-10-02,1.8701786941205951,1.8701786941205951,1.8085244514572787,1.823938012123108,246400.0
1986-10-03,1.8290754710158257,1.8804539954825623,1.8290754710158257,1.8753161430358887,784800.0
1986-10-06,1.8701786618141776,1.8907300756802674,1.8701786618141776,1.8855922222137451,176800.0
1986-10-07,1.8855918134036271,1.8907296657562256,1.8753161086984302,1.8907296657562256,288000.0
1986-10-08,1.8907300756802674,1.8907300756802674,1.8753165152807,1.8855922222137451,98400.0
1986-10-09,1.8855918810619572,1.9010054386728177,1.8804540285250035,1.8958675861358643,180800.0
1986-10-10,1.8907297335989106,1.9010054386728177,1.8907297335989106,1.8958675861358643,84000.0
1986-10-13,1.9010053873062134,1.9061432397043383,1.8907296825099635,1.9010053873062134,36000.0
1986-10-14,1.9061420223272865,1.9112798714440715,1.8650392293930054,1.8650392293930054,148000.0
1986-10-15,1.8701786618141776,1.8855922222137451,1.8342136875485204,1.8855922222137451,404000.0
1986-10-16,1.8907297335989106,1.9010054386728177,1.8804540285250035,1.8958675861358643,176000.0
1986-10-17,1.885591847929236,1.885591847929236,1.8599025856958677,1.8753161430358887,102400.0
1986-10-20,1.8701789519366097,1.8701789519366097,1.8188004093009886,1.8342139720916748,87200.0
1986-10-21,1.8444879537854115,1.8599015021457352,1.8239365559716465,1.8393501043319702,153600.0
1986-10-22,1.829075678593695,1.8496270907127252,1.8136621195044222,1.8187999725341797,240800.0
1986-10-23,1.8290750668241453,1.8496264720693605,1.813661512890234,1.8444886207580566,405600.0
1986-10-24,1.839351572788937,1.839351572788937,1.798248744346726,1.823938012123108,260800.0
1986-10-27,1.8342134276132904,1.8496269858285284,1.803386311182815,1.829075574874878,249600.0
1986-10-28,1.839351572788937,1.8496272798994895,1.8085244514572787,1.823938012123108,183200.0
1986-10-29,1.8033865168690681,1.8136622235178947,1.782835103571415,1.8085243701934814,212800.0
1986-10-30,1.8085242664746646,1.81879997253418,1.793110707385392,1.8187999725341797,196000.0
1986-10-31,1.8085242664746646,1.81879997253418,1.8033864134449071,1.8187999725341797,188000.0
1986-11-03,1.8085246748019208,1.8239382373712554,1.8085246748019208,1.8136625289916992,151200.0
1986-11-04,1.8085242664746646,1.81879997253418,1.7982485604151495,1.8187999725341797,352000.0
1986-11-05,1.8188004093009886,1.834213972091675,1.8085247007738643,1.8342139720916748,1450400.0
1986-11-06,1.8393512803517031,1.8444891330901156,1.8187998693980527,1.829075574874878,1473600.0
1986-11-07,1.839350769446753,1.8444886207580569,1.839350769446753,1.8444886207580566,63200.0
1986-11-10,1.839351826355237,1.839351826355237,1.8290761178281127,1.8342139720916748,83200.0
1986-11-11,1.8290761178281127,1.834213972091675,1.8033868465103022,1.8342139720916748,124800.0
1986-11-12,1.839351826355237,1.8444896806187991,1.8136625550374266,1.8342139720916748,1360000.0
1986-11-13,1.8342134473670242,1.8342134473670242,1.7828349194295725,1.8033863306045532,1714400.0
1986-11-14,1.8136615377442544,1.8136615377442544,1.7725587266905602,1.7931101322174072,132000.0
1986-11-17,1.8085243701934814,1.818800076842308,1.7982486635446548,1.8085243701934814,165600.0
1986-11-18,1.8085246900232828,1.8085246900232828,1.6852161884307861,1.6852161884307861,744000.0
1986-11-19,1.6954904262508663,1.731455374686491,1.6852147266978308,1.7263175249099731,2100800.0
1986-11-20,1.7468704645934343,1.7674218818239453,1.71090548444004,1.752008318901062,2039200.0
1986-11-21,1.7674213647842407,1.7776970703934516,1.7365942479566088,1.7674213647842407,603600.0
1986-11-24,1.7468699535658194,1.7674213647842407,1.726318542347398,1.7674213647842407,468400.0
1986-11-25,1.767422044065577,1.7776977536240979,1.7057677867144523,1.7365949153900146,1066800.0
1986-11-26,1.757146028424963,1.777697443962097,1.746870320656396,1.7776974439620972,296800.0
1986-11-28,1.7571456905069023,1.7879728078842163,1.726318573129588,1.7879728078842163,322800.0
1986-12-01,1.8261555433273315,1.8261555433273315,1.7431484731760891,1.8261555433273315,362400.0
1986-12-02,1.8261562559339737,1.909163358476427,1.8261562559339737,1.8676598072052002,1000800.0
1986-12-03,1.867659302706218,1.8987869577513217,1.8261557626460798,1.8780351877212524,681600.0
1986-12-04,1.8780354867216016,1.909163146722512,1.846907826720691,1.898787260055542,667600.0
1986-12-05,1.8572839193873936,1.878035695023007,1.8261562559339737,1.8676598072052002,371600.0
1986-12-08,1.8676596290462621,1.8884114027023315,1.8054043080780533,1.8884114027023315,681200.0
1986-12-09,1.8676598072052002,1.8884115828408137,1.846908031569587,1.8676598072052002,363600.0
1986-12-10,1.8676603173410427,1.8780362079929374,1.8365326453853585,1.857284426689148,632800.0
1986-12-11,1.8780351877212524,1.888411072736287,1.8261557626460798,1.8780351877212524,601600.0
1986-12-12,1.8780351877212524,1.888411072736287,1.8469075326761488,1.8780351877212524,271600.0
1986-12-15,1.857283573835454,1.9506665468215942,1.8157800302860585,1.9506665468215942,1480800.0
1986-12-16,1.9299165491034223,1.9817960262298584,1.909164758252848,1.9817960262298584,940400.0
1986-12-17,1.9817940551767903,1.9817940551767903,1.929914629648602,1.9610422849655151,564800.0
1986-12-18,1.9714180876811347,2.0025457416971526,1.9402904336651168,1.9921698570251465,769200.0
1986-12-19,1.9921705979567306,2.044050040611854,1.981794709425706,2.0232982635498047,1179200.0
1986-12-22,2.0232976395256665,2.054425295518369,2.002545868863865,2.0336735248565674,1572800.0
1986-12-23,2.012922677351403,2.033674457530284,1.9817950070830825,2.002546787261963,868800.0
1986-12-24,1.9817939723531406,2.0129216263691587,1.9610422030091286,1.9921698570251465,424400.0
1986-12-26,1.9921698570251465,1.9921698570251465,1.9610422030091286,1.9921698570251465,89200.0
1986-12-29,1.981794507913692,1.981794507913692,1.9299150705337524,1.9299150705337524,260800.0
1986-12-30,1.9299149500144708,1.9506667236705404,1.8572837422182273,1.8884114027023315,517200.0
1986-12-31,1.8884117145871007,1.8884117145871007,1.7742769406285397,1.784652829170227,346400.0
1987-01-02,1.8054038406757826,1.8676591455266718,1.7535244199667084,1.846907377243042,332000.0
1987-01-05,1.8676591429480893,1.9402903318405151,1.8469073746931106,1.9402903318405151,422800.0
1987-01-06,1.9402909567481592,1.9921703940943667,1.9299150692789178,1.9714186191558838,376000.0
1987-01-07,1.9817948801263336,2.0440502166748047,1.9714189907015884,2.0440502166748047,254000.0
1987-01-08,2.044050040611854,2.0544259291428784,1.9921705979567306,2.0232982635498047,549600.0
1987-01-09,2.0025457416971526,2.0232975110411644,1.9506663183371227,1.9921698570251465,440800.0
1987-01-12,1.9714188208946815,2.0232982635498047,1.9610429323636567,2.0232982635498047,889600.0
1987-01-13,1.992169331029518,2.012921094894409,1.992169331029518,2.012921094894409,548000.0
1987-01-14,2.0025452129619636,2.0336728587593,1.961041685232182,2.012921094894409,949200.0
1987-01-15,2.0232976395256665,2.0336735248565674,1.981794098202063,2.0336735248565674,605600.0
1987-01-16,2.0336733957131705,2.0544251650571823,1.9506663183371227,1.9921698570251465,718400.0
1987-01-19,1.9921698570251465,1.9921698570251465,1.9506663183371227,1.9921698570251465,219200.0
1987-01-20,1.9921719216551455,2.002547817080433,1.9506683399539968,1.9817960262298584,914000.0
1987-01-21,1.9714180876811347,2.0025457416971526,1.9402904336651168,1.9921698570251465,582800.0
1987-01-22,1.981794098202063,2.044049410187468,1.981794098202063,2.0336735248565674,807200.0
1987-01-23,2.044049991788091,2.054425880071279,1.9195393323898315,1.9195393323898315,912400.0
1987-01-26,1.9299150705337524,1.981794507913692,1.9091632955817766,1.9299150705337524,334000.0
1987-01-27,1.9195386643211048,1.9921698570251465,1.9195386643211048,1.9921698570251465,923200.0
1987-01-28,2.012921094894409,2.012921094894409,1.9506658032997366,2.012921094894409,487200.0
1987-01-29,2.023298056502091,2.023298056502091,1.9402909567481592,1.9714186191558838,730000.0
1987-01-30,1.9506663183371227,2.0025457416971526,1.9402904336651168,1.9921698570251465,426000.0
1987-02-02,2.01292237501878,2.0544259291428784,1.981794709425706,2.0232982635498047,1813200.0
1987-02-03,2.012922548400569,2.05442610609955,2.012922548400569,2.0440502166748047,264800.0
1987-02-04,2.064800977706909,2.075176862016994,2.0336733247766543,2.064800977706909,932800.0
1987-02-05,2.0544257164001465,2.075177491313279,2.0232980540304473,2.0544257164001465,672400.0
1987-02-06,2.054425295518369,2.054425295518369,2.0336735248565674,2.0336735248565674,489600.0
1987-02-09,2.06480118084927,2.0751770661801707,2.0129217541947657,2.0336735248565674,1955200.0
1987-02-10,2.012922677351403,2.044050347619724,1.9714191169936424,2.002546787261963,415200.0
1987-02-11,2.0232986927032472,2.0751781463623047,1.9714192390441894,2.0751781463623047,304400.0
1987-02-12,2.0751780178880446,2.0751780178880446,1.9921708971725227,2.002546787261963,472800.0
1987-02-13,2.0232986282594134,2.106305751470056,1.9921709570554225,2.0959298610687256,862000.0
1987-02-17,2.075176862016994,2.106304514947249,2.064800977706909,2.064800977706909,409200.0
1987-02-18,2.085552746327079,2.085552746327079,2.0129215561564844,2.064800977706909,561600.0
1987-02-19,2.0855533787698457,2.0855533787698457,2.0232980540304473,2.0544257164001465,746000.0
1987-02-20,2.06480118084927,2.06480118084927,2.0232976395256665,2.0336735248565674,605600.0
1987-02-23,2.012922548400569,2.05442610609955,2.002546658975824,2.0440502166748047,442800.0
1987-02-24,2.0336739696673494,2.095929295269411,2.0232980820670057,2.0855534076690674,486400.0
1987-02-25,2.0855540370941164,2.0855540370941164,2.04405047416687,2.0751781463623047,523200.0
1987-02-26,2.075177491313279,2.0855533787698457,2.0232980540304473,2.0544257164001465,614000.0
1987-02-27,2.075176862016994,2.075176862016994,2.0440492090867393,2.064800977706909,690400.0
1987-03-02,2.0614535808563232,2.0823820436061338,2.050989349481418,2.0614535808563232,746400.0
1987-03-03,2.0823807052118863,2.113773379159804,2.050988031263968,2.103309154510498,599200.0
1987-03-04,2.092845605151488,2.113774061203003,2.092845605151488,2.113774061203003,1208400.0
1987-03-05,2.1242386444130137,2.1347028741884473,2.0509890359849785,2.0823817253112793,1509200.0
1987-03-06,2.0719164805625803,2.103309154510498,2.061452255913274,2.103309154510498,653600.0
1987-03-09,2.113775183456113,2.113775183456113,2.061454015548783,2.071918249130249,126400.0
1987-03-10,2.092845605151488,2.1451667452802754,2.092845605151488,2.113774061203003,898400.0
1987-03-11,2.1347028741884473,2.1347028741884473,2.0719174955358457,2.0823817253112793,571200.0
1987-03-12,2.0614528155908354,2.1556308630036147,2.0614528155908354,2.1451666355133057,547600.0
1987-03-13,2.1451677859408185,2.1765604852472693,2.1242393197365175,2.1556320190429688,290000.0
1987-03-16,2.1660950904939233,2.1660950904939233,2.1033097255520707,2.1451666355133057,381600.0
1987-03-17,2.1242393197365175,2.1556320190429688,2.113775086634367,2.1556320190429688,550800.0
1987-03-18,2.1556299845377604,2.2079511006673176,2.1451657613118487,2.1974868774414062,381600.0
1987-03-19,2.1870245119971683,2.2184172083416254,2.1660960477675304,2.2079529762268066,315600.0
1987-03-20,2.218417047899823,2.249809741973877,2.197488585183787,2.249809741973877,580000.0
1987-03-23,2.2393457889556885,2.2393457889556885,2.1765603930036597,2.2393457889556885,848400.0
1987-03-24,2.218415323893229,2.2288795471191407,2.176558430989583,2.1974868774414062,324400.0
1987-03-25,2.1765592098236084,2.2184161177048316,2.103309621031468,2.1765592098236084,365200.0
1987-03-26,2.1765602798823496,2.2184172083416254,2.1660960477675304,2.2079529762268066,317200.0
1987-03-27,2.1660949828533025,2.2184161177048316,2.1242380749720793,2.1765592098236084,358800.0
1987-03-30,2.134703552838668,2.1556320190429688,2.040525454919315,2.1556320190429688,286400.0
1987-03-31,2.1765594293575474,2.187023657383305,2.113774061203003,2.113774061203003,744800.0
1987-04-01,2.092846716293181,2.1242394170375785,2.0091328476414536,2.071918249130249,524400.0
1987-04-02,2.082381432818383,2.082381432818383,1.988203378067803,2.030060291290283,1031600.0
1987-04-03,2.0614527131502447,2.1765592098236084,2.0195958052690215,2.1765592098236084,396400.0
1987-04-06,2.155630658654606,2.187023338149576,2.1137737526613125,2.134702205657959,397200.0
1987-04-07,2.15563166323047,2.15563166323047,2.0091324239817974,2.0614535808563232,1020400.0
1987-04-08,2.061453921123616,2.166096252145119,2.061453921123616,2.1556320190429688,821200.0
1987-04-09,2.1347020012991766,2.1556304522923058,2.0928450993129184,2.1242377758026123,453200.0
1987-04-10,2.113773379159804,2.113773379159804,2.0719164805625803,2.103309154510498,220000.0
1987-04-13,2.0928452051982975,2.0928452051982975,2.0195956230163574,2.0195956230163574,644400.0
1987-04-14,1.862632604745718,1.94634642967811,1.7789187798133261,1.904489517211914,692400.0
1987-04-15,1.9254186104755011,2.071917852576898,1.873097452582145,2.0509893894195557,478800.0
1987-04-16,2.061453620998227,2.082382084155569,2.019596694683542,2.0509893894195557,500800.0
1987-04-20,2.0405240750683404,2.0405240750683404,1.9358818148084254,2.0195956230163574,284800.0
1987-04-21,2.040525118106513,2.0614535808563232,1.988203961231987,2.0614535808563232,316400.0
1987-04-22,1.9986669681966305,2.050988093018532,1.97773851826787,2.0091311931610107,577600.0
1987-04-23,2.0091323053649583,2.0091323053649583,1.9358826900651942,1.9986680746078491,289200.0
1987-04-24,1.99866811413514,1.99866811413514,1.8730973425664401,1.9882038831710815,369200.0
1987-04-27,1.9672750234603882,2.0300603965495494,1.8626327349784526,1.9672750234603882,508000.0
1987-04-28,1.9672750545584639,1.9672750545584639,1.8626327644223755,1.9254181385040283,580000.0
1987-04-29,1.9254181385040285,1.956810825544855,1.9044896804768108,1.9254181385040283,228000.0
1987-04-30,1.9463461769951713,1.998667310785364,1.9254177234790943,1.977738857269287,309600.0
1987-05-01,1.9777392523085817,1.9882034811567753,1.925418108067614,1.9672750234603882,313600.0
1987-05-04,1.9882027432322502,2.0091311931610107,1.9254173934459686,2.0091311931610107,2033600.0
1987-05-05,2.009132463104871,2.0509893894195557,1.9882039999475285,2.0509893894195557,660400.0
1987-05-06,2.030060807027315,2.030060807027315,1.9672754212429648,1.9882038831710815,143600.0
1987-05-07,2.009131396990366,2.030059849042349,1.9568102668604084,2.0195956230163574,230800.0
1987-05-08,1.998667606373423,2.040524519595903,1.956810693150943,2.030060291290283,163200.0
1987-05-11,2.009131563626803,2.0928453787779198,2.009131563626803,2.0405242443084717,787200.0
1987-05-12,2.019596062984663,2.061452976207143,1.967274921456563,2.030060291290283,1348400.0
1987-05-13,2.0195966553567026,2.0719178122312285,1.935882804357461,2.0614535808563232,167200.0
1987-05-14,2.0405238680541515,2.0405238680541515,1.9672742933034897,2.0091311931610107,143600.0
1987-05-15,1.9882038011345813,1.9882038011345813,1.8835614958117086,1.9463468790054321,218800.0
1987-05-18,1.967275899999282,1.967275899999282,1.8730977984035717,1.9568116664886475,363200.0
1987-05-19,1.9672752115461563,1.9672752115461563,1.8730971429083083,1.883561372756958,1438400.0
1987-05-20,1.8730970566922966,1.8940255154262888,1.8417043685913086,1.8417043685913086,471600.0
1987-05-21,1.8835601244079931,1.9044885702347487,1.8626316785812378,1.8626316785812378,300000.0
1987-05-22,1.8730971429083083,1.9149540623029073,1.8730971429083083,1.883561372756958,485600.0
1987-05-26,1.92541940534437,1.9568121130402023,1.9149551694457594,1.935883641242981,468000.0
1987-05-27,1.9463468790054321,1.9672753400700067,1.9254184179408576,1.9463468790054321,1440400.0
1987-05-28,1.9568111902789067,2.0091323450991982,1.8835615735304985,1.9882038831710815,397600.0
1987-05-29,1.9568107946121946,1.9777392523085817,1.9149538792194205,1.9672750234603882,314400.0
1987-06-01,1.985013484954834,2.006130649688396,1.9638963202212718,1.985013484954834,291600.0
1987-06-02,2.0061299535963273,2.0166885322994657,1.9322199026743572,1.9955713748931885,228800.0
1987-06-03,1.974454947521812,2.016689277950086,1.974454947521812,2.0061306953430176,450800.0
1987-06-04,2.0061299535963273,2.0166885322994657,1.963895638783773,1.9955713748931885,106800.0
1987-06-05,1.974454947521812,2.016689277950086,1.932220617093538,2.0061306953430176,1350400.0
1987-06-08,1.9850127961900499,2.0061299535963273,1.9322199026743572,1.9955713748931885,217600.0
1987-06-09,2.0272484218951354,2.058924178487247,1.9744554942416164,2.048365592956543,468800.0
1987-06-10,2.0272484218951354,2.0905999350793585,2.0272484218951354,2.048365592956543,284800.0
1987-06-11,2.0694826058667117,2.101158360038141,2.037806851695282,2.090599775314331,198400.0
1987-06-12,2.1117163176583773,2.132833480834961,2.0905991544817937,2.132833480834961,379200.0
1987-06-15,2.1328325553480627,2.185625440381431,2.122273978341389,2.1433911323547363,334000.0
1987-06-16,2.1539516819333566,2.1856274419617883,2.122275921904925,2.1750688552856445,604000.0
1987-06-17,2.196184609823181,2.196184609823181,2.1539502904035044,2.1856260299682617,420800.0
1987-06-18,2.1961848735809326,2.1961848735809326,2.1856262924579473,2.1961848735809326,362000.0
1987-06-19,2.1961848735809326,2.1961848735809326,2.1750677113349624,2.1961848735809326,680800.0
1987-06-22,2.1856260299682617,2.2067431896781002,2.1645088702584236,2.1856260299682617,638000.0
1987-06-23,2.1961863212037884,2.206744909286499,2.1750691450383672,2.206744909286499,632400.0
1987-06-24,2.2173034973692096,2.22786208545192,2.206744909286499,2.206744909286499,530400.0
1987-06-25,2.2173023449866127,2.2384195101769615,2.2067437623914383,2.227860927581787,376800.0
1987-06-26,2.206744909286499,2.22786208545192,2.1961863212037884,2.206744909286499,618800.0
1987-06-29,2.2173034973692096,2.22786208545192,2.1961863212037884,2.206744909286499,871600.0
1987-06-30,2.2067431896781002,2.217301769533019,2.1856260299682617,2.1856260299682617,374400.0
1987-07-01,2.1856261947575737,2.1961847754085766,2.13283329150256,2.1539504528045654,1076400.0
1987-07-02,2.15394970936141,2.15394970936141,2.122273978341389,2.1433911323547363,397600.0
1987-07-06,2.1117152880184613,2.1117152880184613,2.0589224058179996,2.101156711578369,1932400.0
1987-07-07,2.080041190590521,2.1117169447619504,2.080041190590521,2.090599775314331,664000.0
1987-07-08,2.0905999350793585,2.0905999350793585,2.0378070074258394,2.048365592956543,872000.0
1987-07-09,2.0589230060577393,2.080040165094229,2.0378058470212497,2.0589230060577393,548400.0
1987-07-10,2.048365181472701,2.0905995151113133,2.0378065980630478,2.08004093170166,1779600.0
1987-07-13,2.0589230060577393,2.0694815855759843,2.0483644265394947,2.0589230060577393,316800.0
1987-07-14,2.0483651599105523,2.080040909806076,2.0483651599105523,2.0694823265075684,345600.0
1987-07-15,2.027246267684383,2.0694805649278076,2.027246267684383,2.0378048419952393,724400.0
1987-07-16,2.0272484218951354,2.069482764017951,2.0272484218951354,2.048365592956543,1655200.0
1987-07-17,2.048365592956543,2.058924178487247,2.0272484218951354,2.048365592956543,1959200.0
1987-07-20,2.027247190475464,2.0483643487095833,2.0061300322413445,2.027247190475464,774400.0
1987-07-21,2.0061307178117844,2.0378064659877597,2.0061307178117844,2.0166893005371094,596400.0
1987-07-22,2.0061291190626704,2.0589219906169514,2.0061291190626704,2.0378048419952393,372000.0
1987-07-23,2.048365181472701,2.08004093170166,2.0378065980630478,2.08004093170166,887600.0
1987-07-24,2.058923764882354,2.08004093170166,2.048365181472701,2.08004093170166,1744000.0
1987-07-27,2.0905994931045844,2.0905994931045844,2.05892374320906,2.0694823265075684,797600.0
1987-07-28,2.058924021142902,2.090599775314331,2.037806851695282,2.090599775314331,570000.0
1987-07-29,2.0694826058667117,2.090599775314331,2.058924021142902,2.090599775314331,717200.0
1987-07-30,2.090599775314331,2.101158360038141,2.0694826058667117,2.090599775314331,316800.0
1987-07-31,2.0800395586981844,2.1117152880184613,2.0800395586981844,2.101156711578369,709600.0
1987-08-03,2.0800395586981844,2.132832440898646,2.0800395586981844,2.101156711578369,1124400.0
1987-08-04,2.101156711578369,2.132832440898646,2.0905981351382765,2.101156711578369,746800.0
1987-08-05,2.0905991544817937,2.143392062423253,2.0905991544817937,2.132833480834961,802400.0
1987-08-06,2.1222754362152845,2.175068357514172,2.1222754362152845,2.1645097732543945,642000.0
1987-08-07,2.1539516819333566,2.1856274419617883,2.1539516819333566,2.1750688552856445,1040400.0
1987-08-10,2.1645094320107408,2.227860927581787,2.1645094320107408,2.227860927581787,984000.0
1987-08-11,2.2278614645806427,2.2595372200012207,2.1750685388796795,2.2595372200012207,1911200.0
1987-08-12,2.2384195101769615,2.2384195101769615,2.196185179796264,2.227860927581787,1270400.0
1987-08-13,2.20674378467056,2.248978115477652,2.20674378467056,2.238419532775879,1031600.0
1987-08-14,2.217301759454939,2.3017703979103654,2.1961845998410827,2.280653238296509,1346400.0
1987-08-17,2.280653238296509,2.3017703979103654,2.248977498875724,2.280653238296509,1210000.0
1987-08-18,2.2700946584895805,2.291211818103437,2.259536078682652,2.280653238296509,746000.0
1987-08-19,2.2912111566701068,2.3123283101878034,2.2595354263935614,2.301769733428955,669600.0
1987-08-20,2.2912133830545196,2.3967992532413636,2.2912133830545196,2.354564905166626,831200.0
1987-08-21,2.36512309339078,2.396798849105835,2.3545645081524285,2.396798849105835,556400.0
1987-08-24,2.396796969990981,2.439031277832232,2.365121239110043,2.407355546951294,797600.0
1987-08-25,2.407356999326481,2.460149915978378,2.396798415996102,2.4179155826568604,1160400.0
1987-08-26,2.396798415996102,2.4179155826568604,2.365122666004964,2.4179155826568604,1259200.0
1987-08-27,2.3967978466881643,2.417915008332994,2.3651221042209203,2.375680685043335,950400.0
1987-08-28,2.3440041261560776,2.3545627033009247,2.3228869718663834,2.3334455490112305,486400.0
1987-08-31,2.3194007873535156,2.3619585999655066,2.3194007873535156,2.3194007873535156,668000.0
1987-09-01,2.298124515515868,2.3406823769143097,2.298124515515868,2.3087639808654785,854800.0
1987-09-02,2.2981231212615967,2.319402039051056,2.234286367893219,2.2981231212615967,725600.0
1987-09-03,2.308764282025789,2.319403748763235,2.1704512144389905,2.2236485481262207,10868000.0
1987-09-04,2.2449274816011124,2.2449274816011124,2.1598117477015446,2.2236485481262207,374800.0
1987-09-08,2.170449584277708,2.170449584277708,2.106612831798952,2.13853120803833,1256000.0
1987-09-09,2.117252826690674,2.117252826690674,2.0959739038093606,2.117252826690674,1048000.0
1987-09-10,2.117252826690674,2.1278922881313305,2.0959739038093606,2.117252826690674,1608000.0
1987-09-11,2.127891778945923,2.149170696735382,2.1066128611564636,2.127891778945923,1106000.0
1987-09-14,2.1385318902459476,2.1491713523864746,2.085334579543312,2.1491713523864746,808800.0
1987-09-15,2.159810748754763,2.170450210571289,2.1172529014886594,2.170450210571289,519600.0
1987-09-16,2.1917285323143005,2.1917285323143005,2.1172523200511932,2.127891778945923,661200.0
1987-09-17,2.127891657303791,2.127891657303791,2.085333824157715,2.085333824157715,734000.0
1987-09-18,2.09597355280167,2.1066130124605618,2.0746946334838867,2.0746946334838867,909200.0
1987-09-21,2.0853340931427784,2.09597355280167,2.0534157141661034,2.0746946334838867,572400.0
1987-09-22,2.053415981764646,2.0746949038554714,2.021497598628408,2.0640554428100586,1015200.0
1987-09-23,2.0640553484108244,2.0959737300872803,2.0640553484108244,2.0959737300872803,614000.0
1987-09-24,2.0959732824442336,2.0959732824442336,2.064054907584677,2.085333824157715,607600.0
1987-09-25,2.0640554428100586,2.0746949038554714,2.053415981764646,2.0640554428100586,602800.0
1987-09-28,2.0534158878520055,2.138531572322555,2.0534158878520055,2.0959737300872803,604400.0
1987-09-29,2.0959737300872803,2.1278921117637366,2.085334269528462,2.0959737300872803,520400.0
1987-09-30,2.0746946334838867,2.1066130124605618,2.0427762545072117,2.0746946334838867,952800.0
1987-10-01,2.085333824157715,2.106612740730753,2.053415449298158,2.085333824157715,620000.0
1987-10-02,2.09597355280167,2.09597355280167,2.0746946334838867,2.0746946334838867,438800.0
1987-10-05,2.074693972582644,2.085333428852299,2.053415060043335,2.053415060043335,538000.0
1987-10-06,2.0534155666828156,2.064055025577545,2.0321366488933563,2.042776107788086,916000.0
1987-10-07,2.053416212612295,2.053416212612295,1.9576610524386644,1.989579439163208,909200.0
1987-10-08,1.9683000461651328,2.000218425292135,1.9363816670381306,1.9470211267471313,339600.0
1987-10-09,1.9576610852313299,2.0108583973300074,1.936382160391859,1.9789400100708008,922400.0
1987-10-12,1.936381872581399,1.9789397159348363,1.9044634900663209,1.9576607942581177,984800.0
1987-10-13,1.9576598004082948,1.978938711282298,1.872544156912282,1.92574143409729,1582000.0
1987-10-14,1.9151027818744102,1.9257422417737124,1.8406265625792944,1.8938238620758057,570800.0
1987-10-15,1.87254524230957,1.93638201193376,1.8619057807055386,1.8725452423095703,434800.0
1987-10-16,1.8725459479183133,1.915103810371002,1.8406275510787966,1.8406275510787964,635600.0
1987-10-19,1.8299870389573119,1.8299870389573119,1.4788848745061998,1.5001637935638428,1228400.0
1987-10-20,1.5320821721503077,1.6171978483808802,1.446966495919735,1.5001637935638428,1735600.0
1987-10-21,1.532082406405745,1.585279712183722,1.532082406405745,1.5427218675613403,1672800.0
1987-10-22,1.4895247220993042,1.5108036467007229,1.4363274105957575,1.4895247220993042,2005600.0
1987-10-23,1.468245586315235,1.5214428901672363,1.4469666647744346,1.5214428901672363,911200.0
1987-10-26,1.510804491321536,1.510804491321536,1.4469676818290766,1.4576071500778198,1038800.0
1987-10-27,1.5001637935638428,1.5108032530926645,1.468245414977378,1.5001637935638428,608800.0
1987-10-28,1.5108033418655398,1.5108033418655398,1.4469665809416437,1.5108033418655396,317200.0
1987-10-29,1.5001646474916108,1.574640906586939,1.5001646474916108,1.564001441001892,1582000.0
1987-10-30,1.5533619754168453,1.5959198377570327,1.5533619754168453,1.564001441001892,1435200.0
1987-11-02,1.564001567363739,1.6171988995869955,1.564001567363739,1.5959199666976929,1032000.0
1987-11-03,1.5533607634338171,1.585279135285197,1.5427213061500238,1.5746396780014038,2166400.0
1987-11-04,1.5533607634338171,1.6171975071365767,1.5533607634338171,1.5746396780014038,498800.0
1987-11-05,1.564001567363739,1.6278383660316469,1.564001567363739,1.5959199666976929,618400.0
1987-11-06,1.6491172989209495,1.6597567653656007,1.5959199666976929,1.5959199666976929,1118800.0
1987-11-09,1.5746410338083905,1.6065594331423443,1.564001567363739,1.5959199666976929,297600.0
1987-11-10,1.5959199666976929,1.638477832476298,1.564001567363739,1.5959199666976929,450400.0
1987-11-11,1.6384769362788045,1.6810347787795528,1.6384769362788045,1.6491163969039917,534400.0
1987-11-12,1.6703952550888064,1.7129530959827886,1.6597557948653108,1.6703952550888062,222000.0
1987-11-13,1.691673599756681,1.7129525129611676,1.6597552299499512,1.6597552299499512,291200.0
1987-11-16,1.6597557948653108,1.6916741755357974,1.6597557948653108,1.6703952550888062,295200.0
1987-11-17,1.6703946865521944,1.691673599756681,1.6491157733477078,1.6597552299499512,287600.0
1987-11-18,1.6597564932587858,1.6703959579591627,1.6384775638580322,1.6384775638580322,958400.0
1987-11-19,1.6384777000972204,1.670396096852361,1.5533619754168453,1.564001441001892,438000.0
1987-11-20,1.5640007898725312,1.585279712183722,1.532082406405745,1.5427218675613403,482000.0
1987-11-23,1.564001441001892,1.574640906586939,1.5533619754168453,1.564001441001892,490800.0
1987-11-24,1.5533619754168453,1.5959198377570327,1.5533619754168453,1.564001441001892,297600.0
1987-11-25,1.6065593033420795,1.6065593033420795,1.5533619754168453,1.564001441001892,707200.0
1987-11-27,1.5852789342008677,1.638476213872038,1.5852789342008677,1.606557846069336,319600.0
1987-11-30,1.5832936914873794,1.5832936914873794,1.518669459181772,1.52944016456604,16494000.0
1987-12-01,1.5078990171987114,1.572523260792942,1.5078990171987114,1.5186697244644165,12410400.0
1987-12-02,1.5509821528153453,1.5509821528153453,1.4863578964480393,1.4971286058425903,268000.0
1987-12-03,1.4863570007410916,1.4971277036450126,1.421732783317566,1.421732783317566,680000.0
1987-12-04,1.400191377509724,1.4432741891254077,1.3355671600861982,1.421732783317566,735200.0
1987-12-07,1.4432742846639532,1.486357099131534,1.421732877430163,1.432503581047058,350000.0
1987-12-08,1.4109633316958907,1.4971290313414414,1.4109633316958907,1.4755876064300537,524400.0
1987-12-09,1.4540448412299156,1.5617518665062058,1.4540448412299156,1.5509811639785767,409200.0
1987-12-10,1.5294404317301216,1.583293968058647,1.5078990171987114,1.5186697244644165,358400.0
1987-12-11,1.5186701135975975,1.5402115336486273,1.5078994035720827,1.5078994035720825,464800.0
1987-12-14,1.5186697244644165,1.5402111389958268,1.4971283099330064,1.5186697244644165,699200.0
1987-12-15,1.518670456252829,1.583294730986992,1.4755876064300537,1.4755876064300537,1628800.0
1987-12-16,1.4971286935465677,1.5186701135975975,1.4648165634700232,1.5078994035720825,298400.0
1987-12-17,1.4971284568309784,1.5725234150886536,1.4648163318634033,1.4648163318634033,601200.0
1987-12-18,1.5294401378898355,1.5402108430862427,1.4863573171042062,1.5402108430862427,1039200.0
1987-12-21,1.5186697244644165,1.5402111389958268,1.4971283099330064,1.5186697244644165,396400.0
1987-12-22,1.5402104614509478,1.5509811639785767,1.5078983538680606,1.5509811639785767,780800.0
1987-12-23,1.550981850459658,1.5725232650493755,1.507899021280223,1.5617525577545166,1493200.0
1987-12-24,1.5402108699503079,1.5402108699503079,1.518669459181772,1.52944016456604,378400.0
1987-12-28,1.5078990171987114,1.5294404317301216,1.4755868954015963,1.5186697244644165,554400.0
1987-12-29,1.52944016456604,1.52944016456604,1.4863573430289683,1.52944016456604,272400.0
1987-12-30,1.5294408236231123,1.5402115336486273,1.486357983521053,1.5078994035720825,501200.0
1987-12-31,1.486357569694519,1.5186696907748347,1.486357569694519,1.486357569694519,652800.0
1988-01-04,1.5186708168107637,1.5832951068878174,1.5079001017979212,1.5832951068878174,725200.0
1988-01-05,1.6371468759352161,1.7017710947221325,1.6371468759352161,1.6694589853286743,1635600.0
1988-01-06,1.6479177634427502,1.7017712851238858,1.6479177634427502,1.6910005807876587,1393200.0
1988-01-07,1.691000621765852,1.7233127355575562,1.6694592125713825,1.7233127355575562,1256000.0
1988-01-08,1.723312500984438,1.723312500984438,1.6694589853286743,1.6694589853286743,356800.0
1988-01-11,1.6479179056791158,1.6802300214767456,1.6048350846156096,1.6802300214767456,602800.0
1988-01-12,1.6586887911905215,1.70177161693573,1.6156059654453132,1.70177161693573,226400.0
1988-01-13,1.6802308002075592,1.7125429309807814,1.6479186694343368,1.6586893796920776,769600.0
1988-01-14,1.6479177634427502,1.7017712851238858,1.6479177634427502,1.6910005807876587,396000.0
1988-01-15,1.7233127355575562,1.766395553946495,1.7233127355575562,1.7233127355575562,905600.0
1988-01-18,1.7233136259479287,1.7556257564344524,1.7233136259479287,1.7448550462722778,134800.0
1988-01-19,1.7340834401547909,1.7448541447520256,1.7125420309603214,1.7233127355575562,1355600.0
1988-01-20,1.7125420309603214,1.7340834401547909,1.7017713263630867,1.7233127355575562,398800.0
1988-01-21,1.7233132416347288,1.7448546571551629,1.7125425338745117,1.7125425338745117,578400.0
1988-01-22,1.7233127355575562,1.7340834401547909,1.7125420309603214,1.7233127355575562,313600.0
1988-01-25,1.7233140294144795,1.798709018201363,1.7233140294144795,1.7663968801498413,726000.0
1988-01-26,1.7771665983318543,1.7879373049884109,1.7340837717056274,1.7340837717056274,336400.0
1988-01-27,1.766396466596627,1.787937886920976,1.7340843361101033,1.7448550462722778,1755200.0
1988-01-28,1.7663958982987837,1.809478725086559,1.75562519160184,1.7771666049957275,606000.0
1988-01-29,1.7663961941610553,1.7987083196640015,1.7663961941610553,1.7987083196640015,714800.0
1988-02-01,1.809478725086559,1.8202494317835027,1.7771666049957275,1.7771666049957275,430400.0
1988-02-02,1.7879373116926713,1.7879373116926713,1.7663958982987837,1.7771666049957275,818800.0
1988-02-03,1.798709018201363,1.798709018201363,1.7448554547821604,1.7663968801498413,1838000.0
1988-02-04,1.7771663400064033,1.809478455279247,1.7663956349154555,1.787937045097351,734000.0
1988-02-05,1.798707750188299,1.8310198654611427,1.7879370450973513,1.787937045097351,709200.0
1988-02-08,1.7879377332933108,1.7879377332933108,1.7125427686363641,1.755625605583191,636800.0
1988-02-09,1.7340837362446362,1.7663958555535424,1.70177161693573,1.70177161693573,316400.0
1988-02-10,1.7448544783621842,1.7663958916752975,1.7340837717056274,1.7340837717056274,157200.0
1988-02-11,1.7340837717056274,1.7771665983318543,1.7233130650490707,1.7340837717056274,398800.0
1988-02-12,1.7556257564344524,1.787937886920976,1.7340843361101033,1.7448550462722778,387600.0
1988-02-16,1.7340847420983199,1.7663968801498413,1.7233140294144795,1.7663968801498413,1941200.0
1988-02-17,1.7663963148198976,1.7771670240566042,1.744854896346484,1.755625605583191,279200.0
1988-02-18,1.7663958916752975,1.7663958916752975,1.7340837717056274,1.7340837717056274,236400.0
1988-02-19,1.734082783261935,1.809477686882019,1.734082783261935,1.809477686882019,203200.0
1988-02-22,1.7879376111630194,1.8094790281649835,1.7663961941610553,1.7987083196640015,432800.0
1988-02-23,1.809477686882019,1.809477686882019,1.7771655853305546,1.809477686882019,187200.0
1988-02-24,1.7879359129617907,1.874101499128624,1.7879359129617907,1.820248007774353,321600.0
1988-02-25,1.8202480077743532,1.9171842922120406,1.8202480077743532,1.820248007774353,539600.0
1988-02-26,1.8741021627603576,1.8848728648451873,1.8310193544210391,1.8525607585906982,294800.0
1988-02-29,1.8508202842112338,1.959692065635424,1.8181587497839766,1.937917709350586,503200.0
1988-03-01,1.9161434831290411,1.9379178408918711,1.883481946484796,1.894369125366211,1496800.0
1988-03-02,1.8725950717926023,1.9379181556923444,1.8508207104926884,1.8725950717926025,230000.0
1988-03-03,1.8943675763508272,1.8943675763508272,1.8290445564766609,1.8399317264556885,181200.0
1988-03-04,1.8399327691863565,1.8725942976334515,1.8290455930373248,1.8508199453353882,306800.0
1988-03-07,1.8290446996688843,1.850819041331609,1.8072703580061593,1.8290446996688843,194400.0
1988-03-08,1.8181579385895328,1.8399322851594673,1.8072707653045654,1.8072707653045654,346000.0
1988-03-09,1.8181587884455552,1.8181587884455552,1.7637228965759277,1.7637228965759277,659600.0
1988-03-10,1.7637222667910017,1.7963837902500945,1.7092863943591807,1.7310607433319092,190400.0
1988-03-11,1.7637224793434143,1.7746096551418304,1.7201737761497498,1.741948127746582,322400.0
1988-03-14,1.7310610402444875,1.785496922013182,1.7310610402444875,1.7528353929519653,230800.0
1988-03-15,1.7637228965759277,1.7963844316977042,1.7528357182020022,1.7637228965759277,100400.0
1988-03-16,1.7528346013732072,1.8072704585587105,1.7528346013732072,1.7854961156845093,166400.0
1988-03-17,1.7746100749498532,1.7854972533237787,1.7637228965759277,1.7637228965759277,735600.0
1988-03-18,1.818157629995811,1.818157629995811,1.7637217728103078,1.7854961156845093,184400.0
1988-03-21,1.7854966210441356,1.8072709700812593,1.7528350974884501,1.7746094465255737,227200.0
1988-03-22,1.7963832871216099,1.829044801432912,1.7854961156845093,1.7854961156845093,257600.0
1988-03-23,1.7746099169382794,1.8181586265563967,1.7746099169382794,1.8181586265563965,113200.0
1988-03-24,1.7963837955626973,1.8072709700812593,1.763722272007012,1.7746094465255737,322400.0
1988-03-25,1.7637225693057041,1.785496922013182,1.7528353929519653,1.7528353929519653,510000.0
1988-03-28,1.7637224793434143,1.7637224793434143,1.741948127746582,1.741948127746582,185200.0
1988-03-29,1.731060951948166,1.7637224793434143,1.6439635455608368,1.741948127746582,364400.0
1988-03-30,1.7419479178182735,1.7528350923046376,1.720173568845545,1.7310607433319092,326800.0
1988-03-31,1.731061131893834,1.741948308823984,1.720173954963684,1.720173954963684,228400.0
1988-04-04,1.7201740176249773,1.7310611949517178,1.6983996629714968,1.6983996629714966,262000.0
1988-04-05,1.6983996011033844,1.731061131893834,1.6983996011033844,1.720173954963684,307600.0
1988-04-06,1.720173568845545,1.7637222667910017,1.7092863943591807,1.7310607433319092,968000.0
1988-04-07,1.7528357182020022,1.8072716100716297,1.7528357182020022,1.7637228965759277,430800.0
1988-04-08,1.8072707653045654,1.8181579385895328,1.785496418734631,1.8072707653045654,293200.0
1988-04-11,1.7746089191147776,1.8072704329635159,1.7746089191147776,1.796383261680603,178800.0
1988-04-12,1.7746089442474084,1.818157629995811,1.7746089442474084,1.7854961156845093,227200.0
1988-04-13,1.785496418734631,1.8181579385895328,1.785496418734631,1.8072707653045654,1803600.0
1988-04-14,1.7746097456594432,1.785496922013182,1.7528353929519653,1.7528353929519653,342800.0
1988-04-15,1.7419479178182735,1.7419479178182735,1.720173568845545,1.7310607433319092,263200.0
1988-04-18,1.7310613614541512,1.7746100749498532,1.7310613614541512,1.7637228965759277,708000.0
1988-04-19,1.7419485398280767,1.7854972533237787,1.7419485398280767,1.7637228965759277,590000.0
1988-04-20,1.7637225693057041,1.796384098366921,1.7419482165982263,1.7528353929519653,1748800.0
1988-04-21,1.7419482165982263,1.8181584510743989,1.7419482165982263,1.7528353929519653,376000.0
1988-04-22,1.7528357182020022,1.8072716100716297,1.7419485398280767,1.7637228965759277,325600.0
1988-04-25,1.7528357182020022,1.8181587884455552,1.7528357182020022,1.7637228965759277,87200.0
1988-04-26,1.7528355621292206,1.8399329813654552,1.7528355621292206,1.8181586265563965,364000.0
1988-04-27,1.8072707653045654,1.8399322851594673,1.8072707653045654,1.8072707653045654,60000.0
1988-04-28,1.7963832871216099,1.8072704585587105,1.7854961156845093,1.7854961156845093,53200.0
1988-04-29,1.8072704329635159,1.8181576042464287,1.7854960903976904,1.796383261680603,346800.0
1988-05-02,1.818157386497633,1.8508188964347163,1.7963830465395776,1.8399317264556885,539600.0
1988-05-03,1.8399327691863565,1.8617071214844199,1.8399327691863565,1.8508199453353882,497200.0
1988-05-04,1.8725942976334515,1.8834814737824832,1.8508199453353882,1.8508199453353882,292000.0
1988-05-05,1.850819118095167,1.8617062893780796,1.7963832616806032,1.796383261680603,295600.0
1988-05-06,1.8072704585587105,1.818157629995811,1.7854961156845093,1.7854961156845093,195600.0
1988-05-09,1.7854961156845093,1.8072704585587105,1.7746089442474084,1.7854961156845093,59600.0
1988-05-10,1.8290445564766609,1.8725932363927718,1.818157386497633,1.8399317264556885,712800.0
1988-05-11,1.8290458039609259,1.8290458039609259,1.8072714491518673,1.8181586265563965,240800.0
1988-05-12,1.796383592019598,1.8508194584444344,1.796383592019598,1.8072707653045654,129200.0
1988-05-13,1.8072704329635159,1.8290447755293413,1.7963832616806032,1.796383261680603,211200.0
1988-05-16,1.796383592019598,1.8290451118745,1.785496418734631,1.8072707653045654,861200.0
1988-05-17,1.7963832616806032,1.8943678032268179,1.7963832616806032,1.796383261680603,469600.0
1988-05-18,1.7963832871216099,1.818157629995811,1.7854961156845093,1.7854961156845093,114000.0
1988-05-19,1.785496418734631,1.8181579385895328,1.785496418734631,1.8072707653045654,207600.0
1988-05-20,1.7963832616806032,1.8181576042464287,1.7854960903976904,1.796383261680603,168000.0
1988-05-23,1.7854966210441356,1.7963837955626973,1.7528350974884501,1.7746094465255737,150400.0
1988-05-24,1.763721747831865,1.7963832616806032,1.763721747831865,1.796383261680603,294800.0
1988-05-25,1.8072714491518673,1.861707336174514,1.796384271747338,1.8181586265563965,248000.0
1988-05-26,1.7963848072429034,1.8725950717926023,1.7963848072429034,1.8725950717926025,512800.0
1988-05-27,1.8708336924364468,1.8708336924364468,1.815809172070669,1.83781898021698,384400.0
1988-05-31,1.8488242543976883,1.925858598330925,1.8488242543976883,1.9148536920547485,327200.0
1988-06-01,1.9038480466671204,1.9698774586902574,1.9038480466671204,1.9588725566864014,745600.0
1988-06-02,1.947867654682545,1.9698774586902574,1.9258578506748327,1.9588725566864014,297600.0
1988-06-03,1.947867654682545,1.9808823606941135,1.947867654682545,1.9588725566864014,101200.0
1988-06-06,1.9588722480667962,2.013896749416987,1.9588722480667962,1.9808820486068726,559200.0
1988-06-07,1.9588722695003857,1.9808820702812888,1.9368624687194824,1.9368624687194824,154000.0
1988-06-08,1.9258565915738297,2.0249006448547697,1.9258565915738297,2.0138957500457764,420400.0
1988-06-09,2.0138976178775176,2.0249025228932416,1.9918878078460693,1.9918878078460693,324000.0
1988-06-10,1.9918866419530177,2.024901337675996,1.9698768448043655,2.0028915405273438,476800.0
1988-06-13,2.024901866912842,2.0469116698140684,1.837818542252416,2.024901866912842,330800.0
1988-06-14,2.0469104647636414,2.123944729566574,2.0469104647636414,2.1129398345947266,1225600.0
1988-06-15,2.0909321308135986,2.12394684866855,2.0799272248619483,2.0909321308135986,930000.0
1988-06-16,2.1129400443032154,2.1349498364313737,2.1019351482391357,2.1019351482391357,810000.0
1988-06-17,2.1129400443032154,2.1129400443032154,2.0909302521750566,2.1019351482391357,1169600.0
1988-06-20,2.0909302521750566,2.1239449403672945,2.0909302521750566,2.1019351482391357,781600.0
1988-06-21,2.0909300446510315,2.1349496245384216,2.0909300446510315,2.1129398345947266,590400.0
1988-06-22,2.1349507104321783,2.200980113847607,2.1349507104321783,2.1679654121398926,817600.0
1988-06-23,2.1459551125156637,2.167964908541465,2.112940418476961,2.1569600105285645,262000.0
1988-06-24,2.1129400443032154,2.156959628559532,2.0909302521750566,2.1019351482391357,458000.0
1988-06-27,2.090930434131118,2.1129402281746033,2.079925537109375,2.079925537109375,416400.0
1988-06-28,2.0799272248619483,2.12394684866855,2.057917412958647,2.0909321308135986,703600.0
1988-06-29,2.0909300446510315,2.1129398345947266,2.079925149679184,2.1129398345947266,388800.0
1988-06-30,2.101935937232578,2.134950637817383,2.101935937232578,2.134950637817383,420800.0
1988-07-01,2.1569600105285645,2.189974704567267,2.1459551125156637,2.1569600105285645,888000.0
1988-07-05,2.1569594435430877,2.2119839191436768,2.14595454842297,2.2119839191436768,440800.0
1988-07-06,2.2119862673869686,2.2229911741898887,2.178971546978208,2.189976453781128,438000.0
1988-07-07,2.156960438207253,2.1679653384021877,2.079926136842708,2.134950637817383,1277200.0
1988-07-08,2.1129398345947266,2.1349496245384216,2.101934939622879,2.1129398345947266,330800.0
1988-07-11,2.0909300446510315,2.123944729566574,2.0909300446510315,2.1129398345947266,339600.0
1988-07-12,2.112940199831699,2.112940199831699,2.0469108185869582,2.068920612335205,570000.0
1988-07-13,2.0469117394105636,2.0909313467097155,2.0359068375857756,2.0579166412353516,399200.0
1988-07-14,2.057915715461082,2.090930406083452,2.0469108185869582,2.068920612335205,1456000.0
1988-07-15,2.0469108460441467,2.079925537109375,2.0469108460441467,2.079925537109375,212800.0
1988-07-18,2.068920612335205,2.0799255092093287,2.057915715461082,2.068920612335205,388000.0
1988-07-19,2.0579166412353516,2.0799264448849275,2.0469117394105636,2.0579166412353516,287600.0
1988-07-20,2.0689223189102974,2.101937036765249,2.057917412958647,2.0909321308135986,478000.0
1988-07-21,2.0799272248619483,2.0909321308135986,2.0359076010553463,2.0909321308135986,308400.0
1988-07-22,2.0689215430601395,2.0689215430601395,2.0469117394105636,2.0579166412353516,760400.0
1988-07-25,2.046912431716919,2.0579173372637842,2.035907526170054,2.046912431716919,159600.0
1988-07-26,2.046911693263698,2.057916594840385,2.0359067916870117,2.0359067916870117,152800.0
1988-07-27,2.0579153292817494,2.0579153292817494,2.0138957500457764,2.0138957500457764,259200.0
1988-07-28,2.0249018901103253,2.0359067916870117,2.013896988533639,2.0359067916870117,143200.0
1988-07-29,2.0359068375857756,2.0799264448849275,2.0359068375857756,2.0579166412353516,1530000.0
1988-08-01,2.1129421234130863,2.222991192340851,2.1129421234130863,2.200981378555298,3693600.0
1988-08-02,2.3330395189635955,2.465098359659648,2.3330395189635955,2.4540934562683105,6705200.0
1988-08-03,2.465098359659648,2.476103263050986,2.432083649485635,2.4540934562683105,3199600.0
1988-08-04,2.443088552876973,2.465098359659648,2.4210787460942975,2.4540934562683105,2520800.0
1988-08-05,2.4320822164609837,2.564140979345743,2.4320822164609837,2.542131185531616,2973600.0
1988-08-08,2.542132683399012,2.542132683399012,2.4540934562683105,2.4540934562683105,1746000.0
1988-08-09,2.4650968946852125,2.4650968946852125,2.432082204131393,2.443087100982666,3020800.0
1988-08-10,2.432083585045554,2.443088488145308,2.3990688757462935,2.421078681945801,1086000.0
1988-08-11,2.4430890466485704,2.4650988578796387,2.4100743298019682,2.4650988578796387,952800.0
1988-08-12,2.487106688387759,2.487106688387759,2.4210773072801195,2.443087100982666,587200.0
1988-08-15,2.443086774381873,2.4540916697619712,2.410072088241577,2.410072088241577,938000.0
1988-08-16,2.3880628234121053,2.4430873124308174,2.344043232197136,2.432082414627075,1868000.0
1988-08-17,2.3990688757462935,2.432083585045554,2.3990688757462935,2.421078681945801,756800.0
1988-08-18,2.4210773072801195,2.443087100982666,2.4210773072801195,2.443087100982666,1104000.0
1988-08-19,2.4430873124308174,2.4540922102345597,2.4210775168233325,2.432082414627075,1382800.0
1988-08-22,2.4430874728281564,2.4430874728281564,2.3770580816706386,2.3990678787231445,814800.0
1988-08-23,2.377058982849121,2.377058982849121,2.3440442747539945,2.377058982849121,774000.0
1988-08-24,2.3990687882458723,2.4100736909442477,2.3660540801507457,2.377058982849121,1459200.0
1988-08-25,2.3770584816156433,2.3770584816156433,2.344043780482093,2.366053581237793,505600.0
1988-08-26,2.377059419578481,2.377059419578481,2.333039800697398,2.3550496101379395,1203600.0
1988-08-29,2.3532723400080315,2.3754730224609375,2.319971316328673,2.3754730224609375,302400.0
1988-08-30,2.3532726764678955,2.386573704908479,2.3532726764678955,2.3532726764678955,353600.0
1988-08-31,2.3754730224609375,2.4087740461402967,2.3754730224609375,2.3754730224609375,630800.0
1988-09-01,2.3754730224609375,2.3865733636873907,2.3643726812344847,2.3754730224609375,386000.0
1988-09-02,2.419875250922309,2.508678012424045,2.408774905734592,2.497577667236328,15899200.0
1988-09-06,2.4864776134490967,2.5086783064263205,2.4753772669604848,2.4864776134490967,889200.0
1988-09-07,2.5086781198133803,2.5308788111391625,2.464276737161816,2.475377082824707,1126000.0
1988-09-08,2.464276631673177,2.497577667236328,2.464276631673177,2.497577667236328,1459200.0
1988-09-09,2.486476039027308,2.486476039027308,2.464275360107422,2.464275360107422,1347600.0
1988-09-12,2.4864776134490967,2.4975779599377086,2.4753772669604848,2.4864776134490967,493600.0
1988-09-13,2.4864776134490967,2.5086783064263205,2.4642769204718724,2.4864776134490967,3860800.0
1988-09-14,2.464276528043369,2.519778251647949,2.464276528043369,2.519778251647949,3497600.0
1988-09-15,2.5308789994035448,2.5308789994035448,2.4864776134490967,2.4864776134490967,686400.0
1988-09-16,2.486477033226891,2.5086777210235596,2.4753766893285567,2.5086777210235596,1197600.0
1988-09-19,2.5086777210235596,2.5197780649218937,2.486477033226891,2.5086777210235596,737600.0
1988-09-20,2.497576333974537,2.5530780302850826,2.497576333974537,2.5308773517608643,416400.0
1988-09-21,2.5419787527185624,2.5419787527185624,2.486477033226891,2.5086777210235596,555200.0
1988-09-22,2.4975779599377086,2.5086783064263205,2.4753772669604848,2.4864776134490967,2318400.0
1988-09-23,2.486477428487598,2.486477428487598,2.475377082824707,2.475377082824707,713600.0
1988-09-26,2.4753772669604848,2.4975779599377086,2.4753772669604848,2.4864776134490967,328800.0
1988-09-27,2.4975773771252254,2.5197780649218937,2.486477033226891,2.5086777210235596,722000.0
1988-09-28,2.5086777210235596,2.5086777210235596,2.4975773771252254,2.5086777210235596,320000.0
1988-09-29,2.5197776255400286,2.5530786514282227,2.4975769416145654,2.5530786514282227,569600.0
1988-09-30,2.530878702799479,2.541979047987196,2.497577667236328,2.497577667236328,722800.0
1988-10-03,2.4864776134490967,2.4975779599377086,2.4864776134490967,2.4864776134490967,449200.0
1988-10-04,2.497577667236328,2.508678012424045,2.4864773220486107,2.497577667236328,696000.0
1988-10-05,2.5086779069270335,2.519778251647949,2.4975775622061174,2.519778251647949,875200.0
1988-10-06,2.5197780649218937,2.5197780649218937,2.4975773771252254,2.5086777210235596,386800.0
1988-10-07,2.5086779069270335,2.519778251647949,2.4975775622061174,2.519778251647949,485200.0
1988-10-10,2.519778251647949,2.5419789410897815,2.5086779069270335,2.519778251647949,760800.0
1988-10-11,2.5197770124987553,2.541977691022973,2.5086766732366463,2.5308773517608643,304800.0
1988-10-12,2.5086779069270335,2.519778251647949,2.4975775622061174,2.519778251647949,913600.0
1988-10-13,2.5086766732366463,2.5308773517608643,2.5086766732366463,2.5308773517608643,2709200.0
1988-10-14,2.5197770124987553,2.5530780302850826,2.5086766732366463,2.5308773517608643,535200.0
1988-10-17,2.5197781475350327,2.5419788360595703,2.5197781475350327,2.5419788360595703,138400.0
1988-10-18,2.519776873774343,2.5752785670292844,2.5086765351233544,2.564178228378296,257200.0
1988-10-19,2.575279868846377,2.575279868846377,2.508677803272764,2.5419788360595703,805600.0
1988-10-20,2.5197776255400286,2.564178993390954,2.486476599651834,2.5530786514282227,3505200.0
1988-10-21,2.53087796750276,2.5530786514282227,2.53087796750276,2.5530786514282227,352000.0
1988-10-24,2.541977691022973,2.541977691022973,2.5197770124987553,2.5308773517608643,485200.0
1988-10-25,2.5086766732366463,2.5530780302850826,2.497576333974537,2.5308773517608643,196800.0
1988-10-26,2.5530780302850826,2.5641783695471916,2.497576333974537,2.5308773517608643,285600.0
1988-10-27,2.5197780649218937,2.553079096616897,2.4975773771252254,2.5086777210235596,240000.0
1988-10-28,2.4975775622061174,2.5308785963688654,2.4975775622061174,2.519778251647949,228400.0
1988-10-31,2.5197770124987553,2.5308773517608643,2.5086766732366463,2.5308773517608643,260000.0
1988-11-01,2.5197770124987553,2.5308773517608643,2.5086766732366463,2.5308773517608643,442800.0
1988-11-02,2.5197781475350327,2.5419788360595703,2.5197781475350327,2.5419788360595703,462800.0
1988-11-03,2.541977691022973,2.5641783695471916,2.5308773517608643,2.5308773517608643,695600.0
1988-11-04,2.5308773517608643,2.5530780302850826,2.5308773517608643,2.5308773517608643,570800.0
1988-11-07,2.48647759177468,2.4975779381665317,2.4420762062072754,2.4420762062072754,1175600.0
1988-11-08,2.4531765525991265,2.464276898990978,2.4198755134235728,2.4420762062072754,606800.0
1988-11-09,2.397674270489249,2.4309753020238216,2.3754735827995335,2.4087746143341064,974000.0
1988-11-10,2.397674270489249,2.4087746143341064,2.3865739266443913,2.4087746143341064,537600.0
1988-11-11,2.3865738085338046,2.3865738085338046,2.308871405465262,2.3310720920562744,720800.0
1988-11-14,2.353272487766935,2.3976738554606505,2.342172145843506,2.342172145843506,1014800.0
1988-11-15,2.3310720920562744,2.3532727786472862,2.3310720920562744,2.3310720920562744,1174400.0
1988-11-16,2.3310731580624213,2.353273854805873,2.286671764575518,2.3088724613189697,1071600.0
1988-11-17,2.3310720920562744,2.3421724353517805,2.308871405465262,2.3310720920562744,313200.0
1988-11-18,2.319971648027312,2.3532726764678955,2.3088713052137844,2.3532726764678955,449200.0
1988-11-21,2.3643731219427924,2.3643731219427924,2.308871405465262,2.3310720920562744,282400.0
1988-11-22,2.3310719908408397,2.364373019281423,2.3310719908408397,2.3532726764678955,340800.0
1988-11-23,2.3532723400080315,2.3754730224609375,2.342171998781579,2.3754730224609375,324800.0
1988-11-25,2.397673271071743,2.397673271071743,2.3199708965462698,2.3643722534179688,583600.0
1988-11-28,2.3867850495740703,2.3867850495740703,2.3531683587349987,2.3643739223480225,204400.0
1988-11-29,2.3531683587349987,2.375579485961046,2.3531683587349987,2.3643739223480225,2623200.0
1988-11-30,2.3643736506617348,2.409195899963379,2.3643736506617348,2.409195899963379,528800.0
1988-12-01,2.386784775312557,2.409195899963379,2.386784775312557,2.409195899963379,203600.0
1988-12-02,2.397990337637968,2.409195899963379,2.386784775312557,2.409195899963379,2750800.0
1988-12-05,2.42040146228879,2.431607024614201,2.409195899963379,2.409195899963379,258400.0
1988-12-06,2.409195146218544,2.510045175595134,2.3979895873989228,2.4988396167755127,657600.0
1988-12-07,2.510044806826431,2.543661478346428,2.498839249653099,2.5324559211730957,783200.0
1988-12-08,2.5212512016296387,2.5212512016296387,2.510045640733507,2.5212512016296387,310800.0
1988-12-09,2.4988396167755127,2.510045175595134,2.4988396167755127,2.4988396167755127,159600.0
1988-12-12,2.4988400798373753,2.543662323421902,2.4988400798373753,2.5212512016296387,451200.0
1988-12-13,2.5212503639997634,2.543661478346428,2.510044806826431,2.5324559211730957,158400.0
1988-12-14,2.543661478346428,2.543661478346428,2.510044806826431,2.5324559211730957,219200.0
1988-12-15,2.510043732107502,2.510043732107502,2.4540159702301025,2.4540159702301025,380000.0
1988-12-16,2.4652231527320088,2.5436620712280273,2.420400913591427,2.5436620712280273,835600.0
1988-12-19,2.521250734414755,2.532456293234376,2.476428499136271,2.4988396167755127,458400.0
1988-12-20,2.476429830897938,2.510046525435014,2.454018701206554,2.465224266052246,383600.0
1988-12-21,2.4428104178546226,2.4652215226055825,2.4203993131036627,2.4540159702301025,396400.0
1988-12-22,2.4540159702301025,2.4652215226055825,2.4316048654791427,2.4540159702301025,396400.0
1988-12-23,2.442812586939612,2.442812586939612,2.397990337637968,2.409195899963379,254000.0
1988-12-27,2.4316066569752164,2.4316066569752164,2.39798997508155,2.420401096343994,277200.0
1988-12-28,2.4204018316536304,2.4316073956890643,2.3867851395473303,2.3979907035827637,156800.0
1988-12-29,2.409195757787162,2.4540180044436672,2.409195757787162,2.442812442779541,329200.0
1988-12-30,2.4540180044436672,2.4652235661077935,2.442812442779541,2.442812442779541,424400.0
1989-01-03,2.4540180044436672,2.4540180044436672,2.431606881115415,2.442812442779541,239600.0
1989-01-04,2.442812442779541,2.4540180044436672,2.420401319451288,2.442812442779541,277200.0
1989-01-05,2.4428104178546226,2.4540159702301025,2.4316048654791427,2.4540159702301025,323200.0
1989-01-06,2.47642912777192,2.47642912777192,2.442812442779541,2.442812442779541,262000.0
1989-01-09,2.476429621725624,2.5884852607177335,2.465224057826413,2.5660741329193115,2851600.0
1989-01-10,2.5548685690201007,2.5884852607177335,2.5436630051208895,2.5660741329193115,158000.0
1989-01-11,2.566073065264183,2.566073065264183,2.5212508283163375,2.5548675060272217,274400.0
1989-01-12,2.5436630051208895,2.5660741329193115,2.5436630051208895,2.5660741329193115,409600.0
1989-01-13,2.54366194679026,2.566073065264183,2.5212508283163375,2.5548675060272217,282000.0
1989-01-16,2.5548676310131726,2.5660731907983183,2.5436620712280273,2.5436620712280273,168000.0
1989-01-17,2.543662323421902,2.5548678843180337,2.510045640733507,2.5212512016296387,2622000.0
1989-01-18,2.5212503639997634,2.543661478346428,2.498839249653099,2.5324559211730957,284800.0
1989-01-19,2.5548670355197602,2.5660725926930925,2.5324559211730957,2.5324559211730957,154800.0
1989-01-20,2.5212508283163375,2.566073065264183,2.4988397098424144,2.5548675060272217,185200.0
1989-01-23,2.5548678843180337,2.5772790061102975,2.5212512016296387,2.5212512016296387,233600.0
1989-01-24,2.532456387553299,2.5884841837381063,2.532456387553299,2.5548675060272217,318000.0
1989-01-25,2.58848507626582,2.6557184548701267,2.5772795131651023,2.644512891769409,3331200.0
1989-01-26,2.655717836763071,2.7005400787337557,2.6445122762703996,2.678128957748413,1054000.0
1989-01-27,2.678129802231027,2.6893353662570982,2.6557186741788845,2.666924238204956,659600.0
1989-01-30,2.6893345182410844,2.6893345182410844,2.666923397255742,2.678128957748413,834400.0
1989-01-31,2.678129544854164,2.7005406707525252,2.6669239819049833,2.6893351078033447,357200.0
1989-02-01,2.678128957748413,2.711745639226427,2.666923397255742,2.678128957748413,2851600.0
1989-02-02,2.7005400787337557,2.7005400787337557,2.666923397255742,2.678128957748413,302000.0
1989-02-03,2.6669231278555734,2.7565676027414754,2.6669231278555734,2.7453620433807373,1073200.0
1989-02-06,2.7341564840199997,2.7789787214629507,2.7341564840199997,2.7453620433807373,670400.0
1989-02-07,2.7901836384174437,2.902239206225373,2.7789780816366507,2.89103364944458,988400.0
1989-02-08,2.8686234951019287,2.9022401766851544,2.846212374046445,2.8686234951019287,1051600.0
1989-02-09,2.8574180603027344,2.8798291823443245,2.823801377240349,2.8574180603027344,690400.0
1989-02-10,2.8350064754486084,2.891034271406091,2.8350064754486084,2.8350064754486084,687600.0
1989-02-13,2.8125953674316406,2.8350064858972313,2.801389808198845,2.8125953674316406,450000.0
1989-02-14,2.823800916257112,2.857417593831601,2.823800916257112,2.8350064754486084,449200.0
1989-02-15,2.823801252990961,2.8798290556296706,2.823801252990961,2.8686234951019287,260400.0
1989-02-16,2.8910344660967247,2.9246511459350586,2.879828906150613,2.9246511459350586,446000.0
1989-02-17,2.980679860275783,2.9918854236602783,2.9358576067378013,2.9918854236602783,886800.0
1989-02-21,3.036706745396172,3.036706745396172,2.9246511459350586,2.9246511459350586,584000.0
1989-02-22,2.902239206225373,2.924650319786959,2.89103364944458,2.89103364944458,411600.0
1989-02-23,2.89103364944458,2.902239206225373,2.8462114223214083,2.89103364944458,240800.0
1989-02-24,2.913447057226753,2.980680450855062,2.8798303604125977,2.8798303604125977,880400.0
1989-02-27,2.9024170618790843,2.9362974166870117,2.891123610276442,2.9362974166870117,360400.0
1989-02-28,2.9475890258573134,2.992762804031372,2.9475890258573134,2.992762804031372,736800.0
1989-03-01,2.970177250346918,3.0040575992101908,2.9475903511047363,2.9475903511047363,702400.0
1989-03-02,2.9475890258573134,3.0040562485748867,2.9475890258573134,2.992762804031372,249200.0
1989-03-03,3.0153506869443487,3.1282851696014404,3.0040572386786395,3.1282851696014404,709600.0
1989-03-06,3.1621670896989587,3.1960474513743047,3.060526004672921,3.0944063663482666,1126400.0
1989-03-07,3.0831115622730816,3.094405011219137,3.049231215434916,3.0718181133270264,352800.0
1989-03-08,3.049231215434916,3.0831115622730816,3.004057419650695,3.0718181133270264,1135200.0
1989-03-09,3.049231215434916,3.094405011219137,3.049231215434916,3.0718181133270264,512400.0
1989-03-10,3.0831115622730816,3.0831115622730816,3.060524664380971,3.0718181133270264,816400.0
1989-03-13,3.0492318066683683,3.12828596461903,3.0492318066683683,3.105699062347412,611200.0
1989-03-14,3.116992513483221,3.116992513483221,3.0718187089399858,3.105699062347412,246800.0
1989-03-15,3.094404318349824,3.1395781040191646,3.094404318349824,3.139578104019165,342000.0
1989-03-16,3.162165859860365,3.3654479508513884,3.1508724103608636,3.308980703353882,2012000.0
1989-03-17,3.286393756667773,3.297687206003401,3.218633060654004,3.2525134086608887,1828400.0
1989-03-20,3.2299253599984303,3.25251225062779,3.184751578739711,3.2412188053131104,540800.0
1989-03-21,3.2525134086608887,3.297687206003401,3.2525134086608887,3.2525134086608887,432400.0
1989-03-22,3.252512895524708,3.2750997906325185,3.2299260004168975,3.2638063430786133,290800.0
1989-03-23,3.2412179448235205,3.252511387139979,3.1508704062918547,3.2073376178741455,670800.0
1989-03-27,3.162164115231787,3.2073378883065264,3.116990342157047,3.196044445037842,332800.0
1989-03-28,3.196044445037842,3.2525116613812664,3.1734575585004716,3.196044445037842,486000.0
1989-03-29,3.1734596515523976,3.2751007080078125,3.1734596515523976,3.2751007080078125,234400.0
1989-03-30,3.252513806573276,3.3089810601596175,3.2299269051387394,3.2751007080078125,345600.0
1989-03-31,3.1621638486083126,3.207337617874146,3.1508704062918547,3.2073376178741455,3081200.0
1989-04-03,3.2073373194341057,3.229924201965332,3.1395766718404277,3.229924201965332,2202800.0
1989-04-04,3.1960440912554344,3.207337533274005,3.150870323181153,3.1508703231811523,866000.0
1989-04-05,3.139580181915395,3.139580181915395,3.083112912456485,3.0944063663482666,1534000.0
1989-04-06,3.083112912456485,3.0944063663482666,3.026645642997575,3.0944063663482666,2594800.0
1989-04-07,3.071818629753986,3.071818629753986,3.049231728064618,3.0605251789093018,747200.0
1989-04-10,3.0718172633514973,3.0718172633514973,3.0379369258880615,3.0379369258880615,635600.0
1989-04-11,3.049231767654419,3.116992473602295,3.049231767654419,3.116992473602295,984400.0
1989-04-12,3.1169923169272287,3.162166118621826,3.1169923169272287,3.162166118621826,1065200.0
1989-04-13,3.12828596461903,3.162166318026456,3.105699062347412,3.105699062347412,680000.0
1989-04-14,3.1395781040191646,3.1508715504365,3.1282846576018297,3.139578104019165,1797600.0
1989-04-17,3.1282834391440115,3.150870323181153,3.1282834391440115,3.1508703231811523,1755200.0
1989-04-18,3.1621638486083126,3.2412179448235205,3.1508704062918547,3.2073376178741455,1189600.0
1989-04-19,3.218633060654004,3.2638068579965167,3.218633060654004,3.2525134086608887,568800.0
1989-04-20,3.252511084496558,3.275097967027784,3.218630760699719,3.229924201965332,396800.0
1989-04-21,3.252512895524708,3.2638063430786133,3.2299260004168975,3.2638063430786133,847600.0
1989-04-24,3.252513767517719,3.297687569844354,3.252513767517719,3.2863941192626953,1630800.0
1989-04-25,3.3428610133475996,3.410621709564105,3.3202741146087646,3.3202741146087646,2354400.0
1989-04-26,3.2976866857403286,3.308980133294234,3.252512895524708,3.2638063430786133,385200.0
1989-04-27,3.2863919416519063,3.3089788278488266,3.275098498553446,3.297685384750366,464800.0
1989-04-28,3.297687569844354,3.297687569844354,3.275100668681037,3.2863941192626953,473200.0
1989-05-01,3.2863938043548795,3.3202741528533832,3.275100354855378,3.308980703353882,174800.0
1989-05-02,3.308977785757033,3.37673842300803,3.308977785757033,3.3315646648406982,1801600.0
1989-05-03,3.320273727466056,3.5687295846233797,3.320273727466056,3.5122623443603516,3037600.0
1989-05-04,3.478379616141319,3.625194340199232,3.467086175829172,3.613900899887085,2682800.0
1989-05-05,3.6026111009680193,3.6816652630582265,3.6026111009680193,3.659078359603882,2070800.0
1989-05-08,3.6364899757887503,3.6364899757887503,3.5913161872696353,3.602609634399414,695200.0
1989-05-09,3.6026112283979144,3.6139046805245534,3.546143967764718,3.5574374198913574,1972400.0
1989-05-10,3.568729293010078,3.6251965286589716,3.568729293010078,3.602609634399414,584400.0
1989-05-11,3.625196805540121,3.625196805540121,3.5800230135707736,3.5913164615631104,932000.0
1989-05-12,3.568727138638496,3.636487780511379,3.568727138638496,3.613900899887085,657600.0
1989-05-15,3.63648949225256,3.6816632747650146,3.625196046624447,3.6816632747650146,699200.0
1989-05-16,3.6816652630582265,3.7042521665125716,3.659078359603882,3.659078359603882,271600.0
1989-05-17,3.63648949225256,3.7042501660212417,3.63648949225256,3.6816632747650146,704000.0
1989-05-18,3.6703709797757114,3.749425123955496,3.6703709797757114,3.692957878112793,595600.0
1989-05-19,3.726836885930548,3.7720106663660697,3.726836885930548,3.7381303310394287,670800.0
1989-05-22,3.7607173236448372,3.7945976598938898,3.7607173236448372,3.783304214477539,381600.0
1989-05-23,3.783305444403323,3.783305444403323,3.760718546227781,3.7720119953155518,459600.0
1989-05-24,3.7720109721024833,3.80589131017526,3.7720109721024833,3.794597864151001,590000.0
1989-05-25,3.7945971366686697,3.963998794555664,3.783303692809537,3.963998794555664,18370000.0
1989-05-26,3.9299256228867856,4.111656287528949,3.9299256228867856,4.066223621368408,1820400.0
1989-05-30,4.043509006500244,4.100299863333113,4.0207926637670965,4.043509006500244,827200.0
1989-05-31,4.088937377929687,4.293384246826172,4.066221059163412,4.259309768676758,3550800.0
1989-06-01,4.225238693521378,4.350178547362064,4.145731513804578,4.270671367645264,4317200.0
1989-06-02,4.282028868874127,4.282028868874127,4.23659620183037,4.247954368591309,1271200.0
1989-06-05,4.259313119424355,4.259313119424355,4.191164109513566,4.202522277832031,625600.0
1989-06-06,4.202521807526889,4.213879974574259,4.088940137053189,4.145730972290039,940400.0
1989-06-07,4.168446161176847,4.202520652957584,4.13437166939611,4.17980432510376,604400.0
1989-06-08,4.191164187928464,4.282029536176235,4.191164187928464,4.270671367645264,616800.0
1989-06-09,4.2593124404989045,4.293386940022895,4.23659610748291,4.23659610748291,328400.0
1989-06-12,4.225237940974913,4.23659610748291,4.179805274942924,4.23659610748291,292400.0
1989-06-13,4.225235838774401,4.247952160488242,4.20251951706056,4.2138776779174805,663600.0
1989-06-14,4.202521516451719,4.202521516451719,4.168447017669678,4.168447017669678,285600.0
1989-06-15,4.179805183930358,4.179805183930358,4.157088851408997,4.168447017669678,258800.0
1989-06-16,4.168447772876636,4.202522277832031,4.168447772876636,4.202522277832031,1005600.0
1989-06-19,4.191163441450922,4.247954273990907,4.168447108434927,4.23659610748291,1464000.0
1989-06-20,4.2479563336623345,4.316105365753174,4.2479563336623345,4.316105365753174,1619200.0
1989-06-21,4.316105365753174,4.338821709783454,4.3047471937380335,4.316105365753174,1276000.0
1989-06-22,4.316100325259862,4.361532960262598,4.316100325259862,4.3388166427612305,624400.0
1989-06-23,4.327464922372397,4.384255800618754,4.327464922372397,4.372897624969482,1403600.0
1989-06-26,4.3956139762680255,4.406972151917296,4.350181273670939,4.372897624969482,599600.0
1989-06-27,4.384251880149047,4.395610045641661,4.3501773836712045,4.361535549163818,560000.0
1989-06-28,4.327463537768313,4.338821709783454,4.316105365753174,4.316105365753174,3455600.0
1989-06-29,4.3047440385305755,4.3161022022206295,4.15708791055987,4.225236892700195,3016400.0
1989-06-30,4.202524443357689,4.202524443357689,4.077584527474082,4.111659049987793,944800.0
1989-07-03,4.134372805242669,4.179805473432149,4.123014638195299,4.145730972290039,387200.0
1989-07-05,4.157090323311942,4.293388366699219,4.157090323311942,4.293388366699219,1416400.0
1989-07-06,4.304744721700748,4.361535549163818,4.293386556208134,4.361535549163818,2931200.0
1989-07-07,4.338818935532644,4.384251594543457,4.338818935532644,4.384251594543457,3263600.0
1989-07-10,4.384249144334059,4.429681777954102,4.384249144334059,4.429681777954102,2364000.0
1989-07-11,4.452401646655967,4.475117981587886,4.395610809326172,4.395610809326172,1594400.0
1989-07-12,4.418330327566568,4.418330327566568,4.372897624969482,4.372897624969482,570800.0
1989-07-13,4.384253953119068,4.441044807434082,4.372895782256065,4.441044807434082,1012400.0
1989-07-14,4.475115776062012,4.48647393793019,4.38425048111659,4.475115776062012,1537600.0
1989-07-17,4.463758284395391,4.509190938689493,4.463758284395391,4.497832775115967,1026000.0
1989-07-18,4.509189632994619,4.565980434417725,4.509189632994619,4.565980434417725,1725600.0
1989-07-19,4.588700477712847,4.622774986210715,4.55462596921498,4.611416816711426,3004800.0
1989-07-20,4.634130394574508,4.71363753369711,4.634130394574508,4.679563045501709,1912400.0
1989-07-21,4.6795603941028245,4.724993019288289,4.656844081510092,4.702276706695557,806800.0
1989-07-24,4.71363753369711,4.71363753369711,4.656846720038108,4.679563045501709,569600.0
1989-07-25,4.679563045501709,4.73635385916071,4.668204882769909,4.679563045501709,1157200.0
1989-07-26,4.690923019097402,4.724997520446777,4.622774016398649,4.724997520446777,840000.0
1989-07-27,4.702278166795971,4.759068965911865,4.702278166795971,4.759068965911865,1351200.0
1989-07-28,4.77042998907701,4.815862655639648,4.77042998907701,4.815862655639648,1537600.0
1989-07-31,4.815863502359836,4.8612961769104,4.804505333722195,4.8612961769104,1773200.0
1989-08-01,4.884014953666019,4.929447650909424,4.872656779355167,4.929447650909424,2153200.0
1989-08-02,4.940803143956246,4.9521613121032715,4.906728639515168,4.9521613121032715,728000.0
1989-08-03,4.952161991568691,4.963520161274124,4.884012973336095,4.918087482452393,768800.0
1989-08-04,4.91808529119382,4.952159785128188,4.90672712654903,4.940801620483398,1009600.0
1989-08-07,4.963519757863872,4.997594264210764,4.963519757863872,4.986236095428467,1270000.0
1989-08-08,4.986234279062557,4.997592443707346,4.9294434558386095,4.940801620483398,1048000.0
1989-08-09,4.940803821863258,4.940803821863258,4.895371143041527,4.918087482452393,756400.0
1989-08-10,4.918087482452393,4.952161991568691,4.895371143041527,4.918087482452393,741200.0
1989-08-11,4.952159877166395,4.997592536589939,4.895369052886963,4.895369052886963,1294400.0
1989-08-14,4.8499364819006905,4.8499364819006905,4.781787491522694,4.793145656585693,1088000.0
1989-08-15,4.804504690261987,4.804504690261987,4.690923019097402,4.724997520446777,720000.0
1989-08-16,4.724997322514372,4.8272208222803075,4.724997322514372,4.815862655639648,732400.0
1989-08-17,4.838581351967125,4.8840140407179895,4.815865007591692,4.872655868530273,502400.0
1989-08-18,4.861297696342557,4.8953722129057065,4.838581351967125,4.872655868530273,600800.0
1989-08-21,4.83857831683769,4.86129464696369,4.781787491522694,4.793145656585693,786800.0
1989-08-22,4.781783800770119,4.793141957066485,4.656844081510092,4.702276706695557,557600.0
1989-08-23,4.69091855039919,4.724993019288289,4.656844081510092,4.702276706695557,922400.0
1989-08-24,4.702279030008519,4.81586064909085,4.679562706192053,4.804502487182617,1508400.0
1989-08-25,4.78178815571767,4.849937155561626,4.78178815571767,4.815862655639648,580800.0
1989-08-28,4.797584242354145,4.8090070619787975,4.763315783480187,4.786161422729492,271200.0
1989-08-29,4.831855105903913,4.854700756522845,4.809009455284983,4.843277931213379,416400.0
1989-08-30,4.8432782218569805,4.8432782218569805,4.7747412658873065,4.797586917877197,460400.0
1989-08-31,4.763317108154297,4.7861627537569555,4.751894285352967,4.763317108154297,597600.0
1989-09-01,4.740470144230882,4.8090070619787975,4.740470144230882,4.786161422729492,421600.0
1989-09-05,4.751892963855534,4.786161422729492,4.751892963855534,4.786161422729492,616800.0
1989-09-06,4.763317108154297,4.774739930955626,4.683357348544992,4.763317108154297,720000.0
1989-09-07,4.729051330510307,4.7633198184125565,4.637668696104312,4.6605143547058105,204800.0
1989-09-08,4.660509441209876,4.72904634475708,4.637663806694142,4.72904634475708,607600.0
1989-09-11,4.729048528903868,4.729048528903868,4.683357238769531,4.683357238769531,646400.0
1989-09-12,4.694780061303115,4.717625706370284,4.683357238769531,4.683357238769531,297200.0
1989-09-13,4.706204237051346,4.706204237051346,4.5234390239619735,4.5462846755981445,621600.0
1989-09-14,4.580552484729502,4.637666605486728,4.557706836426612,4.614820957183838,818800.0
1989-09-15,4.637668696104312,4.6605143547058105,4.614823037502812,4.6605143547058105,1526400.0
1989-09-18,4.660512826738566,4.7062041289614935,4.660512826738566,4.694781303405762,1029600.0
1989-09-19,4.694779858800578,4.706202680841455,4.626242926555314,4.637665748596191,1104800.0
1989-09-20,4.649090001182835,4.7062041289614935,4.649090001182835,4.694781303405762,621200.0
1989-09-21,4.694781017303467,4.763317966461182,4.694781017303467,4.740472316741943,1723200.0
1989-09-22,4.729048639750309,4.7861627537569555,4.729048639750309,4.763317108154297,1795600.0
1989-09-25,4.763314796530683,4.786160431046417,4.717623527499213,4.72904634475708,411600.0
1989-09-26,4.706203550395399,4.717626374546844,4.614820957183838,4.614820957183838,1084400.0
1989-09-27,4.591977357287095,4.740474137497872,4.591977357287095,4.717628479003906,1155200.0
1989-09-28,4.729049961907523,4.797586917877197,4.729049961907523,4.797586917877197,1625200.0
1989-09-29,4.7861640918822514,4.797586917877197,4.763318439892361,4.797586917877197,623200.0
1989-10-02,4.774740695953369,4.774740695953369,4.740472222058967,4.774740695953369,640800.0
1989-10-03,4.774738603104839,4.786161422729492,4.729047324606229,4.786161422729492,2350400.0
1989-10-04,4.774740695953369,4.786163520584837,4.7633178713219015,4.774740695953369,1748400.0
1989-10-05,4.7747398190382055,4.7861626415717895,4.683357238769531,4.683357238769531,658800.0
1989-10-06,4.729049780072957,4.740472605628689,4.694781303405762,4.694781303405762,745200.0
1989-10-09,4.671934416235947,4.7062028838367,4.6376659486351945,4.683357238769531,430000.0
1989-10-10,4.694780250633258,4.694780250633258,4.671934604644775,4.671934604644775,843600.0
1989-10-11,4.6605143547058105,4.683360013307309,4.637668696104312,4.6605143547058105,936400.0
1989-10-12,4.649089429638173,4.660512253789618,4.580552484729502,4.614820957183838,921600.0
1989-10-13,4.591978115784495,4.591978115784495,4.31783016857348,4.3406758308410645,1383600.0
1989-10-16,4.18075552407433,4.6605143547058105,4.18075552407433,4.6605143547058105,2550800.0
1989-10-17,4.626242809725883,4.683356918487932,4.534860235706607,4.557705879211426,2170400.0
1989-10-18,4.534861087799072,4.569129559495287,4.500592616102858,4.534861087799072,581600.0
1989-10-19,4.546284012275167,4.637666605486728,4.534861188123721,4.614820957183838,1195600.0
1989-10-20,4.626243591308594,4.64908923867308,4.54628382553289,4.626243591308594,930400.0
1989-10-23,4.626245866803562,4.706205671908808,4.603400208202062,4.6605143547058105,842000.0
1989-10-24,4.683358585415174,4.683358585415174,4.5234390239619735,4.5462846755981445,1240400.0
1989-10-25,4.512015153663326,4.557706446358652,4.5005923304894955,4.523437976837158,740000.0
1989-10-26,4.546284196303063,4.55770702091689,4.397787476323314,4.432055950164795,921200.0
1989-10-27,4.397789059458552,4.397789059458552,4.226446628570557,4.226446628570557,2100800.0
1989-10-30,4.272131741841634,4.294977366129557,4.237863305409749,4.283554553985596,838400.0
1989-10-31,4.294983000982375,4.329251482373192,4.272137346721831,4.31782865524292,972400.0
1989-11-01,4.317828666748374,4.409211284034054,4.260714530944824,4.260714530944824,1030800.0
1989-11-02,4.260712609342907,4.272135431351869,4.203598499298096,4.203598499298096,1161200.0
1989-11-03,4.215022469086608,4.23786811932556,4.18075399372818,4.192176818847656,494000.0
1989-11-06,4.192177801906896,4.192177801906896,4.043681040531447,4.077949523925781,1080800.0
1989-11-07,4.066522105709537,4.169327439842643,4.066522105709537,4.157904624938965,1767600.0
1989-11-08,4.215023866698976,4.317829326862366,4.15790972216376,4.306406497955322,1314000.0
1989-11-09,4.329249382019043,4.329249382019043,4.294980917253721,4.329249382019043,525200.0
1989-11-10,4.36351582698333,4.454898357391357,4.36351582698333,4.454898357391357,762000.0
1989-11-13,4.4663226556777955,4.591973676681518,4.4434770154953,4.569128036499023,1170400.0
1989-11-14,4.5691282010925605,4.580551021595292,4.48916845757344,4.500591278076172,885200.0
1989-11-15,4.500591464928392,4.523437106882343,4.420631718089562,4.489168643951416,776400.0
1989-11-16,4.454903883092544,4.47774954403148,4.397789730745203,4.466326713562012,1146000.0
1989-11-17,4.454900452287767,4.454900452287767,4.409209165597636,4.443477630615234,671200.0
1989-11-20,4.432058479911403,4.432058479911403,4.294984506305895,4.3406758308410645,1419600.0
1989-11-21,4.329252155769409,4.363520642490539,4.272138011234192,4.306406497955322,1412000.0
1989-11-22,4.294977366129557,4.306400178273519,4.237863305409749,4.283554553985596,810400.0
1989-11-24,4.283557705422665,4.294980525970459,4.260712064327078,4.294980525970459,436800.0
1989-11-27,4.322574385194954,4.391551636022533,4.2995819682524274,4.3800554275512695,20603600.0
1989-11-28,4.391550739606222,4.426039357980093,4.345565915107727,4.414543151855469,1227200.0
1989-11-29,4.414539596797284,4.426035793663943,4.391547203063965,4.391547203063965,1821200.0
1989-11-30,4.322569976806641,4.345562370300293,4.26508899307251,4.3110737800598145,1375200.0
1989-12-01,4.322570985860902,4.322570985860902,4.242097589847534,4.265089988708496,2703600.0
1989-12-04,4.207606792449951,4.2305991792939395,4.184614405605962,4.207606792449951,854000.0
1989-12-05,4.196114892082958,4.230603507634324,4.115641455796435,4.127137660980225,1286800.0
1989-12-06,4.10414338955837,4.10414338955837,3.874219390143335,3.897211790084839,4478000.0
1989-12-07,3.9317007228774803,4.0236703304301695,3.9202045219333943,4.012174129486084,2899200.0
1989-12-08,4.035166263580322,4.035166263580322,4.0006776630369005,4.035166263580322,1298000.0
1989-12-11,4.03516697121221,4.03516697121221,3.862723938254423,3.954693555831909,1991600.0
1989-12-12,3.9546941302039404,4.046663761138916,3.9546941302039404,4.046663761138916,1572800.0
1989-12-13,4.023671353405172,4.06965616887266,4.0121751495383,4.046663761138916,1649600.0
1989-12-14,4.046663761138916,4.06965616887266,4.046663761138916,4.046663761138916,857600.0
1989-12-15,4.081154153299737,4.081154153299737,4.046665526652133,4.058161735534668,2159600.0
1989-12-18,4.081152906918317,4.081152906918317,3.9202060317159044,3.9431984424591064,1940400.0
1989-12-19,3.90870904779291,3.90870904779291,3.8052432200572155,3.828235626220703,1418000.0
1989-12-20,3.8282353316628654,3.9776859602262804,3.8282353316628654,3.954693555831909,1103600.0
1989-12-21,3.920205587628244,4.046663832390445,3.920205587628244,4.000679016113281,1114000.0
1989-12-22,3.9891823405950837,4.092648164990922,3.9776861378844353,4.081151962280273,1024400.0
1989-12-26,4.104142702542818,4.196112286913526,4.104142702542818,4.1846160888671875,615200.0
1989-12-27,4.184616853874227,4.2650902549102705,4.184616853874227,4.242097854614258,908800.0
1989-12-28,4.230602674586798,4.288083689187163,4.230602674586798,4.27658748626709,527600.0
1989-12-29,4.2880854052466315,4.2880854052466315,4.242100575163557,4.253596782684326,772800.0
1990-01-02,4.230603951870916,4.334069809389498,4.219107745479962,4.288084983825684,849600.0
1990-01-03,4.2995784029047535,4.345563198657746,4.2995784029047535,4.32257080078125,1785200.0
1990-01-04,4.276588035666424,4.276588035666424,4.196114604887755,4.230603218078613,1471200.0
1990-01-05,4.207608532905579,4.219104731082917,4.138631343841553,4.138631343841553,1050800.0
1990-01-08,4.138636773462453,4.207614053020161,4.138636773462453,4.1616291999816895,680000.0
1990-01-09,4.173125413241308,4.219110266279779,4.150132986722071,4.1616291999816895,776000.0
1990-01-10,4.092648164990922,4.10414436770157,4.0236709487270295,4.081151962280273,702800.0
1990-01-11,4.092648576606403,4.104144780473275,4.0121751495383,4.046663761138916,1208400.0
1990-01-12,3.9776859924807186,4.035167003932752,3.931701183319092,3.931701183319092,707600.0
1990-01-15,3.839733884995242,3.8972149311778055,3.7937490480491913,3.816741466522217,1298800.0
1990-01-16,3.747761916282565,3.954693555831909,3.7247695118881934,3.954693555831909,1355600.0
1990-01-17,3.977686643600464,4.023671460289487,3.9317018269114414,3.977686643600464,2706800.0
1990-01-18,3.954692281236397,4.0466618691721274,3.862722693300667,3.920203685760498,3792800.0
1990-01-19,4.000678676669881,4.092648301420912,3.9661900673882435,4.069655895233154,2429200.0
1990-01-22,4.092648648667609,4.1041448527369,4.000679016113281,4.000679016113281,1362800.0
1990-01-23,4.012174746016381,4.081151962280273,4.012174746016381,4.081151962280273,1023600.0
1990-01-24,4.0466624637614625,4.0466624637614625,3.9776852626746195,4.035166263580322,1580400.0
1990-01-25,4.023670673370361,4.069655481066023,4.023670673370361,4.023670673370361,480800.0
1990-01-26,4.0006783646206525,4.012174566817838,3.885716342648794,3.954693555831909,824800.0
1990-01-29,3.954695308909697,3.954695308909697,3.8512294432696175,3.908710479736328,899600.0
1990-01-30,3.8857199496814596,3.8857199496814596,3.7477653952548993,3.7592616081237793,940800.0
1990-01-31,3.736266759889466,3.862725019454956,3.736266759889466,3.862725019454956,1434400.0
1990-02-01,3.885716675991738,3.8972128791751457,3.793747050524478,3.8052432537078857,1309600.0
1990-02-02,3.793747772628295,3.9431984424591064,3.770755361885093,3.9431984424591064,1500000.0
1990-02-05,3.9431984573602676,3.9431984573602676,3.862725019454956,3.862725019454956,490400.0
1990-02-06,3.839733884995242,3.839733884995242,3.7937490480491913,3.816741466522217,979200.0
1990-02-07,3.7707541821271002,3.885716199874878,3.7477617785775448,3.885716199874878,851200.0
1990-02-08,3.8627262572328487,3.874222466331756,3.8167414208372192,3.839733839035034,1348800.0
1990-02-09,3.8282386223710962,3.885719682767059,3.8167424102919036,3.874223470687866,1039200.0
1990-02-12,3.8627272586086736,3.9087121069254436,3.851231046529481,3.874223470687866,939600.0
1990-02-13,3.862725019454956,3.8972136357000893,3.8512288140399114,3.862725019454956,1687600.0
1990-02-14,3.862722693300667,3.9202036857604985,3.8512264948087007,3.920203685760498,789600.0
1990-02-15,3.897212452207293,4.035166875294276,3.897212452207293,4.023670673370361,825200.0
1990-02-16,4.046663891669758,4.138633525571343,4.046663891669758,4.115641117095947,2972800.0
1990-02-20,4.0696579444172025,4.0696579444172025,4.023673108887064,4.058161735534668,2726400.0
1990-02-21,3.9891814628557603,4.069654864123744,3.9776852626746195,4.035166263580322,863600.0
1990-02-22,4.046663354148327,4.150129178544165,4.046663354148327,4.081151962280273,1263200.0
1990-02-23,4.058159965005788,4.104144780473275,4.0121751495383,4.046663761138916,942800.0
1990-02-26,4.055936228145253,4.090701395815069,4.055936228145253,4.079113006591797,797200.0
1990-02-27,4.05593469614438,4.1602301597595215,4.05593469614438,4.1602301597595215,948800.0
1990-02-28,4.137054735355163,4.183408289812924,4.102289569511843,4.125466346740723,795600.0
1990-03-01,4.0906990061954955,4.160229300918365,4.0906990061954955,4.137052536010742,1000800.0
1990-03-02,4.137052261311075,4.264524459838867,4.137052261311075,4.264524459838867,930800.0
1990-03-05,4.276115045885299,4.3108802088599765,4.241349882910622,4.252938270568848,1546000.0
1990-03-06,4.241346925169557,4.241346925169557,4.171816647707761,4.218170166015625,2353200.0
1990-03-07,4.1949946400876215,4.218171406054957,4.183406257103954,4.206583023071289,800400.0
1990-03-08,4.1486403293117755,4.1486403293117755,3.9979913788060406,4.044344902038574,6367600.0
1990-03-09,3.893697945468397,3.893697945468397,3.7778140780437424,3.847344398498535,9583200.0
1990-03-12,3.870521224157328,3.893697997954677,3.824167676562629,3.8357560634613037,2523600.0
1990-03-13,3.8357539521730866,3.8357539521730866,3.754635288531964,3.766223669052124,2272400.0
1990-03-14,3.754635905627138,3.7662242880519132,3.650340463804162,3.731459140777588,3680000.0
1990-03-15,3.7430500432297036,3.789403604136573,3.7430500432297036,3.754638433456421,867600.0
1990-03-16,3.84734555527016,3.84734555527016,3.7430500432297036,3.754638433456421,1942000.0
1990-03-19,3.731459140777588,3.754635905627138,3.6966939935032626,3.731459140777588,624800.0
1990-03-20,3.7082827577022925,3.731459524937932,3.685105990466653,3.6966943740844727,1190800.0
1990-03-21,3.696694661986153,3.7314598155471512,3.511280509660829,3.6851062774658203,862000.0
1990-03-22,3.6155776791758356,3.650342849167911,3.569224119186402,3.5692241191864014,2560800.0
1990-03-23,3.5228699837961504,3.6155770886328913,3.5112815956915577,3.592400312423706,2236000.0
1990-03-26,3.592400648616466,3.6851077621291486,3.592400648616466,3.6735193729400635,669600.0
1990-03-27,3.6735178929454877,3.696694661986153,3.6387527393844894,3.6851062774658203,834800.0
1990-03-28,3.6851063770583914,3.696694761891908,3.65034122255784,3.6619296073913574,495200.0
1990-03-29,3.650339933249135,3.6619283139896086,3.615574791027715,3.6271631717681885,527600.0
1990-03-30,3.627165476737484,3.627165476737484,3.5460467600053356,3.592400312423706,697600.0
1990-04-02,3.569221590079513,3.5808099718654853,3.511279681149651,3.5460448265075684,1032800.0
1990-04-03,3.5460473391916847,3.5924008991811185,3.5460473391916847,3.5692241191864014,751600.0
1990-04-04,3.4301618929730346,3.5344573559350527,3.4301618929730346,3.49969220161438,1815200.0
1990-04-05,3.488103496987102,3.488103496987102,3.3490428924560547,3.3490428924560547,1321200.0
1990-04-06,3.314277072677343,3.337453835423338,3.140451352082377,3.2795119285583496,3821200.0
1990-04-09,3.279512590190531,3.360631276166975,3.279512590190531,3.3490428924560547,1013200.0
1990-04-10,3.3838086334177824,3.4996924907266105,3.3722202476868994,3.4881041049957275,3070000.0
1990-04-11,3.522868971161495,3.5344573559350527,3.4881038168408223,3.49969220161438,942000.0
1990-04-12,3.511280876457493,3.522869262188376,3.4881041049957275,3.4881041049957275,842000.0
1990-04-16,3.4881024231781828,3.511279183465081,3.4301605224609375,3.4301605224609375,914400.0
1990-04-17,3.418574125870414,3.5692231551460596,3.4069857390030567,3.4649276733398438,2101600.0
1990-04-18,3.441750899605129,3.4996928339419155,3.441750899605129,3.4649276733398438,1252400.0
1990-04-19,3.453338146209717,3.488103295332633,3.4417497631687444,3.453338146209717,915200.0
1990-04-20,3.453337955153751,3.4765147199534407,3.4417495727539062,3.4417495727539062,359600.0
1990-04-23,3.4417489026043864,3.4417489026043864,3.406983762174039,3.4301605224609375,754400.0
1990-04-24,3.4301605224609375,3.4881024231781828,3.406983762174039,3.4301605224609375,728000.0
1990-04-25,3.4185730472002946,3.4301614304111427,3.3374543647243553,3.383807897567749,1064800.0
1990-04-26,3.383807754516601,3.4301612854003904,3.383807754516601,3.4185729026794434,1223600.0
1990-04-27,3.4417497631687444,3.464926529250689,3.4301613801277724,3.453338146209717,581600.0
1990-04-30,3.4649257769710142,3.534456060120934,3.4533373964460274,3.5228676795959473,1665200.0
1990-05-01,3.5228676014007863,3.6387514040784437,3.5228676014007863,3.6039862632751465,1420000.0
1990-05-02,3.592399161332732,3.6387526988983154,3.5808107769413358,3.6387526988983154,1543600.0
1990-05-03,3.6387510046362874,3.731458036601543,3.6387510046362874,3.7082812786102295,1844800.0
1990-05-04,3.7082831467254254,3.731459916392459,3.6387528377243235,3.6619296073913574,1494000.0
1990-05-07,3.6619295084251546,3.708283046506486,3.6619295084251546,3.6851062774658203,950800.0
1990-05-08,3.661930533555838,3.661930533555838,3.5924002069693346,3.615576982498169,891200.0
1990-05-09,3.6155770886328913,3.6155770886328913,3.569223536214521,3.592400312423706,1158800.0
1990-05-10,3.569221450287161,3.603986594283465,3.55763306895506,3.5808098316192627,2725600.0
1990-05-11,3.6039886739518905,3.673519002066718,3.5924002859327526,3.6503422260284424,4104800.0
1990-05-14,3.6619296073913574,3.731459916392459,3.65034122255784,3.6619296073913574,1138400.0
1990-05-15,3.661930983750978,3.6851077621291486,3.650342594561893,3.6735193729400635,522400.0
1990-05-16,3.6619306140475802,3.673519002066718,3.627165449990166,3.6503422260284424,356800.0
1990-05-17,3.6619296073913574,3.7082831467254254,3.6155760680572895,3.6619296073913574,1471600.0
1990-05-18,3.673517852072503,3.673517852072503,3.592399161332732,3.6387526988983154,592000.0
1990-05-21,3.627165449990166,3.685107390085856,3.6155770619710283,3.6503422260284424,804000.0
1990-05-22,3.6503401196118697,3.673516882276072,3.5808098316192623,3.5808098316192627,1893200.0
1990-05-23,3.569223536214521,3.6039887005282987,3.557635148109928,3.592400312423706,622400.0
1990-05-24,3.6039861452461466,3.6039861452461466,3.499690726251885,3.5112791061401367,515600.0
1990-05-25,3.5089407418225265,3.5089407418225265,3.438761926986076,3.4621548652648926,2882000.0
1990-05-29,3.4855456352233887,3.4972420970865543,3.4738491733602226,3.4855456352233887,852400.0
1990-05-30,3.497243497545356,3.5557258302802284,3.4855470309983816,3.5323328971862793,2757200.0
1990-05-31,3.5323349198987404,3.6843890720798123,3.5323349198987404,3.6259067058563232,1388000.0
1990-06-01,3.6492989339798596,3.7311742305755615,3.6259059920953733,3.7311742305755615,3808000.0
1990-06-04,3.7311725481635047,3.9534053958597637,3.7194760824952806,3.9300124645233154,1788000.0
1990-06-05,4.0001942124860035,4.093766006930121,3.9884977381804894,4.070373058319092,1918400.0
1990-06-06,4.093765316671029,4.140551206004413,4.0469794273376465,4.0469794273376465,2442400.0
1990-06-07,4.023587005894358,4.023587005894358,3.836443424224853,3.8364434242248535,1609600.0
1990-06-08,3.8130500770407503,3.871532440185547,3.8013536044117906,3.871532440185547,701200.0
1990-06-11,3.8364430222986687,3.871532440185547,3.8247465496697095,3.871532440185547,1185200.0
1990-06-12,3.8598365453352415,3.8949259684746527,3.8481400709554374,3.8832294940948486,866800.0
1990-06-13,3.883228299049401,3.8949247698296703,3.7311741789059005,3.7779600620269775,1222400.0
1990-06-14,3.672690495749973,3.6960834288439215,3.520636430639305,3.5323328971862793,2285200.0
1990-06-15,3.544031333771481,3.6843890103564902,3.462156022430226,3.6726925373077393,2229600.0
1990-06-18,3.6609955649422514,3.6843885078492304,3.5674237933143345,3.5908167362213135,1094000.0
1990-06-19,3.6025133413427017,3.660995700780083,3.5674239256802727,3.579120397567749,1215200.0
1990-06-20,3.579119620529124,3.5908160898772583,3.4621549270477803,3.520637273788452,782800.0
1990-06-21,3.520637907500376,3.614209679128293,3.520637907500376,3.5908167362213135,1152800.0
1990-06-22,3.567422296827203,3.579118763374177,3.520636430639305,3.5323328971862793,1153600.0
1990-06-25,3.520636430639305,3.544029363733254,3.520636430639305,3.5323328971862793,626400.0
1990-06-26,3.5323339733358936,3.5440304434462773,3.4153692722320557,3.4153692722320557,1072800.0
1990-06-27,3.438761926986076,3.497244272683118,3.438761926986076,3.4621548652648926,557600.0
1990-06-28,3.4738509455652142,3.508940349055772,3.4738509455652142,3.497243881225586,1091600.0
1990-06-29,3.497244227727254,3.520637165705363,3.473851289749146,3.5089406967163086,916400.0
1990-07-02,3.508939165057558,3.520635628941083,3.462153309523457,3.4738497734069824,386800.0
1990-07-03,3.4738516227839744,3.4738516227839744,3.4153692722320557,3.4153692722320557,922800.0
1990-07-05,3.3685835988898027,3.3685835988898027,3.2984047739129316,3.333494186401367,1280000.0
1990-07-06,3.3451901738708085,3.4621548652648926,3.3334937047314,3.4621548652648926,626800.0
1990-07-09,3.4621559381484985,3.4621559381484985,3.3568876832723618,3.368584156036377,1019200.0
1990-07-10,3.3568859818161174,3.3568859818161174,3.2399213134601554,3.2633142471313477,1042400.0
1990-07-11,3.251619951819685,3.2750129011133517,3.1814411039386847,3.2399234771728516,2616400.0
1990-07-12,3.26331525109031,3.26331525109031,3.1463505467501554,3.216529369354248,2015600.0
1990-07-13,3.2282252105877554,3.263314615050666,3.204832274279149,3.2516181468963623,1510400.0
1990-07-16,3.2516186906866835,3.4621551526735908,3.2516186906866835,3.4153692722320557,1484400.0
1990-07-17,3.5089407816971883,3.60251253587578,3.4972443124248644,3.54403018951416,1907200.0
1990-07-18,3.544030103683472,3.544030103683472,3.4621548207600914,3.5089406967163086,1720400.0
1990-07-19,3.4972427011740326,3.508939165057558,3.462153309523457,3.4738497734069824,1326400.0
1990-07-20,3.4738525614446525,3.497245507986367,3.43876314163208,3.43876314163208,667200.0
1990-07-23,3.4270662488608523,3.438762720699968,3.333494474147928,3.391976833343506,923600.0
1990-07-24,3.3919771015644073,3.3919771015644073,3.321798264980316,3.368584156036377,542400.0
1990-07-25,3.368583889665275,3.391976833343506,3.345190945987044,3.391976833343506,1638400.0
1990-07-26,3.403671998878664,3.4153684662287622,3.3568861294782697,3.380279064178467,1413200.0
1990-07-27,3.3451896621281714,3.380279064178467,3.3334931947780726,3.380279064178467,911200.0
1990-07-30,3.3685832257037394,3.3685832257037394,3.3217973475689653,3.3451902866363525,347200.0
1990-07-31,3.333493450377461,3.380279323365215,3.333493450377461,3.356886386871338,559600.0
1990-08-01,3.333493048144925,3.333493048144925,3.134653111939789,3.2633142471313477,1346000.0
1990-08-02,3.2867093757601853,3.3217987997006855,3.2048340532323514,3.2399234771728516,792000.0
1990-08-03,3.2399208994369224,3.2399208994369224,3.0995633153457924,3.1697421073913574,1576000.0
1990-08-06,3.0410826206207275,3.087868507091816,2.9475108476785516,3.0410826206207275,2488800.0
1990-08-07,3.087867421262404,3.2048320963102226,3.064474486252841,3.181439161300659,2211600.0
1990-08-08,3.1931350380732124,3.20483150341414,3.1463491767095024,3.1697421073913574,815600.0
1990-08-09,3.1697432759043935,3.193136215209961,3.111260927640475,3.193136215209961,748000.0
1990-08-10,3.181438572732285,3.2165279687550674,3.1697421073913574,3.1697421073913574,782400.0
1990-08-13,3.1463505467501554,3.239922310222279,3.13465407631614,3.216529369354248,431600.0
1990-08-14,3.2048326848627444,3.2165291545155283,3.181439745557177,3.193136215209961,576400.0
1990-08-15,3.2048327680947124,3.2399221779643623,3.2048327680947124,3.2282257080078125,604400.0
1990-08-16,3.2165285638150047,3.2165285638150047,3.181439161300659,3.181439161300659,1036000.0
1990-08-17,3.181438572732285,3.181438572732285,3.0878668500048647,3.1697421073913574,572800.0
1990-08-20,3.1814398281816123,3.2516186479209126,3.169743358225062,3.2282257080078125,679600.0
1990-08-21,3.2165285834559687,3.2165285834559687,3.1229568428463406,3.158046245574951,958400.0
1990-08-22,3.181438700358073,3.193135166168213,2.9709023157755534,2.9825987815856934,1239200.0
1990-08-23,2.9007245182512276,2.9475103975778603,2.807152759597962,2.9124209880828857,1237600.0
1990-08-24,2.9241182501353915,2.9709041421375577,2.9241182501353915,2.9475111961364746,894400.0
1990-08-27,3.0410826976761616,3.087868585332718,3.0410826976761616,3.076172113418579,438400.0
1990-08-28,3.052779169590301,3.1346544729892747,3.0410826976761616,3.076172113418579,399200.0
1990-08-29,3.0761710109567284,3.158046285012611,3.0761710109567284,3.111260414123535,310400.0
1990-08-30,3.1346544729892747,3.1580474168175527,3.06447564150444,3.076172113418579,506800.0
1990-08-31,3.0738087906234566,3.0974534736282524,3.0501641076186607,3.0856311321258545,502400.0
1990-09-04,3.1092742461424607,3.1329189172157874,3.0738072395324707,3.0738072395324707,887600.0
1990-09-05,3.0856282955793373,3.1092729568481445,3.06198363431053,3.1092729568481445,440000.0
1990-09-06,3.1092729568481445,3.132917618116952,3.0974506262137407,3.1092729568481445,811200.0
1990-09-07,3.1092729568481445,3.132917618116952,3.0974506262137407,3.1092729568481445,2466000.0
1990-09-10,3.1210981566330482,3.132920498135446,3.0738087906234566,3.0856311321258545,526800.0
1990-09-11,3.0738078305159755,3.0738078305159755,3.050163154896622,3.061985492706299,523200.0
1990-09-12,3.0383400758107504,3.050162410736084,2.979228401184082,3.014695405960083,1052000.0
1990-09-13,3.0146956883493017,3.0146956883493017,2.8728276559563937,2.8846499919891357,1995200.0
1990-09-14,2.8491823290973777,2.8964716623604043,2.7664259958870803,2.8018929958343506,1543600.0
1990-09-17,2.778247941253532,2.8137149362482576,2.766425609588623,2.766425609588623,537600.0
1990-09-18,2.7664277340684618,2.778250074812344,2.6245596451418742,2.6482043266296387,1678000.0
1990-09-19,2.660025177745644,2.671847511868958,2.5536241706358185,2.5772688388824463,1919200.0
1990-09-20,2.5536245749546933,2.5536245749546933,2.435401215003087,2.459045886993408,1636000.0
1990-09-21,2.506334652832899,2.5181569861009785,2.45904531976058,2.4945123195648193,1830400.0
1990-09-24,2.4708675739213164,2.4826899068108923,2.388111243694287,2.3999335765838623,2034800.0
1990-09-25,2.388111243694287,2.3999335765838623,2.3644665779151355,2.3999335765838623,1468400.0
1990-09-26,2.399933781675113,2.399933781675113,2.1989541053771973,2.1989541053771973,1388400.0
1990-09-27,1.702416307437494,1.9152183458671808,1.702416307437494,1.9033960103988647,6604800.0
1990-09-28,1.8915740788331505,2.033442134745637,1.844284726862322,2.0216197967529297,4052800.0
1990-10-01,2.0807318632630096,2.0807318632630096,2.045264842866481,2.0570871829986572,1681600.0
1990-10-02,2.09255263873509,2.1280196326119563,2.057085644858224,2.0689079761505127,1539200.0
1990-10-03,2.068908760945002,2.068908760945002,1.9506854031767162,1.9861524105072021,3240000.0
1990-10-04,1.9861538424463328,1.9861538424463328,1.9388644652452296,1.9743314981460571,1162000.0
1990-10-05,1.9506868109645614,2.0216208768178183,1.927042122346809,1.9625091552734375,1584800.0
1990-10-08,1.9625091552734375,1.9861538438911899,1.8915750894201808,1.9625091552734375,1024800.0
1990-10-09,1.9506853522721286,1.9625076877404446,1.903396010398865,1.9033960103988647,970800.0
1990-10-10,1.9152180598332331,1.950685060941256,1.8442840576171875,1.8442840576171875,1186800.0
1990-10-11,1.8442846202850343,1.8561069575945537,1.7733505964279175,1.7733505964279175,1985600.0
1990-10-12,1.7969957636548328,1.8206404447555542,1.7497064014533898,1.8206404447555542,1468400.0
1990-10-15,1.8561071704415713,2.0334422504200655,1.8324624931111053,2.0097975730895996,2034000.0
1990-10-16,1.9861515880336422,2.0334409115582526,1.9861515880336422,1.997973918914795,1542400.0
1990-10-17,1.9861531111360329,1.9861531111360329,1.8915743915581265,1.9270414113998413,3794400.0
1990-10-18,1.8915733924278846,1.9152180598332331,1.7733500554011419,1.8442840576171875,6161200.0
1990-10-19,1.8679289428237216,1.8797512779048844,1.785172597255582,1.8088172674179077,2868800.0
1990-10-22,1.820639390211839,1.8442840576171875,1.785172389103816,1.8442840576171875,1798800.0
1990-10-23,1.8324619215845273,1.8324619215845273,1.7733502466947038,1.7851725816726685,1519600.0
1990-10-24,1.7733502621744193,1.8206396024990705,1.7497055920120936,1.8088172674179077,1552800.0
1990-10-25,1.8088172516285979,1.8206395866065626,1.7851725816726685,1.7851725816726685,1388000.0
1990-10-26,1.773349305132886,1.785171633833772,1.6787706755257987,1.6905930042266846,1885200.0
1990-10-29,1.7024158809496008,1.7142382134561953,1.6196595534034397,1.6314818859100342,2582000.0
1990-10-30,1.6196602530339184,1.6551272658740772,1.5960155778071459,1.6078379154205322,3441600.0
1990-10-31,1.6196595534034397,1.7024158809496008,1.6196595534034397,1.6314818859100342,2020400.0
1990-11-01,1.6433043157732166,1.7497053146362305,1.631481982566215,1.7497053146362305,1734000.0
1990-11-02,1.7615289763084747,1.891574739660107,1.7615289763084747,1.8797523975372314,3064800.0
1990-11-05,1.8561073717164116,1.9625084312415562,1.8561073717164116,1.9270414113998413,1321600.0
1990-11-06,1.9152183458671808,1.9270406813354968,1.879751339462233,1.9033960103988647,1480400.0
1990-11-07,1.9033963832913376,1.9743304099978471,1.8915740455069194,1.9388633966445923,1942800.0
1990-11-08,1.9388634308039794,2.057086810731051,1.915218754818565,2.0216197967529297,2367200.0
1990-11-09,2.0216201626021286,2.0689095231308334,1.9861531422056,2.0570871829986572,1703600.0
1990-11-12,2.068908432478546,2.210776439277075,2.068908432478546,2.1989541053771973,2514800.0
1990-11-13,2.175310284679473,2.2698889927090153,2.175310284679473,2.2580666542053223,2712400.0
1990-11-14,2.246243171202831,2.376288828482995,2.246243171202831,2.3053548336029053,4362800.0
1990-11-15,2.222598773176952,2.2580657748765844,2.163487103677565,2.1989541053771973,5232400.0
1990-11-16,2.2107758424719983,2.3171768188476562,2.2107758424719983,2.3171768188476562,3804800.0
1990-11-19,2.340822472572327,2.364467144012451,2.3290001368522644,2.364467144012451,2621200.0
1990-11-20,2.3526448082923888,2.364467144012451,2.269888458251953,2.364467144012451,4211600.0
1990-11-21,2.3644668360551195,2.3644668360551195,2.269888162612915,2.269888162612915,4176400.0
1990-11-23,2.2698892129434123,2.2698892129434123,2.1871328353881836,2.1871328353881836,706000.0
1990-11-26,2.17530948917071,2.2817104967931905,2.092553149908781,2.269888162612915,2443200.0
1990-11-27,2.2698880538199715,2.4590453916383024,2.2344210529790343,2.4354007244110107,2877200.0
1990-11-28,2.435401158332825,2.435401158332825,2.364467144012451,2.364467144012451,2738400.0
1990-11-29,2.3644677007385573,2.3644677007385573,2.222599638694244,2.2580666542053223,1826400.0
1990-11-30,2.2225988258918123,2.293532830973466,2.17530948917071,2.269888162612915,5405600.0
1990-12-03,2.293423652648926,2.3414534673640865,2.2694087452913454,2.293423652648926,1527200.0
1990-12-04,2.3054303741455078,2.4255048727989195,2.3054303741455078,2.4014899730682373,4621200.0
1990-12-05,2.425504931863749,2.61762413438761,2.425504931863749,2.545579433441162,4508400.0
1990-12-06,2.6176238952599133,2.641638793381564,2.401489812165058,2.437512159347534,4795200.0
1990-12-07,2.377474462068998,2.4014893556252503,2.341452121734619,2.341452121734619,4678800.0
1990-12-10,2.305430556788589,2.413497614138054,2.2934231059719816,2.3774752616882324,1666000.0
1990-12-11,2.3654676879625867,2.4014900385406968,2.3054304369990692,2.3174378871917725,958000.0
1990-12-12,2.3054315667403373,2.3054315667403373,2.2093719181261564,2.281416654586792,1290000.0
1990-12-13,2.293422619079022,2.3054300673464514,2.245392826009304,2.2574002742767334,1032400.0
1990-12-14,2.2574007024047194,2.2574007024047194,2.1853559991364837,2.2333858013153076,1114000.0
1990-12-17,2.2093703196598935,2.2093703196598935,2.16134053010207,2.1853554248809814,1016800.0
1990-12-18,2.1733482368290424,2.3054301738739014,2.1733482368290424,2.3054301738739014,1262800.0
1990-12-19,2.3054303499921485,2.4255048473875727,2.293422900252606,2.3894824981689453,2169200.0
1990-12-20,2.341453069593848,2.485542489261162,2.341453069593848,2.4615275859832764,1745200.0
1990-12-21,2.47353450653001,2.47353450653001,2.401489812165058,2.437512159347534,2007600.0
1990-12-24,2.4014899730682373,2.4255048727989195,2.3654676234722136,2.4014899730682373,369200.0
1990-12-26,2.4014899730682373,2.4255048727989195,2.3774750733375547,2.4014899730682373,350800.0
1990-12-27,2.4014907357580375,2.4014907357580375,2.293423652648926,2.293423652648926,894400.0
1990-12-28,2.2574007024047194,2.2694081529494254,2.19736344968119,2.2333858013153076,1221200.0
1990-12-31,2.233384757745461,2.233384757745461,2.185354978009,2.1973624229431152,773600.0
1991-01-02,2.209370900225896,2.2694081529494254,2.19736344968119,2.2333858013153076,628000.0
1991-01-03,2.2574004090350606,2.2574004090350606,2.1853557151296865,2.2093706130981445,1118000.0
1991-01-04,2.2333847000485374,2.269407033920288,2.2213772554246205,2.269407033920288,1108800.0
1991-01-07,2.2453932518600137,2.2814156034941315,2.2333858013153076,2.2333858013153076,1163600.0
1991-01-08,2.2213782005839877,2.2333856503168743,2.149333502186669,2.1613409519195557,1020800.0
1991-01-09,2.1853557472879235,2.233385543931614,2.1133110523223877,2.1133110523223877,1230000.0
1991-01-10,2.137327361380917,2.1493348184673264,2.065282618862459,2.0892975330352783,799600.0
1991-01-11,2.101303603161465,2.1253185014833105,2.089296154000542,2.1133110523223877,850400.0
1991-01-14,2.065281255678697,2.1253185014833105,2.065281255678697,2.1133110523223877,786000.0
1991-01-15,2.113311810439892,2.161341624313526,2.1013043569714838,2.137326717376709,851200.0
1991-01-16,2.137326501601235,2.185356310625982,2.137326501601235,2.149333953857422,460400.0
1991-01-17,2.245392826009304,2.3054300673464514,2.2213779294744453,2.2574002742767334,1698000.0
1991-01-18,2.2093702071752306,2.341452121734619,2.2093702071752306,2.341452121734619,1739600.0
1991-01-21,2.3054309171788834,2.4735352548898435,2.3054309171788834,2.4495203495025635,1647600.0
1991-01-22,2.4975505080519684,2.545580325514506,2.4735355993206993,2.5095579624176025,1608800.0
1991-01-23,2.497549295425415,2.533571641032512,2.473534398354017,2.497549295425415,886400.0
1991-01-24,2.5215649712679076,2.665654398197502,2.5215649712679076,2.653646945953369,1513200.0
1991-01-25,2.689669630262587,2.785729259914822,2.689669630262587,2.701677083969116,2222800.0
1991-01-28,2.7376979507248977,2.7977351864864084,2.701675609267991,2.7857277393341064,1033600.0
1991-01-29,2.7737218062082927,2.785729259914822,2.689669630262587,2.701677083969116,739600.0
1991-01-30,2.6896692467568744,2.749706506729126,2.6656543427679735,2.749706506729126,721200.0
1991-01-31,2.7376994450887047,2.749706898795234,2.653647269142999,2.701677083969116,856400.0
1991-02-01,2.713682174682617,2.7737193909366575,2.653644958428577,2.713682174682617,1544400.0
1991-02-04,2.71368360908664,2.977847500236667,2.7016761594889114,2.9418251514434814,3479200.0
1991-02-05,2.9658407357734022,3.0859152594889245,2.95383328340185,3.0498929023742676,3449200.0
1991-02-06,3.0018626474866683,3.0618999004364014,2.9898551968967215,3.0618999004364014,1765200.0
1991-02-07,3.001862909735703,3.0739076195693595,2.917810748263103,2.9538331031799316,1718800.0
1991-02-08,2.9298181999020456,2.9658405548188744,2.8697809417073317,2.9538331031799316,979200.0
1991-02-11,2.941825958398672,3.1219377517700195,2.929818505507249,3.1219377517700195,1005200.0
1991-02-12,3.0739084294929357,3.16996806791459,3.0258786102821085,3.1339457035064697,2099600.0
1991-02-13,3.121935695749725,3.2059878106352944,3.121935695749725,3.1579580307006836,1311200.0
1991-02-14,3.1339442815099443,3.1579591802188327,3.0258772373199463,3.0258772373199463,977200.0
1991-02-15,3.037886025822761,3.121938208355407,3.037886025822761,3.1099307537078857,1836000.0
1991-02-19,3.06190035474582,3.097922711860477,3.0378854500027157,3.0498929023742676,953600.0
1991-02-20,2.9778479352409457,3.001862837944502,2.9178106784820557,2.9178106784820557,1082000.0
1991-02-21,2.8937953380828207,2.9538325857608876,2.7857282922623003,2.8217506408691406,1120800.0
1991-02-22,2.8337591528892516,2.9298187851905824,2.8217516988515854,2.881788969039917,1033600.0
1991-02-25,2.9418255811856118,2.9778479352409457,2.8937957757784996,2.9178106784820557,597200.0
1991-02-26,2.905802787618434,2.9178102371540477,2.797735741797914,2.8217506408691406,639200.0
1991-02-27,2.8457681991286194,2.8457681991286194,2.8217532776169856,2.8337607383728027,1263200.0
1991-02-28,2.8457650313010583,2.857772478690514,2.8097426891326904,2.8097426891326904,893200.0
1991-03-01,2.8217510676678317,2.9298181298338335,2.7737212622607195,2.9178106784820557,2846400.0
1991-03-04,2.9659449640384388,2.9781004761861376,2.9294784275953436,2.941633939743042,2053200.0
1991-03-05,2.9416352686179112,3.063190445007081,2.9294797509789943,3.051034927368164,4264800.0
1991-03-06,3.075345962645998,3.099656997923832,3.014568374451413,3.051034927368164,1831600.0
1991-03-07,3.0267225247769316,3.051033549072329,2.9294784275953436,2.941633939743042,5932000.0
1991-03-08,2.929480301340421,2.941635821262995,2.905169261495272,2.9173247814178467,1204000.0
1991-03-11,2.941635355415186,2.941635355415186,2.917324319420019,2.9294798374176025,1572400.0
1991-03-12,2.917324319420019,2.9537908734127694,2.917324319420019,2.9294798374176025,738000.0
1991-03-13,2.905170031679355,2.9902586936950684,2.905170031679355,2.9902586936950684,795200.0
1991-03-14,3.063190460205078,3.136123566400437,3.0510349425058516,3.063190460205078,2176400.0
1991-03-15,3.038879409729247,3.051034927368164,2.978101821534662,3.051034927368164,1673600.0
1991-03-18,3.0388779217197053,3.051033433406584,2.9902558749721897,3.0145668983459473,759200.0
1991-03-19,2.9659463914103528,3.002412945403103,2.9294798374176025,2.9294798374176025,445600.0
1991-03-20,2.880858195929968,2.9173247553721198,2.8565471563018674,2.8930137157440186,1009200.0
1991-03-21,2.8930137157440186,2.92948027518617,2.8930137157440186,2.8930137157440186,1405200.0
1991-03-22,2.856548079999827,2.8808591274891873,2.8322370325104664,2.868703603744507,2001200.0
1991-03-25,2.8808576804233264,3.087501480284915,2.8808576804233264,3.051034927368164,1469600.0
1991-03-26,3.14827865936138,3.330611400251035,3.1239676272427594,3.281989336013794,2969600.0
1991-03-27,3.4400104532996525,3.4521659672689093,3.3670773694841123,3.379232883453369,3051600.0
1991-03-28,3.3549225493888994,3.3792335823554858,3.342767032905606,3.3670780658721924,1393200.0
1991-04-01,3.342767032905606,3.3670780658721924,3.330611516422313,3.3670780658721924,712400.0
1991-04-02,3.3549221627255705,3.4278552532196045,3.342766647643231,3.4278552532196045,754800.0
1991-04-03,3.4278565377100114,3.598033812631785,3.415701018072742,3.5129451751708984,1403600.0
1991-04-04,3.5251033468311337,3.585880990742015,3.512947818048957,3.573725461959839,873200.0
1991-04-05,3.5980365195241912,3.646658634652897,3.549414404395486,3.573725461959839,1137200.0
1991-04-08,3.561565991881844,3.5737215072124986,3.464321869236606,3.4764773845672607,813600.0
1991-04-09,3.440013631807103,3.452169157007835,3.391391531004176,3.4157025814056396,600800.0
1991-04-10,3.427855648288658,3.427855648288658,3.3670780658721924,3.3670780658721924,451600.0
1991-04-11,3.3792323551111516,3.4886319637298584,3.3792323551111516,3.4886319637298584,587200.0
1991-04-12,3.549414404395486,3.585880990742015,3.5251033468311337,3.573725461959839,937600.0
1991-04-15,3.549414404395486,3.5980365195241912,3.464325702920252,3.573725461959839,861200.0
1991-04-16,3.5980313256282934,3.6344978593339854,3.53725376945214,3.622342348098755,1023200.0
1991-04-17,3.6466564123447123,3.792522668838501,3.63450089097023,3.792522668838501,1953600.0
1991-04-18,3.8168331128414548,3.926232788050286,3.804677593373807,3.9019217491149902,1605600.0
1991-04-19,3.8533010301135837,3.8776120776221865,3.8289899826049805,3.8289899826049805,1030400.0
1991-04-22,3.8168327582849035,3.8289882766233907,3.5980334281921387,3.5980334281921387,2136000.0
1991-04-23,3.598032217510676,3.610187731759023,3.525099132020595,3.585876703262329,1157600.0
1991-04-24,3.561565981262105,3.6588101036173843,3.561565981262105,3.6344990730285645,1028800.0
1991-04-25,3.5980313256282934,3.6952754155101393,3.573720303157832,3.622342348098755,544000.0
1991-04-26,3.5980334281921387,3.6344999832075993,3.5980334281921387,3.5980334281921387,355600.0
1991-04-29,3.6101889465306254,3.6223444648691125,3.5858779098536515,3.5980334281921387,721200.0
1991-04-30,3.585876703262329,3.670965303000757,3.5494101605172887,3.585876703262329,776800.0
1991-05-01,3.573721933846522,3.634499517755476,3.54941090028294,3.6101884841918945,497200.0
1991-05-02,3.622342348098755,3.6344978593339854,3.5980313256282934,3.622342348098755,985200.0
1991-05-03,3.6223444648691125,3.6223444648691125,3.5737223915151644,3.5980334281921387,11040400.0
1991-05-06,3.610192048306368,3.610192048306368,3.5615699331776627,3.573725461959839,858000.0
1991-05-07,3.5737223915151644,3.6223444648691125,3.5737223915151644,3.5980334281921387,1976000.0
1991-05-08,3.5980313256282934,3.622342348098755,3.5980313256282934,3.622342348098755,1347200.0
1991-05-09,3.6223444648691125,3.6223444648691125,3.5980334281921387,3.5980334281921387,1238000.0
1991-05-10,3.6223440009736856,3.634499517755476,3.5980329674101035,3.6101884841918945,2017200.0
1991-05-13,3.6101868368635244,3.622342348098755,3.5980313256282934,3.622342348098755,1193600.0
1991-05-14,3.6223444648691125,3.6223444648691125,3.5980334281921387,3.5980334281921387,1722000.0
1991-05-15,3.5980365195241912,3.610192048306368,3.5615699331776627,3.573725461959839,1976800.0
1991-05-16,3.6101889465306254,3.6101889465306254,3.5858779098536515,3.5980334281921387,640800.0
1991-05-17,3.573720548211074,3.585876060279819,3.4278544033861325,3.4886319637298584,737600.0
1991-05-20,3.5007906255033827,3.5494127175242633,3.476479579492943,3.537257194519043,692000.0
1991-05-21,3.5615664170647308,3.6101884841918945,3.54941090028294,3.6101884841918945,1110800.0
1991-05-22,3.585877011850925,3.6344990730285645,3.585877011850925,3.6344990730285645,1243600.0
1991-05-23,3.62234499613444,3.670967076619466,3.62234499613444,3.646656036376953,3052400.0
1991-05-24,3.64665443959989,3.695276498794555,3.64665443959989,3.6952764987945557,613200.0
1991-05-28,3.7317430913448337,3.8897647857666016,3.707432061433792,3.8897647857666016,2248400.0
1991-05-29,3.8897649591619317,4.011320114135742,3.8532984126697882,4.011320114135742,2734400.0
1991-05-30,3.999166511696991,4.145032767442778,3.999166511696991,4.023477554321289,1870800.0
1991-05-31,4.0113216337888815,4.096410274505615,3.999166113686491,4.096410274505615,3217600.0
1991-06-03,4.083654963026298,4.194024016081063,4.059128506791906,4.181760787963867,1183200.0
1991-06-04,4.157234262017643,4.181760717840756,4.1204445782829735,4.169497489929199,1048000.0
1991-06-05,4.144973503615328,4.144973503615328,4.071394092308547,4.095920562744141,903200.0
1991-06-06,4.071392398913465,4.144971779616721,4.071392398913465,4.132708549499512,675200.0
1991-06-07,4.120445728302002,4.157235422304698,4.120445728302002,4.120445728302002,545600.0
1991-06-10,4.120446841882435,4.132710076530895,4.059130668640137,4.059130668640137,348800.0
1991-06-11,4.046866075102105,4.083655766693942,4.034602844571492,4.07139253616333,498000.0
1991-06-12,4.034601521492005,4.034601521492005,3.9119692564010617,3.9242324829101562,1014000.0
1991-06-13,3.8874441538484867,3.936497076925439,3.8874441538484867,3.911970615386963,757600.0
1991-06-14,3.911967969307533,3.985547304153443,3.911967969307533,3.9855473041534424,483200.0
1991-06-17,3.9855508156764654,3.99781404895547,3.9610243491184565,3.973287582397461,501600.0
1991-06-18,3.9855492513592847,4.046865393687889,3.9855492513592847,4.034602165222168,856000.0
1991-06-19,4.010073749102079,4.010073749102079,3.948757636730488,3.9855473041534424,527200.0
1991-06-20,3.985550000002392,4.034602923079344,3.8997073846177246,3.911970615386963,746000.0
1991-06-21,3.8874442867029493,3.948760442644636,3.8874442867029493,3.936497211456299,1119600.0
1991-06-24,3.911970615386963,3.924233846156201,3.8874441538484867,3.911970615386963,597600.0
1991-06-25,3.9119716253436976,3.9364980932141913,3.728023116314997,3.740286350250244,2595600.0
1991-06-26,3.740284750664156,3.7648112080455602,3.6053892350664323,3.7525479793548584,2634400.0
1991-06-27,3.6789688709619885,3.703495330101735,3.629915952682495,3.629915952682495,1881200.0
1991-06-28,3.5563361227929176,3.5563361227929176,3.4827567547351332,3.5072832107543945,3681200.0
1991-07-01,3.531810116123509,3.629915952682495,3.5195468865536355,3.629915952682495,1501200.0
1991-07-02,3.642179149449071,3.6789688378273446,3.6053894610707977,3.66670560836792,1038000.0
1991-07-03,3.654441379288496,3.654441379288496,3.605388474868516,3.6176517009735107,588400.0
1991-07-05,3.617652723112622,3.6421791822523684,3.6053894935427486,3.629915952682495,443200.0
1991-07-08,3.568599600840754,3.593126058578491,3.5195466853652797,3.593126058578491,730800.0
1991-07-09,3.580861533248185,3.6667041042507096,3.5685983088192526,3.6544408798217773,552000.0
1991-07-10,3.6544433943430583,3.7280227915445967,3.6544433943430583,3.6789698600769043,1350000.0
1991-07-11,3.654442411822242,3.6667056413921153,3.6053894935427486,3.629915952682495,784800.0
1991-07-12,3.629915952682495,3.6421791822523684,3.580863034403002,3.629915952682495,678000.0
1991-07-15,3.605389893449695,3.740285433680806,3.593126662519594,3.703495740890503,1549600.0
1991-07-16,3.715759837008142,3.80160247350668,3.7034966032226366,3.777076005935669,2192400.0
1991-07-17,3.7770761640945283,3.7770761640945283,3.7034967583004788,3.7157599925994873,1197600.0
1991-07-18,3.7034949268165387,3.7280213832855225,3.691231698582047,3.7280213832855225,13365200.0
1991-07-19,3.7157585596716083,3.7157585596716083,3.629915952682495,3.629915952682495,908000.0
1991-07-22,3.5318104607718332,3.544073691538402,3.4091781531061445,3.4337046146392822,5094400.0
1991-07-23,3.4214395739191725,3.4214395739191725,3.396913125360612,3.4091763496398926,5891600.0
1991-07-24,3.4091774017914482,3.4091774017914482,3.384650945663452,3.384650945663452,2434800.0
1991-07-25,3.39691417372745,3.39691417372745,3.384650945663452,3.384650945663452,1402800.0
1991-07-26,3.3969148237054996,3.3969148237054996,3.360125132474032,3.3723883628845215,1160800.0
1991-07-29,3.3601250648498535,3.372388295013539,3.3233353743587966,3.3601250648498535,1807200.0
1991-07-30,3.360124489535456,3.384650945663452,3.347861261471458,3.384650945663452,3061200.0
1991-07-31,3.3846499010813322,3.4091763496398926,3.372386676802052,3.4091763496398926,2548400.0
1991-08-01,3.4091778485151174,3.421441078186035,3.3969146188441997,3.421441078186035,2339600.0
1991-08-02,3.433702798198453,3.433702798198453,3.3846499010813322,3.4091763496398926,1151200.0
1991-08-05,3.409178189852608,3.4214414207513584,3.3969149589538574,3.3969149589538574,1852800.0
1991-08-06,3.3969149223395756,3.4337046146392822,3.3969149223395756,3.4337046146392822,1936800.0
1991-08-07,3.421441078186035,3.44596753752787,3.421441078186035,3.421441078186035,1880400.0
1991-08-08,3.4459667665916576,3.519546128155892,3.4459667665916576,3.4950196743011475,4344800.0
1991-08-09,3.507283349831899,3.5563362638155622,3.4950201213359833,3.5318098068237305,2870800.0
1991-08-12,3.5440771952778305,3.6299198955094734,3.5440771952778305,3.605393409729004,2229200.0
1991-08-13,3.629917033667703,3.8506552316610096,3.629917033667703,3.789339065551758,9769600.0
1991-08-14,3.850651270323628,3.850651270323628,3.801598387899123,3.813861608505249,4617600.0
1991-08-15,3.7893375244579817,3.8016007526924738,3.7280213832855225,3.7280213832855225,1407600.0
1991-08-16,3.7280217556650426,3.740284985124467,3.6544423789084957,3.66670560836792,2320000.0
1991-08-19,3.580863101715191,3.6544424805175577,3.507283722912824,3.642179250717163,2733600.0
1991-08-20,3.6544408798217773,3.691230553108574,3.6299144309639133,3.6544408798217773,1775200.0
1991-08-21,3.691233414509257,3.740286350250244,3.691233414509257,3.740286350250244,1918400.0
1991-08-22,3.777076052055984,3.777076052055984,3.728023116314997,3.740286350250244,1291200.0
1991-08-23,3.7402864611975035,3.7525496954965116,3.7034967583004788,3.7157599925994873,1468400.0
1991-08-26,3.7034949268165387,3.7402846115200146,3.7034949268165387,3.7280213832855225,1157200.0
1991-08-27,3.715759773596102,3.764812707901001,3.715759773596102,3.764812707901001,1267200.0
1991-08-28,3.7893384089605293,3.8997074888331658,3.7893384089605293,3.887444257736206,2507200.0
1991-08-29,3.8874465823173523,3.8997098207473755,3.875183343887329,3.875183343887329,2118800.0
1991-08-30,3.862307131869122,3.874686321394343,3.8127903737682356,3.825169563293457,593200.0
1991-09-03,3.825167953772623,3.837547138089039,3.775651216506958,3.775651216506958,844000.0
1991-09-04,3.7880301475524902,3.800409331041224,3.7756509640637566,3.7880301475524902,1116000.0
1991-09-05,3.7880321162762027,3.7880321162762027,3.7261361666638466,3.750894546508789,616400.0
1991-09-06,3.738515356586318,3.750894546508789,3.701377786818904,3.750894546508789,944400.0
1991-09-09,3.7261361666638466,3.750894546508789,3.7261361666638466,3.750894546508789,315600.0
1991-09-10,3.738513784376459,3.738513784376459,3.651859491361111,3.6766178607940674,624400.0
1991-09-11,3.664238676077589,3.6766178607940674,3.664238676077589,3.6766178607940674,741200.0
1991-09-12,3.6889974737167357,3.7261350321769715,3.6889974737167357,3.7137558460235596,1420400.0
1991-09-13,3.7261347104763165,3.7261347104763165,3.577584489460649,3.589963674545288,1580400.0
1991-09-16,3.5899654943115857,3.6518614511100616,3.5899654943115857,3.639482259750366,674800.0
1991-09-17,3.651860872638664,3.71375681963254,3.639481683239889,3.7013776302337646,876400.0
1991-09-18,3.7137553995887704,3.7137553995887704,3.6889970302581787,3.6889970302581787,1641200.0
1991-09-19,3.6642400620374396,3.7013776302337646,3.651860872638664,3.7013776302337646,1321200.0
1991-09-20,3.713755116510233,3.7261343002319336,3.6766175653451305,3.7261343002319336,2000400.0
1991-09-23,3.7137574079085374,3.7137574079085374,3.6271030683906713,3.639482259750366,942400.0
1991-09-24,3.6394820637898904,3.6394820637898904,3.5652069196309126,3.6147236824035645,950800.0
1991-09-25,3.614721072088812,3.614721072088812,3.5652043450738966,3.602341890335083,638400.0
1991-09-26,3.5775854777958656,3.5899646663003497,3.565206289291382,3.565206289291382,816800.0
1991-09-27,3.5280683040618896,3.5280683040618896,3.5033099299982973,3.5280683040618896,1540800.0
1991-09-30,3.5280683040618896,3.5280683040618896,3.4909307429665013,3.5280683040618896,689600.0
1991-10-01,3.528068705001092,3.5899646471940936,3.528068705001092,3.577585458755493,1002000.0
1991-10-02,3.5652066083021565,3.577585797914317,3.5033106602413553,3.5156898498535156,1211600.0
1991-10-03,3.5156899315970285,3.5156899315970285,3.441414792197091,3.4661731719970703,1760800.0
1991-10-04,3.4537923336029053,3.4785507015857218,3.4414131496114972,3.4537923336029053,1391600.0
1991-10-07,3.4414126873016357,3.453791869630059,3.4290335049732126,3.4414126873016357,682400.0
1991-10-08,3.4414143942404483,3.4414143942404483,3.3918976403664853,3.416656017303467,1700400.0
1991-10-09,3.404276250903286,3.404276250903286,3.317621946334839,3.317621946334839,2410400.0
1991-10-10,3.3176233991701505,3.3176233991701505,3.268106632018357,3.305244207382202,2188400.0
1991-10-11,3.33000148339705,3.4166557970913973,3.33000148339705,3.4042766094207764,1994400.0
1991-10-14,3.416656009053689,3.5899646471940936,3.416656009053689,3.577585458755493,2852400.0
1991-10-15,3.6023447466212395,3.750895045450981,3.6023447466212395,3.738515853881836,5891200.0
1991-10-16,3.7261342301088223,3.800409331041224,3.6889966796426212,3.7880301475524902,6030000.0
1991-10-17,3.7632720321905415,3.788030400823374,3.7508928478741255,3.775651216506958,2610400.0
1991-10-18,3.763271780575023,3.7880301475524902,3.750892597086289,3.7880301475524902,2180000.0
1991-10-21,3.7880337755931053,3.7880337755931053,3.7261377988677276,3.763275384902954,1308000.0
1991-10-22,3.7261345842540665,3.738513768919362,3.6766178455928826,3.6889970302581787,1253200.0
1991-10-23,3.6642391014099123,3.7137558460235596,3.6642391014099123,3.7137558460235596,2946000.0
1991-10-24,3.7137563969637895,3.7137563969637895,3.651860457014393,3.6642396450042725,880400.0
1991-10-25,3.6518614511100616,3.6518614511100616,3.614723877030976,3.639482259750366,881600.0
1991-10-28,3.639481683239889,3.726136009031315,3.639481683239889,3.7013776302337646,1137600.0
1991-10-29,3.7013762149234744,3.7013762149234744,3.6766178455928826,3.6889970302581787,889200.0
1991-10-30,3.6889984408349896,3.71375681963254,3.6889984408349896,3.7013776302337646,1074400.0
1991-10-31,3.7013776302337646,3.7013776302337646,3.6889984408349896,3.7013776302337646,488400.0
1991-11-01,3.7013762149234744,3.7013762149234744,3.664238660927587,3.6889970302581787,1202800.0
1991-11-04,3.688996749066831,3.7261343002319336,3.688996749066831,3.7261343002319336,1638000.0
1991-11-05,3.7261343002319336,3.7261343002319336,3.701375932788532,3.7261343002319336,1547200.0
1991-11-06,3.7261377988677276,3.77565458024803,3.713758603522652,3.763275384902954,1642000.0
1991-11-07,3.7632735959945185,3.8375487327575684,3.75089440653401,3.8375487327575684,1785600.0
1991-11-08,3.8499266940813794,3.8623058795928955,3.825168323058348,3.8623058795928955,1335200.0
1991-11-11,3.8623066132474944,3.8623066132474944,3.825169049658576,3.8499274253845215,1019200.0
1991-11-12,3.8499266940813794,3.8623058795928955,3.837547508569864,3.8623058795928955,1292800.0
1991-11-13,3.8127891375468326,3.8623058795928955,3.800409952035317,3.8623058795928955,1115200.0
1991-11-14,3.8499266940813794,3.874685065104411,3.8499266940813794,3.8623058795928955,2561200.0
1991-11-15,3.8623055067218717,3.8623055067218717,3.775651216506958,3.775651216506958,2009200.0
1991-11-18,3.7261345842540665,3.738513768919362,3.664238660927587,3.6889970302581787,2290000.0
1991-11-19,3.6518601562593367,3.6518601562593367,3.5156890995852597,3.540447473526001,2765600.0
1991-11-20,3.5404487313314377,3.5652071140680213,3.478552774489979,3.5033111572265625,1861600.0
1991-11-21,3.478551149368286,3.515688706123108,3.4661719637833457,3.478551149368286,1847200.0
1991-11-22,3.4785502342869052,3.4909294166153284,3.4290335049732126,3.4414126873016357,979600.0
1991-11-25,3.441413178770981,3.4537923628672798,3.4290339946746826,3.4290339946746826,1321600.0
1991-11-26,3.4290352057719575,3.4537935827089394,3.3547600749610127,3.416656017303467,1462400.0
1991-11-27,3.4166548105783843,3.4290339946746826,3.391896442385787,3.4290339946746826,802800.0
1991-11-29,3.4166557970913973,3.4166557970913973,3.3918974217501554,3.4042766094207764,188800.0
1991-12-02,3.4037770407540457,3.5038881301879883,3.3662353822163174,3.5038881301879883,1569600.0
1991-12-03,3.5038873409402784,3.629026174545288,3.5038873409402784,3.629026174545288,2317600.0
1991-12-04,3.641540057905789,3.704109474708294,3.629026174545288,3.629026174545288,1736800.0
1991-12-05,3.5914850699986127,3.603998955259932,3.5289156436920166,3.5289156436920166,652800.0
1991-12-06,3.528913262936709,3.528913262936709,3.4663438788420864,3.4788577556610107,1174400.0
1991-12-09,3.4913727887026913,3.60399771737052,3.4788589077395993,3.578969955444336,1101200.0
1991-12-10,3.566456074481244,3.616511598333612,3.566456074481244,3.578969955444336,892000.0
1991-12-11,3.553942424495046,3.6165118333770008,3.553942424495046,3.5914840698242188,115600.0
1991-12-12,3.5914826360355128,3.6540520199385704,3.5914826360355128,3.641538143157959,1752400.0
1991-12-13,3.6540536622743347,3.7041091918945312,3.641539779869286,3.7041091918945312,4362000.0
1991-12-16,3.6790824034108236,3.7041101748625977,3.6665685176849365,3.6665685176849365,1058400.0
1991-12-17,3.6415400728583336,3.654053956270218,3.5914845392107964,3.6039984226226807,710400.0
1991-12-18,3.6039990986863226,3.654054641723633,3.591485212926995,3.654054641723633,1949200.0
1991-12-19,3.641540500582481,3.679082155227661,3.641540500582481,3.679082155227661,1582800.0
1991-12-20,3.754166104146187,3.791707765187649,3.7291383301185457,3.779193878173828,2546000.0
1991-12-23,3.7791923865293846,3.929358971424592,3.766678504454784,3.9043312072753906,3107600.0
1991-12-24,3.9043297722226096,3.9543852821228995,3.8667881397973924,3.941871404647827,1546800.0
1991-12-26,3.9418741333775404,4.104554653167725,3.9418741333775404,4.104554653167725,1737600.0
1991-12-27,4.079526653348124,4.10455442422756,4.054498882468687,4.092040538787842,984800.0
1991-12-30,4.067013513894729,4.0795274016297896,4.029471850689546,4.054499626159668,1844400.0
1991-12-31,4.054498901367188,4.079526672363281,4.0294711303710935,4.067012786865234,1937200.0
1992-01-02,4.0419840812683105,4.067011846477402,3.966900785641035,4.0419840812683105,1801200.0
1992-01-03,4.016957189381302,4.154609927958232,4.016957189381302,4.142096042633057,1771600.0
1992-01-06,4.192151660206674,4.37985994349951,4.1546100035481075,4.354832172393799,2823600.0
1992-01-07,4.3673458458720775,4.4299152705980385,4.279748651255732,4.317290306091309,3163600.0
1992-01-08,4.292262890759636,4.467457294464111,4.279749004780745,4.467457294464111,3002800.0
1992-01-09,4.442430161178633,4.442430161178633,4.254721844509113,4.292263507843018,2390800.0
1992-01-10,4.292258967955907,4.292258967955907,4.154606347992306,4.204661846160889,3261200.0
1992-01-13,4.179636018926447,4.192149899222634,4.079524976556951,4.129580497741699,1856400.0
1992-01-14,4.14209697869691,4.40488862991333,4.079527537931096,4.40488862991333,4123600.0
1992-01-15,4.379856127959031,4.567564247728704,4.329800629353786,4.555050373077393,3737200.0
1992-01-16,4.6551642677058345,4.6551642677058345,4.542539325745209,4.605108737945557,5866800.0
1992-01-17,4.592595646308325,4.605109530903171,4.4924845695495605,4.4924845695495605,2545600.0
1992-01-20,4.467457677042762,4.555054886396541,4.304777145385742,4.304777145385742,2667600.0
1992-01-21,4.254723041378266,4.417403628254494,4.242209150080095,4.279750823974609,3086000.0
1992-01-22,4.254721087970953,4.354832172393799,4.254721087970953,4.354832172393799,1726800.0
1992-01-23,4.354829782758441,4.467454690933228,4.3298020253862655,4.379857540130615,1202400.0
1992-01-24,4.354833077300679,4.4924858469854705,4.317291412841191,4.40488862991333,1948000.0
1992-01-27,4.3798606051263995,4.442430042342491,4.367346717683182,4.417402267456055,1014400.0
1992-01-28,4.40488862991333,4.454944182525982,4.367346965453842,4.40488862991333,1038400.0
1992-01-29,4.3798608536070045,4.479971958832308,4.367346965453842,4.40488862991333,2743200.0
1992-01-30,4.404887657381047,4.454943198942195,4.379859886600473,4.429915428161621,2120800.0
1992-01-31,4.4173984541173,4.454940084038976,4.392370700836182,4.392370700836182,1164400.0
1992-02-03,4.342318286840944,4.404887714605222,4.342318286840944,4.354832172393799,1299200.0
1992-02-04,4.354829782758441,4.45494081224714,4.3298020253862655,4.379857540130615,2388000.0
1992-02-05,4.367346965453842,4.429916406219656,4.342319189147516,4.40488862991333,1700800.0
1992-02-06,4.392373459398254,4.542540073394775,4.379859574898544,4.542540073394775,1828000.0
1992-02-07,4.5550539578944855,4.605109495893326,4.467456766396515,4.542540073394775,2078800.0
1992-02-10,4.530030031283476,4.542543926397519,4.467460555713262,4.517516136169434,860000.0
1992-02-11,4.517514030360642,4.542541808922198,4.467458473237533,4.4799723625183105,1192400.0
1992-02-12,4.454939375866901,4.555050373077393,4.4299116265642775,4.555050373077393,1394000.0
1992-02-13,4.567566394805908,4.592594155873337,4.5300247532047635,4.567566394805908,1358400.0
1992-02-14,4.517512304395355,4.567567842394196,4.504998419895645,4.542540073394775,1412800.0
1992-02-18,4.5049989524007845,4.530026724358566,4.45494340848522,4.467457294464111,1670400.0
1992-02-19,4.429916406219656,4.454944182525982,4.354833077300679,4.40488862991333,1816000.0
1992-02-20,4.404884804619684,4.530023577478198,4.404884804619684,4.504995822906494,1695600.0
1992-02-21,4.517508749123458,4.567564247728704,4.504994874472146,4.555050373077393,10156400.0
1992-02-24,4.567565676944503,4.642648948346331,4.54253791981056,4.580079555511475,3476800.0
1992-02-25,4.592594855505487,4.617622620385625,4.580080973065417,4.605108737945557,3311600.0
1992-02-26,4.58007954012963,4.69270444685413,4.58007954012963,4.655162811279297,3244400.0
1992-02-27,4.655165405273437,4.692707061767578,4.642651519775391,4.692707061767578,1936400.0
1992-02-28,4.692707249992772,4.81784610999258,4.66767947799281,4.755276679992676,2503200.0
1992-03-02,4.729547581747564,4.8430567237095055,4.729547581747564,4.8178324699401855,1977600.0
1992-03-03,4.805220083530516,4.843056462140992,4.779995831123531,4.8304443359375,1422800.0
1992-03-04,4.817830669119003,4.817830669119003,4.742157936096191,4.742157936096191,3344000.0
1992-03-05,4.691712216633122,4.704324346247727,4.6412636981747015,4.653875827789307,1723600.0
1992-03-06,4.628650899026908,4.641263026817172,4.489917493334003,4.502529621124268,3054800.0
1992-03-09,4.502529315153758,4.565589949819777,4.502529315153758,4.540365695953369,2982400.0
1992-03-10,4.565588911811074,4.603425284008403,4.552976787745298,4.590813159942627,2049600.0
1992-03-11,4.552975944966577,4.552975944966577,4.50252745804174,4.515139579772949,1255600.0
1992-03-12,4.502528114001836,4.578200855413632,4.489915990433204,4.552976608276367,1873600.0
1992-03-13,4.578202076752981,4.6034263306193886,4.527753569020166,4.540365695953369,736400.0
1992-03-16,4.540364417162809,4.552976540543816,4.426855306733739,4.439467430114746,2453200.0
1992-03-17,4.515139039708765,4.565587520599365,4.502526919486114,4.565587520599365,1976000.0
1992-03-18,4.565589949819777,4.565589949819777,4.489917188220554,4.540365695953369,2189600.0
1992-03-19,4.527754531643255,4.653875827789307,4.527754531643255,4.653875827789307,1823200.0
1992-03-20,4.6790961061744385,4.779993057250977,4.616035511751603,4.779993057250977,2959600.0
1992-03-23,4.691711784383582,4.729548169741514,4.616039013667717,4.628651142120361,1648000.0
1992-03-24,4.628648688529701,4.691709297365255,4.628648688529701,4.6790971755981445,1669600.0
1992-03-25,4.666487125151935,4.716935634613037,4.65387499778666,4.716935634613037,1656800.0
1992-03-26,4.716935634613037,4.767384144074139,4.666487125151935,4.716935634613037,2054800.0
1992-03-27,4.729546524666167,4.7421586487319445,4.578201035876851,4.590813159942627,2192400.0
1992-03-30,4.578201253446814,4.6034255027771,4.552977004116529,4.6034255027771,1181200.0
1992-03-31,4.603425284008403,4.666485904337286,4.590813159942627,4.590813159942627,1864000.0
1992-04-01,4.5151414420869616,4.540365695953369,4.5151414420869616,4.540365695953369,1778000.0
1992-04-02,4.515140614267123,4.552976988129696,4.464692115783691,4.464692115783691,1492400.0
1992-04-03,4.452081203460693,4.452081203460693,4.351184179019658,4.452081203460693,1642400.0
1992-04-06,4.477303866864571,4.565588731845,4.439467496158674,4.552976608276367,1774000.0
1992-04-07,4.540365695953369,4.590814203686184,4.452080807420943,4.540365695953369,2454000.0
1992-04-08,4.515140353458029,4.515140353458029,4.363794866749938,4.477303981781006,2656800.0
1992-04-09,4.452079619727306,4.565588731845,4.439467496158674,4.552976608276367,3268800.0
1992-04-10,4.578202076752981,4.616038457552592,4.5151414420869616,4.540365695953369,1356400.0
1992-04-13,4.540364044954518,4.540364044954518,4.4773034332190385,4.527751922607422,869200.0
1992-04-14,4.5529759579270355,4.691709297365255,4.540363836159925,4.6790971755981445,2375600.0
1992-04-15,4.666486911415735,4.7043232917785645,4.641262657840514,4.7043232917785645,1134800.0
1992-04-16,4.666486696530414,4.691710948944092,4.6412624441167365,4.691710948944092,938000.0
1992-04-20,4.704318711366603,4.843051970951141,4.679094482351233,4.767379283905029,3386000.0
1992-04-21,4.792606898016059,4.94395237900604,4.792606898016059,4.906116008758545,4432400.0
1992-04-22,4.931339670736579,5.0322366460969175,4.918727548816536,4.981788158416748,3497200.0
1992-04-23,4.931339924710656,4.969176292419434,4.880891434432286,4.969176292419434,2110400.0
1992-04-24,4.943950514359908,4.969174751678071,4.855665683746338,4.855665683746338,2086000.0
1992-04-27,4.843056986651083,4.893505496928698,4.805220603942871,4.805220603942871,2471200.0
1992-04-28,4.805217324264485,4.805217324264485,4.716932491535217,4.7547688484191895,1328400.0
1992-04-29,4.7799963488040635,4.830444859081679,4.754772093665256,4.805220603942871,1747600.0
1992-04-30,4.805220343055526,4.8430567237095055,4.805220343055526,4.8178324699401855,1408400.0
1992-05-01,4.792608216170865,4.855668850594165,4.792608216170865,4.8178324699401855,1408400.0
1992-05-04,4.830441418236232,4.893502011163598,4.817829299650759,4.880889892578125,1126000.0
1992-05-05,4.88088916503277,4.918725515149304,4.8682770483272595,4.893501281738281,1598000.0
1992-05-06,4.918727618654061,4.9565639849514,4.906115496554948,4.931339740753174,2266000.0
1992-05-07,4.906114325156579,4.918726444244385,4.8935022060687725,4.918726444244385,1028800.0
1992-05-08,4.918726444244385,4.918726444244385,4.8935022060687725,4.918726444244385,1546800.0
1992-05-11,4.918727802141063,4.994400537558619,4.906115679571471,4.969176292419434,2442800.0
1992-05-12,4.969177766722076,4.981789893033554,4.918729261476167,4.943953514099121,1626000.0
1992-05-13,4.969176474986809,5.019624967118655,4.931340105887925,5.007012844085693,2123600.0
1992-05-14,4.969176036496706,4.994400280336791,4.931339670736579,4.981788158416748,2546000.0
1992-05-15,4.893501281738281,4.943949748560326,4.893501281738281,4.893501281738281,2959600.0
1992-05-18,4.893503885342713,4.94395237900604,4.893503885342713,4.906116008758545,1466400.0
1992-05-19,4.906116008758545,4.906116008758545,4.8556675150952175,4.906116008758545,1312800.0
1992-05-20,4.906116008758545,4.931340255590208,4.86827963851105,4.906116008758545,1453600.0
1992-05-21,4.906114129749072,4.918726248334544,4.868277773992652,4.880889892578125,1314800.0
1992-05-22,4.880890175700188,4.893502295017242,4.805217459797859,4.843053817749023,1586800.0
1992-05-26,4.830442791289472,4.830442791289472,4.641260958732443,4.742157936096191,1708400.0
1992-05-27,4.7295475453537845,4.742159672141395,4.691711164990955,4.7043232917785645,1035200.0
1992-05-28,4.729547761978313,4.729547761978313,4.666487125151935,4.716935634613037,812800.0
1992-05-29,4.71693520135777,4.754771579978287,4.691710948944092,4.691710948944092,859600.0
1992-06-01,4.69120454788208,4.767484296628131,4.653064673509055,4.69120454788208,1816400.0
1992-06-02,4.69120454788208,4.71663113079743,4.678491256424405,4.69120454788208,1277600.0
1992-06-03,4.678487752004454,4.7420541616784275,4.678487752004454,4.716627597808838,1695600.0
1992-06-04,4.70391386229059,4.7293404237083765,4.678487300872803,4.678487300872803,1194000.0
1992-06-05,4.678488985697428,4.703915556271871,4.564069418112437,4.576782703399658,5047200.0
1992-06-08,4.576780606622566,4.640347003936768,4.564067327159725,4.640347003936768,2431200.0
1992-06-09,4.653060129710607,4.678486687796457,4.627633571624756,4.627633571624756,2372000.0
1992-06-10,4.6657740201639095,4.7293404237083765,4.653060739455016,4.678487300872803,2365200.0
1992-06-11,4.678488434338179,4.716628285705066,4.640348582971292,4.653061866760254,2042800.0
1992-06-12,4.7039143158740435,4.716627597808838,4.678487752004454,4.716627597808838,2291600.0
1992-06-15,4.6912007101120485,4.742053834340906,4.678487429054835,4.729340553283691,845600.0
1992-06-16,4.703913991169263,4.75476711539812,4.6912007101120485,4.729340553283691,816800.0
1992-06-17,4.70391340125097,4.742053239639492,4.627633724473927,4.640347003936768,2088400.0
1992-06-18,4.653062751366235,4.653062751366235,4.500503316895211,4.564069747924805,3082400.0
1992-06-19,4.576780489703131,4.60220704797926,4.5386406522889375,4.551353931427002,2542400.0
1992-06-22,4.5386406522889375,4.551353931427002,4.500500814874745,4.551353931427002,1714800.0
1992-06-23,4.525929562250773,4.576782703399658,4.525929562250773,4.576782703399658,1607200.0
1992-06-24,4.551356132825216,4.627635844548543,4.551356132825216,4.576782703399658,1309600.0
1992-06-25,4.576781957921847,4.602208524354746,4.5132155418396,4.5132155418396,2744400.0
1992-06-26,4.525927488771203,4.640347003936768,4.525927488771203,4.640347003936768,3356400.0
1992-06-29,4.665771325429281,4.818330605824789,4.653058052062988,4.805617332458496,2634800.0
1992-06-30,4.780195962099891,4.843762397766113,4.742056100700158,4.843762397766113,2290000.0
1992-07-01,4.856477015394265,4.920043468475342,4.856477015394265,4.920043468475342,2962000.0
1992-07-02,5.085308702686165,5.085308702686165,4.996315800389157,5.021742343902588,3872000.0
1992-07-06,4.9963232121726335,5.009036502788849,4.9073301778591265,4.920043468475342,3630000.0
1992-07-07,4.95817806571722,4.9708913428088035,4.869185126076142,4.881898403167725,1928800.0
1992-07-08,4.856473120945863,4.894612962209837,4.843759840524539,4.8691864013671875,1360000.0
1992-07-09,4.856473353913593,5.021746007319029,4.856473353913593,5.009032726287842,3190000.0
1992-07-10,5.034458146059424,5.072597980499268,5.034458146059424,5.072597980499268,3728800.0
1992-07-13,5.0853162464861414,5.0853162464861414,4.920043468475342,4.920043468475342,1139200.0
1992-07-14,4.932754663697858,4.95818123412929,4.869188237619277,4.945467948913574,1285600.0
1992-07-15,4.958177434987035,4.983603985935686,4.7547650273978235,4.792904853820801,2190800.0
1992-07-16,4.74205500423421,4.74205500423421,4.627635446491293,4.665775299072266,3049600.0
1992-07-17,4.678488583265923,4.703915151653238,4.640348730684951,4.665775299072266,2989600.0
1992-07-20,4.61491899718024,4.792904853820801,4.5894924462315885,4.792904853820801,1885200.0
1992-07-21,4.742056038290422,4.818335760085978,4.742056038290422,4.754769325256348,1312000.0
1992-07-22,4.70391386229059,4.742053704417271,4.640347458746122,4.678487300872803,960000.0
1992-07-23,4.703914061722348,4.703914061722348,4.602207811739162,4.6149210929870605,1002000.0
1992-07-24,4.576780624811161,4.614920463351255,4.576780624811161,4.602207183837891,1209600.0
1992-07-27,4.602206102826378,4.627632655880667,4.449646784500642,4.475073337554932,1626800.0
1992-07-28,4.487788090239401,4.678487300872803,4.487788090239401,4.678487300872803,2496800.0
1992-07-29,4.678487752004454,4.792907289417607,4.678487752004454,4.716627597808838,1725600.0
1992-07-30,4.729341207968222,4.767481056419579,4.614921662614153,4.703914642333984,1098000.0
1992-07-31,4.70391386229059,4.70391386229059,4.640347458746122,4.678487300872803,445600.0
1992-08-03,4.665775299072266,4.665775299072266,4.627635446491293,4.665775299072266,777200.0
1992-08-04,4.6912007101120485,4.742053834340906,4.66577414799762,4.729340553283691,1190000.0
1992-08-05,4.754769657636136,4.754769657636136,4.703916506217568,4.742056369781494,1909600.0
1992-08-06,4.7420541616784275,4.7420541616784275,4.7039143158740435,4.716627597808838,1084400.0
1992-08-07,4.691201718127141,4.767481420860916,4.589495447815442,4.653061866760254,1240000.0
1992-08-10,4.640347022377983,4.665773581404712,4.602207183837891,4.602207183837891,12898400.0
1992-08-11,4.627633571624756,4.640346850667681,4.576780455453055,4.627633571624756,753200.0
1992-08-12,4.602207616619442,4.691200581581696,4.602207616619442,4.678487300872803,1981600.0
1992-08-13,4.729342751324496,4.754769325256348,4.691202890426718,4.754769325256348,5731200.0
1992-08-14,4.742052542402389,4.818332207963822,4.729339264808817,4.7801923751831055,1170000.0
1992-08-17,4.80561893037025,4.80561893037025,4.767479097589534,4.7801923751831055,6938800.0
1992-08-18,4.767479097589534,4.7801923751831055,4.742052542402389,4.7801923751831055,5843600.0
1992-08-19,4.754768288427868,4.7674815726215245,4.665775299072266,4.665775299072266,7700800.0
1992-08-20,4.665775700410207,4.6912022709846495,4.576782703399658,4.576782703399658,7256400.0
1992-08-21,4.589496320336642,4.60220960654256,4.475076744483374,4.564069747924805,8087600.0
1992-08-24,4.525930582090865,4.5513571583947465,4.373371124267578,4.373371124267578,2619200.0
1992-08-25,4.398793532930572,4.487786465677722,4.360653704610365,4.424220085144043,8051200.0
1992-08-26,4.411509990692139,4.462363131795218,4.347943564313289,4.411509990692139,6490000.0
1992-08-27,4.449647698322488,4.564067210565066,4.436934419184424,4.551353931427002,6467200.0
1992-08-28,4.513215392322864,4.513215392322864,4.449648978346485,4.500502109527588,6139600.0
1992-08-31,4.487170491899763,4.4999909790194765,4.384606594942054,4.397427082061768,8608800.0
1992-09-01,4.38460399364603,4.487167829754709,4.38460399364603,4.461526870727539,5442000.0
1992-09-02,4.461525970331118,4.602551216519744,4.448705493404879,4.589730739593506,5958000.0
1992-09-03,4.564093365547677,4.564093365547677,4.4999909306383,4.525631904602051,5274800.0
1992-09-04,4.512811417620175,4.564093365547677,4.474349956674549,4.525631904602051,1404400.0
1992-09-08,4.49998927116394,4.49998927116394,4.410245895385742,4.410245895385742,2740800.0
1992-09-09,4.435886859893799,4.474348306655884,4.371784448623657,4.410245895385742,2090800.0
1992-09-10,4.435887331281389,4.538451200212751,4.435887331281389,4.48716926574707,2173600.0
1992-09-11,4.512812383494146,4.512812383494146,4.47435091431664,4.4999918937683105,996800.0
1992-09-14,4.615371693445984,4.615371693445984,4.512807878036073,4.589730739593506,2144800.0
1992-09-15,4.576910230246457,4.576910230246457,4.487166892398488,4.512807846069336,3080400.0
1992-09-16,4.487172539314527,4.589736483070288,4.487172539314527,4.564095497131348,1509600.0
1992-09-17,4.5512750041618775,4.602556976039758,4.5512750041618775,4.564095497131348,943200.0
1992-09-18,4.628197961978699,4.628197961978699,4.538454511192407,4.564095497131348,3417600.0
1992-09-21,4.564089753411033,4.564089753411033,4.487166892398488,4.512807846069336,1874400.0
1992-09-22,4.5128095115639635,4.525629993130907,4.448707103729248,4.448707103729248,1158400.0
1992-09-23,4.461526870727539,4.487167829754709,4.461526870727539,4.461526870727539,638800.0
1992-09-24,4.487170491899763,4.51281146613919,4.384606594942054,4.397427082061768,1599600.0
1992-09-25,4.4230663776397705,4.448707342147827,4.346143484115601,4.3846049308776855,3011600.0
1992-09-28,4.3846060990604085,4.474349498748779,4.346144642051106,4.474349498748779,984000.0
1992-09-29,4.47434878213065,4.538451200212751,4.46152829851423,4.48716926574707,1568800.0
1992-09-30,4.461527590684487,4.5769119249263275,4.461527590684487,4.551270961761475,3314000.0
1992-10-01,4.538454511192407,4.576915990100818,4.538454511192407,4.564095497131348,812400.0
1992-10-02,4.538451200212751,4.564092167445591,4.47434878213065,4.48716926574707,1074800.0
1992-10-05,4.461529507844344,4.474349994935851,4.307683662746263,4.423068046569824,1928400.0
1992-10-06,4.435886859893799,4.4615278244018555,4.3846049308776855,4.410245895385742,1319600.0
1992-10-07,4.4230666202781475,4.435887103235475,4.34614372253418,4.34614372253418,1231600.0
1992-10-08,4.371784448623657,4.397425413131714,4.307682037353516,4.333323001861572,1309200.0
1992-10-09,4.346142755972372,4.346142755972372,4.269219875335693,4.269219875335693,1660000.0
1992-10-12,4.282042254326251,4.3333241974918355,4.269221768534855,4.3205037117004395,1550400.0
1992-10-13,4.333323001861572,4.371784448623657,4.294861555099487,4.333323001861572,1530800.0
1992-10-14,4.307682742121632,4.3717851638793945,4.294862257770079,4.3717851638793945,1284400.0
1992-10-15,4.358964434937935,4.461528303995298,4.358964434937935,4.435887336730957,1774400.0
1992-10-16,4.461525938727639,4.512807846069336,4.4358849850567905,4.512807846069336,1444800.0
1992-10-19,4.4871701796849575,4.641016014417013,4.448708721001943,4.61537504196167,4320800.0
1992-10-20,4.615372902105662,4.70511626409105,4.615372902105662,4.653834342956543,5286400.0
1992-10-21,4.641013627523904,4.666654586791992,4.602552188621773,4.666654586791992,2796800.0
1992-10-22,4.679475066426036,4.717936505328168,4.653834107157948,4.666654586791992,1364000.0
1992-10-23,4.666655540466309,4.717937469482422,4.666655540466309,4.692296504974365,610000.0
1992-10-26,4.67947555485592,4.769218921661377,4.666655073883713,4.769218921661377,1458400.0
1992-10-27,4.794860600789388,4.846142532348633,4.794860600789388,4.807681083679199,2330400.0
1992-10-28,4.8205015665690105,4.846142532348633,4.782040117899577,4.807681083679199,1344400.0
1992-10-29,4.794862747192383,4.80768323582124,4.76922176993467,4.794862747192383,496400.0
1992-10-30,4.794860844998746,4.794860844998746,4.743578910827637,4.743578910827637,924400.0
1992-11-02,4.730759118532944,4.858963972693729,4.730759118532944,4.833323001861572,1157200.0
1992-11-03,4.833322049458822,4.846142532348633,4.782040117899577,4.807681083679199,1896000.0
1992-11-04,4.807680364578001,4.858962288466833,4.756398440689169,4.769218921661377,841600.0
1992-11-05,4.769219635009765,4.833322049458822,4.769219635009765,4.807681083679199,576000.0
1992-11-06,4.820501327514648,4.910244703292847,4.80768084526062,4.897424221038818,1144400.0
1992-11-09,4.884604900389376,5.025630238720828,4.871784415086517,5.012809753417969,1894000.0
1992-11-10,5.025627605731671,5.025627605731671,4.99998664855957,4.99998664855957,2249600.0
1992-11-11,5.012807856879246,5.115371700498259,5.012807856879246,5.089730739593506,3545200.0
1992-11-12,5.0769133688834716,5.0769133688834716,5.012810927357165,5.051272392272949,1012000.0
1992-11-13,5.025624548030805,5.076906431173977,5.012804077245012,5.064085960388184,994800.0
1992-11-16,5.076909527486684,5.076909527486684,5.012807134462863,5.025627613067627,1616400.0
1992-11-17,4.999989268115109,5.038450724023687,4.999989268115109,5.012809753417969,1344800.0
1992-11-18,5.025629043579102,5.205115795135498,5.025629043579102,5.128192901611328,5562800.0
1992-11-19,5.153835773468018,5.205117721462725,5.141015286469341,5.153835773468018,2672400.0
1992-11-20,5.179476013933412,5.217937469482422,5.153835043567405,5.217937469482422,2110400.0
1992-11-23,5.217936516985481,5.2307569998281975,5.192295551300049,5.192295551300049,1090800.0
1992-11-24,5.166654348373413,5.166654348373413,5.128192901611328,5.128192901611328,1576800.0
1992-11-25,5.128195504692589,5.179477459739515,5.128195504692589,5.166656970977783,1738800.0
1992-11-27,5.1794753074646,5.205116274333236,5.1794753074646,5.1794753074646,704000.0
1992-11-30,5.143291553847547,5.220828612448264,5.130368710747428,5.2079057693481445,2610000.0
1992-12-01,5.207907509509428,5.24667605176384,5.156216119836878,5.233753204345703,26528800.0
1992-12-02,5.246673739782654,5.246673739782654,5.194982372888244,5.220828056335449,25643600.0
1992-12-03,5.207905214611847,5.233750898059052,5.182059531164642,5.220828056335449,111208400.0
1992-12-04,5.220828375792856,5.272519745850211,5.207905533278518,5.246674060821533,7002000.0
1992-12-07,5.259598899181978,5.259598899181978,5.220830356927565,5.233753204345703,2083600.0
1992-12-08,5.233751455548383,5.233751455548383,5.1949829262480245,5.2079057693481445,1643200.0
1992-12-09,5.207902502657762,5.2208253376519504,5.169133997675198,5.194979667663574,1263600.0
1992-12-10,5.182062233686447,5.194985082149506,5.130370839834214,5.169139385223389,734000.0
1992-12-11,5.16913763841792,5.16913763841792,5.14329195022583,5.14329195022583,1201200.0
1992-12-14,5.15621653676033,5.169139385223389,5.143293688297272,5.169139385223389,2020800.0
1992-12-15,5.15621116268101,5.194979667663574,5.15621116268101,5.194979667663574,1500000.0
1992-12-16,5.194983085194728,5.207905928690238,5.117446024221673,5.182060241699219,1773600.0
1992-12-17,5.169137550966583,5.311288833618164,5.169137550966583,5.311288833618164,1718000.0
1992-12-18,5.350055958362336,5.4663615226745605,5.324210277404064,5.4663615226745605,2792400.0
1992-12-21,5.414670701210316,5.427593542979314,5.350056492365323,5.37590217590332,1149200.0
1992-12-22,5.3759036755052145,5.466363593121889,5.3759036755052145,5.440517902374268,2092400.0
1992-12-23,5.414671260162205,5.427594103265217,5.28544282913208,5.28544282913208,1776800.0
1992-12-24,5.259595965876163,5.324210166931152,5.246673125665165,5.324210166931152,503600.0
1992-12-28,5.362979334134322,5.401747859441317,5.350056492365323,5.37590217590332,1227600.0
1992-12-29,5.375902339390346,5.518053603172302,5.375902339390346,5.42759370803833,1758400.0
1992-12-30,5.427594104445125,5.453439790656768,5.337134202704372,5.362979888916016,1083600.0
1992-12-31,5.3500573652504135,5.36298020912783,5.298365989740748,5.311288833618164,601200.0
1993-01-04,5.33713420154413,5.33713420154413,5.246674299823043,5.28544282913208,1400800.0
1993-01-05,5.285442827948861,5.285442827948861,5.182060083147905,5.2079057693481445,1264800.0
1993-01-06,5.207902502657762,5.246671007640326,5.15621116268101,5.194979667663574,1460400.0
1993-01-07,5.207905126394784,5.246673650908889,5.143290918871275,5.156213760375977,2624400.0
1993-01-08,5.194982284890082,5.194982284890082,5.156213760375977,5.156213760375977,1306000.0
1993-01-11,5.16913763841792,5.19498332661001,5.117446262033741,5.14329195022583,1930000.0
1993-01-12,5.169137398203709,5.194983085194728,5.143291711212691,5.182060241699219,1952000.0
1993-01-13,5.182062554301708,5.337136745452881,5.182062554301708,5.337136745452881,1909600.0
1993-01-14,5.350055958362336,5.4663615226745605,5.3371331178832,5.4663615226745605,2350400.0
1993-01-15,5.466360054427771,5.492205728443978,5.38882303237915,5.38882303237915,2213600.0
1993-01-18,5.362977358362943,5.414668706395357,5.272517499306219,5.38882303237915,2804400.0
1993-01-19,5.440515841716289,5.530975725070241,5.350055958362336,5.4663615226745605,3202400.0
1993-01-20,5.427594496825031,5.530977249145508,5.427594496825031,5.530977249145508,3012000.0
1993-01-21,5.530975741939945,5.58266710401415,5.5180529014213935,5.543898582458496,2685600.0
1993-01-22,5.530977249145508,5.569745781265686,5.518054405105448,5.530977249145508,2276800.0
1993-01-25,5.505131561065388,5.5439000931855675,5.505131561065388,5.530977249145508,974000.0
1993-01-26,5.556821439458036,5.634358482799311,5.543898598901157,5.621435642242432,1852000.0
1993-01-27,5.60851455122025,5.60851455122025,5.569746017456055,5.569746017456055,2077600.0
1993-01-28,5.556822937225627,5.582668625305746,5.505131561065388,5.530977249145508,874800.0
1993-01-29,5.505127150513405,5.569741318946661,5.505127150513405,5.55681848526001,1462400.0
1993-02-01,5.543899301025602,5.582667827606201,5.543899301025602,5.582667827606201,1041600.0
1993-02-02,5.60851596421999,5.673130203439114,5.595593116376166,5.647284507751465,1741600.0
1993-02-03,5.634360545860065,5.686051927014744,5.634360545860065,5.673129081726074,2279200.0
1993-02-04,5.6860507386071335,5.789433479309082,5.67312789601939,5.789433479309082,2426000.0
1993-02-05,5.750662213022058,5.763585049455815,5.6602023579857565,5.6860480308532715,1970000.0
1993-02-08,5.686049845026828,5.686049845026828,5.582667120571794,5.621435642242432,2014400.0
1993-02-09,5.595586986319963,5.634355487379917,5.543895651573359,5.55681848526001,1208000.0
1993-02-10,5.569745781265686,5.582668625305746,5.505131561065388,5.530977249145508,991600.0
1993-02-11,5.543898523400683,5.647281246447782,5.543898523400683,5.6343584060668945,642400.0
1993-02-12,5.6343580808507685,5.6472809204857475,5.595589561945832,5.6085124015808105,665600.0
1993-02-16,5.5697427504925985,5.582665587500702,5.362977358362943,5.38882303237915,1908000.0
1993-02-17,5.388829066472895,5.4146747694296,5.194986294297611,5.272523403167725,2152000.0
1993-02-18,5.272519986029068,5.324211358441118,5.1174458687929185,5.28544282913208,2888400.0
1993-02-19,5.337132769246256,5.6343580808507685,5.337132769246256,5.6085124015808105,2334000.0
1993-02-22,5.660205521734592,5.7377425836761615,5.569745616136093,5.711896896362305,2080000.0
1993-02-23,5.815278171399318,5.815278171399318,5.595589884924233,5.6343584060668945,2803200.0
1993-02-24,5.6343578046506595,5.737740516662598,5.595589287646182,5.737740516662598,1392400.0
1993-02-25,5.750665267308554,5.776510953903198,5.660205364227295,5.660205364227295,1530800.0
1993-02-26,5.647282845506044,5.647282845506044,5.530977249145508,5.530977249145508,4152000.0
1993-03-01,5.520556551911111,5.611697815739832,5.520556551911111,5.598677635192871,3069200.0
1993-03-02,5.5596197054266385,5.702841758728027,5.546599518762876,5.702841758728027,1239200.0
1993-03-03,5.7158628308347295,5.846064717641899,5.702842642154013,5.833044528961182,1910000.0
1993-03-04,5.833042729008305,5.833042729008305,5.715861067041621,5.780961990356445,950000.0
1993-03-05,5.754922538117216,5.78096291159286,5.7028417911659295,5.7419023513793945,1320000.0
1993-03-08,5.728884274285195,5.872106381142325,5.728884274285195,5.846065998077393,1958000.0
1993-03-09,5.846065218855695,5.898145978043719,5.833045029058689,5.872105598449707,1650800.0
1993-03-10,5.84606680964792,5.911167776347786,5.833046616307947,5.8981475830078125,1126400.0
1993-03-11,5.885125214356002,6.041367476684037,5.833044460246657,5.9632463455200195,2305600.0
1993-03-12,5.833042516117603,5.911163621244178,5.82002233192984,5.885123252868652,1716800.0
1993-03-15,5.911163621244178,5.92418380543194,5.8590828844931275,5.885123252868652,707200.0
1993-03-16,5.885127376980251,5.911167763604058,5.846066797044542,5.859086990356445,1039600.0
1993-03-17,5.833044294877486,5.833044294877486,5.702842413295399,5.728882789611816,2480400.0
1993-03-18,5.754924739172699,5.767944930890284,5.637743013714432,5.6768035888671875,4155200.0
1993-03-19,5.780964257833841,5.780964257833841,5.572641221515505,5.5856614112854,3324000.0
1993-03-22,5.5856622639441005,5.728884373276,5.5596218804292095,5.715864181518555,1918800.0
1993-03-23,5.741904565033446,5.754924756790891,5.689823798003665,5.715864181518555,1560800.0
1993-03-24,5.715862601453608,5.767943354086443,5.702842413295399,5.728882789611816,3212000.0
1993-03-25,5.728885339935441,5.754925727844238,5.689824758072245,5.754925727844238,1336000.0
1993-03-26,5.728884822501872,5.754925208058699,5.624723280274566,5.6377434730529785,1194800.0
1993-03-29,5.6507610120729765,5.728882132055553,5.6507610120729765,5.702841758728027,1126000.0
1993-03-30,5.6898237805847725,5.715864164019943,5.663783397149602,5.6768035888671875,571200.0
1993-03-31,5.689825057983398,5.7419058365461755,5.676804863342705,5.689825057983398,1654400.0
1993-04-01,5.689823798003665,5.728884373276,5.689823798003665,5.715864181518555,1050400.0
1993-04-02,5.6898239344015895,5.715864318540727,5.637743166123314,5.663783550262451,1641200.0
1993-04-05,5.650763358192883,5.67680374233202,5.611702781984176,5.663783550262451,1348800.0
1993-04-06,5.67680374233202,5.6898239344015895,5.637743166123314,5.663783550262451,1039600.0
1993-04-07,5.689820697715691,5.79398217501941,5.663780328389761,5.780961990356445,2605200.0
1993-04-08,5.79398217501941,5.79398217501941,5.7419014363675505,5.780961990356445,1036000.0
1993-04-12,5.807003910081429,5.963246167751781,5.807003910081429,5.937205791473389,3203600.0
1993-04-13,5.937207410237277,6.0283487520610946,5.937207410237277,6.002308368682861,3322000.0
1993-04-14,6.002308024358436,6.028348406242855,5.924186878705181,5.9502272605896,1848400.0
1993-04-15,5.924187956915961,5.937208150227864,5.807006217108832,5.859086990356445,1587600.0
1993-04-16,5.833046746360882,5.859087133621421,5.7679457782095325,5.807006359100342,1331200.0
1993-04-19,5.793983065374365,5.807003252038128,5.676801385400502,5.702841758728027,1641600.0
1993-04-20,5.689821522104997,5.689821522104997,5.377337044918452,5.455458164215088,6318000.0
1993-04-21,5.468478367246431,5.481498553835112,5.142973702529381,5.286195755004883,7291600.0
1993-04-22,5.208075872742303,5.338277769560861,5.182035493378592,5.260156631469727,6323600.0
1993-04-23,5.234115513226459,5.234115513226459,5.0908934469441425,5.116933822631836,4087600.0
1993-04-26,4.973711521594556,5.0648528321996915,4.817469274842894,5.012772083282471,6698400.0
1993-04-27,4.99975343614299,5.286197643422016,4.99975343614299,5.247137069702148,3482400.0
1993-04-28,5.416401201413001,5.416401201413001,5.26015885906455,5.273179054260254,2496000.0
1993-04-29,5.247137376495133,5.2601575684963615,5.129955648484075,5.221096992492676,1762000.0
1993-04-30,5.247136063179381,5.286196629406523,5.155994741982717,5.169014930725098,1963600.0
1993-05-03,5.155995500331023,5.155995500331023,5.077874356386613,5.103914737701416,2020000.0
1993-05-04,5.103916516716098,5.273179054260254,5.103916516716098,5.273179054260254,2532000.0
1993-05-05,5.312237108670748,5.3382774866544285,5.064853517825787,5.077873706817627,2300800.0
1993-05-06,5.129955768585205,5.18203653780942,5.1039153839730975,5.129955768585205,3516400.0
1993-05-07,5.129951234341894,5.16901177673536,5.064850330352783,5.064850330352783,2298400.0
1993-05-10,5.116933822631836,5.14297419831953,5.077873259100295,5.116933822631836,2381600.0
1993-05-11,5.142973783918491,5.221094904686873,5.077872849944839,5.195054531097412,2735600.0
1993-05-12,5.182036876678467,5.247137842465885,5.142976297206016,5.182036876678467,2560400.0
1993-05-13,5.1039133938876065,5.1039133938876065,4.999751896053166,5.012772083282471,2758800.0
1993-05-14,4.843509793281555,4.921630918979645,4.726328104734421,4.791429042816162,8894800.0
1993-05-17,4.804449530898547,4.843510096190406,4.739348588745451,4.7653889656066895,3519200.0
1993-05-18,4.830488204956055,4.908609308001166,4.791427653433499,4.830488204956055,4458000.0
1993-05-19,4.739345616307752,4.921628140011896,4.687264895249425,4.9086079597473145,10277600.0
1993-05-20,4.973712549845377,4.986732739766438,4.869551030476888,4.882571220397949,4144400.0
1993-05-21,4.882568940319462,4.908609308001166,4.804447837274351,4.830488204956055,2473200.0
1993-05-24,4.830492502865307,4.921633870843897,4.830492502865307,4.869553089141846,1314400.0
1993-05-25,4.882570003208361,4.9737113099349175,4.856529629857916,4.947670936584473,1698800.0
1993-05-26,4.9476687031723845,5.064850330352783,4.9476687031723845,5.064850330352783,2176400.0
1993-05-27,5.077875278156656,5.155996436282143,4.960693540968426,5.025794506072998,2545200.0
1993-05-28,5.041546808946038,5.041546808946038,4.897127499314771,4.949643611907959,1432800.0
1993-06-01,4.9365131954352055,5.054674415538708,4.910255146523316,5.041545391082764,2334000.0
1993-06-02,5.041548453987419,5.120322648580972,5.02841942155516,5.054677486419678,2987200.0
1993-06-03,5.0546774137235735,5.080935478210449,5.01529031699326,5.080935478210449,1876800.0
1993-06-04,5.028421542223763,5.028421542223763,4.884002124561984,4.910260200500488,2246800.0
1993-06-07,4.910256992686878,4.9233860220790895,4.752708639980347,4.765837669372559,3262000.0
1993-06-08,4.765837128521644,4.8183532401306985,4.752708100619381,4.792095184326172,5100000.0
1993-06-09,4.805226450043965,4.89712968815956,4.805226450043965,4.844613552093506,3141200.0
1993-06-10,4.844614227398021,4.884001334937843,4.8314851915514145,4.857743263244629,2544400.0
1993-06-11,4.936517238616943,4.989033379453294,4.89713013298968,4.936517238616943,4444800.0
1993-06-14,4.936517238616943,4.949646273826032,4.910259168198769,4.936517238616943,1937600.0
1993-06-15,4.94964567010588,4.989032770929004,4.897129535675049,4.897129535675049,3438000.0
1993-06-16,4.884001334937843,4.89713037078445,4.8052271198582,4.857743263244629,2928400.0
1993-06-17,4.884001097780593,4.949646273826032,4.870872062571506,4.936517238616943,3777200.0
1993-06-18,4.975902085477206,5.067805290222168,4.962773056227926,5.067805290222168,3609200.0
1993-06-21,5.054678406034197,5.146581649780273,5.028420336392461,5.146581649780273,2165200.0
1993-06-22,5.146580623491161,5.199096752302296,5.1203225590855945,5.1728386878967285,2609200.0
1993-06-23,5.09406562386854,5.120323694094665,5.028420448303223,5.028420448303223,3262400.0
1993-06-24,5.028418739738367,5.146580015606892,5.015289709086308,5.133450984954834,2278000.0
1993-06-25,5.133449616959285,5.159707671265982,5.0809335083458915,5.107191562652588,1866400.0
1993-06-28,5.146580410003662,5.251612663269043,5.146580410003662,5.251612663269043,2017200.0
1993-06-29,5.264741220547043,5.264741220547043,5.133450915795246,5.1597089767456055,1597200.0
1993-06-30,5.159709311852827,5.212225437164307,5.080935123885609,5.212225437164307,1753600.0
1993-07-01,5.199096536636353,5.264741694927216,5.172838473320008,5.251612663269043,3439200.0
1993-07-02,5.238482269210432,5.238482269210432,5.172837127992256,5.225353240966797,1748000.0
1993-07-06,5.2253542644809,5.264741356926735,5.199096202850342,5.199096202850342,1691600.0
1993-07-07,5.225354327822564,5.290999482694707,5.225354327822564,5.26474142074585,2399200.0
1993-07-08,5.3041308207684255,5.501066371044481,5.291001784083355,5.448550224304199,2549600.0
1993-07-09,5.461675292079889,5.461675292079889,5.3829011292133515,5.409159183502197,2039600.0
1993-07-12,5.3697727713091625,5.396030828870576,5.330385684967041,5.330385684967041,1112000.0
1993-07-13,5.33038554416401,5.396030686333517,5.277869430428403,5.290998458862305,1403200.0
1993-07-14,5.290999625131525,5.290999625131525,5.199096405836436,5.212225437164307,2654000.0
1993-07-15,5.19909364785721,5.290996818400141,5.19909364785721,5.277867794036865,1658000.0
1993-07-16,5.277867794036865,5.290996818400141,5.225351696583762,5.277867794036865,1255600.0
1993-07-19,5.304130033144078,5.330388102615088,5.225355824731047,5.238484859466553,1713600.0
1993-07-20,5.264742963168086,5.30413006763069,5.107194545317669,5.146581649780273,4432000.0
1993-07-21,5.146579071504986,5.225353240966797,5.094062958530445,5.225353240966797,1710000.0
1993-07-22,5.225354129121504,5.225354129121504,5.146579946270426,5.1597089767456055,1488400.0
1993-07-23,5.094065510496802,5.146581649780273,5.0678074408550655,5.146581649780273,2633600.0
1993-07-26,5.120321015017716,5.251611297454067,5.120321015017716,5.225353240966797,2628800.0
1993-07-27,5.251612531147916,5.264741562475786,5.185967374508567,5.212225437164307,1969200.0
1993-07-28,5.2253548167078625,5.2253548167078625,5.159709655693945,5.1728386878967285,1013600.0
1993-07-29,5.199097061157226,5.36977448993259,5.185968028174506,5.317258358001709,3254000.0
1993-07-30,5.317256515730108,5.33038554416401,5.238482345126699,5.290998458862305,921200.0
1993-08-02,5.2647401330494645,5.317256244102327,5.251611105286249,5.304127216339111,1222000.0
1993-08-03,5.304129325018988,5.356645456949869,5.291000292036268,5.317258358001709,2069200.0
1993-08-04,5.317261324209325,5.396035566049464,5.304132283902636,5.3566484451293945,2082000.0
1993-08-05,5.356643750650253,5.435417923453934,5.356643750650253,5.42228889465332,2289600.0
1993-08-06,5.4222890333487435,5.50106320816737,5.409160004212306,5.461676120758057,2064400.0
1993-08-09,5.4616772053065334,5.553580427511211,5.435419141819483,5.501064300537109,1492800.0
1993-08-10,5.487935268793584,5.52732236402416,5.474806237050059,5.501064300537109,1468000.0
1993-08-11,5.514192513380006,5.553579602761292,5.501063483586243,5.540450572967529,1154400.0
1993-08-12,5.55357852116437,5.6323526845851415,5.55357852116437,5.592965602874756,2989200.0
1993-08-13,5.592966417894296,5.619224476194269,5.540450301294349,5.553579330444336,1362800.0
1993-08-16,5.5667115544698325,5.579840591154903,5.435421187619129,5.448550224304199,3014800.0
1993-08-17,5.42228821064662,5.461675292079889,5.3829011292133515,5.409159183502197,3901600.0
1993-08-18,5.382906525742774,5.435422686969533,5.3566484451293945,5.3566484451293945,2988400.0
1993-08-19,5.356642869267151,5.409158975828593,5.330384815986429,5.396029949188232,1848400.0
1993-08-20,5.396030010978866,5.448546118141678,5.369771957397461,5.369771957397461,3967200.0
1993-08-23,5.3829026222229,5.3829026222229,5.317257468293352,5.3829026222229,1863200.0
1993-08-24,5.40916339210842,5.461679541546365,5.330389167951501,5.435421466827393,2122800.0
1993-08-25,5.435417923453934,5.448546952254547,5.396030837052094,5.42228889465332,1688800.0
1993-08-26,5.4222890333487435,5.474805149894494,5.38290194593943,5.461676120758057,1454000.0
1993-08-27,5.4091606837947195,5.448547776152448,5.356644560651081,5.3829026222229,1114800.0
1993-08-30,5.387670604093575,5.414145643917131,5.334720524446464,5.3611955642700195,1396800.0
1993-08-31,5.361194795775182,5.453857421875,5.361194795775182,5.453857421875,2303200.0
1993-09-01,5.427379643130127,5.427379643130127,5.387667109156005,5.41414213180542,1306000.0
1993-09-02,5.40090632082811,5.440618867304788,5.321481227874756,5.321481227874756,13657600.0
1993-09-03,5.334714412689209,5.361189422181463,5.295001898450828,5.334714412689209,2375600.0
1993-09-07,5.387669046719869,5.427381594975789,5.361194014549255,5.400906562805176,1605600.0
1993-09-08,5.400909663978559,5.467097282409668,5.387672140292336,5.467097282409668,2641200.0
1993-09-09,5.453852855111528,5.572990417480469,5.427377841251762,5.572990417480469,7060800.0
1993-09-10,5.559756126043932,5.612706184387207,5.493568553114837,5.612706184387207,3044400.0
1993-09-13,5.612703965216662,5.625941474568588,5.533278909105105,5.546516418457031,1499600.0
1993-09-14,5.493567199753666,5.506804711078373,5.387667109156005,5.41414213180542,2016400.0
1993-09-15,5.387667765711794,5.387667765711794,5.321480201022459,5.347955226898193,2591200.0
1993-09-16,5.347951917435336,5.347951917435336,5.321476907943081,5.334714412689209,1382800.0
1993-09-17,5.202344094131356,5.308244228363037,5.202344094131356,5.308244228363037,3463600.0
1993-09-20,5.308243389704719,5.334718419079805,5.26853084564209,5.26853084564209,1440400.0
1993-09-21,5.268531118817341,5.295006149565167,5.149393480452125,5.175868511199951,3639200.0
1993-09-22,5.202342987060547,5.242055528946505,5.189105473098561,5.202342987060547,1818800.0
1993-09-23,5.215583755396589,5.255296322062045,5.215583755396589,5.228821277618408,1494000.0
1993-09-24,5.202342473915991,5.25529252454109,5.189104961259716,5.215579986572266,2895600.0
1993-09-27,5.228819167613983,5.334719302654266,5.228819167613983,5.29500675201416,1750000.0
1993-09-28,5.400906444466027,5.440618991851807,5.3744314128755075,5.440618991851807,4520800.0
1993-09-29,5.440620683740686,5.440620683740686,5.347958044358242,5.3611955642700195,2562400.0
1993-09-30,5.387669831803701,5.453857421875,5.374432313789441,5.453857421875,2950800.0
1993-10-01,5.453853852993548,5.58622894651281,5.41414132493777,5.546516418457031,6174800.0
1993-10-04,5.520040389760939,5.599465431340233,5.520040389760939,5.572990417480469,2450800.0
1993-10-05,5.5994696617126465,5.625944695574172,5.572994627851121,5.5994696617126465,3073200.0
1993-10-06,5.5994686698013885,5.639181213558845,5.5729936406297504,5.612706184387207,2340000.0
1993-10-07,5.586230424032257,5.612705449738571,5.5200428597664715,5.533280372619629,1282800.0
1993-10-08,5.53328236249777,5.586232432952294,5.480332292043246,5.506807327270508,1535600.0
1993-10-11,5.506805014495113,5.533280038603262,5.480329990386963,5.480329990386963,804800.0
1993-10-12,5.506809853468334,5.520047377154556,5.467097282409668,5.467097282409668,3370400.0
1993-10-13,5.453855295500687,5.533280372619629,5.4141427569412155,5.533280372619629,4451200.0
1993-10-14,5.506805014495113,5.572992574765486,5.440617454224738,5.480329990386963,6400400.0
1993-10-15,5.4803302816569515,5.493567794414577,5.361192666838322,5.374430179595947,4061200.0
1993-10-18,5.387668757182557,5.427381303304297,5.1361559650782125,5.175868511199951,6376000.0
1993-10-19,5.242052800876578,5.255290307949498,5.136152744293213,5.136152744293213,3110800.0
1993-10-20,5.13615716215852,5.162632199076863,5.043494532944321,5.096444606781006,6250000.0
1993-10-21,5.1096777301473715,5.149390251366134,5.043490194782768,5.136152744293213,1782400.0
1993-10-22,5.175868511199951,5.2288185726956025,5.1361559650782125,5.175868511199951,2276000.0
1993-10-25,5.175866160025963,5.202341178747323,5.136153631943922,5.162628650665283,1632000.0
1993-10-26,5.175868422340533,5.175868422340533,5.017018240580721,5.043493270874023,3514000.0
1993-10-27,5.030256433689848,5.056731467551374,4.950831332105271,4.977306365966797,3863200.0
1993-10-28,4.977306571610854,5.003781606566231,4.871406431789347,4.911118984222412,4061600.0
1993-10-29,4.924354992986684,4.950830019830699,4.871404939298655,4.937592506408691,4461200.0
1993-11-01,4.937591852965178,5.0302544346562135,4.897879317954734,5.003779411315918,5594000.0
1993-11-02,5.0037781083010096,5.0037781083010096,4.91111555073988,4.9508280754089355,4442000.0
1993-11-03,4.937594758647761,4.950832278107943,4.818457083506127,4.831694602966309,2946800.0
1993-11-04,4.858168322737046,4.884643354468583,4.752268195810898,4.791980743408203,3256400.0
1993-11-05,4.765504080316295,4.87140417098999,4.712554034979447,4.87140417098999,6037600.0
1993-11-08,4.937592065462502,4.937592065462502,4.871404504263273,4.924354553222656,2461600.0
1993-11-09,5.083208238756335,5.083208238756335,4.87140789547482,4.89788293838501,3284000.0
1993-11-10,4.884642016503118,4.924354553222656,4.844929479783581,4.924354553222656,4026000.0
1993-11-11,4.911118108082594,4.924355623198719,4.858168047618091,4.884643077850342,2570800.0
1993-11-12,4.924354992986684,4.950830019830699,4.884642452720662,4.937592506408691,2342000.0
1993-11-15,4.911118984222412,4.937594019177789,4.897881466744724,4.911118984222412,1602800.0
1993-11-16,4.937591852965178,5.017016922986065,4.924354341295031,5.003779411315918,1114400.0
1993-11-17,5.030254950890174,5.0832050030048075,4.937592359689566,4.990542411804199,3109200.0
1993-11-18,4.950831332105271,4.99054388289756,4.950831332105271,4.977306365966797,1275200.0
1993-11-19,4.964067385746882,5.017017437861516,4.937592359689566,4.990542411804199,1612800.0
1993-11-22,4.964069054133166,4.990544089088543,4.897881466744724,4.911118984222412,2715200.0
1993-11-23,4.911119293212891,4.990544403076171,4.911119293212891,4.964069366455078,2354800.0
1993-11-24,4.99054388289756,5.017018916759086,4.950831332105271,4.977306365966797,2962800.0
1993-11-26,4.99054189964577,5.003779411315918,4.977304387975622,5.003779411315918,422800.0
1993-11-29,5.035302985684453,5.102084192391143,5.035302985684453,5.088727951049805,28313600.0
1993-11-30,5.062011764283522,5.088724227419583,5.035299301147461,5.035299301147461,9704000.0
1993-12-01,5.062011764283522,5.128792922123674,5.0219430695794305,5.035299301147461,2104400.0
1993-12-02,5.035301180743667,5.048657417297363,4.98187623452888,5.048657417297363,7458800.0
1993-12-03,5.07536547879378,5.142146603514751,5.021940579017004,5.128790378570557,2852000.0
1993-12-06,5.155505048985384,5.235642433166504,5.155505048985384,5.235642433166504,1792400.0
1993-12-07,5.208930969238281,5.222287202492738,5.155506036220452,5.208930969238281,1357600.0
1993-12-08,5.195573741075944,5.235642433166504,5.142148818288531,5.235642433166504,1548800.0
1993-12-09,5.2356405946397295,5.289065498666665,5.182215690612793,5.182215690612793,1942000.0
1993-12-10,5.208933116253758,5.208933116253758,5.062014489897883,5.102083206176758,1695600.0
1993-12-13,5.075369645150749,5.168863296508789,5.048657173334166,5.168863296508789,1318800.0
1993-12-14,5.168859464606059,5.182215690612793,5.128790786585857,5.182215690612793,1229600.0
1993-12-15,5.168861411396086,5.168861411396086,5.1020802562100895,5.155505180358887,1902800.0
1993-12-16,5.182217510379091,5.235642433166504,5.168861279682238,5.235642433166504,1754000.0
1993-12-17,5.302426845136315,5.302426845136315,5.222289411708562,5.2890706062316895,3238000.0
1993-12-20,5.249004291582711,5.302429271649711,5.222291801549211,5.275716781616211,1353200.0
1993-12-21,5.249001502990723,5.262357740911819,5.195576551306338,5.249001502990723,1639600.0
1993-12-22,5.195577621459961,5.208933862132095,5.128796418099293,5.195577621459961,2928000.0
1993-12-23,5.2222890271485305,5.262357740911819,5.195576551306338,5.249001502990723,1054800.0
1993-12-27,5.275713306665421,5.342494487762451,5.262357070446014,5.342494487762451,2515200.0
1993-12-28,5.329135458775672,5.35584791721565,5.302423000335693,5.302423000335693,2978800.0
1993-12-29,5.289067355953917,5.315779817347624,5.222286202469651,5.235642433166504,1925600.0
1993-12-30,5.222286202469651,5.235642433166504,5.208929971772798,5.235642433166504,1406800.0
1993-12-31,5.222286202469651,5.289067355953917,5.208929971772798,5.235642433166504,1357200.0
1994-01-03,5.222288240141955,5.275713183775121,5.142150824692206,5.168863296508789,3516000.0
1994-01-04,5.155508161215258,5.182220638734508,5.102083206176758,5.102083206176758,1760400.0
1994-01-05,5.128790786585857,5.182215690612793,5.115434560579123,5.182215690612793,4163200.0
1994-01-06,5.195571503291528,5.208927728235722,5.128790378570557,5.128790378570557,1592800.0
1994-01-07,5.128792587591677,5.2489986638633575,5.128792587591677,5.235642433166504,3406800.0
1994-01-10,5.20892939579577,5.302423000335693,5.19557316657578,5.302423000335693,2754800.0
1994-01-11,5.342495561850191,5.369208039659442,5.262358128422439,5.2890706062316895,3185600.0
1994-01-12,5.2890706062316895,5.302426845136315,5.2089331728039365,5.2890706062316895,2559600.0
1994-01-13,5.275716781616211,5.289073026632961,5.235648046565961,5.275716781616211,2094000.0
1994-01-14,5.262357097520566,5.329138278961182,5.2490008612324415,5.329138278961182,4646000.0
1994-01-17,5.302424882524576,5.315781116485596,5.2489999466805,5.315781116485596,1646800.0
1994-01-18,5.315782663180744,5.315782663180744,5.249001473944804,5.262357711791992,1801200.0
1994-01-19,5.2356443673448485,5.275713074237794,5.16886318918994,5.222288131713867,2600800.0
1994-01-20,5.195573741075944,5.2489986638633575,5.168861279682238,5.235642433166504,3238800.0
1994-01-21,5.249004291582711,5.289073026632961,5.235648046565961,5.275716781616211,1772000.0
1994-01-24,5.28907021675401,5.315782692596202,5.249001502990723,5.249001502990723,2282800.0
1994-01-25,5.262354894560211,5.289067355953917,5.208929971772798,5.235642433166504,2153600.0
1994-01-26,5.235642433166504,5.2757111252570645,5.222286202469651,5.235642433166504,2471200.0
1994-01-27,5.262357097520566,5.329138278961182,5.235644624944318,5.329138278961182,2330400.0
1994-01-28,5.3291382515430445,5.382563196420669,5.275713306665421,5.342494487762451,3214800.0
1994-01-31,5.35584914860467,5.4359865423493785,5.315780451732316,5.422630310058594,4074800.0
1994-02-01,5.395918820228106,5.422631289635176,5.355850116117502,5.409275054931641,2762800.0
1994-02-02,5.395918369293213,5.409274602880572,5.369205902118494,5.395918369293213,1467200.0
1994-02-03,5.395919460401798,5.395919460401798,5.289069570096812,5.329138278961182,2088800.0
1994-02-04,5.315782692596202,5.35585140635949,5.235645265069627,5.249001502990723,3962800.0
1994-02-07,5.208935556532461,5.302429271649711,5.1688668214822115,5.275716781616211,3544000.0
1994-02-08,5.262353046653197,5.262353046653197,5.142147012592591,5.182215690612793,2195600.0
1994-02-09,5.1822230664989615,5.275716781616211,5.1688668214822115,5.275716781616211,1420400.0
1994-02-10,5.275714707064939,5.275714707064939,5.142152309417725,5.142152309417725,1656400.0
1994-02-11,5.142150824692206,5.182219532417081,5.115438352875623,5.168863296508789,2035200.0
1994-02-14,5.142152658771427,5.208933862132095,5.142152658771427,5.195577621459961,2468000.0
1994-02-15,5.182218502729367,5.235643435747195,5.142149802965996,5.208930969238281,4130800.0
1994-02-16,5.208930969238281,5.248999669001653,5.195574735983824,5.208930969238281,2307600.0
1994-02-17,5.222284368632995,5.262353046653197,5.142147012592591,5.182215690612793,1979200.0
1994-02-18,5.208930104507683,5.208930104507683,5.062011563098492,5.155505180358887,2310400.0
1994-02-22,5.182217510379091,5.235642433166504,5.142148818288531,5.235642433166504,3233600.0
1994-02-23,5.2489986638633575,5.2757111252570645,5.195573741075944,5.235642433166504,1174400.0
1994-02-24,5.182217642433285,5.222286335544882,5.142148949321688,5.155505180358887,1706000.0
1994-02-25,5.182218502729367,5.208930969238281,5.142149802965996,5.208930969238281,1392800.0
1994-02-28,5.245068190347813,5.299002053487636,5.2315847245628575,5.272035121917725,2134000.0
1994-03-01,5.245068607574854,5.258552074432373,5.191134740144779,5.258552074432373,1909200.0
1994-03-02,5.191132418480616,5.191132418480616,5.083264731862838,5.164165496826172,5032000.0
1994-03-03,5.150684065780842,5.150684065780842,5.029332870513754,5.083266735076904,2323200.0
1994-03-04,5.08326466919864,5.177648893825671,5.069781208537636,5.150681972503662,2524800.0
1994-03-07,5.231586108578433,5.231586108578433,5.02933406829834,5.02933406829834,9868400.0
1994-03-08,5.056298318061423,5.083265242424417,5.0293313936984285,5.06978178024292,3722400.0
1994-03-09,5.096752487182617,5.123719431559245,5.029335126241048,5.056302070617676,2186000.0
1994-03-10,5.056301007002352,5.083267945706365,5.015850598946334,5.02933406829834,3175600.0
1994-03-11,5.029335126241048,5.096752487182617,4.9619177652994795,5.056302070617676,3630800.0
1994-03-14,5.06978178024292,5.096748704605915,5.015847931516932,5.06978178024292,2051600.0
1994-03-15,5.06978178024292,5.110232166787411,5.056298318061423,5.06978178024292,3981200.0
1994-03-16,5.083265908312736,5.218100547790527,5.069782444364957,5.218100547790527,4684400.0
1994-03-17,5.23158286511898,5.23158286511898,5.164165560156107,5.177649021148682,1836000.0
1994-03-18,5.164165560156107,5.191132482141256,5.110231716185808,5.177649021148682,4132800.0
1994-03-21,5.177649247018914,5.191132708599692,5.110231939115022,5.123715400695801,4324400.0
1994-03-22,5.123716772074435,5.164167167643444,5.096749841695096,5.110233306884766,1850000.0
1994-03-23,5.110233898863704,5.1641677658701814,5.096750432112085,5.137200832366943,1411600.0
1994-03-24,5.1102322913982245,5.137199216418796,5.0832653663776535,5.0967488288879395,1080400.0
1994-03-25,5.015849118704325,5.069782980195769,4.9079813957214355,4.9079813957214355,2834800.0
1994-03-28,5.0023665992162565,5.029333535061088,4.934949259604178,5.015850067138672,2754400.0
1994-03-29,5.029333846032781,5.029333846032781,4.961916502252181,4.975399971008301,2598400.0
1994-03-30,4.961917293527739,4.9888842353403895,4.867532997183461,4.934950351715088,5204400.0
1994-03-31,4.907983409902437,4.961917293527739,4.7866321717455085,4.934950351715088,3636000.0
1994-04-04,4.8270792961120605,4.894496604716977,4.800112372670093,4.8270792961120605,6624800.0
1994-04-05,4.8675304142204485,5.002365051733481,4.8675304142204485,4.988881587982178,4217600.0
1994-04-06,4.988881587982178,5.029331979236087,4.961914660479571,4.988881587982178,2709600.0
1994-04-07,5.002363905232614,5.1641654331646665,4.98888044457161,5.150681972503662,6387200.0
1994-04-08,5.123717223541647,5.366419618340988,5.096750290786164,5.325969219207764,9334800.0
1994-04-11,5.366421491197012,5.582157028531565,5.352938020113602,5.555190086364746,9205200.0
1994-04-12,5.5417046546936035,5.595638519946096,5.474287323127988,5.5417046546936035,5930800.0
1994-04-13,5.541701531234479,5.555184989947945,5.420350402813286,5.487767696380615,5158400.0
1994-04-14,5.447321598346417,5.609123229980469,5.447321598346417,5.609123229980469,4314000.0
1994-04-15,5.58215445237194,5.6630552415367506,5.541704057789535,5.622604846954346,4203200.0
1994-04-18,5.649572792235744,5.7304735959431765,5.609122390382027,5.636089324951172,7021200.0
1994-04-19,5.690020873898366,5.7574381828308105,5.663053950325388,5.7574381828308105,7228400.0
1994-04-20,5.716987030764661,5.743953950721098,5.582152430982475,5.595635890960693,6682800.0
1994-04-21,5.609119350938912,5.62260281091713,5.528218591069601,5.595635890960693,3456400.0
1994-04-22,5.568670987511139,5.6630552415367506,5.568670987511139,5.622604846954346,3522800.0
1994-04-25,5.636086527658248,5.690020370028184,5.595636145880797,5.649569988250732,3372800.0
1994-04-26,5.690022171258355,5.703505636119156,5.6091213820935435,5.622604846954346,3394800.0
1994-04-28,5.622601513746308,5.622601513746308,5.514733858806331,5.528217315673828,2289600.0
1994-04-29,5.541705053959166,5.636089324951172,5.514738119390022,5.636089324951172,2173200.0
1994-05-02,5.71698735555013,5.71698735555013,5.636086591084798,5.663053512573242,3924800.0
1994-05-03,5.690024483878657,5.716991424560547,5.663057543196769,5.716991424560547,1564400.0
1994-05-04,5.690025277488872,5.7035087497104096,5.582157499716571,5.676541805267334,2432800.0
1994-05-05,5.6765410135377135,5.716991424560547,5.636090602514879,5.716991424560547,2727200.0
1994-05-06,5.6630552415367506,5.676538706397553,5.568670987511139,5.622604846954346,2291600.0
1994-05-09,5.555186396059783,5.595636782438858,5.528219471807065,5.5821533203125,1900000.0
1994-05-10,5.663056069232048,5.716989936558067,5.609122201906029,5.7035064697265625,2460000.0
1994-05-11,5.730470751805635,5.743954212398119,5.622603067065764,5.649569988250732,2645200.0
1994-05-12,5.676536624465508,5.716987004212293,5.663053164549913,5.6900200843811035,2364400.0
1994-05-13,5.703505694026679,5.784406484012873,5.663055299033582,5.743956089019775,3134400.0
1994-05-16,5.716987797471344,5.7844051064037885,5.690020873898366,5.7574381828308105,3452000.0
1994-05-17,5.770923601377995,5.919241731319953,5.770923601377995,5.878791332244873,4359600.0
1994-05-18,5.905758252014985,6.040592915302999,5.905758252014985,5.986659049987793,8288000.0
1994-05-19,5.959692704837953,6.027110043127975,5.91924230186394,6.013626575469971,5405200.0
1994-05-20,5.986659049987793,6.000142516316595,5.95969211733019,5.986659049987793,3172400.0
1994-05-23,5.973174571990967,5.986658036036093,5.932724179855588,5.973174571990967,2228000.0
1994-05-24,6.0001420974731445,6.040592493635884,5.986658632085565,6.0001420974731445,3062000.0
1994-05-25,5.973175166697985,6.0136255628607245,5.905757839760084,6.0001420974731445,2160000.0
1994-05-26,6.013626575469971,6.027110043127975,5.986659640153962,6.013626575469971,1798400.0
1994-05-27,5.982084895787614,6.063658780730173,5.968489248297188,6.050063133239746,1424000.0
1994-05-31,6.036464751439493,6.036464751439493,5.968486544779139,6.022869110107422,1444000.0
1994-06-01,6.0092761907684675,6.050063133239746,5.941297953316335,6.050063133239746,2206000.0
1994-06-02,6.036464038311236,6.104442236940867,6.036464038311236,6.077250957489014,2556800.0
1994-06-03,6.077251374721527,6.21320778131485,6.077251374721527,6.199612140655518,2452800.0
1994-06-06,6.213206576035086,6.240397852079003,6.145228385925293,6.145228385925293,1901200.0
1994-06-07,6.131634897419384,6.145230540207454,6.077252326267106,6.090847969055176,2605200.0
1994-06-08,6.063655317763088,6.104442236940867,6.036464038311236,6.077250957489014,2491200.0
1994-06-09,6.050063133239746,6.077254428220599,6.03646748574932,6.050063133239746,1695200.0
1994-06-10,6.050063276290893,6.145232810974121,6.036467628479004,6.118041515350342,3250000.0
1994-06-13,6.1044423023509555,6.172420501708984,6.1044423023509555,6.172420501708984,3926000.0
1994-06-14,6.158827761363555,6.186019053908207,6.063658237457275,6.063658237457275,3154400.0
1994-06-15,6.090847316767777,6.090847316767777,6.022869110107422,6.022869110107422,1009200.0
1994-06-16,5.954895300799252,5.954895300799252,5.8733213925691246,5.9005126953125,2842000.0
1994-06-17,5.968489428546941,5.968489428546941,5.818937301635742,5.818937301635742,4394800.0
1994-06-20,5.805341644694856,5.805341644694856,5.696576461656076,5.7237677574157715,2650400.0
1994-06-21,5.750959053175467,5.764554701055314,5.696576461656076,5.7237677574157715,1341200.0
1994-06-22,5.737360065077846,5.846125184794962,5.737360065077846,5.832529544830322,1681200.0
1994-06-23,5.832530325313784,5.832530325313784,5.764552116394043,5.764552116394043,1492800.0
1994-06-24,5.682977187924269,5.71016846633539,5.560616435074225,5.574212074279785,3410400.0
1994-06-27,5.587809477533614,5.710170269012451,5.587809477533614,5.710170269012451,2946400.0
1994-06-28,5.6965747123217065,5.6965747123217065,5.54702263156863,5.5878095626831055,2078800.0
1994-06-29,5.628596408026559,5.750957199505398,5.615000764528911,5.710170269012451,1620400.0
1994-06-30,5.682979068616881,5.6965747123217065,5.51983134415898,5.5878095626831055,2359600.0
1994-07-01,5.574212788383742,5.628595352172852,5.574212788383742,5.628595352172852,1858400.0
1994-07-05,5.628594631102027,5.682977187924269,5.574212074279785,5.574212074279785,1561600.0
1994-07-06,5.587809071051477,5.6965742111206055,5.587809071051477,5.6965742111206055,1502000.0
1994-07-07,5.696574625514803,5.723765912510101,5.669383338519506,5.710170269012451,1768800.0
1994-07-08,5.6829806817057005,5.764554567089036,5.66938503414181,5.7509589195251465,1707200.0
1994-07-11,5.791745862216814,5.791745862216814,5.737363271961257,5.7509589195251465,1238000.0
1994-07-12,5.764551759331147,5.791743041214785,5.710169195563872,5.73736047744751,1427200.0
1994-07-13,5.7373608328261465,5.791743399961939,5.7373608328261465,5.764552116394043,1583600.0
1994-07-14,5.764553726266284,5.941297118816901,5.764553726266284,5.927701473236084,2081600.0
1994-07-15,5.914105827655268,5.941297118816901,5.886914536493634,5.927701473236084,1898000.0
1994-07-18,5.914104568714999,6.009274067521906,5.900508926028297,5.995678424835205,2202400.0
1994-07-19,6.022871692614122,6.036467339775779,5.954893456805836,5.98208475112915,2714800.0
1994-07-20,6.009272864370635,6.009272864370635,5.805338264901043,5.832529544830322,2934800.0
1994-07-21,5.818934261383977,5.873316824574482,5.764551698193473,5.8597211837768555,1582000.0
1994-07-22,5.88691108504007,5.88691108504007,5.818932896991108,5.846124172210693,966800.0
1994-07-25,5.818938787082374,5.914108346684188,5.805343135710686,5.9005126953125,1241600.0
1994-07-26,5.91410664662923,5.954893589019775,5.886915351702198,5.954893589019775,1085200.0
1994-07-27,5.92770462124436,5.941300274045379,5.859726357239264,5.873322010040283,1840400.0
1994-07-28,5.859723926674236,6.009276045452465,5.859723926674236,5.98208475112915,1450800.0
1994-07-29,5.982084359823321,6.077253883729601,5.968488713550995,6.063658237457275,1831200.0
1994-08-01,6.063655317763088,6.090846597214941,6.009272758859383,6.077250957489014,1300800.0
1994-08-02,6.05006099558201,6.077252280955412,5.995678424835205,5.995678424835205,1953200.0
1994-08-03,5.968487739562988,5.982083383616662,5.9277008074019655,5.968487739562988,2954400.0
1994-08-04,5.968487739562988,5.995679027670336,5.954892095509313,5.968487739562988,1220800.0
1994-08-05,5.9277002114016994,5.995678424835205,5.914104568714999,5.995678424835205,2162000.0
1994-08-08,5.995680398290808,5.995680398290808,5.954893456805836,5.98208475112915,1793600.0
1994-08-09,5.98208475112915,5.995680398290808,5.954893456805836,5.98208475112915,2324400.0
1994-08-10,5.982082186111209,6.050060392771564,5.954890903447067,6.022869110107422,2670400.0
1994-08-11,6.036467685958379,6.050063333899726,5.954893798310293,6.009276390075684,2277600.0
1994-08-12,6.009272758859383,6.077250957489014,6.009272758859383,6.077250957489014,1307200.0
1994-08-15,6.077254428220599,6.077254428220599,6.0092761907684675,6.050063133239746,810400.0
1994-08-16,6.0500625911849495,6.077253883729601,5.982084359823321,6.063658237457275,2547200.0
1994-08-17,6.077251675435706,6.077251675435706,6.009273468775351,6.022869110107422,1386400.0
1994-08-18,6.009276390075684,6.022872038017031,5.982085094192988,6.009276390075684,1204800.0
1994-08-19,6.036463260650635,6.036463260650635,5.982080708752881,6.036463260650635,1634400.0
1994-08-22,6.009273468775351,6.036464751439493,5.982082186111209,6.022869110107422,1973600.0
1994-08-23,6.009276045452465,6.036467339775779,5.98208475112915,5.98208475112915,7640400.0
1994-08-24,6.00927467172401,6.00927467172401,5.954892095509313,5.968487739562988,2393600.0
1994-08-25,5.954891265938975,5.968486908098653,5.927699981619618,5.941295623779297,2828400.0
1994-08-26,5.954891496775102,6.0228697102086075,5.954891496775102,5.995678424835205,1943600.0
1994-08-29,6.0050043387846515,6.046134505488656,6.0050043387846515,6.032424449920654,1512400.0
1994-08-30,6.032420134598436,6.073550271879789,6.032420134598436,6.046130180358887,1144400.0
1994-08-31,6.032421898948772,6.142102297111477,6.032421898948772,6.114682197570801,4104000.0
1994-09-01,6.087260747870796,6.100970794600235,6.04613060768248,6.073550701141357,1285600.0
1994-09-02,6.059840226119338,6.100970363400691,6.018710088837985,6.046130180358887,1984000.0
1994-09-06,6.046134505488656,6.046134505488656,6.0050043387846515,6.032424449920654,3150000.0
1994-09-07,6.00500454221453,6.00500454221453,5.92274420601981,5.950164318084717,2509200.0
1994-09-08,5.963873929294648,5.963873929294648,5.92274376426503,5.936453819274902,2196400.0
1994-09-09,5.840479753183764,5.895319938659668,5.826769706814788,5.895319938659668,2969200.0
1994-09-12,5.89532196241925,5.89532196241925,5.826771707042282,5.840481758117676,1528400.0
1994-09-13,5.867902913555749,5.867902913555749,5.758222485264988,5.799352645874023,2648800.0
1994-09-14,5.813058830710018,5.82676887512207,5.75821865306181,5.82676887512207,1503600.0
1994-09-15,5.826771707042282,5.840481758117676,5.799351604891495,5.840481758117676,2050400.0
1994-09-16,5.840481422859246,5.840481422859246,5.758221121128834,5.771931171417236,3510800.0
1994-09-19,5.758219069872207,5.771929115276665,5.579988479614258,5.579988479614258,3528800.0
1994-09-20,5.538861038708927,5.55257109078494,5.415470570024818,5.42918062210083,6344800.0
1994-09-21,5.429179244840205,5.442889293438286,5.333208904653636,5.401759147644043,7096400.0
1994-09-22,5.415469873167131,5.415469873167131,5.292079420360792,5.305789470672607,3933600.0
1994-09-23,5.292078653134798,5.305788701458981,5.168688218217147,5.209818363189697,6270000.0
1994-09-26,5.250950305412213,5.278370411445698,5.223530199378729,5.264660358428955,4698000.0
1994-09-27,5.250948508162248,5.264658556486431,5.209818363189697,5.209818363189697,5842800.0
1994-09-28,5.278370411445698,5.305790517479181,5.2372402523954715,5.264660358428955,5000400.0
1994-09-29,5.37433905044788,5.415469196242124,5.319498856055555,5.401759147644043,6690800.0
1994-09-30,5.415469249900506,5.456599396102282,5.34691900623088,5.3743391036987305,2698000.0
1994-10-03,5.374337743057996,5.374337743057996,5.305787516743481,5.333207607269287,2860800.0
1994-10-04,5.34691838287112,5.360628430006686,5.182397817244316,5.196107864379883,3126000.0
1994-10-05,5.1961083677079944,5.1961083677079944,5.100138028462728,5.182398319244385,4922400.0
1994-10-06,5.1823988518816355,5.1961089017543385,5.1412687022635275,5.1549787521362305,2664400.0
1994-10-07,5.154978222317165,5.1961083677079944,5.127558125389947,5.182398319244385,3509200.0
1994-10-10,5.182397817244316,5.223527958651017,5.154977722973182,5.196107864379883,3041600.0
1994-10-11,5.209817338550059,5.25094747543335,5.209817338550059,5.25094747543335,3176000.0
1994-10-12,5.264657380954772,5.360627697795094,5.250947335691869,5.333207607269287,7329600.0
1994-10-13,5.429180774542377,5.4566008794643075,5.360630512237549,5.360630512237549,3639200.0
1994-10-14,5.401759790491175,5.566280393247251,5.3880497402615015,5.552570343017578,4118400.0
1994-10-17,5.538861398696899,5.538861398696899,5.45660108089447,5.484021186828613,2710800.0
1994-10-18,5.538860464454594,5.538860464454594,5.4291800592178685,5.470310211181641,2789600.0
1994-10-19,5.484018254812539,5.538858437360664,5.429178072264413,5.525148391723633,2019200.0
1994-10-20,5.51143741607666,5.525147459400234,5.456597242782365,5.51143741607666,1788400.0
1994-10-21,5.484016554349555,5.497726595735429,5.3880462646484375,5.3880462646484375,2714400.0
1994-10-24,5.401757977338746,5.401757977338746,5.25094747543335,5.25094747543335,2929600.0
1994-10-25,5.237237855985567,5.292078042959238,5.209817762498732,5.27836799621582,2182400.0
1994-10-26,5.333210437725752,5.346920490264893,5.29208028010833,5.346920490264893,2631200.0
1994-10-27,5.3606261818766905,5.3880462646484375,5.333206099104943,5.3880462646484375,2176400.0
1994-10-28,5.388048993882222,5.4703092838651575,5.374338945551734,5.456599235534668,2886000.0
1994-10-31,5.442890674176843,5.470310778328867,5.415470570024818,5.42918062210083,1414400.0
1994-11-01,5.415466347420185,5.429176388806059,5.3880462646484375,5.3880462646484375,1508400.0
1994-11-02,5.401760669620446,5.429180774542377,5.346920459776583,5.360630512237549,1847600.0
1994-11-03,5.415470570024818,5.470310778328867,5.374340413796781,5.42918062210083,1218800.0
1994-11-04,5.442889293438286,5.48401943923253,5.388049099045961,5.401759147644043,4270000.0
1994-11-07,5.401759201166581,5.415469249900506,5.333208957496955,5.3743391036987305,2897200.0
1994-11-08,5.3880462646484375,5.4017563060343115,5.3469161404908165,5.3880462646484375,2474800.0
1994-11-09,5.442886430191933,5.456596471577807,5.3880462646484375,5.3880462646484375,2286000.0
1994-11-10,5.4017563060343115,5.415466347420185,5.3743362232625635,5.3880462646484375,1385200.0
1994-11-11,5.360629671919869,5.374339722231685,5.305789470672607,5.305789470672607,1336400.0
1994-11-14,5.305790517479181,5.319500570495924,5.250950305412213,5.264660358428955,3392000.0
1994-11-15,5.2646570655063805,5.2646570655063805,5.237236976623535,5.237236976623535,2049600.0
1994-11-16,5.237238459838064,5.264658556486431,5.196108314865514,5.209818363189697,2506800.0
1994-11-17,5.2098185785355104,5.2098185785355104,5.031587942954032,5.100138187408447,7023200.0
1994-11-18,5.086427437007757,5.086427437007757,4.935616920007527,4.963037014007568,5286800.0
1994-11-21,4.990458179452566,5.004168229396117,4.90819787979126,4.90819787979126,3364000.0
1994-11-22,4.908200059618268,4.963040283748081,4.78480955532619,4.798519611358643,8399200.0
1994-11-23,4.798519546216954,5.017880439758301,4.78480949037062,5.017880439758301,8103600.0
1994-11-25,5.0041703839119664,5.045300551450969,4.963040216372963,5.017880439758301,700400.0
1994-11-28,5.017879375130186,5.0594640108356845,5.0040178298950195,5.0040178298950195,2129600.0
1994-11-29,5.017876386642456,5.059460997581482,4.97629177570343,4.9901533126831055,3301600.0
1994-11-30,5.017878670546338,5.017878670546338,4.948570954102328,4.976294040679932,2713600.0
1994-12-01,4.9762934492953,4.990154990936791,4.934708824370826,4.962431907653809,17710400.0
1994-12-02,4.962432694108519,5.0594635009765625,4.962432694108519,5.0594635009765625,1266800.0
1994-12-05,5.087186475376506,5.1287711059654155,5.045601844787598,5.045601844787598,1719600.0
1994-12-06,5.059460997581482,5.128768682479858,5.017876386642456,5.101045608520508,6098000.0
1994-12-07,5.073326110839844,5.101049204341701,5.045603017337987,5.073326110839844,1979200.0
1994-12-08,5.073323781149728,5.087185321535383,4.809954513822283,4.851539134979248,2208000.0
1994-12-09,4.8515379428863525,5.004014849662781,4.8515379428863525,4.9901533126831055,2867200.0
1994-12-12,4.934707164764404,5.031737923622131,4.920845627784729,4.9901533126831055,1505200.0
1994-12-13,5.045603341203395,5.142634174688076,5.031741793562726,5.114911079406738,5199600.0
1994-12-14,5.114909037466973,5.225801374322625,5.114909037466973,5.156493663787842,3136000.0
1994-12-15,5.156495722328744,5.170357269969413,5.10104953176607,5.114911079406738,1529200.0
1994-12-16,5.1287726270474066,5.1287726270474066,5.059464888844063,5.114911079406738,3878000.0
1994-12-19,5.11490915032558,5.198078404802419,5.087186065499968,5.170355319976807,1794400.0
1994-12-20,5.211937361418157,5.211937361418157,5.087183541596978,5.149560451507568,2322400.0
1994-12-21,5.11490967632973,5.128771220168022,5.04560195713827,5.0594635009765625,2404800.0
1994-12-22,4.934708118438721,4.990154277072864,4.920846578780185,4.934708118438721,6588400.0
1994-12-23,5.017878757728325,5.07332493184687,4.990155670669052,5.045601844787598,2721600.0
1994-12-27,5.101046454479543,5.11490799375802,5.004015679530204,5.031738758087158,1654000.0
1994-12-28,5.059465565075532,5.073327114568889,5.004019367102101,5.017880916595459,905200.0
1994-12-29,5.017878074219773,5.031739615861264,4.962431907653809,4.962431907653809,3197600.0
1994-12-30,4.976294739424687,5.017879375130186,4.934710103719188,5.0040178298950195,2178800.0
1995-01-03,5.004018377085202,5.087187657590772,5.004018377085202,5.073326110839844,1515600.0
1995-01-04,5.059464888844063,5.1287726270474066,5.059464888844063,5.114911079406738,1536800.0
1995-01-05,5.128770579573929,5.170355205894799,5.114909037466973,5.156493663787842,1242800.0
1995-01-06,5.142634391784668,5.184219036462172,5.114911295332998,5.142634391784668,1721200.0
1995-01-09,5.128772843558833,5.156495940010503,5.114911295332998,5.142634391784668,1092000.0
1995-01-10,5.128771139392803,5.2396634883526465,5.128771139392803,5.225801944732666,2662000.0
1995-01-11,5.239662916429581,5.3228321690713205,5.045601326932189,5.156493663787842,4369200.0
1995-01-12,5.156495940010503,5.170357488236337,5.101049747107163,5.142634391784668,1947600.0
1995-01-13,5.184218439047393,5.322833905332082,5.170356892418924,5.308972358703613,3228000.0
1995-01-16,5.308972899446783,5.419865283769431,5.253526707285459,5.3782806396484375,3696800.0
1995-01-17,5.184216862389613,5.239663032040839,5.11490915032558,5.170355319976807,8594400.0
1995-01-18,5.170355319976807,5.184216862389613,5.11490915032558,5.170355319976807,3576800.0
1995-01-19,5.142630219459534,5.156491756439209,5.101045608520508,5.101045608520508,2386000.0
1995-01-20,5.101048835941492,5.101048835941492,5.017879561442445,5.08718729019165,1899600.0
1995-01-23,5.017878757728325,5.0594633883172335,4.948571040080144,5.045601844787598,4550000.0
1995-01-24,5.073326110839844,5.101049204341701,5.059464564088915,5.073326110839844,3313600.0
1995-01-25,5.0733245230871615,5.239663032040839,5.045601438261548,5.170355319976807,2540000.0
1995-01-26,5.198078857492705,5.2396634883526465,5.170355770252744,5.225801944732666,2215600.0
1995-01-27,5.2535223960876465,5.3228300794133405,5.239660859422507,5.2535223960876465,2300000.0
1995-01-30,5.267385979916187,5.281247521968599,5.1149090173396665,5.211939811706543,1823600.0
1995-01-31,5.184216862389613,5.253524574453645,5.156493777564,5.170355319976807,3173600.0
1995-02-01,5.184218817610081,5.198080365250751,5.10104953176607,5.114911079406738,2878800.0
1995-02-02,5.101047495360016,5.198078290108712,5.101047495360016,5.156493663787842,2993600.0
1995-02-03,5.2673845145167135,5.447584511065969,5.239661438124521,5.433722972869873,5435600.0
1995-02-06,5.40600185679676,5.5862019186899845,5.378278770351648,5.558478832244873,4440800.0
1995-02-07,5.572339802077322,5.655509052854596,5.489170551300049,5.489170551300049,4282800.0
1995-02-08,5.503033272585078,5.544617906886728,5.475310183050644,5.516894817352295,1518000.0
1995-02-09,5.489169125654259,5.530753740242549,5.405999896477679,5.433722972869873,1314400.0
1995-02-10,5.433728113198829,5.46145121581719,5.406005010580468,5.419866561889648,2084800.0
1995-02-13,5.4337235661863375,5.503031264734632,5.4337235661863375,5.447585105895996,1925600.0
1995-02-14,5.475310546625171,5.516895183688147,5.475310546625171,5.503033638000488,2392800.0
1995-02-15,5.53075396480845,5.600061658603042,5.447584732254939,5.572338581085205,2656000.0
1995-02-16,5.572338581085205,5.600061658603042,5.5446155035673685,5.572338581085205,1702400.0
1995-02-17,5.586201804876327,5.600063347816468,5.5168940901756285,5.544617176055908,2651200.0
1995-02-21,5.544618275063464,5.58620291212644,5.489172092312829,5.503033638000488,1732000.0
1995-02-22,5.489168294270834,5.655506727430556,5.47530675817419,5.613922119140625,2954800.0
1995-02-23,5.669368031541216,5.724814173658979,5.627783424952894,5.697091102600098,4304800.0
1995-02-24,5.683232443338531,5.683232443338531,5.586201645525434,5.641647815704346,2324400.0
1995-02-27,5.655647850036621,5.669646978378296,5.585652208328247,5.599651336669922,1246400.0
1995-02-28,5.599651958111832,5.627650217902391,5.543655438530714,5.585652828216553,2692800.0
1995-03-01,5.5996525438526,5.627650806571864,5.515657755694812,5.529656887054443,3410800.0
1995-03-02,5.557653951644897,5.613650465011596,5.529655694961548,5.599651336669922,4144000.0
1995-03-03,5.571652464735835,5.613649845123291,5.571652464735835,5.613649845123291,2816800.0
1995-03-06,5.585652495149392,5.585652495149392,5.529655978907293,5.571653366088867,1854800.0
1995-03-07,5.543655644292417,5.557654774707297,5.431662600973378,5.473659992218018,3124800.0
1995-03-08,5.4876556396484375,5.515653882707868,5.473656518118722,5.4876556396484375,1632400.0
1995-03-09,5.515657383462657,5.515657383462657,5.431662600973378,5.473659992218018,2731600.0
1995-03-10,5.50165422034986,5.557650700964109,5.431658619582051,5.543651580810547,3869200.0
1995-03-13,5.543651580810547,5.557650700964109,5.459656859889175,5.543651580810547,2263200.0
1995-03-14,5.571652464735835,5.627648971919109,5.557653337940017,5.613649845123291,2367600.0
1995-03-15,5.599651336669922,5.6416487216949465,5.557653951644897,5.599651336669922,2254800.0
1995-03-16,5.57165218523655,5.669646067891463,5.543653933049431,5.641647815704346,2951200.0
1995-03-17,5.627650217902391,5.627650217902391,5.571653698321273,5.585652828216553,2712400.0
1995-03-20,5.61365036794982,5.61365036794982,5.501657343152816,5.515656471252441,3736800.0
1995-03-21,5.5016573898551995,5.515656518073661,5.417662620544434,5.417662620544434,2590000.0
1995-03-22,5.473659992218018,5.473659992218018,5.417663470558498,5.473659992218018,2894000.0
1995-03-23,5.473655433751851,5.515652790021047,5.459656314995453,5.501653671264648,2868400.0
1995-03-24,5.501658253047777,5.515657383462657,5.459660861803138,5.473659992218018,1697600.0
1995-03-27,5.501657720786244,5.571653366088867,5.487658591725719,5.571653366088867,2149600.0
1995-03-28,5.571652324638557,5.627648830413818,5.571652324638557,5.627648830413818,1926000.0
1995-03-29,5.627645778421688,5.795635204643231,5.613646659569892,5.697641372680664,4323600.0
1995-03-30,5.7256423445308915,5.7536405956043915,5.655646716847139,5.711643218994141,4588400.0
1995-03-31,5.683645248413086,5.697644374640705,5.641647869730231,5.683645248413086,3443200.0
1995-04-03,5.683643955654568,5.725641324785021,5.6556457095676,5.669644832611084,3610800.0
1995-04-04,5.6556457095676,5.683643955654568,5.641646586524115,5.669644832611084,2909200.0
1995-04-05,5.683644552300446,5.753640174865723,5.655646303274335,5.753640174865723,2424000.0
1995-04-06,5.781638266078612,5.893631259126139,5.781638266078612,5.865633010864258,5396800.0
1995-04-07,5.865632597304069,5.9496273361676115,5.837634351016221,5.90762996673584,3714000.0
1995-04-10,5.893631655555526,5.921629905700684,5.879632530482948,5.921629905700684,3591600.0
1995-04-11,5.90762996673584,5.935628213023688,5.879631720447993,5.90762996673584,4205600.0
1995-04-12,5.879634962632106,5.893634093495516,5.823638439178467,5.823638439178467,2385200.0
1995-04-13,5.85163362475409,5.879631871762483,5.767638883728912,5.795637130737305,3222800.0
1995-04-17,5.795637972214643,5.795637972214643,5.66964584238389,5.711643218994141,3924800.0
1995-04-18,5.7256425722657,5.73964169835926,5.641647815704346,5.641647815704346,2216800.0
1995-04-19,5.669644970705013,5.68364409408947,5.641646723936099,5.655645847320557,2197600.0
1995-04-20,5.627649882330966,5.641649011391491,5.557654237028343,5.571653366088867,3873200.0
1995-04-21,5.599651336669922,5.627649593353271,5.571653079986572,5.599651336669922,5873200.0
1995-04-24,5.599650718327473,5.655647225510747,5.571652464735835,5.613649845123291,3736800.0
1995-04-25,5.599650491047376,5.725642627095941,5.599650491047376,5.683645248413086,4358000.0
1995-04-26,5.697641372680664,5.711640491532459,5.655644016125279,5.697641372680664,1172400.0
1995-04-27,5.711640491532459,5.746638288661948,5.683642253828869,5.697641372680664,1869200.0
1995-04-28,5.68364610671997,5.68364610671997,5.585652208328247,5.599651336669922,1677600.0
1995-05-01,5.599651624209917,5.599651624209917,5.557654237028343,5.571653366088867,3308000.0
1995-05-02,5.557653951644897,5.627649593353271,5.557653951644897,5.599651336669922,2798400.0
1995-05-03,5.613648477167186,5.655645847320557,5.599649353782729,5.655645847320557,2540400.0
1995-05-04,5.7116412468326905,5.851632453862903,5.697642126129669,5.767637729644775,4009200.0
1995-05-05,5.851633474160145,5.90762996673584,5.837634351016221,5.90762996673584,3058000.0
1995-05-08,5.851637644645495,6.019627242099433,5.851637644645495,6.0056281089782715,3611600.0
1995-05-09,6.033622189225822,6.117616929679081,6.033622189225822,6.089618682861328,6028400.0
1995-05-10,6.131616053087958,6.131616053087958,6.047621312634699,6.089618682861328,2469600.0
1995-05-11,6.103617539516715,6.103617539516715,6.005623679937318,6.019622802734375,2301600.0
1995-05-12,5.991628064049615,6.061623719003466,5.977628933058845,6.047624588012695,1922000.0
1995-05-15,6.047624053607497,6.145617961883545,6.005626664346334,6.145617961883545,2737600.0
1995-05-16,6.145614554058618,6.22960928600475,6.131615432067596,6.201611042022705,3507200.0
1995-05-17,6.187615351144708,6.201614480898429,6.1176197023761025,6.145617961883545,1514000.0
1995-05-18,6.145615857034853,6.173614106953008,5.977626357525928,6.117617607116699,1237600.0
1995-05-19,6.047621048328488,6.0896184167196585,5.977625434343205,6.019622802734375,2176000.0
1995-05-22,6.005625214051762,6.10361909866333,5.991626087678681,6.10361909866333,1880800.0
1995-05-23,6.15961367604964,6.201611042022705,6.117616310076574,6.201611042022705,2492000.0
1995-05-24,6.299606800079346,6.35560330496894,6.271608547634549,6.299606800079346,2890800.0
1995-05-25,6.299606800079346,6.3136059263017446,6.229611168967353,6.299606800079346,2284800.0
1995-05-26,6.285480870380661,6.313730222607091,6.186608137588156,6.243106842041016,1759200.0
1995-05-30,6.214855314646564,6.257229328155518,6.158356629967958,6.257229328155518,1806800.0
1995-05-31,6.257232208125639,6.398478984832764,6.1866088197720766,6.398478984832764,1596400.0
1995-06-01,6.370232189279296,6.412606239318848,6.313733455893227,6.412606239318848,2020400.0
1995-06-02,6.370230201043581,6.511476990423705,6.341980843167556,6.440853595733643,4198800.0
1995-06-05,6.469101711748987,6.525600416655092,6.426727683069409,6.454977035522461,3470400.0
1995-06-06,6.440853017844901,6.440853017844901,6.370229629491339,6.398478984832764,2706800.0
1995-06-07,6.341978634230509,6.35610330824884,6.285479938157186,6.313729286193848,2955600.0
1995-06-08,6.313734782885199,6.313734782885199,6.172487919733404,6.186612606048584,2258400.0
1995-06-09,6.158361257508743,6.17248593929202,6.059488485025805,6.073613166809082,3858000.0
1995-06-12,6.045361534277231,6.144234269650925,6.045361534277231,6.115984916687012,1866000.0
1995-06-13,6.158361039720139,6.271358489990234,6.158361039720139,6.271358489990234,2561200.0
1995-06-14,6.24310569157676,6.257230365087115,6.214856344556051,6.228981018066406,1741200.0
1995-06-15,6.228985035719534,6.228985035719534,6.1583616226161375,6.172486305236816,3010800.0
1995-06-16,6.2007338534701955,6.214858531951904,6.172484496506778,6.214858531951904,3462800.0
1995-06-19,6.2148565680655325,6.327853960212178,6.2148565680655325,6.313729286193848,1790400.0
1995-06-20,6.3137342397655765,6.356108295066017,6.271360184465136,6.327858924865723,2663600.0
1995-06-21,6.356104285316129,6.412602990074495,6.341979609126538,6.3843536376953125,2723200.0
1995-06-22,6.426727595152678,6.497350975319191,6.398478243086073,6.483226299285889,2796000.0
1995-06-23,6.4408543650309245,6.483228406906128,6.327856920030382,6.356106281280518,4588400.0
1995-06-26,6.35610330824884,6.35610330824884,6.285479938157186,6.313729286193848,2026800.0
1995-06-27,6.285485410254839,6.341984155515557,6.172487919733404,6.186612606048584,2094400.0
1995-06-28,6.186608983606847,6.2289830177411405,6.115985593383025,6.200733661651611,3502400.0
1995-06-29,6.186612453725603,6.186612453725603,6.073614965986323,6.101864337921143,2359600.0
1995-06-30,6.101865221570422,6.130114597596211,6.059491157531738,6.059491157531738,4383200.0
1995-07-03,6.073614965986323,6.115989023888553,6.073614965986323,6.101864337921143,1191200.0
1995-07-05,6.130111121256417,6.158360481262207,6.087737081247732,6.158360481262207,2491200.0
1995-07-06,6.228979985816215,6.257229328155518,6.1159826164590045,6.257229328155518,2470000.0
1995-07-07,6.299606800079346,6.37023019469907,6.2854821211554,6.299606800079346,3236400.0
1995-07-10,6.285481924360449,6.370229995250702,6.2007338534701955,6.214858531951904,2504800.0
1995-07-11,6.200735083571425,6.299607852557758,6.186610402287664,6.271358489990234,1840000.0
1995-07-12,6.25723549936499,6.370232980166163,6.228986129164696,6.327858924865723,1804000.0
1995-07-13,6.327856634778617,6.384355354731998,6.299607274801927,6.370230674743652,1198000.0
1995-07-14,6.34198083685118,6.37023019469907,6.2572327633075115,6.299606800079346,1227200.0
1995-07-17,6.313732533841519,6.370231258976567,6.2289844461389485,6.271358489990234,4454800.0
1995-07-18,6.313730256747355,6.398478313884904,6.271356228178581,6.3843536376953125,5256400.0
1995-07-19,6.327853960212178,6.370227982267171,6.186607220028871,6.313729286193848,3639600.0
1995-07-20,6.313730256747355,6.3843536376953125,6.271356228178581,6.3843536376953125,2630400.0
1995-07-21,6.3843559402603285,6.3843559402603285,6.257233808706472,6.271358489990234,1860000.0
1995-07-24,6.285479712107825,6.285479712107825,6.200731671045697,6.228981018066406,2314000.0
1995-07-25,6.257233329764453,6.356106091182853,6.214859289156568,6.341981410980225,1646400.0
1995-07-26,6.356107690832117,6.469105160891354,6.341983007074712,6.426731109619141,2719600.0
1995-07-27,6.45497701864327,6.497351047212043,6.356104285316129,6.3843536376953125,1538000.0
1995-07-28,6.38435545158811,6.3984801317907385,6.3278567307775955,6.341981410980225,1438000.0
1995-07-31,6.313732050574967,6.38435545158811,6.299607370372339,6.341981410980225,1307600.0
1995-08-01,6.3278567307775955,6.356106091182853,6.257233329764453,6.341981410980225,1782400.0
1995-08-02,6.341983007074712,6.426731109619141,6.341983007074712,6.426731109619141,3315600.0
1995-08-03,6.4126064258617355,6.440855793376545,6.356107690832117,6.426731109619141,2508800.0
1995-08-04,6.440852271185981,6.497350975319191,6.412602919119376,6.483226299285889,2150400.0
1995-08-07,6.497349413032206,6.624471466765444,6.483224740395179,6.610346794128418,2679600.0
1995-08-08,6.624475373941309,6.765722183620229,6.624475373941309,6.723348140716553,5250000.0
1995-08-09,6.723347853814531,6.7374725341796875,6.680973812719061,6.7374725341796875,2840800.0
1995-08-10,6.709223173449375,6.751597214544844,6.666849132353905,6.7374725341796875,2040400.0
1995-08-11,6.737473620137861,6.737473620137861,6.525603380510884,6.567977428436279,2137600.0
1995-08-14,6.582099528148256,6.596224205247287,6.5256008197521345,6.553850173950195,1552800.0
1995-08-15,6.55385537544039,6.624478816986084,6.539730687131251,6.624478816986084,1659200.0
1995-08-16,6.680974097812877,6.723348140716553,6.652724735877094,6.723348140716553,1880000.0
1995-08-17,6.709228038787842,6.737477420003791,6.666853966963918,6.709228038787842,1947200.0
1995-08-18,6.779845044607907,6.7939697217841735,6.737471013079107,6.765720367431641,2320400.0
1995-08-21,6.779847244837294,6.793971926597371,6.751597881317139,6.751597881317139,2899200.0
1995-08-22,6.751595690255374,6.779845044607907,6.680972304374041,6.765720367431641,1806800.0
1995-08-23,6.76572189491,6.76572189491,6.723347853814531,6.7374725341796875,1804800.0
1995-08-24,6.7657211335302625,6.864593884959724,6.737471775978988,6.8222198486328125,2795600.0
1995-08-25,6.808094055672002,6.963465496776549,6.808094055672002,6.9493408203125,2407200.0
1995-08-28,6.93521710132929,7.04821452864219,6.9210924229151765,7.019965171813965,2900400.0
1995-08-29,6.991719832043135,6.991719832043135,6.921096399396235,6.963470458984375,5500800.0
1995-08-30,6.920744666742452,7.020426174288126,6.920744666742452,6.991945743560791,3147200.0
1995-08-31,6.991945743560791,7.048906605015461,6.949225097469788,6.991945743560791,2368400.0
1995-09-01,6.949228457319058,7.034669790810685,6.949228457319058,7.006189346313477,2605200.0
1995-09-05,6.920747324181778,6.934987545013428,6.849546220023529,6.934987545013428,3519600.0
1995-09-06,6.949228457319058,7.020429568562081,6.949228457319058,7.006189346313477,5017600.0
1995-09-07,7.034668670149748,7.105869770050049,7.006188230189628,7.105869770050049,5788400.0
1995-09-08,7.120107102581835,7.2340288162231445,7.105866888376672,7.2340288162231445,6355600.0
1995-09-11,7.219793605433364,7.333715398024029,7.205553381359532,7.319475173950195,5700800.0
1995-09-12,7.319472835133377,7.333713054656982,7.248271737515347,7.333713054656982,3396000.0
1995-09-13,7.305234167106364,7.390675502394157,7.305234167106364,7.376435279846191,2832400.0
1995-09-14,7.3764323263567215,7.490354061126709,7.362192109510473,7.490354061126709,3589600.0
1995-09-15,7.504593294803227,7.632755229629089,7.476112864841925,7.6185150146484375,4906400.0
1995-09-18,7.604277521147764,7.61851774122482,7.476115540454263,7.575797080993652,3800400.0
1995-09-19,7.575793046217699,7.775156021118164,7.533072408739027,7.775156021118164,3852800.0
1995-09-20,7.789394434351121,7.846355271165389,7.732433597536853,7.8036346435546875,3395600.0
1995-09-21,7.789405752759461,7.817886212550173,7.703964373387328,7.76092529296875,3422000.0
1995-09-22,7.70395675126244,7.76091761448804,7.68971653545604,7.746677398681641,4437200.0
1995-09-25,7.775156185362074,7.775156185362074,7.661234483012447,7.6897149085998535,2280000.0
1995-09-26,7.6754783678321195,7.6754783678321195,7.618517489406649,7.646997928619385,2366800.0
1995-09-27,7.60427524061764,7.746677398681641,7.59003502481124,7.746677398681641,3344400.0
1995-09-28,7.746685063073395,7.775165522864106,7.675483913596617,7.76092529296875,3482400.0
1995-09-29,7.76092021438712,7.76092021438712,7.661238670349121,7.661238670349121,2851600.0
1995-10-02,7.661243683701262,7.789405752759461,7.632763223910551,7.76092529296875,3718400.0
1995-10-03,7.746677412453111,7.889079570770264,7.732437196621396,7.889079570770264,4387200.0
1995-10-04,7.86060459954398,8.088448211124964,7.846364373820168,7.974526405334473,5179600.0
1995-10-05,7.974521013735869,8.003001445927783,7.903319933256085,7.931800365447998,1775200.0
1995-10-06,7.931804222018061,7.988765114097186,7.903323775978499,7.946044445037842,1767200.0
1995-10-09,7.931805728163038,7.974526405334473,7.874844825267791,7.974526405334473,1206400.0
1995-10-10,7.8748369216918945,7.889077133123526,7.817876075965371,7.8748369216918945,2980000.0
1995-10-11,7.874843329938937,7.9745248910774045,7.8606031069191555,7.946044445037842,1769200.0
1995-10-12,7.974518721397043,8.216602325439453,7.974518721397043,8.216602325439453,4588800.0
1995-10-13,8.202367652773233,8.230848096012028,8.102686101437447,8.159646987915039,2126800.0
1995-10-16,8.088441949141654,8.245084310832777,8.088441949141654,8.116922378540039,3169600.0
1995-10-17,8.145406852390456,8.216607961240022,8.145406852390456,8.188127517700195,4562400.0
1995-10-18,8.316284980708268,8.316284980708268,8.230843696659896,8.273564338684082,3937600.0
1995-10-19,8.259326655690263,8.259326655690263,8.102684253599586,8.173885345458984,4228000.0
1995-10-20,8.173889565467835,8.173889565467835,7.946045953886849,7.974526405334473,4538800.0
1995-10-23,7.974523807161688,8.17388690234073,7.974523807161688,8.059965133666992,3990000.0
1995-10-24,8.088444106643264,8.102684325140876,7.874840829179094,7.903321266174316,2820800.0
1995-10-25,7.903320902438951,7.931801338123416,7.490354585014213,7.504594802856445,5020400.0
1995-10-26,7.461875258959257,7.461875258959257,7.290992619441106,7.404914379119873,5439600.0
1995-10-27,7.347949801550971,7.703955121393557,7.3337095887572685,7.6897149085998535,4554400.0
1995-10-30,7.746677572076971,7.746677572076971,7.4618732495741416,7.518834114074707,4149600.0
1995-10-31,7.518834494819206,7.518834494819206,7.447633410587963,7.490354061126709,2528400.0
1995-11-01,7.504593294803227,7.6185150146484375,7.476112864841925,7.6185150146484375,3647600.0
1995-11-02,7.632752133111884,7.817874852758255,7.590031505501184,7.8036346435546875,2117200.0
1995-11-03,7.789396398155778,7.789396398155778,7.646994270218744,7.6897149085998535,2052000.0
1995-11-06,7.675474695806151,7.746675759774668,7.646994270218744,7.6897149085998535,2150400.0
1995-11-07,7.718196519512997,7.718196519512997,7.604274799667786,7.6185150146484375,2440800.0
1995-11-08,7.646993953220093,7.760915650847209,7.632753741016704,7.73243522644043,3183600.0
1995-11-09,7.775159299695814,7.903321266174316,7.746678862700591,7.903321266174316,5187600.0
1995-11-10,7.860600610681483,7.93180170316954,7.746678862700591,7.903321266174316,1830400.0
1995-11-13,7.903323043947634,7.903323043947634,7.860602378845215,7.860602378845215,2194800.0
1995-11-14,7.846360978958157,7.846360978958157,7.77515988114547,7.789400100708008,2841600.0
1995-11-15,7.789402759383085,7.789402759383085,7.6612407395760505,7.718201637268066,2591200.0
1995-11-16,7.718194595943954,7.889077133123526,7.689714173080692,7.8748369216918945,3547600.0
1995-11-17,7.917562922824819,8.088445575835427,7.86060203848795,8.059965133666992,3584000.0
1995-11-20,8.05996591764837,8.074206140117713,7.988764805301653,8.003005027770996,1710400.0
1995-11-21,8.003003347487677,8.116925103323801,7.988763128008162,8.074204444885254,2648000.0
1995-11-22,8.131162593239232,8.159643022637619,8.045721305044074,8.116922378540039,2013200.0
1995-11-24,8.074201734442461,8.145402807938426,8.074201734442461,8.116922378540039,948000.0
1995-11-27,8.131167781764063,8.415972257482595,8.102687334192211,8.259329795837402,5134800.0
1995-11-28,8.259328626549763,8.259328626549763,8.131166630620543,8.188127517700195,3375600.0
1995-11-29,8.197313450185833,8.254737712533894,8.13988918783777,8.226025581359863,2359600.0
1995-11-30,8.226024077488825,8.269092266376202,8.18295588860145,8.211668014526367,1730400.0
1995-12-01,8.240382194519043,8.283450394141964,8.211670061437095,8.240382194519043,2388800.0
1995-12-04,8.297806884401702,8.48443575896437,8.283450817127651,8.427011489868164,3038400.0
1995-12-05,8.412655555095869,8.470079825096525,8.326519150094889,8.355231285095215,2904400.0
1995-12-06,8.383940626310823,8.584925504338822,8.383940626310823,8.55621337890625,4057200.0
1995-12-07,8.52750313828473,8.570571335952836,8.398298545280417,8.45572280883789,3269600.0
1995-12-08,8.484434940616627,8.52750313828473,8.412654611169785,8.45572280883789,2271200.0
1995-12-11,8.455725820097204,8.455725820097204,8.355233323084164,8.38394546508789,1179200.0
1995-12-12,8.32652118108044,8.398301536089752,8.312165110078576,8.38394546508789,1436000.0
1995-12-13,8.383940251228307,8.398296313302327,8.283447816710158,8.29780387878418,1263200.0
1995-12-14,8.297806999900125,8.297806999900125,7.996329582948736,8.053753852844238,2508400.0
1995-12-15,8.09682342665536,8.139891636371612,8.039399147033691,8.039399147033691,4133200.0
1995-12-18,8.039394586736506,8.039394586736506,7.838409722068093,7.895833969116211,3090000.0
1995-12-19,7.867124567805109,8.025041301830395,7.838412434345966,7.967617034912109,3730800.0
1995-12-20,7.981974867412022,8.168603776182447,7.967618797506605,8.039399147033691,3666000.0
1995-12-21,8.111173505142682,8.154241683046095,7.867120497023345,7.910188674926758,2737200.0
1995-12-22,7.895831426564794,7.910187483704004,7.795339026590334,7.867119312286377,3510000.0
1995-12-26,7.85276985168457,7.910194128479339,7.824057713287186,7.85276985168457,808400.0
1995-12-27,7.867122723105176,7.953259103285159,7.852766659741845,7.881478786468506,2210400.0
1995-12-28,7.895833071943246,8.0250376131205,7.881477011812439,7.996325492858887,2736400.0
1995-12-29,8.039393673251304,8.05374973338211,7.953257312466469,7.996325492858887,1591600.0
1996-01-02,7.967617034912109,8.010685235100823,7.924548834723395,7.967617034912109,1892400.0
1996-01-03,8.010682463212447,8.082462772022595,7.895833969116211,7.895833969116211,3606800.0
1996-01-04,7.867125722505083,7.924549997851836,7.694852896464825,7.709208965301514,5502000.0
1996-01-05,7.580003600610073,7.623071802886267,7.4364429263560945,7.551291465759277,8226800.0
1996-01-08,7.536936812731831,7.651785373687744,7.522580742612342,7.651785373687744,1634400.0
1996-01-09,7.680496866758741,7.680496866758741,7.565648315480106,7.603332996368408,6674400.0
1996-01-10,7.580001392583737,7.637425645557857,7.479508949879029,7.493865013122559,6672000.0
1996-01-11,7.5656488999866305,7.5656488999866305,7.479512479872931,7.5369367599487305,2596000.0
1996-01-12,7.5512926195429495,7.65178510687527,7.465156201829531,7.594360828399658,4012800.0
1996-01-15,7.6087171100434805,7.6517853201003305,7.5225806899297805,7.5369367599487305,3866400.0
1996-01-16,7.579999923706055,7.608712044629184,7.393371137705716,7.579999923706055,8422400.0
1996-01-17,7.608714651477764,7.637426782238057,7.551290389957177,7.62307071685791,5702400.0
1996-01-18,7.694852695066969,7.694852695066969,7.493867736613728,7.565648078918457,3342400.0
1996-01-19,7.5656452536136465,7.694849821512172,7.4938649381144655,7.6661376953125,4556000.0
1996-01-22,7.608714059217652,7.7522747018444,7.5943579949549775,7.694850444793701,2461600.0
1996-01-23,7.680496827628137,7.709208965301514,7.623072552281385,7.709208965301514,2012800.0
1996-01-24,7.694850444793701,7.709206509056376,7.637426187743002,7.694850444793701,2700000.0
1996-01-25,7.694850444793701,7.795342894632425,7.666138316268352,7.694850444793701,4171600.0
1996-01-26,7.694850444793701,7.723562573319051,7.608714059217652,7.694850444793701,1996400.0
1996-01-29,7.709202683755081,7.867119312286377,7.637422398059038,7.867119312286377,2331200.0
1996-01-30,7.910194463487985,7.967618742714757,7.8814823238745975,7.924550533294678,3321200.0
1996-01-31,7.9532602989183125,8.039396692047392,7.910192102353773,8.025040626525879,5628000.0
1996-02-01,8.039394586736506,8.039394586736506,7.852765783830122,7.895833969116211,9975200.0
1996-02-02,7.881477907354181,7.981970339688387,7.809697598544034,7.895833969116211,4112000.0
1996-02-05,7.867121594723913,7.99632614646208,7.824053410811191,7.938901901245117,2597600.0
1996-02-06,7.967614724481706,8.068107162448142,7.953258661915072,7.98197078704834,4653600.0
1996-02-07,8.039397516994612,8.125533918962411,7.996329316010712,8.096821784973145,5961200.0
1996-02-08,8.12553643855919,8.527506439053283,8.11118036711297,8.441370010375977,5296800.0
1996-02-09,8.42701393892976,8.556218581945718,8.398301796037323,8.441370010375977,4092400.0
1996-02-12,8.470078874727259,8.513147072395363,8.412654611169785,8.45572280883789,2722000.0
1996-02-13,8.427010816971057,8.54185934599281,8.427010816971057,8.484435081481934,3000400.0
1996-02-14,8.484432729085286,8.556213039822048,8.383940294053819,8.398296356201172,3085600.0
1996-02-15,8.427009468143051,8.541857978782138,8.398297340483278,8.49878978729248,2256400.0
1996-02-16,8.498786457569526,8.498786457569526,8.340869817310633,8.412650108337402,3780000.0
1996-02-20,8.326515853404999,8.35522797703743,8.211667358875275,8.269091606140137,5360800.0
1996-02-21,8.269093952276103,8.470078874727259,8.254737886386735,8.45572280883789,3210400.0
1996-02-22,8.527503560170405,8.671064226166541,8.484435360371565,8.54185962677002,5047200.0
1996-02-23,8.570571899414062,8.64235223358001,8.498791565248116,8.570571899414062,3513200.0
1996-02-26,8.584929458365952,8.757202290306406,8.55621731970921,8.68542194366455,4487200.0
1996-02-27,8.685419201850891,8.699775266647338,8.570570683479309,8.613638877868652,3268800.0
1996-02-28,8.666305304370995,8.78204894783505,8.579497571772956,8.651837348937988,2328000.0
1996-02-29,8.622897591025142,8.651833488981602,8.507153999199302,8.536089897155762,2911600.0
1996-03-01,8.622904267421989,8.753115909044134,8.507160585980083,8.709712028503418,4333200.0
1996-03-04,8.796517600826494,8.868857383728027,8.738645774505267,8.868857383728027,2962400.0
1996-03-05,8.810982523450425,9.129277458616123,8.796514571851985,9.0858736038208,3048400.0
1996-03-06,9.114808286173961,9.143744185495148,8.984596739228618,9.013532638549805,3397200.0
1996-03-07,8.984598632775523,9.114810207163574,8.912258869226607,8.955662727355957,3363200.0
1996-03-08,8.753112312124557,8.82545208329914,8.579496861305557,8.60843276977539,4671600.0
1996-03-11,8.593966484069824,8.695242183377044,8.478222827718715,8.593966484069824,3638400.0
1996-03-12,8.478217858410044,8.550557601229242,8.21779478426093,8.521621704101562,6066800.0
1996-03-13,8.579493967800367,8.637365765222292,8.463750372956518,8.49268627166748,2426400.0
1996-03-14,8.521621704101562,8.593961446920762,8.492685806973883,8.521621704101562,2471600.0
1996-03-15,8.507152589591774,8.579492322496465,8.44928080326802,8.565024375915527,3344800.0
1996-03-18,8.608429970026409,8.868853061556619,8.608429970026409,8.782045364379883,2135200.0
1996-03-19,8.81098364831604,8.868855462098082,8.65183616041542,8.695240020751953,2240000.0
1996-03-20,8.724175927642975,8.738643881088485,8.608432300078888,8.695240020751953,2155200.0
1996-03-21,8.680767948563034,8.709703841724911,8.550556429334588,8.565024375915527,2416800.0
1996-03-22,8.622904267421989,8.724179988683657,8.60843630724175,8.709712028503418,2048800.0
1996-03-25,8.883321011086077,8.926724859674444,8.753109465320971,8.782045364379883,3526000.0
1996-03-26,8.767581447378381,8.941196921583893,8.767581447378381,8.912261009216309,2311600.0
1996-03-27,8.912258184639512,9.158213361813004,8.897790233041071,9.0858736038208,7557600.0
1996-03-28,9.056938419251358,9.18714999396903,9.028002513758542,9.129278182983398,4535600.0
1996-03-29,9.245024200534672,9.418639678478986,9.172684418057875,9.27396011352539,6886000.0
1996-04-01,9.360766183213526,9.57778549194336,9.360766183213526,9.57778549194336,3926400.0
1996-04-02,9.548848624649743,9.563316577111333,9.44757295741861,9.519912719726562,2405200.0
1996-04-03,9.490976333618164,9.505444285346242,9.43310452670586,9.490976333618164,1822000.0
1996-04-04,9.519912719726562,9.577784529572924,9.47650886234179,9.519912719726562,3050000.0
1996-04-08,9.346297978245936,9.346297978245936,9.15821458239888,9.331830024719238,5518400.0
1996-04-09,9.346291660699318,9.360759604446532,9.114804560743918,9.18714427947998,3462800.0
1996-04-10,9.18715069723911,9.18715069723911,8.782047989329353,8.825451850891113,3372000.0
1996-04-11,8.883323176807126,8.897791129863815,8.6518359279001,8.738643646240234,4760800.0
1996-04-12,8.75311349119459,8.941196921583893,8.738645535010797,8.912261009216309,5092800.0
1996-04-15,9.013534797897822,9.201618188544165,8.99906684477118,9.143746376037598,4693200.0
1996-04-16,9.143742689630393,9.143742689630393,8.91225553293089,8.92672348022461,3621200.0
1996-04-17,8.912258629660004,8.941194534301758,8.825450915734745,8.941194534301758,4141600.0
1996-04-18,8.912258629660004,8.999066343585264,8.868854772697373,8.941194534301758,2326000.0
1996-04-19,8.941196921583893,8.97013283395148,8.839921228297346,8.912261009216309,2258800.0
1996-04-22,8.970128083840395,9.042467826452011,8.941192186795748,9.027999877929688,2270000.0
1996-04-23,8.984593432617187,9.08586904296875,8.955657543945312,9.042465209960938,2406800.0
1996-04-24,9.056935774974335,9.08587167201898,8.984596032362719,9.027999877929688,1858800.0
1996-04-25,9.028002751024463,9.17268228229088,8.970130938517897,9.143746376037598,3059600.0
1996-04-26,9.143741189125564,9.24501680356208,9.129273244206061,9.230548858642578,1800400.0
1996-04-29,9.201618188544165,9.201618188544165,9.114810469784315,9.143746376037598,2267200.0
1996-04-30,9.114811185380104,9.245022773742676,9.100343231117595,9.245022773742676,1458000.0
1996-05-01,9.201616305112838,9.273956055939196,9.201616305112838,9.259488105773926,2012800.0
1996-05-02,9.201610343686996,9.216078284478955,8.955655350223664,8.970123291015625,3254400.0
1996-05-03,9.028000588210398,9.158212135155742,8.984596739228618,9.013532638549805,4564000.0
1996-05-06,8.999063435905532,9.027999331197831,8.810980116505576,8.883319854736328,2584000.0
1996-05-07,8.839918868055621,8.97013043894351,8.767579106451239,8.941194534301758,3818000.0
1996-05-08,8.912254719184284,9.20161363863832,8.79651115140267,9.158209800720215,4213600.0
1996-05-09,9.129278422910955,9.24502204792409,9.08587456353103,9.143746376037598,2355200.0
1996-05-10,9.245020879742517,9.36076449013053,9.216084977145513,9.302892684936523,2516400.0
1996-05-13,9.30289387851028,9.317361831665039,9.259490019046002,9.317361831665039,2582000.0
1996-05-14,9.346296325096718,9.418636079934927,9.317360423161434,9.404168128967285,2158400.0
1996-05-15,9.375233644284076,9.447573410057874,9.30289387851028,9.317361831665039,1818800.0
1996-05-16,9.273958210612452,9.360765931772631,9.24502230355906,9.331830024719238,3027600.0
1996-05-17,9.375232227032,9.43310403090257,9.360764276064359,9.404168128967285,1872800.0
1996-05-20,9.3896973534097,9.490972979717663,9.3896973534097,9.462037086486816,1418000.0
1996-05-21,9.433111880935785,9.490983732966066,9.418643917928215,9.476515769958496,1775200.0
1996-05-22,9.490978477581908,9.563318252563477,9.433106657596651,9.563318252563477,2592000.0
1996-05-23,9.577786937081742,9.577786937081742,9.404171463902012,9.433107376098633,3066400.0
1996-05-24,9.462043288295256,9.490979200491877,9.36076759560708,9.433107376098633,1744000.0
1996-05-28,9.462039917984246,9.462039917984246,9.331828359479875,9.346296310424805,2655200.0
1996-05-29,9.331828587533526,9.433104246623037,9.27395678233952,9.302892684936523,1917200.0
1996-05-30,9.302892232345322,9.41863583710234,9.273956331156068,9.389699935913086,4456000.0
1996-05-31,9.37523198531846,9.433103787696968,9.331828133534577,9.389699935913086,2973200.0
1996-06-03,9.346296100119902,9.447571754455566,9.30289224826176,9.447571754455566,2251200.0
1996-06-04,9.519911348819733,9.72246265411377,9.505443398441587,9.72246265411377,4228800.0
1996-06-05,9.717220473112883,9.833768844604492,9.629809194494177,9.833768844604492,2955200.0
1996-06-06,9.84833922862296,9.862907777777727,9.746359384539586,9.775496482849121,3373200.0
1996-06-07,9.469552032864328,9.600668907165527,9.440414949686284,9.600668907165527,6977600.0
1996-06-10,9.556964659436835,9.586101746813165,9.535111843904586,9.571533203125,1996800.0
1996-06-11,9.615242737324262,9.688085485334295,9.556968538916237,9.62981128692627,2626000.0
1996-06-12,9.64437494764815,9.77549182760107,9.64437494764815,9.702649116516113,4768000.0
1996-06-13,9.702653737075282,9.775496482849121,9.644379540456212,9.775496482849121,2204800.0
1996-06-14,9.760923285384079,9.77549182760107,9.688080574299123,9.702649116516113,1555200.0
1996-06-17,9.673516273498535,9.702653370707868,9.556967884661203,9.673516273498535,2302400.0
1996-06-18,9.615238834189498,9.658944465253995,9.556964659436835,9.571533203125,2327600.0
1996-06-19,9.556964903747463,9.571533447808054,9.411279463141557,9.425848007202148,2454800.0
1996-06-20,9.382141226707304,9.396709768984799,9.236455803932346,9.309298515319824,3526400.0
1996-06-21,9.338435396717392,9.338435396717392,9.11990726730903,9.192749977111816,4143600.0
1996-06-24,9.251025812860211,9.469553981667934,9.251025812860211,9.3384370803833,3008400.0
1996-06-25,9.367578348995727,9.498695308779494,9.353009797908642,9.440421104431152,2251200.0
1996-06-26,9.454984254926165,9.513258425988884,9.338435912800726,9.353004455566406,1988800.0
1996-06-27,9.338437560145842,9.513260104173533,9.280163378803277,9.49869155883789,2594400.0
1996-06-28,9.527831439712225,9.688085485334295,9.49869434050821,9.62981128692627,4197200.0
1996-07-01,9.644376081245944,9.833767152327813,9.644376081245944,9.819198608398438,2188000.0
1996-07-02,9.833762794733047,9.833762794733047,9.746351569890976,9.790057182312012,1866800.0
1996-07-03,9.775489501446001,9.921174888948922,9.70264680769454,9.862900733947754,1824000.0
1996-07-05,9.673511295783811,9.717216919108134,9.556962966918945,9.556962966918945,1720000.0
1996-07-08,9.469551617398418,9.527825781197793,9.353003289799668,9.367571830749512,3484800.0
1996-07-09,9.396707631647587,9.484118865430355,9.323864936828613,9.323864936828613,3072400.0
1996-07-10,9.425850942936911,9.484125137329102,9.338439651348624,9.484125137329102,1881200.0
1996-07-11,9.484120158348261,9.484120158348261,9.20731788030123,9.367571830749512,3864400.0
1996-07-12,9.338436757544136,9.42584802204533,9.30929966937707,9.360289573669434,3093200.0
1996-07-15,9.323866209397181,9.411277455110278,9.207317881779716,9.236454963684082,2567200.0
1996-07-16,9.265591300494298,9.338433999397555,8.901377805978013,9.221885681152344,6756400.0
1996-07-17,9.323869572129361,9.440417941780979,9.236458294890648,9.396712303161621,3342000.0
1996-07-18,9.498695658909455,9.658949726774491,9.41128434916489,9.542401313781738,7129600.0
1996-07-19,9.556961479536984,9.571530018377741,9.498687324173954,9.527824401855469,4401600.0
1996-07-22,9.513255863014711,9.600667096059256,9.469550246492439,9.527824401855469,4303200.0
1996-07-23,9.55696328239846,9.629805990343572,9.527826199220417,9.600668907165527,2740800.0
1996-07-24,9.542397240947064,9.702651240413351,9.527828695541038,9.688082695007324,2715200.0
1996-07-25,9.76092359944844,9.804629227505671,9.731786514076951,9.746355056762695,2650800.0
1996-07-26,9.746349540299285,9.775486609179103,9.673506868099738,9.731781005859375,2096800.0
1996-07-29,9.717218399047852,9.775492572355486,9.688081312394035,9.717218399047852,1907200.0
1996-07-30,9.819201327564087,9.935749711274047,9.775495683672853,9.892044067382812,3648000.0
1996-07-31,9.892042121221852,10.02315902709961,9.877473576124324,10.02315902709961,3324400.0
1996-08-01,10.00859048200208,10.154275932977365,9.994021936904552,10.02315902709961,5290400.0
1996-08-02,10.110573536932131,10.40194453223277,10.110573536932131,10.314533233642578,9468000.0
1996-08-05,10.314528152790475,10.38737086573391,10.270822525024414,10.270822525024414,4068800.0
1996-08-06,10.25625903458245,10.40194453223277,10.241690484817418,10.314533233642578,4169200.0
1996-08-07,10.343665862049901,10.401940035920607,10.31452877511455,10.358234405517578,3346000.0
1996-08-08,10.343669091758622,10.460217475891113,10.343669091758622,10.460217475891113,4276400.0
1996-08-09,10.489352404416262,10.6350378544776,10.47478385941013,10.605900764465332,6396400.0
1996-08-12,10.591330839183232,10.649605011613401,10.57676229607569,10.63503646850586,7053200.0
1996-08-13,10.605897372747584,10.649602993789125,10.562191751706042,10.576760292053223,2966400.0
1996-08-14,10.547625327274718,10.635036586893015,10.518488240735284,10.562193870544434,3787200.0
1996-08-15,10.533062048102671,10.620473351406428,10.533062048102671,10.591336250305176,2778000.0
1996-08-16,10.620467286155462,10.737015624000788,10.605898743924795,10.678741455078125,3881200.0
1996-08-19,10.693314191457388,10.824431122960272,10.693314191457388,10.780725479125977,2698400.0
1996-08-20,10.751583840108207,10.897269257995854,10.751583840108207,10.766152381896973,3812000.0
1996-08-21,10.737015298319443,10.766152381896973,10.69330967295315,10.766152381896973,6178000.0
1996-08-22,10.737016534360842,10.97011322981508,10.737016534360842,10.9409761428833,2970000.0
1996-08-23,10.911838004228422,10.926406546290142,10.8244267518581,10.88270092010498,4301600.0
1996-08-26,10.882704082489013,10.940978267669678,10.824429897308349,10.926409721374512,3154000.0
1996-08-27,10.955544159791181,10.970112702556861,10.882701445962782,10.91183853149414,3085600.0
1996-08-28,10.882703998453177,10.911841090818513,10.85356690608784,10.868135452270508,4416800.0
1996-08-29,10.838995090840795,10.882700716207088,10.766152381896973,10.766152381896973,9281200.0
1996-08-30,10.32910005006496,10.343668597385221,9.862906535816613,9.921180725097656,26468800.0
1996-09-03,9.790057182312012,9.819194257259369,9.571529120206833,9.790057182312012,18928000.0
1996-09-04,9.887465215085157,9.887465215085157,9.770106577517382,9.82878589630127,10714400.0
1996-09-05,9.770108551513859,9.82878788215358,9.62341022491455,9.62341022491455,6977600.0
1996-09-06,9.638082260508174,9.843459964689474,9.623412424495223,9.814120292663574,8519600.0
1996-09-09,9.916809733732109,9.990158918153204,9.872800223079452,9.960819244384766,6361200.0
1996-09-10,9.931476883081725,9.960816548910623,9.814118219766137,9.887467384338379,4745200.0
1996-09-11,9.858127180215686,9.916806508669351,9.84345734810227,9.872797012329102,4179200.0
1996-09-12,9.90213989684789,9.960819244384766,9.872800223079452,9.960819244384766,4412000.0
1996-09-13,10.166196349763522,10.166196349763522,10.034167825740619,10.048837661743164,4991200.0
1996-09-16,10.03416900745497,10.13685787156635,10.03416900745497,10.107518196105957,3854800.0
1996-09-17,10.078177452087402,10.0928472882622,9.960818762689003,10.078177452087402,4850800.0
1996-09-18,10.063507497745709,10.092847169750799,10.004828153735529,10.048837661743164,2496800.0
1996-09-19,9.990155922961552,10.004825755447545,9.931476593017578,9.931476593017578,3938000.0
1996-09-20,9.946146336858144,9.990155833923888,9.799448013305664,9.799448013305664,7082800.0
1996-09-23,9.814117683875438,9.902136676555934,9.740768523308356,9.872797012329102,6540000.0
1996-09-24,9.887466302939824,9.946145628179822,9.784777483769826,9.858126640319824,6555200.0
1996-09-25,9.872806091085184,10.034174392722536,9.843466399878395,10.01950454711914,8125200.0
1996-09-26,10.03416900745497,10.210207060217337,10.019499169724773,10.107518196105957,9789600.0
1996-09-27,10.09285142686632,10.180870480007597,10.09285142686632,10.166200637817383,6377600.0
1996-09-30,10.166197890686474,10.22487724359087,10.166197890686474,10.195537567138672,5025200.0
1996-10-01,10.254214760191015,10.254214760191015,10.12218624396538,10.136856079101562,2920000.0
1996-10-02,10.19553874183622,10.268887941417777,10.1661990620036,10.254218101501465,4462000.0
1996-10-03,10.224872842154728,10.283552169799805,10.224872842154728,10.283552169799805,2749600.0
1996-10-04,10.298226279835776,10.474264335901344,10.298226279835776,10.400915145874023,3464800.0
1996-10-07,10.415581288719983,10.430251121520996,10.356901957515927,10.430251121520996,2131200.0
1996-10-08,10.400911455918969,10.488930452725052,10.386241623117954,10.430251121520996,2659200.0
1996-10-09,10.444924544748524,10.459594382592272,10.224876977092306,10.371575355529785,2364800.0
1996-10-10,10.371573505401612,10.371573505401612,10.2542148235866,10.268884658813477,1377200.0
1996-10-11,10.32756245642816,10.400911621601656,10.298222790358762,10.356902122497559,2300800.0
1996-10-14,10.371573392082663,10.474262237548828,10.356903557016068,10.474262237548828,2958400.0
1996-10-15,10.532939951128094,10.562279616730123,10.400911455918969,10.430251121520996,3034400.0
1996-10-16,10.400911621601656,10.400911621601656,10.298222790358762,10.356902122497559,2327600.0
1996-10-17,10.38624530786856,10.437589740887685,10.356905631857632,10.400915145874023,2232800.0
1996-10-18,10.430253501064422,10.547612190246582,10.386243992621113,10.547612190246582,2526000.0
1996-10-21,10.532942113080527,10.723649978637695,10.518272277268437,10.723649978637695,2390400.0
1996-10-22,10.723654534498632,10.723654534498632,10.620965640187428,10.6649751663208,2559600.0
1996-10-23,10.620962142944336,10.694311329014393,10.591622468516313,10.620962142944336,3214000.0
1996-10-24,10.650298532946357,10.70897786370639,10.60628903487633,10.635628700256348,2445600.0
1996-10-25,10.620962142944336,10.694311329014393,10.620962142944336,10.620962142944336,1858000.0
1996-10-28,10.650298532946357,10.694308031016384,10.635628700256348,10.635628700256348,3199200.0
1996-10-29,10.694312242559485,10.855680465698242,10.664972565625165,10.855680465698242,4595200.0
1996-10-30,10.826339174551793,11.06105655502988,10.826339174551793,11.04638671875,4648000.0
1996-10-31,11.090399633351941,11.119739314921656,11.04639011099737,11.061059951782227,3310400.0
1996-11-01,11.075722885645254,11.105062548918488,10.885015074369244,10.89968490600586,2667600.0
1996-11-04,10.885021538657938,10.987710421098107,10.885021538657938,10.973040580749512,2764000.0
1996-11-05,10.973037063057257,11.193084597744233,10.973037063057257,11.163744926452637,6004400.0
1996-11-06,11.178414762098434,11.251763940327427,11.13440525516104,11.163744926452637,3733200.0
1996-11-07,11.061054889875486,11.163743728375657,11.002375553589674,11.105064392089844,5466400.0
1996-11-08,11.03171688247012,11.04638671875,10.943697864790837,11.04638671875,3613200.0
1996-11-11,11.002378883922052,11.002378883922052,10.914359852850676,10.987709045410156,2082400.0
1996-11-12,11.03171875656292,11.03171875656292,10.914360046386719,10.914360046386719,3524400.0
1996-11-13,10.914353351618415,11.01704216003418,10.885013692071054,11.01704216003418,4545600.0
1996-11-14,10.973037063057257,11.193084597744233,10.958367227411458,11.163744926452637,3779200.0
1996-11-15,11.193085070239242,11.398462777950053,11.134405725179011,11.28110408782959,4089200.0
1996-11-18,11.281103610378743,11.413132131176413,11.281103610378743,11.398462295532227,2974000.0
1996-11-19,11.339779635872505,11.61850643157959,11.339779635872505,11.61850643157959,5015200.0
1996-11-20,11.618513654295048,11.80922158043878,11.603843813822454,11.765212059020996,4542800.0
1996-11-21,11.72119742182631,11.76520692403592,11.6771879196167,11.6771879196167,5170000.0
1996-11-22,11.735867111598264,11.985254287719727,11.706527443819269,11.985254287719727,3404000.0
1996-11-25,12.01459263726104,12.278649618299745,11.999922804981113,12.234640121459961,4559200.0
1996-11-26,12.263982594807944,12.352001608646278,12.087944567131274,12.102614402770996,4864800.0
1996-11-27,12.11728108677887,12.19063024589981,12.102611254954684,12.146620750427246,2154800.0
1996-11-29,12.14662224248465,12.205301576989406,12.13195240885846,12.16129207611084,1583600.0
1996-12-02,12.131956293055032,12.131956293055032,12.02926742479459,12.05860710144043,2044000.0
1996-12-03,12.02926516532898,12.102614343166351,11.735868453979492,11.735868453979492,3668800.0
1996-12-04,11.754771911669804,11.769539213066375,11.356054773962413,11.564642906188965,4847600.0
1996-12-05,11.42988722451818,11.42988722451818,11.267446966805391,11.326516151428223,3233200.0
1996-12-06,11.22314707112526,11.562794943014577,11.0607067845695,11.533260345458984,5075200.0
1996-12-09,11.562801764608187,11.695707532017476,11.533267149628344,11.621870994567871,4332800.0
1996-12-10,11.636637829511594,11.636637829511594,11.488964760609162,11.518499374389648,2829600.0
1996-12-11,11.341287005242197,11.400356208394502,11.19361399736144,11.356054306030273,4258000.0
1996-12-12,11.459419004047543,11.474186296578532,10.942563765462925,10.972098350524902,4306400.0
1996-12-13,10.942573685243906,11.149315968096017,10.824435237899841,11.031177520751953,5834000.0
1996-12-16,11.105013839597625,11.208384979061965,10.898271560668945,10.898271560668945,4871600.0
1996-12-17,10.868732882922716,11.282217286077385,10.80966368247205,11.25268268585205,5175600.0
1996-12-18,11.282217023223836,11.341286222298308,11.105009426000425,11.119776725769043,3616400.0
1996-12-19,11.400357977387868,11.651402129739674,11.400357977387868,11.636634826660156,4903200.0
1996-12-20,11.843375214433248,11.858142515199374,11.621865702941355,11.68093490600586,6423600.0
1996-12-23,11.666169432819192,11.68093673589871,11.592332917421603,11.636634826660156,2135600.0
1996-12-24,11.636635706227297,11.695704923010176,11.503729968465818,11.592333793640137,918400.0
1996-12-26,11.592331101409101,11.710469507538113,11.592331101409101,11.68093490600586,2467200.0
1996-12-27,11.754768021301654,11.769535317810828,11.68093153875579,11.74000072479248,1447200.0
1996-12-30,11.902443021720066,11.991046815926419,11.872908423651282,11.946744918823242,2798800.0
1996-12-31,11.931981713570597,11.931981713570597,11.5480318069458,11.5480318069458,2826000.0
1997-01-02,11.577565380483293,11.636634591608207,11.341288535983633,11.503728866577148,4902800.0
1997-01-03,11.577567851135486,11.680938992663481,11.548033239270344,11.65140438079834,2872000.0
1997-01-06,11.754772022102452,11.769539323637757,11.621866308284712,11.666168212890625,3716000.0
1997-01-07,11.63663300370748,11.68093490600586,11.533261898344596,11.68093490600586,4605200.0
1997-01-08,12.109184594801913,12.256857577665352,11.931977015365788,11.961511611938477,10745200.0
1997-01-09,11.99104794461303,12.212557450979034,11.99104794461303,12.03534984588623,4949600.0
1997-01-10,11.902442276333494,12.19778823852539,11.858140382004708,12.19778823852539,5528800.0
1997-01-13,12.256855414241082,12.330691892640123,11.97627679632472,12.153484344482422,5543600.0
1997-01-14,12.271633900623389,12.67035124757505,12.25686659147703,12.596514701843262,7183200.0
1997-01-15,12.52267214744468,12.581741355687344,12.34546452271669,12.41930103302002,6616800.0
1997-01-16,12.404532257621812,12.552205260688737,12.389764957315117,12.478368759155273,5207600.0
1997-01-17,12.493138732910156,12.596509857177734,12.463604125976563,12.552207946777344,7210800.0
1997-01-20,12.493134424893023,12.685109303762538,12.478367126518446,12.611272811889648,4394400.0
1997-01-21,12.52266902164218,12.67034200538796,12.478367126518446,12.611272811889648,4275200.0
1997-01-22,12.581741367805506,13.00999312797729,12.53743946158084,12.950923919677734,6024000.0
1997-01-23,12.936158969023518,13.009995492819314,12.640812873840332,12.640812873840332,8204800.0
1997-01-24,12.6260418487045,12.699878350743708,12.43406694340256,12.52267074584961,7267600.0
1997-01-27,12.493136145033926,12.611274548296658,12.448834243810401,12.52267074584961,5878400.0
1997-01-28,12.655583980683064,12.773722454248366,12.301168559987156,12.389772415161133,4940400.0
1997-01-29,12.374999004186586,12.714646948215572,12.374999004186586,12.69987964630127,4435200.0
1997-01-30,12.714645471837786,12.803249273035261,12.699878171638208,12.758947372436523,5276400.0
1997-01-31,12.758949623769418,12.96569186304346,12.729415018158841,12.773716926574707,4762000.0
1997-02-03,12.758944390036842,12.995221138000488,12.64080601605502,12.995221138000488,4922000.0
1997-02-04,12.980452935703676,13.172427780031489,12.936151048551103,13.157660484313965,6627600.0
1997-02-05,13.157671122696769,13.231507660983507,13.02476535378064,13.039532661437988,7671200.0
1997-02-06,12.9952274279648,13.172435074709774,12.980460124069385,13.142900466918945,5312800.0
1997-02-07,13.246267671238865,13.438242565024934,13.231500371716859,13.42347526550293,5999600.0
1997-02-10,13.14289940492082,13.438245458963985,13.14289940492082,13.261037826538086,5070800.0
1997-02-11,13.290567934315943,13.393939018249512,13.290567934315943,13.393939018249512,5020800.0
1997-02-12,13.408707715942647,13.644984503888773,13.379173117449382,13.615449905395508,5364000.0
1997-02-13,13.615448307839168,13.969863448173376,13.615448307839168,13.910794258117676,5998000.0
1997-02-14,14.02893534284046,14.235677547892847,13.999400742118691,14.147073745727539,7969200.0
1997-02-18,14.191373426653634,14.486719387666197,14.176606128603007,14.457184791564941,6509600.0
1997-02-19,14.427655296909565,14.663932149264276,14.353818780548718,14.471957206726074,7406400.0
1997-02-20,14.412890706463761,14.590098379084216,14.309519564101828,14.383356094360352,10401600.0
1997-02-21,14.383343264367625,14.41287785012608,14.17660116405844,14.206135749816895,12503200.0
1997-02-24,14.147071783715894,14.457185048285867,14.117537187090184,14.427650451660156,5207200.0
1997-02-25,14.501484565196499,14.649157524108887,14.471949973414022,14.649157524108887,4710000.0
1997-02-26,14.63438892364502,14.737759985668749,14.531017861621292,14.63438892364502,9901200.0
1997-02-27,14.649164845992107,14.811605181985971,14.471957206726074,14.471957206726074,7435200.0
1997-02-28,14.471953113873798,14.531022310256958,14.05846873919169,14.176607131958008,6986800.0
1997-03-03,14.028932743575462,14.560555458068848,14.028932743575462,14.560555458068848,4423600.0
1997-03-04,14.531023370214255,14.914973174711786,14.471954169522327,14.708230972290039,6149400.0
1997-03-05,14.846003175985935,15.053847220449738,14.549083112466215,14.697543144226074,8088200.0
1997-03-06,14.697545689921226,14.786621724405597,14.608469655436854,14.727237701416016,5354800.0
1997-03-07,14.697544165616911,15.113232283432339,14.638160148786136,15.053848266601562,5313600.0
1997-03-10,15.083537241128775,15.439841270446777,14.964769231356108,15.439841270446777,4137600.0
1997-03-11,15.380461344999425,15.410153355317957,15.053849231495576,15.142925262451172,5620600.0
1997-03-12,15.142925877970054,15.202309901020916,14.816313751190307,14.905389785766602,4171600.0
1997-03-13,14.608465681514978,14.727233695185832,14.103701623413851,14.192777633666992,8156600.0
1997-03-14,14.311543944534982,14.370927944304837,13.955239945915855,13.984931945800781,7468200.0
1997-03-17,13.836477295827057,14.074013386742545,13.598941204911572,14.014629364013672,5895600.0
1997-03-18,14.014618943780016,14.044310933067685,13.658315072327982,13.71769905090332,3971400.0
1997-03-19,13.539551947526872,14.074007945455564,13.509859947641944,13.984931945800781,4691000.0
1997-03-20,13.984937008084923,14.163089071882183,13.747400923021909,13.777092933654785,4635800.0
1997-03-21,13.836469707204335,14.103697662922874,13.77708571704466,13.925545692443848,4726800.0
1997-03-24,13.866163037127945,14.638154983520508,13.866163037127945,14.638154983520508,5453000.0
1997-03-25,14.638159398172723,14.905387460208331,14.489699363708496,14.489699363708496,5631000.0
1997-03-26,14.430313661008698,14.51938967126184,14.16308563024928,14.192777633666992,4568200.0
1997-03-27,14.252161475031217,14.400621490396125,13.480169395133693,13.747397422790527,4789800.0
1997-03-31,13.688020461314434,13.836480553085739,13.005104039166424,13.183256149291992,7611200.0
1997-04-01,13.064479955320634,13.53955195369593,13.034787955422178,13.331707954406738,7120000.0
1997-04-02,13.27232837677002,13.331712396352883,12.916024259272838,13.27232837677002,4425800.0
1997-04-03,12.975412020812163,13.331716241063297,12.945720002457902,13.183256149291992,6276800.0
1997-04-04,12.826948229898543,13.331712396352883,12.826948229898543,13.27232837677002,4819000.0
1997-04-07,13.391094517178004,13.539554545084634,13.36140251159668,13.36140251159668,3298400.0
1997-04-08,13.598933746565633,13.955237687523685,13.450473771166445,13.925545692443848,3635200.0
1997-04-09,14.014632928839937,14.133401004508073,13.509868607250363,13.598944664001465,4041000.0
1997-04-10,13.569239104464973,13.895850986629338,13.569239104464973,13.71769905090332,3852200.0
1997-04-11,13.420792296126082,13.569252387897388,13.094180094229207,13.183256149291992,4387600.0
1997-04-14,13.064480213636761,13.212940216064453,12.975404212180148,13.212940216064453,3715800.0
1997-04-15,13.509862199425697,13.628630218761309,13.153558141418866,13.302018165588379,7336800.0
1997-04-16,13.064488075874946,13.242640186000514,12.916027984103641,13.183256149291992,4445800.0
1997-04-17,13.183248862022777,13.480168881437704,13.123864858139791,13.242632865905762,4237600.0
1997-04-18,13.242632865905762,13.509860883379197,13.212940863964269,13.242632865905762,3207200.0
1997-04-21,13.302012010836977,13.420779975219451,13.064476082072032,13.153552055358887,2821200.0
1997-04-22,13.123862184797014,13.509858131408691,13.094170188903808,13.509858131408691,3194400.0
1997-04-23,13.509861299119857,13.539553301975065,13.391093287699022,13.480169296264648,3893400.0
1997-04-24,13.569242123195103,13.688010106767926,13.509858131408691,13.509858131408691,3577400.0
1997-04-25,13.539560626167397,13.747404758586633,13.509868607250363,13.598944664001465,3031600.0
1997-04-28,13.598931093752643,14.044310933067685,13.569239104464973,13.71769905090332,3874800.0
1997-04-29,14.192782085474448,14.400626174592276,14.103706047281094,14.222474098205566,6683400.0
1997-04-30,14.16308411307957,14.489696115687273,14.133392112842506,14.341236114501953,4252800.0
1997-05-01,14.341236114501953,14.46000411545021,14.222468113553697,14.341236114501953,3551400.0
1997-05-02,14.370933578308835,14.994465820342896,14.370933578308835,14.905389785766602,4035200.0
1997-05-05,14.727231419728902,14.96476741036969,14.608463424408507,14.875691413879395,4616200.0
1997-05-06,14.786619539052309,15.142923624330678,14.756927531945777,14.935079574584961,4993000.0
1997-05-07,14.727230048029678,14.845998032287982,14.103698130673584,14.163082122802734,7229200.0
1997-05-08,14.163083028189744,14.638154995592336,14.074007034301758,14.074007034301758,6104200.0
1997-05-09,14.252164215467777,14.489700285725574,14.163088189121105,14.311548233032227,3666600.0
1997-05-12,14.34123932924427,14.72723541885126,14.34123932924427,14.489699363708496,2828800.0
1997-05-13,14.430316597962182,14.549084635805492,14.311548560118872,14.370932579040527,3182000.0
1997-05-14,14.638153015837377,14.816304979518968,14.51938504004965,14.549077033996582,3969600.0
1997-05-15,14.578767481858169,14.667843454252415,14.459999518665843,14.60845947265625,2676400.0
1997-05-16,14.608464116635531,14.667848117109658,14.281852114027826,14.341236114501953,3357800.0
1997-05-19,14.31154561494526,14.34123761829577,14.014625581440171,14.1037015914917,2691200.0
1997-05-20,13.777086856707218,14.281850814819336,13.777086856707218,14.281850814819336,5009000.0
1997-05-21,14.311541936336418,14.3709259277735,13.777086013402695,13.895853996276855,3962600.0
1997-05-22,13.955237987713936,14.074005970588097,13.777086013402695,13.895853996276855,2721800.0
1997-05-23,13.955245341284801,14.133397409471415,13.955245341284801,14.014629364013672,1524000.0
1997-05-27,13.895857438155437,13.984933447374381,13.688013416644564,13.747397422790527,2629600.0
1997-05-28,13.77708302947866,14.044310933067685,13.658315072327982,13.71769905090332,2375600.0
1997-05-29,13.895860976186292,14.044321029350677,13.569248859224649,13.777092933654785,2403400.0
1997-05-30,13.628627947181654,14.192775944995274,13.569243947411799,13.984931945800781,4319800.0
1997-06-02,14.103697662922874,14.163081653082548,13.806777712124497,13.925545692443848,2620400.0
1997-06-03,14.16309007274333,14.48970221278563,13.955245983625504,14.222474098205566,4891400.0
1997-06-04,14.21172439927075,14.480433474046878,14.152011271542722,14.241580963134766,3138200.0
1997-06-05,14.361011028289795,14.868572748624363,14.33115445650541,14.749146461486816,4967800.0
1997-06-06,14.749143095355732,15.286561264822135,14.719286530385375,15.107421875,6793200.0
1997-06-09,15.167127053098435,15.376122898318295,15.107413954464189,15.256696701049805,6229400.0
1997-06-10,15.316413675429505,15.614979244151327,15.316413675429505,15.495553016662598,6580000.0
1997-06-11,15.525413266606204,15.734409214425902,15.525413266606204,15.70455265045166,5122000.0
1997-06-12,15.943407786519904,16.032977493185747,15.794124942076834,15.883694648742676,5975000.0
1997-06-13,15.943404790421805,16.152400733367408,15.794121974032088,16.092687606811523,6062200.0
1997-06-16,16.122533004649362,16.361385345458984,16.122533004649362,16.361385345458984,3641800.0
1997-06-17,16.36139976348599,16.689822021512168,16.152403781105694,16.39125633239746,4544400.0
1997-06-18,16.33154143442527,16.480824262893506,16.18225860595703,16.18225860595703,4782400.0
1997-06-19,16.24196561407096,16.659957376197788,16.21210905963333,16.540531158447266,3166400.0
1997-06-20,16.659962902898375,16.719676031582598,16.42111038816148,16.480823516845703,3923600.0
1997-06-23,16.450959850339853,16.5106729532449,15.883685372741928,15.943398475646973,3659000.0
1997-06-24,16.09268048871905,16.346461164329646,15.943397738359874,16.316604614257812,4494600.0
1997-06-25,16.361387256333217,16.510669986774214,16.122534887627623,16.15239143371582,3775800.0
1997-06-26,16.152399043428517,16.346466684430894,15.734407201269555,15.913546562194824,3813200.0
1997-06-27,15.883687666092797,15.913544221856128,15.435839329642812,15.585122108459473,6394800.0
1997-06-30,15.525407818833948,15.943399567802555,15.405981604842918,15.420909881591797,5161800.0
1997-07-01,15.525408174066198,15.85383027005606,15.435838511523508,15.614977836608887,3398000.0
1997-07-02,15.555274875042345,15.80905575112269,15.555274875042345,15.794127464294434,3623200.0
1997-07-03,15.88368571505827,16.316605720449896,15.88368571505827,16.24196434020996,3208600.0
1997-07-07,16.21211139604574,16.227039675415945,16.00311548486283,16.077756881713867,2897200.0
1997-07-08,16.06282261744461,16.13746398648478,15.943396426980337,16.018037796020508,1990800.0
1997-07-09,16.062828819740545,16.062828819740545,15.779191507867804,15.8986177444458,4022200.0
1997-07-10,15.868760108947754,15.943401501746191,15.77919043758963,15.868760108947754,3961400.0
1997-07-11,15.853833441886401,15.973259682503247,15.82397688173219,15.913546562194824,3679600.0
1997-07-14,15.973258926122412,16.27182451352657,15.943402367381996,16.077756881713867,3452800.0
1997-07-15,16.06282042743337,16.10760524275149,15.86875289438817,15.958322525024414,2451600.0
1997-07-16,15.958332134993029,16.436037119389454,15.958332134993029,16.331539154052734,2792400.0
1997-07-17,16.331530710245016,16.331530710245016,16.092678341539422,16.15239143371582,2194400.0
1997-07-18,16.107617553696393,16.107617553696393,15.644840775045244,15.659769058227539,3467600.0
1997-07-21,15.644836012996844,16.018042978955737,15.525409783889998,16.003114700317383,3225200.0
1997-07-22,15.883684638216204,16.33153288929373,15.838899813108451,16.316604614257812,2575800.0
1997-07-23,16.31660326498526,16.436029455396863,16.122535705566406,16.122535705566406,3174800.0
1997-07-24,16.06282793877879,16.39125007135605,15.928473429997183,16.37632179260254,2261800.0
1997-07-25,16.361398000118918,16.45096769719986,16.152402040263382,16.18225860595703,1966200.0
1997-07-28,16.152395504833805,16.361391380127404,16.152395504833805,16.212108612060547,2212000.0
1997-07-29,16.22703864030821,16.64503043601072,16.107612412964635,16.630102157592773,2366600.0
1997-07-30,16.58532023748328,16.98838382561294,16.570391956441444,16.76445960998535,4395000.0
1997-07-31,16.719666331143,17.122729715911625,16.659953237103203,17.00330352783203,4798600.0
1997-08-01,16.943592915103025,17.003306017887528,16.525601195611497,16.80923843383789,4199200.0
1997-08-04,16.794314215668535,17.003310125907966,16.73460109845727,16.868955612182617,2820600.0
1997-08-05,16.82416787530887,16.839096152039403,16.49574578723718,16.525602340698242,2528800.0
1997-08-06,16.540537575313024,16.82417495250702,16.540537575313024,16.719676971435547,3551200.0
1997-08-07,16.77939172824658,16.928674572803935,16.331543194574518,16.39125633239746,3496600.0
1997-08-08,16.003114656968553,16.182254000143573,15.629907692020591,15.764262199401855,3981400.0
1997-08-11,15.794127377273872,16.137477972432,15.585131362829793,16.03297996520996,4181200.0
1997-08-12,16.032980053546524,16.18226292182908,15.779199177466179,15.794127464294434,3962600.0
1997-08-13,16.062836627203033,16.2419760691421,15.734414316981411,15.794127464294434,3203600.0
1997-08-14,16.01804698150406,16.092688393347043,15.79412274597511,15.92847728729248,2445800.0
1997-08-15,15.82397332558265,15.853829879027145,15.4955512376932,15.525407791137695,3653000.0
1997-08-18,15.525407818833948,15.6299057560761,15.346268497847403,15.420909881591797,4301600.0
1997-08-19,15.465698069958133,15.600052589870897,15.33134355004537,15.540339469909668,5061600.0
1997-08-20,15.495546889780593,15.764255795383725,15.480618617247087,15.719470977783203,4249200.0
1997-08-21,15.734397582565954,15.764254124468357,15.376119079737128,15.465688705444336,3943200.0
1997-08-22,15.226848948071575,15.361203497613383,14.943211565705536,15.316418647766113,3183000.0
1997-08-25,15.361206256784499,15.465704258531332,15.196995111182332,15.286564826965332,3031400.0
1997-08-26,15.22684233930324,15.376125107335623,15.092487848074093,15.2119140625,2811400.0
1997-08-27,15.286564183398628,15.34627732474003,15.196994471386526,15.241779327392578,7096800.0
1997-08-28,15.22684195199347,15.33133988695813,14.958132976370056,15.122344017028809,5996000.0
1997-08-29,14.331147900186323,14.405789295499794,13.748945016741255,14.271434783935547,14526600.0
1997-09-02,14.152010438797321,14.166938719850904,13.868373098779232,14.032584190368652,12121400.0
1997-09-03,14.171897323951843,14.291998148731096,13.991746086782964,14.006758689880371,9659800.0
1997-09-04,14.021773206526099,14.021773206526099,13.706508498456454,13.796584129333496,8720400.0
1997-09-05,13.916678866711292,13.946704063834725,13.601414296915243,13.66146469116211,8210800.0
1997-09-08,13.736534926324405,13.856635778139262,13.70650971337069,13.826610565185547,7868200.0
1997-09-09,13.826609864073284,14.201925006963439,13.736534229779647,14.171899795532227,9361600.0
1997-09-10,14.17189801110617,14.261973634058116,13.93169634990098,13.976734161376953,5863000.0
1997-09-11,13.946708126583614,13.946708126583614,13.706506479624155,13.88665771484375,5163000.0
1997-09-12,14.051798949807377,14.201925006963439,13.826609864073284,14.171899795532227,7564200.0
1997-09-15,14.186909521911035,14.231947329917102,14.006758289886767,14.066808700561523,3233600.0
1997-09-16,14.156886373247419,14.261974607195173,14.156886373247419,14.186911582946777,8278400.0
1997-09-17,14.261974332694157,14.30701214637635,14.126860891647581,14.156886100769043,6379400.0
1997-09-18,14.156885827132417,14.261974057026295,14.051797597238538,14.126860618591309,4525000.0
1997-09-19,14.126860761243428,14.502175871797187,14.111848156821278,14.352049827575684,8332400.0
1997-09-22,14.517186734330192,14.68232536315918,14.442123721226105,14.68232536315918,4671600.0
1997-09-23,14.727360512194677,15.027612510404557,14.652297512642207,14.907511711120605,7395400.0
1997-09-24,14.907520477227338,15.508024826763183,14.892507868488943,15.25281047821045,8139600.0
1997-09-25,15.132711225940335,15.192761667313114,14.847471629419635,14.892509460449219,5449000.0
1997-09-26,15.132704459886192,15.16272966714787,15.012603630839475,15.102679252624512,5216000.0
1997-09-29,15.102676559011845,15.222777366638184,15.027613554245386,15.222777366638184,3857200.0
1997-09-30,15.222773921850955,15.222773921850955,14.862471580505371,14.862471580505371,4544400.0
1997-10-01,15.042624473571777,15.14771266849693,14.98257407647169,15.042624473571777,5649400.0
1997-10-02,15.102686708623713,15.357901096343994,15.102686708623713,15.19276237487793,3902600.0
1997-10-03,15.733212506056294,15.763237720762508,15.43296035899415,15.523036003112793,7109400.0
1997-10-06,15.598096030492048,15.718196866145501,15.583083426035367,15.61310863494873,4079800.0
1997-10-07,15.703185883865139,15.89834976196289,15.583085035804986,15.89834976196289,3230800.0
1997-10-08,15.913359900467269,15.913359900467269,15.538044808475115,15.733208656311035,3500000.0
1997-10-09,15.553065082706418,15.838304693296594,15.462989416204257,15.748229026794434,3934600.0
1997-10-10,15.5680679467156,15.658143556821958,15.417941929871668,15.508017539978027,2722400.0
1997-10-13,15.538052471622725,15.763241637878126,15.538052471622725,15.748229026794434,3998600.0
1997-10-14,15.763238031570225,15.9433893233596,15.34288501739502,15.34288501739502,5216000.0
1997-10-15,15.312859435579671,15.327872042869455,15.027619897073775,15.08767032623291,4511600.0
1997-10-16,15.357897375319576,15.387922590129586,15.13270826424451,15.207771301269531,3498200.0
1997-10-17,15.072650310136039,15.132700709778016,14.727360512194677,14.907511711120605,3575400.0
1997-10-20,14.967572512165193,15.042635563881166,14.817446408733245,14.892509460449219,2238200.0
1997-10-21,15.072651608848004,15.162727216072195,14.892500394399622,15.147714614868164,2981400.0
1997-10-22,15.447974038911653,15.447974038911653,14.967570570257452,14.99759578704834,2553800.0
1997-10-23,14.9375345682857,14.997584958509965,14.652295214720446,14.862471580505371,3076200.0
1997-10-24,15.102685472743232,15.162735911998672,14.78742066665217,14.83245849609375,2535400.0
1997-10-27,14.772403026841184,14.89250386445778,13.781571116504276,13.856634140014648,3638000.0
1997-10-28,13.451297161074157,14.352053667396087,13.211095426054976,14.246965408325195,7712800.0
1997-10-29,14.412098515984471,14.802426184125718,14.352048105501202,14.68232536315918,6588200.0
1997-10-30,14.442127545674643,14.592253611637997,14.051799774169922,14.051799774169922,3614200.0
1997-10-31,14.412107079006661,14.532207971331717,14.261980963600342,14.367069244384766,5063400.0
1997-11-03,14.832453184002704,14.892503601751702,14.637289326318458,14.877490997314453,3527400.0
1997-11-04,14.877493708160003,14.982581958369003,14.667317207742,14.967569351196289,3445200.0
1997-11-05,14.982585122508388,15.072660784567557,14.772408577703661,14.892509460449219,2445400.0
1997-11-06,14.727365900830524,14.8474667440585,14.607265057602548,14.772403717041016,2191000.0
1997-11-07,14.532202711838941,14.652303560697115,14.261975801908052,14.637290954589844,3638200.0
1997-11-10,14.75739014697374,14.817440564662343,14.291999409887081,14.352049827575684,3164200.0
1997-11-11,14.412101486981925,14.457139304128743,14.15688718981662,14.171899795532227,2456000.0
1997-11-12,14.051800460325317,14.32202739225465,13.961724816348873,14.021775245666504,2909000.0
1997-11-13,14.081819452071164,14.322021063193914,13.931693445119446,14.276983261108398,4011800.0
1997-11-14,14.337035869558651,14.472149296601613,14.11184682448705,14.41209888458252,2606600.0
1997-11-17,14.652301520018039,14.862477976247805,14.59225110395239,14.727364540100098,3482400.0
1997-11-18,14.772407761253262,14.78742037076673,14.412105132930012,14.472155570983887,4087400.0
1997-11-19,14.487164759782795,14.727366455281784,14.352051306064613,14.622278213500977,4063000.0
1997-11-20,14.682327949624824,14.892504423341334,14.682327949624824,14.757390975952148,3499800.0
1997-11-21,14.77240330681729,15.012604986602938,14.77240330681729,14.937541961669922,3820000.0
1997-11-24,14.907514402471438,14.907514402471438,14.667312760538364,14.68232536315918,2765800.0
1997-11-25,14.742377962384905,14.877491406032018,14.712352752685547,14.8174409866333,2194400.0
1997-11-26,14.757384163426263,14.83244715510188,14.442119598388672,14.442119598388672,3162200.0
1997-11-28,14.457140654604592,14.517191083076469,14.412102833250684,14.427115440368652,1193000.0
1997-12-01,14.472140108252251,14.742366790771484,14.367051953939216,14.742366790771484,5520200.0
1997-12-02,14.802428381783622,14.877491406032018,14.742377962384905,14.8174409866333,4055400.0
1997-12-03,14.863964496959339,14.984809736772018,14.83375318700617,14.954598426818848,3924200.0
1997-12-04,14.984812627073195,15.407771047998647,14.6826994692693,14.743122100830078,8394200.0
1997-12-05,14.561854206147741,14.818650390281052,14.516537232477157,14.743122100830078,5827800.0
1997-12-08,14.773331778390066,15.015022277832031,14.773331778390066,15.015022277832031,6571200.0
1997-12-09,15.045237104256316,15.498406896553192,14.984814465283398,15.166082382202148,6505800.0
1997-12-10,15.196290152413503,15.28692408970424,14.909282684326172,15.015022277832031,5192400.0
1997-12-11,14.969698950857342,15.135861098646878,14.682691604675416,15.075438499450684,6544000.0
1997-12-12,15.226502847815569,15.286925478164042,14.98481232642167,14.999917984008789,4148400.0
1997-12-15,15.01501606370229,15.498396862533752,15.01501606370229,15.471961975097656,4960600.0
1997-12-16,15.649463493985484,15.649463493985484,15.15097672245892,15.166082382202148,4194400.0
1997-12-17,15.22650146484375,15.22650146484375,14.969705309186661,15.015022277832031,3264600.0
1997-12-18,15.196288765200718,15.196288765200718,14.712907810442843,14.924386978149414,3076200.0
1997-12-19,14.501427616175839,14.682695461378037,14.259737155906242,14.289948463439941,8294600.0
1997-12-22,14.38058525721232,14.546747481822967,14.365479600429534,14.50143051147461,4238800.0
1997-12-23,14.561853138605754,14.682698392868042,14.486324854691823,14.50143051147461,2445600.0
1997-12-24,14.441008176559055,14.51653646200131,14.048261092259333,14.138895034790039,2689000.0
1997-12-26,14.41079562008068,14.471218243225673,14.320161685363193,14.395689964294434,1601400.0
1997-12-29,14.531644949774526,14.712912870145933,14.531644949774526,14.561856269836426,2276200.0
1997-12-30,14.667592319597293,14.848860195843605,14.54674706876642,14.833754539489746,2669200.0
1997-12-31,14.863971502415813,14.939499812895567,14.622280908880596,14.697809219360352,2239200.0
1998-01-02,14.743127579551667,14.8337615605735,14.622282271522554,14.68270492553711,2458600.0
1998-01-05,14.924390092149032,15.15097496196911,14.833756144221002,15.09055233001709,5986800.0
1998-01-06,14.9243887500879,14.939494406717545,14.773332183791464,14.894177436828613,4401200.0
1998-01-07,14.894181632226513,14.98481559753418,14.622279736303515,14.98481559753418,7112200.0
1998-01-08,14.984811103028338,14.984811103028338,14.712909288658873,14.833754539489746,8401200.0
1998-01-09,14.773336153919413,14.788441814608493,14.154004065667168,14.259743690490723,7178400.0
1998-01-12,14.018048831541392,14.32016195291082,13.595090461624196,14.033154487609863,9723600.0
1998-01-13,14.501429825732474,14.546746793937888,13.866992270856679,14.033154487609863,10567600.0
1998-01-14,14.259745018577771,14.697809219360352,14.22953369438587,14.697809219360352,7424000.0
1998-01-15,14.592060757278157,14.652483369109536,14.380581615868328,14.531638145446777,4104800.0
1998-01-16,14.637387184500088,14.969711764540339,14.531647545396373,14.84886646270752,5543800.0
1998-01-20,15.045237640836346,15.226505564219915,14.758230095479025,15.181188583374023,4815600.0
1998-01-21,15.150977673227048,15.150977673227048,14.592068227654366,14.712913513183594,5137400.0
1998-01-22,14.501428733945517,14.637379628326256,14.410794804358357,14.42590045928955,5013000.0
1998-01-23,14.425898937640246,14.576955471018678,14.01804629751848,14.3050537109375,6323600.0
1998-01-26,14.320157488936898,14.546742259331468,14.259734883498345,14.410791397094727,3923000.0
1998-01-27,14.471213060495804,14.833748669527015,14.441001759743205,14.803537368774414,3900800.0
1998-01-28,14.833748177387351,14.98480467613875,14.546740829759694,14.607163429260254,4564400.0
1998-01-29,14.592068227654366,14.969709744933205,14.516539924198597,14.712913513183594,5465800.0
1998-01-30,14.833751889509546,14.863963196820157,14.471216201782227,14.471216201782227,3394000.0
1998-02-02,14.803549474520214,14.969711764540339,14.788443811791112,14.84886646270752,3927400.0
1998-02-03,14.788439170256988,15.105657988005094,14.758227854280976,15.09055233001709,3951000.0
1998-02-04,15.105655673954196,15.27181788636769,14.863965183170928,15.211395263671875,5295800.0
1998-02-05,15.468189220747297,15.468189220747297,15.22649876417312,15.362449645996094,5197600.0
1998-02-06,15.422872715309019,15.800514064851354,15.422872715309019,15.664563179016113,6654200.0
1998-02-09,15.69477982803182,15.770308123643138,15.48330060032013,15.573934555053711,3631000.0
1998-02-10,15.634350897039026,15.72498481528273,15.468188713592234,15.558822631835938,3339800.0
1998-02-11,15.709879469344756,15.785407736024299,15.619245549329305,15.724985122680664,3842800.0
1998-02-12,15.679669253092369,15.860937105729276,15.392661819750602,15.755197525024414,3837400.0
1998-02-13,15.69478065928171,15.709886319204022,15.422878780680103,15.543724060058594,4530400.0
1998-02-17,15.709886163530776,15.755203142848652,15.468195607168763,15.61925220489502,3571600.0
1998-02-18,15.60413716474555,15.740088020972763,15.573925863361726,15.649454116821289,2977000.0
1998-02-19,15.709885487154084,15.740096805398611,15.528617577686921,15.573934555053711,2958800.0
1998-02-20,15.649456856001123,15.724985122680664,15.558822935985672,15.724985122680664,4577600.0
1998-02-23,15.936466773129661,16.37453078869436,15.785410216038384,16.26879119873047,7243600.0
1998-02-24,16.19327391428687,16.299013576040608,15.996900256744212,16.042217254638672,5528200.0
1998-02-25,16.193255775853206,16.646425247192383,16.13283317967465,16.646425247192383,5734600.0
1998-02-26,16.5255919790616,16.66154291856028,16.344324059730027,16.555803298950195,4410800.0
1998-02-27,16.5255919790616,16.616225938727386,16.374535379618624,16.555803298950195,2931400.0
1998-03-02,16.555799486004396,16.616222111865728,16.434954234281737,16.45005989074707,3524200.0
1998-03-03,16.434967400696962,16.66155242919922,16.329227720729243,16.66155242919922,4350400.0
1998-03-04,16.76908376011913,16.860220084902387,16.662758047872,16.784273147583008,5310200.0
1998-03-05,16.5412308181847,16.63236707613613,16.419715807582794,16.495662689208984,3918800.0
1998-03-06,16.526053560697115,16.829841309974636,16.526053560697115,16.784273147583008,3825000.0
1998-03-09,16.556429841281936,16.890596315142673,16.556429841281936,16.693134307861328,3169200.0
1998-03-10,16.753893263325082,17.01211283311341,16.723514490408807,16.996923446655273,3444400.0
1998-03-11,17.012111972934523,17.118437672765364,16.966543815864163,17.057680130004883,4315600.0
1998-03-12,17.027299767489122,17.103246688842773,16.860216540511082,17.103246688842773,3450000.0
1998-03-13,17.13362667424892,17.14881605959843,16.73870265516162,16.81464958190918,2884000.0
1998-03-16,16.81465050481981,16.981733752835183,16.784271732453377,16.95135498046875,4961000.0
1998-03-17,17.0121069098068,17.164000721501502,16.814644954603683,17.14881134033203,5537400.0
1998-03-18,17.179192960367054,17.315897413632573,17.012109739709196,17.285518646240234,4808600.0
1998-03-19,17.34628023373042,17.72601491485411,17.31590145924052,17.60449981689453,4482400.0
1998-03-20,17.726009161470294,17.923471131563794,17.589304720636335,17.87790298461914,6142600.0
1998-03-23,17.86271402561918,17.9994184696928,17.695630816195873,17.847524642944336,5335000.0
1998-03-24,17.908275042132708,18.257630704532243,17.89308566550664,18.090547561645508,3918600.0
1998-03-25,18.136124532784212,18.242450220999864,17.498170403490295,17.801958084106445,6807800.0
1998-03-26,17.619686126708984,17.847526895588842,17.46779228078908,17.619686126708984,2806600.0
1998-03-27,17.84752939229206,17.84752939229206,17.46779472437095,17.513362884521484,2998200.0
1998-03-30,17.604495703859783,17.741200157125302,17.133624809278547,17.285518646240234,3655200.0
1998-03-31,17.467787986958037,17.817143746697198,17.437409225241588,17.72600746154785,4690800.0
1998-04-01,17.726017296619904,17.78677485376342,17.51336584661761,17.77158546447754,4663200.0
1998-04-02,17.741201711861525,17.877906177107032,17.63487601667057,17.78676986694336,3748600.0
1998-04-03,17.893096065359874,18.105747461722384,17.771580981724153,17.953853607177734,3725200.0
1998-04-06,18.196877178559667,18.53104353743138,18.196877178559667,18.288013458251953,6373000.0
1998-04-07,18.37915006509574,18.591801388162963,18.105741221152165,18.333581924438477,5487600.0
1998-04-08,18.2880187821308,18.30320816650134,17.938662941608364,18.04498863220215,5259600.0
1998-04-09,18.196887299357527,18.622190174467722,18.07537219218319,18.576622009277344,3977600.0
1998-04-13,20.657563911851984,20.657563911851984,19.396844937819843,19.59430694580078,25322600.0
1998-04-14,19.685442827065295,19.791768521347283,19.503170208296172,19.624685287475586,9358000.0
1998-04-15,19.41202948883199,19.655059591978556,19.33608258159869,19.533544540405273,7070000.0
1998-04-16,19.472801569759557,19.48799096255968,18.86522585775458,18.925983428955078,6466000.0
1998-04-17,18.92597050674366,19.19937939046869,18.698129770306135,19.16900062561035,6510200.0
1998-04-20,19.19937852712778,19.22975729062007,18.880401510458725,18.956348419189453,3751400.0
1998-04-21,18.774084964355865,18.910789466523504,18.622191073058488,18.713327407836914,5615800.0
1998-04-22,18.7740779317868,19.123433750905807,18.7740779317868,19.077865600585938,4261200.0
1998-04-23,19.017113427192932,19.017113427192932,18.834840774536133,18.834840774536133,4174600.0
1998-04-24,18.895592159695095,18.986728456285267,18.470289442274307,18.59180450439453,4659000.0
1998-04-27,18.10574599510626,18.196882300450756,17.54373877881521,17.65006446838379,7694000.0
1998-04-28,17.953856818530024,18.075371923900786,17.74120538413119,17.862720489501953,4682800.0
1998-04-29,17.98422207618345,18.060168959951117,17.83232830864812,17.93865394592285,5939400.0
1998-04-30,18.28801475073162,18.895589991619712,18.257635988687213,18.470287322998047,5827400.0
1998-05-01,18.591803571303114,19.001916885375977,18.546235425295016,19.001916885375977,4747000.0
1998-05-04,19.07787274695062,19.184198470858785,18.713327407836914,18.713327407836914,3328200.0
1998-05-05,18.591802371175664,18.591802371175664,18.181689083576202,18.470287322998047,4089200.0
1998-05-06,18.439908828154923,18.54623449685104,17.953848628401254,17.969038009643555,3926200.0
1998-05-07,17.984230262457412,18.02979841346026,17.75638950744317,17.83233642578125,3394400.0
1998-05-08,17.80194940575024,18.242441327906175,17.80194940575024,18.090547561645508,4398600.0
1998-05-11,18.227258777861486,18.30320568943591,17.6196834852661,17.87790298461914,3777000.0
1998-05-12,17.938662776527995,18.698131988066013,17.86271585537419,18.667753219604492,5085200.0
1998-05-13,18.65256074710254,18.774075800829593,18.31839434935315,18.409530639648438,4875400.0
1998-05-14,18.47030009119964,18.63738339794569,18.272838001408854,18.37916374206543,3393200.0
1998-05-15,18.363962697110043,18.363962697110043,18.105743205091123,18.25763702392578,5199400.0
1998-05-18,18.333577023678192,18.424713280631025,18.16649388593133,18.27281951904297,3839200.0
1998-05-19,18.6525707103588,18.6525707103588,18.288025354456018,18.455108642578125,4173000.0
1998-05-20,18.62218934643653,18.910787713143133,18.56143179555093,18.834840774536133,4611400.0
1998-05-21,18.86522129913429,18.956357633912717,18.713327407836914,18.713327407836914,3580600.0
1998-05-22,18.774078480699604,18.774078480699604,18.59180587409087,18.698131561279297,2467800.0
1998-05-26,18.774080323468286,18.88040602109311,18.485482001343776,18.50067138671875,3571000.0
1998-05-27,18.13611513361372,18.379145152154607,17.862706362755223,18.27281951904297,4800600.0
1998-05-28,18.43990856095364,18.531044847086857,18.318393512776023,18.470287322998047,2749200.0
1998-05-29,18.622182839753613,18.667750986996076,18.348773956298828,18.348773956298828,3615600.0
1998-06-01,18.257641148863986,18.455103157961517,18.2120729929184,18.30320930480957,3215400.0
1998-06-02,18.515860699222294,18.515860699222294,18.257641148863986,18.30320930480957,3180800.0
1998-06-03,18.304429979156467,18.350229220138512,18.075433774246253,18.212831497192383,4259400.0
1998-06-04,18.18230438232422,18.45709991455078,18.075439453125,18.411300659179688,6191800.0
1998-06-05,18.53342442118077,18.640289306640625,18.426559535720912,18.640289306640625,4852000.0
1998-06-08,18.64030070748889,18.915096295314278,18.64030070748889,18.85403060913086,5295600.0
1998-06-09,18.808210469908634,18.945608111328422,18.701345637693244,18.915075302124023,3112600.0
1998-06-10,18.808223776286656,19.083019253537596,18.792957360883825,19.067752838134766,4770400.0
1998-06-11,19.098285668940427,19.40361397699703,19.021953591926277,19.067752838134766,5103000.0
1998-06-12,19.006687136529717,19.03721996727113,18.625026752262052,18.86928939819336,3679600.0
1998-06-15,18.68609619140625,18.731895446777344,18.411300659179688,18.411300659179688,3940200.0
1998-06-16,18.472362476881088,18.563960968501984,18.014370018776596,18.27389907836914,4866600.0
1998-06-17,18.426559479716587,18.762420547283917,18.35022741890583,18.502891540527344,4503800.0
1998-06-18,18.563962950414542,18.777692787014708,18.487630865914483,18.70136070251465,3713200.0
1998-06-19,18.71662327341607,18.747156100942036,18.594491963312212,18.609758377075195,5515200.0
1998-06-22,18.563957144709544,18.625022793211876,18.38076019920254,18.396026611328125,2557000.0
1998-06-23,18.396020788811523,18.563951269041336,18.243356715875326,18.258623123168945,3746600.0
1998-06-24,18.228096291326708,19.052482555758566,18.136497817500945,18.93035125732422,7482600.0
1998-06-25,18.869293212890625,19.266220092773438,18.8082275390625,18.899826049804688,5216800.0
1998-06-26,18.88454831532723,19.312007775981364,18.869281906018152,19.098278045654297,3713000.0
1998-06-29,19.205156329331125,19.479951888892302,19.159357069404262,19.174623489379883,3684400.0
1998-06-30,19.174600105316735,19.18986650667447,18.686075261869174,18.731874465942383,8362400.0
1998-07-01,18.808222027287247,19.58680914042982,18.808222027287247,19.52574348449707,6369600.0
1998-07-02,19.46467798893937,20.212732280279003,19.434145160721428,20.090600967407227,6895600.0
1998-07-06,20.02954662228984,20.441740036010742,19.907415240446607,20.441740036010742,3276400.0
1998-07-07,20.472248176438875,20.670711432437162,20.243252111825463,20.579113006591797,4127600.0
1998-07-08,20.563860124555127,21.2508487701416,20.563860124555127,21.2508487701416,5710200.0
1998-07-09,21.128719307655512,21.1897849703944,20.82339099396107,21.006587982177734,5615800.0
1998-07-10,20.945512991737722,21.31190680500427,20.731783267332236,21.296640396118164,4948000.0
1998-07-13,21.17451669840977,21.60197630010802,20.976053311907012,21.2508487701416,5579000.0
1998-07-14,21.281374101021992,21.495103826570276,21.266107692054256,21.47983741760254,3697000.0
1998-07-15,21.388248374295788,21.403514789980512,21.006587982177734,21.006587982177734,3854000.0
1998-07-16,21.00658021814683,21.08291226835812,20.655452787174898,20.762317657470703,3506000.0
1998-07-17,20.7623291015625,20.930259704589844,20.670730590820312,20.930259704589844,5604600.0
1998-07-20,20.96078286378893,21.23557826914086,20.579122578577913,20.655454635620117,3122200.0
1998-07-21,20.670730590820312,20.670730590820312,20.060073852539062,20.182205200195312,3777000.0
1998-07-22,20.121130146197416,20.716520188459707,20.10586373485736,20.45699119567871,5019400.0
1998-07-23,20.640186146695363,20.762317425669895,20.27379230977178,20.35012435913086,2927000.0
1998-07-24,20.36539642136872,20.502794148349473,19.724207028791895,20.090600967407227,3394600.0
1998-07-27,19.84633455182066,20.1058635421137,19.586805561527623,20.044797897338867,3762200.0
1998-07-28,19.98373003856677,19.99899644806911,19.29674161096134,19.51047134399414,4632800.0
1998-07-29,19.632602547472857,19.739467413594404,19.174610264094795,19.38833999633789,4615800.0
1998-07-30,19.479949951171875,19.968475341796875,19.40361785888672,19.876876831054688,4762600.0
1998-07-31,19.81579951582284,19.907397972752683,19.312008002708698,19.479938507080078,3290200.0
1998-08-03,19.632600530391638,19.647866938269082,19.205141109823238,19.266206741333008,3455200.0
1998-08-04,19.449413054170666,19.449413054170666,18.121234925667643,18.27389907836914,6106800.0
1998-08-05,18.380760341979784,18.930351182769876,17.99910003587555,18.747154235839844,7173000.0
1998-08-06,18.655557747162526,19.052484507740452,18.44182795300518,19.03721809387207,3536800.0
1998-08-07,19.052488263869126,19.113553931381528,18.334966670598416,18.441831588745117,4832400.0
1998-08-10,18.441819862501156,18.441819862501156,18.044893276056595,18.06015968322754,3947000.0
1998-08-11,17.617444963547467,17.63271138032697,16.747259207115743,17.3579158782959,10445600.0
1998-08-12,17.709043504450467,17.95330617347737,17.602178586751197,17.72430992126465,4804600.0
1998-08-13,17.647975911705366,17.87697213893338,17.373180439031756,17.602176666259766,4266000.0
1998-08-14,17.709043436450262,17.876974020761427,16.976255432183354,17.1136531829834,4546400.0
1998-08-17,17.052585777719237,17.876972198486328,16.991520116921677,17.876972198486328,5783800.0
1998-08-18,17.89223870284563,18.350231161109598,17.83117304174377,18.304431915283203,5315400.0
1998-08-19,18.518155667221567,18.518155667221567,17.678503101931224,17.800634384155273,4004800.0
1998-08-20,17.77009747533581,17.77009747533581,17.403703712957753,17.434236526489258,3772400.0
1998-08-21,17.37318034532335,17.37318034532335,16.487728271484375,17.17471694946289,8577200.0
1998-08-24,17.40370738569839,17.525838665598027,17.037313545999474,17.189977645874023,3859000.0
1998-08-25,17.525840637747166,17.754836813327486,17.174713168524008,17.25104522705078,4335400.0
1998-08-26,16.854120275173806,17.159448541028404,16.731988968831967,16.915185928344727,4840000.0
1998-08-27,16.30453099470872,16.365596653864934,15.22061554468595,15.877071380615234,13330000.0
1998-08-28,15.999198523304289,16.31979315020256,15.144279518242227,15.220611572265625,8726600.0
1998-08-31,15.266410164211107,15.709136058973229,13.92296606976053,14.045097351074219,9941800.0
1998-09-01,14.16722957968452,14.274094457979555,13.449708253989291,14.014565467834473,16489800.0
1998-09-02,14.200216666688311,14.99936305918592,14.169480266976864,14.446107864379883,9219200.0
1998-09-03,14.446105332353751,14.446105332353751,13.524013502629044,14.077268600463867,8337000.0
1998-09-04,14.077269187679997,14.20021477010515,12.724867781003317,13.278122901916504,12121200.0
1998-09-08,14.63051461910016,14.645882806725265,13.354955046216427,13.908209800720215,14515400.0
1998-09-09,13.8928507072981,13.8928507072981,12.786340473973473,13.216650009155273,10812400.0
1998-09-10,12.233080700668449,12.478971770028618,11.772034945618131,12.386762619018555,23530200.0
1998-09-11,12.32529219356152,13.431802215926144,11.864246350909593,13.401065826416016,14861200.0
1998-09-14,13.63158985397272,14.184844910052785,13.585485265966048,14.01579475402832,8740800.0
1998-09-15,13.83137561307095,14.000425759452929,13.33959336905065,13.96968936920166,12169800.0
1998-09-16,14.138735593375513,14.61514951010882,14.03115825733896,14.507572174072266,10177000.0
1998-09-17,14.261691634604498,14.261691634604498,13.677699951290952,13.785277366638184,9114600.0
1998-09-18,13.785276120817157,13.81601252242433,12.970761478227068,13.093707084655762,12478800.0
1998-09-21,12.817077801976394,13.04760078402633,12.294559042663208,12.770973205566406,11156600.0
1998-09-22,13.032231737066198,13.324227495325935,12.940022550247333,13.278122901916504,9698200.0
1998-09-23,13.339597474767807,14.446107864379883,13.324229274912083,14.446107864379883,11151600.0
1998-09-24,14.44610455392421,14.44610455392421,13.18591245453933,13.370330810546875,18577600.0
1998-09-25,13.278126694286946,13.92359118637034,13.001499054822634,13.785277366638184,14544600.0
1998-09-28,14.092634085104734,14.446102551797656,13.862111172044134,14.031161308288574,10497000.0
1998-09-29,14.292419882003045,14.415365429375115,13.585482984613648,13.662323951721191,9948200.0
1998-09-30,13.662325655188516,13.662325655188516,13.032229646344051,13.15517520904541,13292000.0
1998-10-01,12.786345760536415,13.401073922100666,12.786345760536415,13.201287269592285,15308600.0
1998-10-02,13.278127300076262,13.754541589778073,12.81708121326806,13.539386749267578,14547400.0
1998-10-05,13.493271781848026,13.493271781848026,12.63265308050009,12.786334991455078,10529600.0
1998-10-06,13.155176813896862,13.37033157487181,12.555817122609506,12.694130897521973,11078800.0
1998-10-07,12.724867371307022,12.817076555157072,11.695198151648121,12.03329849243164,18039200.0
1998-10-08,11.802775577573993,12.294557893306242,10.819210946109493,12.202348709106445,24167600.0
1998-10-09,12.140873158890797,13.278119505419808,11.956454832426633,13.247383117675781,18508400.0
1998-10-12,13.708435203055659,13.769908006656806,12.847815952639609,12.986129760742188,14975800.0
1998-10-13,13.001498822403397,13.416440274182229,12.90928961089699,13.262758255004883,11395000.0
1998-10-14,12.048666806462837,12.140875991206174,11.526148092917255,11.818143844604492,40283600.0
1998-10-15,11.43393542815228,12.663390850534245,11.157307958116338,12.048663139343262,48148400.0
1998-10-16,12.17161231437318,12.371398880139406,11.864248367040524,12.202348709106445,39531400.0
1998-10-19,12.294555555844138,13.0783334725292,12.294555555844138,13.001492500305176,23010400.0
1998-10-20,13.524017929366334,14.200218825834652,13.38570410963418,13.785277366638184,24908800.0
1998-10-21,13.7699041881189,13.7699041881189,13.308858288963135,13.385699272155762,13971800.0
1998-10-22,13.293490044658503,14.108004463579775,13.293490044658503,14.046531677246094,10719200.0
1998-10-23,13.800647296905517,14.046538562774657,13.631597051620483,13.83138370513916,8770200.0
1998-10-26,13.83138145042571,14.16948188588056,13.677699434309869,13.923590660095215,8040400.0
1998-10-27,13.923590937467468,13.985063745138405,13.216653649251679,13.262758255004883,17178000.0
1998-10-28,13.155177201116818,13.723800514716494,12.970758829138544,13.493277549743652,13177400.0
1998-10-29,13.524012993409807,14.307791019164238,13.385699224159024,14.046531677246094,12551400.0
1998-10-30,14.01579591502314,14.369264452353768,14.01579591502314,14.138741493225098,11175400.0
1998-11-02,14.123376512119913,14.52294973226694,14.123376512119913,14.384635925292969,9293600.0
1998-11-03,14.16948050837363,14.4153717102543,14.108007707903463,14.292426109313965,7538000.0
1998-11-04,14.476844390726978,14.876417590471034,14.400003390776197,14.845681190490723,11643800.0
1998-11-05,14.630523157309726,15.49114216656324,14.522945781153037,15.429669380187988,12135600.0
1998-11-06,15.368202904442528,15.73703977414915,15.291361889920315,15.352834701538086,9517800.0
1998-11-09,15.153049005044473,15.245258228198903,14.69200288927233,14.784212112426758,8317200.0
1998-11-10,14.645892997436203,14.814943178938615,14.553683807525795,14.584420204162598,7488600.0
1998-11-11,14.630522594117283,14.676627182123955,13.892849186010528,14.01579475402832,10671800.0
1998-11-12,13.769907861547086,14.061903675575428,13.524016649733744,13.70843505859375,12370800.0
1998-11-13,13.816009494965089,14.384632800097133,13.769904902657085,14.369264602661133,8507200.0
1998-11-16,14.553685633208461,14.799576837148626,14.461476431730901,14.691999435424805,9232400.0
1998-11-17,14.707364241282146,15.368196699354383,14.584418667687311,14.937887191772461,11365600.0
1998-11-18,14.937896860862265,15.153051753919952,14.76884658774551,15.060842514038086,7997200.0
1998-11-19,15.045462304323458,15.24524883134716,14.861043971686193,15.13767147064209,9472400.0
1998-11-20,15.153039408628013,15.506507873535156,15.153039408628013,15.506507873535156,13137800.0
1998-11-23,15.675565037494195,16.105874665974426,15.660196836477043,16.029033660888672,10028400.0
1998-11-24,15.829239811248927,16.151971885070505,15.798503423265918,15.936817169189453,10687200.0
1998-11-25,15.87534403191948,16.25954887296303,15.85997583827774,16.24418067932129,6174400.0
1998-11-27,16.22881993707621,16.382501944056095,16.18271533498224,16.290292739868164,2666600.0
1998-11-30,16.044401861905822,16.228820274111637,15.829247047665707,16.029033660888672,11097400.0
1998-12-01,15.936816335526027,16.182707426527394,15.89071175596327,15.998289108276367,10513400.0
1998-12-02,15.970437437381799,16.24899157873148,15.862110826856922,16.10971450805664,10856000.0
1998-12-03,16.047814636765597,16.047814636765597,15.413330162216523,15.444280624389648,10778000.0
1998-12-04,15.568080234343125,16.063287557900757,15.475228861176069,16.001386642456055,8411600.0
1998-12-07,15.954961070168782,15.970436299140818,15.707357406616211,15.707357406616211,7704400.0
1998-12-08,15.691893406303562,15.72284388639489,15.119309524613984,15.165735244750977,9748600.0
1998-12-09,15.227630183973636,15.413332991095265,14.918125505437585,15.057402610778809,8942200.0
1998-12-10,15.072869392618475,15.072869392618475,14.701463986640196,14.794315338134766,8031200.0
1998-12-11,14.361015886764363,14.701471004769553,14.20626356039837,14.577669143676758,8870400.0
1998-12-14,14.252690525647013,14.469343801824058,13.9122353773688,13.958661079406738,10867800.0
1998-12-15,14.066984390534248,14.175311003002609,13.711054092423922,14.144360542297363,10245000.0
1998-12-16,14.113412127398805,14.128887359994637,13.61820468433218,13.834857940673828,10095600.0
1998-12-17,14.299109411437481,15.010969836682204,14.175307598351443,14.918118476867676,12054000.0
1998-12-18,14.980016676182485,15.02644234769958,14.546710408689604,14.670512199401855,11271800.0
1998-12-21,14.670517877159472,15.181200461490974,14.62409218767479,14.995497703552246,9647200.0
1998-12-22,15.010975471520398,15.103826866189596,14.825272682182002,14.871698379516602,6754800.0
1998-12-23,14.918118499136213,15.351424845584154,14.918118499136213,15.243098258972168,9892000.0
1998-12-24,15.274046091599898,15.444273555640018,15.181194747578013,15.32047176361084,2468200.0
1998-12-28,15.382384509766126,15.397859745691445,14.980028375707857,15.072879791259766,5588600.0
1998-12-29,14.995495164003529,15.19667311770017,14.809792437514322,15.103821754455566,7480600.0
1998-12-30,15.04192791738771,15.351432607045894,15.010977448421892,15.274056434631348,7954000.0
1998-12-31,15.103830777681791,15.103830777681791,14.794326048630936,14.887177467346191,6894200.0
1999-01-04,14.794309312647039,15.382367632605813,14.732408436861906,14.980011940002441,12488200.0
1999-01-05,14.825274408167413,15.212155264330445,14.825274408167413,15.181204795837402,9597400.0
1999-01-06,15.351429615205932,16.18709211442077,15.33595438373899,15.939488410949707,15861400.0
1999-01-07,15.846633614708603,16.7906225312098,15.784732702151148,16.728721618652344,14381600.0
1999-01-08,17.02275075903953,17.31678009033203,16.83704802348637,17.31678009033203,13912000.0
1999-01-11,17.31678009033203,17.564383737736243,17.100126898853347,17.31678009033203,12484200.0
1999-01-12,17.20845520418454,17.223930433684703,16.40374327017591,16.573970794677734,10338600.0
1999-01-13,15.11930536381267,16.465650877273983,15.11930536381267,16.202571868896484,15175000.0
1999-01-14,16.125191873550417,16.18709280204773,15.150252249717713,15.475232124328613,13558800.0
1999-01-15,15.599035301836278,16.0323418379984,15.599035301836278,15.985916137695312,12151600.0
1999-01-19,15.985919625498354,15.985919625498354,15.305009205825627,15.84664249420166,12794800.0
1999-01-20,15.69188666343689,16.558499733606975,15.366906762123108,16.341846466064453,14628800.0
1999-01-21,16.38827184502405,16.54302417594968,16.21804428100586,16.21804428100586,11339800.0
1999-01-22,15.970437437381799,16.218041118581517,15.877586056931905,16.10971450805664,8695200.0
1999-01-25,16.07876953272428,16.17162094484781,15.877591473123303,16.016868591308594,8721400.0
1999-01-26,16.032338271815693,16.109714421776193,15.73830890196579,16.078763961791992,9792400.0
1999-01-27,16.094239156250982,16.094239156250982,15.366903348228101,15.382378578186035,8554800.0
1999-01-28,15.75378689554615,16.12519248050991,15.691885964718857,16.063291549682617,8992400.0
1999-01-29,16.202556845406505,16.635863045665705,15.908527638087762,16.558486938476562,8192200.0
1999-02-01,16.496602208221553,16.512077444814633,15.908543217684574,16.156147003173828,6599200.0
1999-02-02,16.094238130917102,16.109713359889138,15.444278514091605,15.707357406616211,7502800.0
1999-02-03,15.660932713606226,16.094239152322604,15.382378574431412,15.722833633422852,8303600.0
1999-02-04,15.846634799540347,15.846634799540347,15.103823793311893,15.150249481201172,9178200.0
1999-02-05,15.258578677236297,15.39785576455387,14.933598806828629,15.041925430297852,6986800.0
1999-02-08,15.103822946548462,15.181199088692665,14.856219291687012,14.856219291687012,6210000.0
1999-02-09,14.918117140127524,15.413324348098563,14.74788966238748,14.794315338134766,10849400.0
1999-02-10,14.980021323925584,15.33595158265522,14.887169952083068,15.258575439453125,6456000.0
1999-02-11,15.320477692179088,16.078763961791992,15.289527232194887,16.078763961791992,8263200.0
1999-02-12,15.908537900708541,16.047814983496846,15.413330495239014,15.568082809448242,7982400.0
1999-02-16,16.032337100178406,16.094238015623112,15.676406836371358,16.001386642456055,7313600.0
1999-02-17,15.815687826373445,16.527548530887316,15.722836430132505,16.063291549682617,13875600.0
1999-02-18,16.03233894962835,16.403744485140976,15.877586643164756,16.32636833190918,7618600.0
1999-02-19,16.264466721697193,16.357318101649792,16.001387811831492,16.078763961791992,7850600.0
1999-02-22,15.985913986932664,16.48112139020647,15.970438755580357,16.248992919921875,8089200.0
1999-02-23,16.341842352175245,16.69777263067906,16.218040516173918,16.573970794677734,9215600.0
1999-02-24,16.589444828872455,16.744197112723878,15.815683409615346,15.831158638000488,8000400.0
1999-02-25,15.78473343839959,16.001386642456055,15.599030692065478,16.001386642456055,8528800.0
1999-02-26,16.094237551164397,16.279940292139372,15.738307297629033,16.171613693237305,6959200.0
1999-03-01,16.17162241381268,16.71325570039971,16.094246230014534,16.635879516601562,10167600.0
1999-03-02,16.80609693914322,16.914423530831986,16.66681989268623,16.775146484375,10114400.0
1999-03-03,16.74709563804825,16.91846126783293,16.528993927413204,16.76267433166504,10944600.0
1999-03-04,16.59131934507838,16.824999899234413,16.342060087311943,16.513425827026367,10430000.0
1999-03-05,17.043096923135803,17.23004131351755,16.70036554076927,17.167726516723633,11775200.0
1999-03-08,17.16773172431036,17.16773172431036,16.825000237981115,16.98078727722168,5971800.0
1999-03-09,17.011948880775968,17.55720365259571,16.98079146524341,17.510467529296875,12253600.0
1999-03-10,17.69740900960002,17.853196060740864,17.541621958459174,17.822038650512695,11234400.0
1999-03-11,17.946675371669194,18.44519413199334,17.806466970328028,17.977832794189453,11938400.0
1999-03-12,17.99341252930849,18.164778362920952,17.915518968575554,18.008991241455078,8587000.0
1999-03-15,17.94666789426642,18.445186446884932,17.94666789426642,18.382871627807617,7550400.0
1999-03-16,18.39844647178584,18.429603874786324,18.02455763578003,18.040136337280273,7017200.0
1999-03-17,17.884358245013143,17.946673082103782,17.526047931741974,17.61952018737793,5153600.0
1999-03-18,17.57278410136851,18.42961311340332,17.510469264129615,18.42961311340332,8032800.0
1999-03-19,18.53865908576058,18.56981649598875,17.77530253517044,17.822038650512695,9070800.0
1999-03-22,17.884354130975133,18.086877304932166,17.775303191152112,18.071298599243164,4538000.0
1999-03-23,17.977821965148483,17.977821965148483,17.089835958204407,17.19888687133789,6254400.0
1999-03-24,17.30794005962687,17.448148394943377,16.825000237981115,16.98078727722168,4667600.0
1999-03-25,17.152161715922073,17.63510178240126,17.152161715922073,17.41699981689453,5264800.0
1999-03-26,17.385842393250712,17.68183791786699,17.26121269867544,17.41699981689453,5374800.0
1999-03-29,17.635087489246697,17.9310827739602,17.510457895683114,17.790874481201172,4372400.0
1999-03-30,17.666255074487605,18.040144070773056,17.541625409059122,17.697412490844727,5247600.0
1999-03-31,17.853198370469354,17.97782802750579,17.432573277971386,17.603939056396484,6479400.0
1999-04-01,17.572775716366973,17.588354418243185,17.152150765709255,17.19888687133789,5340400.0
1999-04-05,17.448152605359674,17.86877771281031,17.354680359259532,17.853199005126953,5102000.0
1999-04-06,17.728568065102266,17.744146771662113,17.354679107666016,17.354679107666016,5772800.0
1999-04-07,17.68182386274207,18.242657042529487,17.51045816891814,18.195920944213867,9485400.0
1999-04-08,18.320558487473427,18.67886873000054,18.07129918832413,18.66329002380371,9638000.0
1999-04-09,18.600969131854402,18.616547832969857,18.227080305083458,18.538654327392578,6298000.0
1999-04-12,18.414039258956908,18.694456100463867,18.32056697845459,18.694456100463867,7974400.0
1999-04-13,18.49191714426979,18.585389345504517,18.195921840359826,18.336130142211914,7363000.0
1999-04-14,18.476343179720956,18.600972813310978,17.96224594116211,17.96224594116211,6958000.0
1999-04-15,17.97782360378501,18.149189340042923,17.75972175763857,17.931087493896484,5685600.0
1999-04-16,17.89992565488162,18.195920944213867,17.635087764426455,18.195920944213867,6461800.0
1999-04-19,18.538663212845965,18.974867053148223,17.790885200899236,17.884357452392578,15291400.0
1999-04-20,17.915507435189397,18.351711094480965,17.82203522248406,18.289396286010742,8795000.0
1999-04-21,18.071302863111267,18.38287705040629,17.837622222640004,18.25824737548828,6591200.0
1999-04-22,18.22708866812966,18.60097766645027,18.180352543339584,18.507505416870117,6097600.0
1999-04-23,18.414027301040857,18.663286553846824,18.195925454835635,18.4451847076416,4582000.0
1999-04-26,18.398456947671043,18.429614368412228,17.946674346923828,17.946674346923828,4904800.0
1999-04-27,18.14919154916034,18.616552704932705,18.040140612813452,18.56981658935547,6478800.0
1999-04-28,18.61654534202278,18.72559623523965,18.351707458496094,18.351707458496094,6539400.0
1999-04-29,18.507494932984653,18.694439326247124,17.94666175319724,18.195920944213867,8288600.0
1999-04-30,18.133621035913194,18.28940815821485,17.728574517928877,17.83762550354004,6892400.0
1999-05-03,17.74414866475353,18.149195078523146,17.712991248309713,18.102458953857422,5164800.0
1999-05-04,18.16477485663508,18.16477485663508,17.479311654497906,17.557205200195312,6678400.0
1999-05-05,17.61951843631425,17.931092590802567,17.02752754278645,17.681833267211914,8095800.0
1999-05-06,17.448146463298112,17.5727760808931,17.027521503915032,17.323516845703125,6730000.0
1999-05-07,17.121004065619573,17.6506802605523,17.121004065619573,17.526050567626953,5759000.0
1999-05-10,17.510467784529784,17.526046492523136,17.152157500682645,17.230051040649414,6041200.0
1999-05-11,17.43256739948107,17.43256739948107,17.04309985257577,17.19888687133789,8753400.0
1999-05-12,17.0742651916005,17.385839373928974,16.653640045457056,17.152158737182617,8369000.0
1999-05-13,17.416996966833356,17.744149861559208,17.30794600192474,17.61952018737793,9413600.0
1999-05-14,17.339095352993517,17.354674055017767,16.871734292265927,17.08983612060547,7546200.0
1999-05-17,16.949627802387194,17.245623140848,16.700368569999146,17.08983612060547,6300200.0
1999-05-18,17.105429460714152,17.37026762176346,16.591331853971376,17.0119571685791,6595400.0
1999-05-19,17.011944505712187,17.26120376586914,16.949629690672946,17.26120376586914,5036800.0
1999-05-20,17.245626654506715,17.323520180498164,16.85615902454947,16.9652099609375,4734200.0
1999-05-21,16.902895680835005,16.949631797924873,16.606900272599187,16.809423446655273,6499400.0
1999-05-24,16.560158604213168,16.560158604213168,16.077218889508927,16.357635498046875,9043200.0
1999-05-25,16.07721767957467,16.326476868405287,15.48522710610196,15.641014099121094,10687600.0
1999-05-26,15.703334895047275,16.451112747192383,15.32944596897472,16.451112747192383,9871200.0
1999-05-27,15.95259375,16.09280209350586,15.578704833984375,15.578704833984375,8243000.0
1999-05-28,16.20185210739357,16.20185210739357,15.812384508658146,16.123958587646484,7445000.0
1999-06-01,16.17069426655064,16.17069426655064,15.609860939387033,15.796805381774902,6425400.0
1999-06-02,15.784258190351043,15.925469247719988,15.533216310584027,15.878398895263672,8412400.0
1999-06-03,16.06667957361516,16.19220050778403,15.784257471735208,16.145130157470703,5360600.0
1999-06-04,16.145133448473977,16.317724768136966,15.815640929117368,16.286344528198242,7212800.0
1999-06-07,16.286336841223378,16.819800668392542,16.176506053276782,16.631519317626953,6254200.0
1999-06-08,16.64720883301649,16.72565939302128,16.443237377004035,16.553068161010742,4334400.0
1999-06-09,16.74135010557355,16.976701794030532,16.38047751660617,16.631519317626953,6594800.0
1999-06-10,16.458930228992497,16.63152148973503,16.129437822120387,16.61583137512207,5439400.0
1999-06-11,16.615831612540294,17.039464713143303,16.584451382865996,16.827648162841797,8572600.0
1999-06-14,16.92963138627417,16.992391836269626,16.505998348804845,16.52168846130371,5902200.0
1999-06-15,16.757041463612847,16.961012942102517,16.678590894962973,16.898252487182617,8446800.0
1999-06-16,17.30619684570039,17.510168340708645,17.227746270697214,17.494478225708008,7039600.0
1999-06-17,17.416024723119435,18.059319330009433,17.368954386029923,18.012248992919922,7059000.0
1999-06-18,18.0750011384796,18.16914176940918,17.918100086930295,18.16914176940918,9097600.0
1999-06-21,18.15346219296443,18.357433678278635,17.761209336590955,17.99656105041504,5489000.0
1999-06-22,17.98086876819358,18.310361127820162,17.918108318740895,18.012248992919922,5226000.0
1999-06-23,17.949487799347978,17.949487799347978,17.368953665977457,17.714136123657227,6954400.0
1999-06-24,17.7925894882368,17.7925894882368,17.039464007253233,17.32188606262207,6141600.0
1999-06-25,17.13360830141003,17.667072296142578,17.13360830141003,17.667072296142578,8708400.0
1999-06-28,17.82397436928916,18.184847089794133,17.792594132723508,17.949495315551758,7932800.0
1999-06-29,17.96518472776021,18.357437669414363,17.949494610094042,18.32605743408203,7119000.0
1999-06-30,18.32604660463455,18.796749856465915,18.106385087113246,18.404497146606445,12285600.0
1999-07-01,18.404511082092387,18.7967640889571,18.231919759071914,18.70262336730957,6992400.0
1999-07-02,18.8281349931616,18.906585555633107,18.56140308075848,18.68692398071289,8431400.0
1999-07-06,18.608478095487825,19.079181588628327,18.59278797904981,18.859519958496094,8380600.0
1999-07-07,18.82814243498,18.843832553675814,18.686931366717648,18.81245231628418,6854400.0
1999-07-08,18.639854038276546,19.11055742308151,18.608473812622883,18.89089584350586,8351600.0
1999-07-09,18.89090481060463,18.9379751714284,18.545722164563685,18.70262336730957,6685200.0
1999-07-12,18.765369932855194,18.828130367413237,18.68691938965764,18.733989715576172,6057400.0
1999-07-13,18.577090089751138,18.639850529243542,18.420188991020133,18.530019760131836,7082600.0
1999-07-14,18.608473612510444,18.718304401117166,18.530023049219928,18.561403274536133,6695200.0
1999-07-15,18.67123282205111,18.8281339382028,18.655542710435938,18.749683380126953,6052200.0
1999-07-16,18.749685674313678,19.016417604408517,18.718305447243697,18.953657150268555,7494800.0
1999-07-19,19.079172804548936,19.17331345983454,18.530018982049583,18.577089309692383,9732600.0
1999-07-20,18.530022700904553,18.686923824536258,17.99655888055675,18.012248992919922,9896000.0
1999-07-21,18.012255641981973,18.027945760137012,17.368960797625476,17.400341033935547,9828600.0
1999-07-22,17.463095500018145,17.729827416909707,17.400335048984836,17.416025161743164,9206400.0
1999-07-23,17.40034016190548,17.51017098348649,17.117918049268603,17.22774887084961,5711000.0
1999-07-26,17.196361777391836,17.823966221822197,17.18067166628108,17.525854110717773,6679800.0
1999-07-27,17.63568687438965,17.761207777410217,17.572926422879366,17.63568687438965,6592600.0
1999-07-28,17.635693672725132,17.729834386280608,17.510172721317836,17.572933197021484,5441200.0
1999-07-29,17.321884880554087,17.431715672369194,17.070843070690984,17.16498374938965,8083400.0
1999-07-30,17.164986533184734,17.18067664884578,16.66290283203125,16.66290283203125,7049400.0
1999-08-02,16.882560169958182,16.882560169958182,16.42754693117678,16.458927154541016,7311400.0
1999-08-03,16.47461544383656,16.521685773676094,15.941151705655185,16.223573684692383,6962800.0
1999-08-04,16.254961714914195,16.56876406462296,15.862708777778234,15.878398895263672,5471800.0
1999-08-05,15.941156599256727,15.941156599256727,15.53321361541748,15.815635681152344,11291200.0
1999-08-06,15.721491791850069,15.721491791850069,15.031126882826712,15.093887329101562,9283800.0
1999-08-09,15.125276844771868,15.40769902652072,15.109586723563599,15.219417572021484,9859400.0
1999-08-10,15.28217777473798,15.34493825841247,14.952685235446914,15.125276565551758,8717800.0
1999-08-11,15.250795136506506,15.690118453195995,15.250795136506506,15.431231498718262,8431200.0
1999-08-12,15.643050844644764,15.737191571894382,15.219417572021486,15.219417572021484,7456800.0
1999-08-13,15.439070483860917,15.86270351543027,15.439070483860917,15.7371826171875,8043600.0
1999-08-16,15.501830768585206,15.705802226066591,15.454760432243349,15.690112113952637,5972400.0
1999-08-17,16.129433025013316,16.223573684692383,15.972531925548207,16.223573684692383,6854400.0
1999-08-18,16.176508320702446,16.568761189778645,16.003917058308918,16.38047981262207,6388400.0
1999-08-19,16.22358292828274,16.34910387937197,16.066681739421206,16.12944221496582,5186600.0
1999-08-20,16.14512809117635,16.411860042148167,16.082367632124157,16.38047981262207,5311800.0
1999-08-23,16.474620657907405,16.74135261141638,16.458930542995112,16.709972381591797,6007400.0
1999-08-24,16.55306804514377,16.961010954313192,16.396166926232457,16.788419723510742,8093400.0
1999-08-25,16.568755584312974,16.772727007225917,16.082362191212876,16.600135803222656,9466200.0
1999-08-26,16.788426901263033,16.788426901263033,16.01961108989678,16.035301208496094,7752400.0
1999-08-27,16.035297924864526,16.239269424887265,15.956847347932705,16.003917694091797,6045600.0
1999-08-30,15.972531833708222,15.972531833708222,15.078195571899412,15.078195571899414,10505600.0
1999-08-31,15.203714628850133,15.501826680396213,14.827152037423504,15.188024520874023,10834400.0
1999-09-01,15.270228460664661,15.301843840500405,15.064728491732321,15.127959251403809,7179400.0
1999-09-02,15.048924424913194,15.064732118636842,14.653732081821985,14.938270568847656,9011400.0
1999-09-03,15.744462425515072,15.94996243709308,15.444116254747215,15.760270118713379,10408800.0
1999-09-07,15.618000647312089,15.633808340274955,15.112154472500361,15.34926986694336,8775200.0
1999-09-08,15.048921709562604,15.222806309147886,14.92246018259149,15.017306327819824,11886000.0
1999-09-09,15.017311215529293,15.017311215529293,14.527272639022549,14.65373420715332,11668400.0
1999-09-10,14.780196193900073,15.159580909037615,14.748580800971943,15.001503944396973,9529800.0
1999-09-13,14.954070511186515,15.080531995424877,14.827609026948151,14.969878196716309,7449400.0
1999-09-14,14.827616018531597,14.843423711515106,14.163692913224212,14.290154457092285,14288400.0
1999-09-15,14.511464209169954,14.511464209169954,14.037233352661133,14.037233352661133,8825000.0
1999-09-16,14.163691356928663,14.21111443066838,13.894960605736935,14.0846529006958,9674800.0
1999-09-17,14.384996840407728,14.384996840407728,14.147881507873535,14.147881507873535,10656400.0
1999-09-20,14.163692188156144,14.290153725550395,14.068846035110456,14.1162691116333,5922000.0
1999-09-21,13.91076914469401,13.942384529113768,13.56299991607666,13.752692222595215,10265400.0
1999-09-22,13.75269312724889,13.847539286747157,13.468154648754085,13.53138542175293,11911400.0
1999-09-23,13.594620143345425,14.147889567783901,13.547197049822127,13.831735610961914,11339600.0
1999-09-24,13.910769507998511,14.748577217002968,13.894961815375785,14.606307983398438,12569600.0
1999-09-27,14.764384490778838,14.764384490778838,13.989807574239048,14.1162691116333,8487000.0
1999-09-28,14.037232694222297,14.27434811135443,14.02142499974682,14.19530963897705,8044200.0
1999-09-29,14.195307604471841,14.21111529668172,13.736884530385334,13.752692222595215,6073600.0
1999-09-30,13.879152914490364,14.416614416873816,13.752691384517785,14.0846529006958,9606200.0
1999-10-01,14.053037895590572,14.163691737288136,13.752691753840043,13.98980712890625,5720000.0
1999-10-04,14.00562247731327,14.527276587642096,14.00562247731327,14.511468887329102,5265000.0
1999-10-05,14.52726952028481,15.033115684212028,14.353384901434827,14.606307983398438,11751800.0
1999-10-06,14.653729927767614,14.922460681567019,14.653729927767614,14.89084529876709,8391800.0
1999-10-07,14.890843123296131,15.017304636020514,14.29015093785531,14.337574005126953,7940000.0
1999-10-08,13.926575211541994,14.337575161031316,13.926575211541994,14.163690567016602,9461200.0
1999-10-11,14.195308857096261,14.22692424430583,13.689462661743164,13.689462661743164,6239200.0
1999-10-12,13.721076226429178,13.831730066964898,13.436537779337328,13.547191619873047,8813400.0
1999-10-13,13.483962108428221,13.626231345211167,12.930692854272316,13.12038516998291,8805200.0
1999-10-14,12.993928376366112,13.199428460177254,12.756812895045561,12.89908218383789,10040000.0
1999-10-15,12.488084760930597,12.83585420996917,12.15612301412105,12.187738418579102,13124000.0
1999-10-18,12.393229403982847,12.598729381344807,12.29838326058502,12.53549861907959,17087800.0
1999-10-19,13.278462329757549,13.815923900247736,13.152000783759858,13.53138542175293,21410000.0
1999-10-20,13.73688238109004,13.910766968192444,13.673651622143709,13.81592082977295,9162200.0
1999-10-21,13.705271873864707,14.068848867058348,13.65784878779597,13.894964218139648,8736400.0
1999-10-22,14.068848173669044,15.04892523745273,14.068848173669044,14.859232902526855,11626800.0
1999-10-25,14.795998822977616,14.859229587178374,14.448229619873441,14.732768058776855,10529000.0
1999-10-26,14.701153089762501,14.875037696200552,14.62211463229066,14.748576164245605,10647200.0
1999-10-27,14.764383034915983,15.44411373138428,14.685344581838274,15.444113731384277,11185000.0
1999-10-28,16.060611248016357,16.218688130378723,15.744457483291626,16.18707275390625,18323000.0
1999-10-29,16.39257372015316,16.613881369219836,16.060612246553145,16.297727584838867,16623400.0
1999-11-01,16.313541963610344,16.487426616323244,16.171272702299788,16.408388137817383,8036400.0
1999-11-02,16.424193619754064,16.629693636170618,16.23450129690801,16.250308990478516,7819600.0
1999-11-03,16.376771873897976,16.376771873897976,15.918348722987705,15.93415641784668,9753400.0
1999-11-04,16.155459775699406,16.31353668152817,16.06061363220215,16.06061363220215,10273600.0
1999-11-05,16.566460571875375,16.914229782353676,16.439999040792358,16.455806732177734,9963600.0
1999-11-08,16.550647692246873,16.945839852997754,16.503224632956766,16.692916870117188,7111000.0
1999-11-09,16.771966676907805,16.80358207120923,16.029004910824234,16.171274185180664,8868000.0
1999-11-10,15.997380495071411,16.392572700977325,15.886726677417755,16.18707275390625,8971600.0
1999-11-11,16.18707953559028,16.18707953559028,15.807694858974882,15.93415641784668,6346800.0
1999-11-12,16.06061443529631,16.898422078082437,16.06061443529631,16.81938362121582,9961600.0
1999-11-15,16.70873053808176,16.80357669061581,16.582269001369696,16.62969207763672,8334400.0
1999-11-16,16.70873253257186,17.072309494018555,16.661309450644033,17.072309494018555,10852600.0
1999-11-17,16.91423401810194,16.97746479947802,16.724541673973693,16.835195541381836,7027000.0
1999-11-18,16.819393500771167,16.930047405381504,16.503239487598776,16.534854888916016,9271600.0
1999-11-19,16.55065521306131,16.72453984280694,16.392578276928923,16.471616744995117,5920200.0
1999-11-22,16.28192437761952,16.360962845472045,16.139655135484983,16.250308990478516,9306200.0
1999-11-23,16.09223086343792,16.155461633038854,15.728653938232544,15.83930778503418,7634000.0
1999-11-24,15.491531550884247,15.570569977164268,15.112147104740144,15.17537784576416,12368600.0
1999-11-26,15.159574435762138,15.523151299185004,15.127959056334063,15.301843643188477,4666600.0
1999-11-29,15.207001685049347,15.22280937910865,14.242732347431872,14.400809288024902,15969000.0
1999-11-30,14.54307342586248,15.048919458066392,14.527265737356107,14.823659896850586,14985400.0
1999-12-01,14.572544845597532,15.050855945562441,14.572544845597532,14.763869285583496,9380200.0
1999-12-02,14.636322019369798,14.843590196114688,14.158010842266211,14.38122272491455,12395600.0
1999-12-03,14.636323748267904,14.859535657282882,14.572548917120766,14.652267456054688,14423800.0
1999-12-06,14.317445088348302,14.508769521600172,13.902908816302583,14.118148803710938,13820000.0
1999-12-07,13.982634673799788,14.014522096088955,13.328942516871862,13.392717361450195,20245200.0
1999-12-08,12.786856897074255,13.153562269434241,12.786856897074255,12.930350303649902,20637800.0
1999-12-09,12.99412536621094,13.089787638845621,12.49987029093175,12.994125366210938,19260000.0
1999-12-10,13.26516261245265,13.902910814974414,13.26516261245265,13.679698944091797,16073000.0
1999-12-13,13.52025943256762,13.552146836889714,13.265160197990873,13.428583145141602,10728400.0
1999-12-14,13.265172757845928,13.328947626874033,12.914410978191347,13.041960716247559,11878400.0
1999-12-15,13.026004977170368,13.137610894967422,12.675243521236771,12.922370910644531,14480400.0
1999-12-16,12.73902343545726,12.866573106901136,12.452036674708534,12.8027982711792,16354800.0
1999-12-17,12.754962627704328,12.86656855069674,12.340426342303937,12.436088562011719,25242400.0
1999-12-20,12.483919881284235,12.659300620357195,12.228820624450842,12.24476432800293,12407000.0
1999-12-21,12.19693240104066,13.026004930261726,12.1491012935856,12.579581260681152,15986200.0
1999-12-22,12.627411773524333,12.786848790866813,12.35636884404212,12.372312545776367,12196200.0
1999-12-23,12.547694631166095,12.62741314851785,12.531750927695745,12.595525741577148,10530000.0
1999-12-27,12.691189036077382,12.914400903546081,12.49986457824707,12.49986457824707,10829000.0
1999-12-28,12.51580645074107,12.675243475591275,12.49986274825605,12.579581260681152,7265400.0
1999-12-29,12.627420267664402,12.818744817174467,12.54770170536854,12.723082542419434,8115200.0
1999-12-30,12.754969473390778,12.978181439175117,12.691194626023824,12.930350303649902,6736200.0
1999-12-31,12.898460524762106,12.994122778345014,12.754967144387743,12.8027982711792,5287600.0
2000-01-03,12.818738354098413,12.818738354098413,12.244764994959677,12.35637092590332,13705800.0
2000-01-04,12.180986726234972,12.228817825945319,11.46352023057977,11.622957229614258,27293400.0
2000-01-05,11.49541280971615,11.84617436562982,11.351919445933286,11.75051212310791,22855600.0
2000-01-06,11.973723232746124,12.754964828491211,11.925892114639282,12.754964828491211,17307000.0
2000-01-07,12.659310307827166,12.659310307827166,12.244773698250963,12.420154571533203,11632800.0
2000-01-10,12.483924804849828,12.483924804849828,11.909951250603859,11.989669799804688,11152800.0
2000-01-11,11.622960755358571,11.97372225963551,11.622960755358571,11.734566688537598,11064400.0
2000-01-12,11.734573774440314,12.005616918686897,11.734573774440314,11.862123489379883,11067600.0
2000-01-13,11.989669118071667,12.21288104314215,11.957781700204455,12.133162498474121,12322000.0
2000-01-14,12.739023480084862,12.898460569948252,12.45203671833076,12.882516860961914,20438600.0
2000-01-18,12.754962841669718,12.754962841669718,12.196933217346668,12.24476432800293,17116000.0
2000-01-19,12.212876920898754,12.547694695492584,11.9099465534091,12.24476432800293,15468400.0
2000-01-20,12.11721684265643,12.244766493631762,11.734567889730439,12.009596824645996,12249000.0
2000-01-21,11.862117229832181,11.909948347694408,11.622961640521048,11.6548490524292,12839400.0
2000-01-24,11.6707911658588,11.798340796086766,11.351917090288888,11.367860794067383,12614800.0
2000-01-25,11.463528082311319,11.654852612196905,11.399753239016125,11.511359214782715,15631000.0
2000-01-26,11.670796174269457,12.069388939784124,11.575133910545937,12.021557807922363,15441200.0
2000-01-27,12.133162767236884,12.340430987964977,12.005613092942673,12.276656150817871,12769400.0
2000-01-28,12.212880569728997,12.212880569728997,11.670794486999512,11.670794486999512,13517000.0
2000-01-31,11.862116088867188,12.35637092590332,11.814284975605625,12.35637092590332,16910000.0
2000-02-01,12.276652710778373,12.49986457824707,12.244765301139989,12.49986457824707,8965200.0
2000-02-02,12.117212555171308,12.372311766859125,12.08532515371033,12.180987358093262,11717400.0
2000-02-03,12.165051316509016,12.260713581121145,11.591077728836245,11.846177101135254,22798000.0
2000-02-04,11.973725550181209,12.021556677545448,11.55918911302447,11.702682495117188,13400000.0
2000-02-07,11.559187889099121,11.607019011398842,11.44758193706644,11.559187889099121,10364400.0
2000-02-08,11.686739884890043,12.053445229163538,11.65485246364887,12.021557807922363,10821800.0
2000-02-09,12.021555143586653,12.053442557760624,11.75051212310791,11.75051212310791,9294200.0
2000-02-10,11.750509757517438,11.862115684658038,11.39974827221841,11.447579383850098,11579400.0
2000-02-11,11.479466861709026,11.894003165048519,11.479466861709026,11.527297973632812,13510400.0
2000-02-14,11.654852312163445,11.71862715381687,11.240315841416182,11.28814697265625,13426800.0
2000-02-15,11.240316554291608,11.73457160845195,11.240316554291608,11.638909339904785,13834000.0
2000-02-16,11.798340941200943,11.862115757099327,11.511354269658218,11.527297973632812,11939600.0
2000-02-17,11.591078293423694,11.814290255057712,11.304091485608527,11.383810043334961,12256800.0
2000-02-18,11.367869931629727,11.39975736481803,11.064939316340856,11.160601615905762,14998000.0
2000-02-22,11.017101560891007,11.702680963377711,10.969270439787284,11.415694236755371,13162800.0
2000-02-23,11.479469987212635,11.894006403417535,11.335976612372477,11.670794486999512,13732000.0
2000-02-24,11.702685660730678,11.798347941336106,11.192486830835062,11.431642532348633,11467800.0
2000-02-25,11.415691224441314,11.686734172507657,11.256254196166994,11.256254196166992,10603800.0
2000-02-28,11.415693695691168,11.973723415452607,11.367862576854472,11.718624114990234,13760000.0
2000-02-29,11.718622983797736,11.846172621716624,11.495411117439685,11.734566688537598,11792800.0
2000-03-01,11.863519990395128,11.911876729486412,11.557260642816992,11.750687599182129,9796600.0
2000-03-02,11.750687833301898,11.750687833301898,11.508904133028196,11.621736526489258,10613000.0
2000-03-03,11.79904351234436,11.89575698375702,11.508903098106385,11.605616569519043,12825800.0
2000-03-06,11.605611008204772,11.847394570875704,11.347708541355777,11.476659774780273,9827800.0
2000-03-07,11.605614098635588,11.653970824046569,11.283235929229043,11.347711563110352,8911200.0
2000-03-08,11.347714836754566,11.508903967958467,11.234882444911836,11.251001358032227,8126400.0
2000-03-09,11.251000535851466,11.34771400750635,11.041454680599218,11.10593032836914,13093600.0
2000-03-10,11.073692230024422,11.1542867877393,10.912503114594664,11.057573318481445,12134400.0
2000-03-13,11.057569040058318,11.363828240876261,10.960855608221074,11.138163566589355,10650800.0
2000-03-14,11.2348829196695,11.299358574875638,10.960861385043415,10.993099212646484,8233200.0
2000-03-15,11.057578325921249,11.87964318688624,10.993102650551446,11.831286430358887,20421800.0
2000-03-16,12.121427681240334,12.76618447279567,12.024714162507033,12.701708793640137,27207200.0
2000-03-17,12.733939146995544,13.088555173873901,12.63722568511963,12.89512825012207,20839800.0
2000-03-20,12.895136335935039,12.959612017614715,12.47604440501715,12.798422813415527,10749800.0
2000-03-21,12.798420875680213,13.34646408698138,12.76618303972132,13.153037071228027,13791200.0
2000-03-22,13.265862464904785,13.39481374038381,12.911246457337464,13.265862464904785,11186200.0
2000-03-23,13.47541594807802,13.975102424621584,13.18527541331079,13.975102424621582,15425400.0
2000-03-24,13.910625452307869,14.233003794192177,13.7333173642715,14.087933540344238,16576200.0
2000-03-27,14.055690210355621,14.184641496689158,13.717193083730084,13.958976745605469,10686800.0
2000-03-28,13.57212675355001,14.104050961230712,13.57212675355001,13.813910484313965,10733000.0
2000-03-29,13.66884286587055,13.701080702818357,13.378702333340279,13.410940170288086,11628600.0
2000-03-30,13.475411245010584,13.523767983928085,13.007962768808063,13.104676246643066,10390200.0
2000-03-31,13.153036197121294,13.733317205817821,13.056322695671872,13.523771286010742,10241800.0
2000-04-03,13.427049230884862,14.329708002709054,13.427049230884862,14.313589096069336,17099000.0
2000-04-04,14.345837552379711,14.587621331352402,13.74943756424707,13.975102424621582,18461600.0
2000-04-05,13.910623638718217,14.249120853565358,13.830029063754612,13.926742553710938,9186800.0
2000-04-06,13.991219343218889,14.071813924689042,13.668841017338268,13.781673431396484,8071000.0
2000-04-07,13.684958345146589,13.878385318222866,13.410936799955197,13.491531372070312,7752800.0
2000-04-10,13.491532076322116,13.894504957932693,13.443175330528847,13.6204833984375,10295200.0
2000-04-11,13.604361895660857,13.76555101764736,13.362578212681102,13.499588966369629,7588600.0
2000-04-12,13.701075731956946,14.442545712745204,13.701075731956946,14.071810722351074,15690000.0
2000-04-13,14.08793194110577,14.24912109375,13.556007737379808,13.6204833984375,12167000.0
2000-04-14,13.378700416288028,13.378700416288028,12.5405167757495,12.879014015197754,19890400.0
2000-04-17,12.87901737378991,13.15303902004076,12.411568683126697,12.975730895996094,13947400.0
2000-04-18,13.153037071228027,13.201393825166365,12.830658711639105,13.153037071228027,11306400.0
2000-04-19,13.136913007791666,13.136913007791666,12.6211078344796,12.750059127807617,7913600.0
2000-04-20,12.927372163962596,12.943491081872775,12.75006406695064,12.782301902770996,6438400.0
2000-04-24,12.782297107779863,13.281983375549315,12.73394037218927,13.281983375549316,8713600.0
2000-04-25,13.16915461222331,13.84614909657261,13.153035695929278,13.781673431396484,9767800.0
2000-04-26,13.58824404426243,13.652719698090483,13.201390121294104,13.346460342407227,7742400.0
2000-04-27,13.024080425355493,13.31422083087084,12.91124804543286,13.217507362365723,8961400.0
2000-04-28,13.185271063629461,13.249746716752343,12.476038879277754,12.637228012084961,13831200.0
2000-05-01,12.653344595432282,13.136911904811859,12.45991767168045,12.89512825012207,9424800.0
2000-05-02,12.717828211315933,13.136920142233821,12.717828211315933,12.798422813415527,8853400.0
2000-05-03,12.798417144892166,13.104676497225858,12.459919965997033,12.637228012084961,7772200.0
2000-05-04,12.556634886811176,12.621110547333954,12.29873224472006,12.379326820373535,10026400.0
2000-05-05,12.185900173112064,12.524397400142954,12.153662341966264,12.266494750976562,8272200.0
2000-05-08,12.16978678598169,12.58887878126053,12.16978678598169,12.427689552307129,9454400.0
2000-05-09,12.50828416678383,12.814543701795289,12.28261924624907,12.427689552307129,9627400.0
2000-05-10,12.363204740708873,12.492156028747559,11.960231965587985,11.992469787597656,13484400.0
2000-05-11,12.314846426327186,12.363203153132135,12.008587156562504,12.218132972717285,13535600.0
2000-05-12,12.21813290709468,12.621105628304926,11.944111456671711,12.532451629638672,11749800.0
2000-05-15,12.540505788355697,13.120786261852876,12.524386886314108,13.056310653686523,10759200.0
2000-05-16,13.1369104505335,13.314218444344382,12.685581011742165,12.814532279968262,10708400.0
2000-05-17,12.65334452664142,12.846771449341672,12.524393244841255,12.717820167541504,6094800.0
2000-05-18,12.733947090480639,13.10468225893767,12.717828170112941,12.975730895996094,9306600.0
2000-05-19,12.782298357642476,12.943487492038978,12.669465963564926,12.830655097961426,9126200.0
2000-05-22,12.830652032918598,12.97572221922044,12.572749479493098,12.959603309631348,8182800.0
2000-05-23,13.007964280499289,13.701077618865423,12.959607535962117,13.556007385253906,14451000.0
2000-05-24,13.797792939766826,14.474787453166599,13.765555105795407,14.426430702209473,22449600.0
2000-05-25,14.184641347766595,14.45866282834845,14.0556900627869,14.265235900878906,14555600.0
2000-05-26,14.18464704290953,14.249122711286391,13.894506535213653,14.087933540344238,10615400.0
2000-05-30,14.168525695800781,14.233001353119556,14.007336552503844,14.168525695800781,8080400.0
2000-05-31,14.087191462382387,14.55893343976009,14.087191462382387,14.428797721862793,11082200.0
2000-06-01,14.445065363012132,15.030676120972084,14.39626446651547,14.78667163848877,13747000.0
2000-06-02,15.60001989075395,15.87655830383301,15.421083270526324,15.876558303833008,17988400.0
2000-06-05,15.421079635620117,15.486147482183915,15.095740402801129,15.421079635620117,8917600.0
2000-06-06,14.933083149830152,15.014418025373889,14.607743647655202,14.770413398742676,12851000.0
2000-06-07,14.754140144554343,15.079479508271087,14.607737430881809,15.046945571899414,8100200.0
2000-06-08,14.9493501249389,14.9493501249389,14.737879448525181,14.770413398742676,6899000.0
2000-06-09,14.81919775903225,14.949333414435387,14.493858620524406,14.575193405151367,6113600.0
2000-06-12,14.575197609340412,14.77040114875122,14.558930647722844,14.697199821472168,5211200.0
2000-06-13,14.689069548841278,14.721603479182011,14.461332036456142,14.493865966796875,7555400.0
2000-06-14,14.493862986160538,14.575197795286018,14.298659444259386,14.396261215209961,8988000.0
2000-06-15,14.46133607274502,14.46133607274502,13.322648193001317,13.517851829528809,21273000.0
2000-06-16,13.582918364554644,13.599185332655907,12.102624267339706,12.49303150177002,34707600.0
2000-06-19,12.395431651625524,12.834639859753986,12.34663073961125,12.590635299682617,20703400.0
2000-06-20,12.802101749734781,12.91597050735631,12.4930294076192,12.623165130615234,10214400.0
2000-06-21,12.59063225843775,12.639433158664254,12.037555389204051,12.395428657531738,10812200.0
2000-06-22,12.249022623325915,12.362891359532133,12.005018188598308,12.232755661010742,7421200.0
2000-06-23,12.623165804981243,12.639432771224774,12.297826480110592,12.330360412597656,9036400.0
2000-06-26,12.57436168302613,12.688230417542538,12.281556365698226,12.476759910583496,7527200.0
2000-06-27,12.265289585641089,12.427959208792828,11.97248426396796,12.232755661010742,14991000.0
2000-06-28,12.249021579360567,12.265288540289333,11.777279712426362,11.822013854980469,11504200.0
2000-06-29,11.809821932975003,12.037559546007579,11.744754043537124,11.826088905334473,7949600.0
2000-06-30,11.761013114175132,11.809813998466314,11.18760272375373,11.191669464111328,14691000.0
2000-07-03,11.386873324712116,11.777280410130818,11.354339400927225,11.712212562561035,5997800.0
2000-07-05,11.728479781315245,12.037552064040613,11.728479781315245,11.793547630310059,8936800.0
2000-07-06,11.988753891251422,12.021287823113706,11.647147606697446,11.923686027526855,7997600.0
2000-07-07,12.086362313533176,12.411701810532723,12.005027439283289,12.346633911132812,9502000.0
2000-07-10,12.4279687853827,12.49303668478261,12.31409996143286,12.346633911132812,6457600.0
2000-07-11,12.346620682870023,12.411688512555768,12.167684151234226,12.216485023498535,7978000.0
2000-07-12,12.362891359532133,12.460493133423176,12.151420849434873,12.232755661010742,7483800.0
2000-07-13,12.23275556551426,12.265289489890629,11.923683283938766,12.021285057067871,8234200.0
2000-07-14,12.0863547061619,12.444227927609493,12.053820776939391,12.362893104553223,10231200.0
2000-07-17,12.395425567626953,12.639430007934571,12.16768809000651,12.20022201538086,12662000.0
2000-07-18,12.297821323291677,12.31408828271402,11.956215175422463,12.03754997253418,10538600.0
2000-07-19,12.118886830196974,12.118886830196974,11.907416321750583,12.021285057067871,8372400.0
2000-07-20,12.005024355511333,12.623169241025467,12.005024355511333,12.590635299682617,13491800.0
2000-07-21,12.590633473029504,12.785837092766396,12.34662894835839,12.68823528289795,9566600.0
2000-07-24,12.265299036882926,12.574371559032496,12.151430212933084,12.346633911132812,6708400.0
2000-07-25,12.493028077436854,12.606896822934324,12.411693259224373,12.558095932006836,6160000.0
2000-07-26,12.493027888446214,12.509294851842629,12.135154693725099,12.2490234375,11561800.0
2000-07-27,12.249020304909365,12.411689897272039,11.97248199789282,12.167685508728027,7476600.0
2000-07-28,12.265289750150457,12.281556712683813,11.92368353694998,12.102620124816895,8515000.0
2000-07-31,12.086355918944669,12.34662737884119,11.988754121483474,12.330360412597656,10973000.0
2000-08-01,12.4116907119751,12.525559434103311,12.232754148630766,12.411690711975098,7565600.0
2000-08-02,12.411691823542512,12.6231623264338,12.265289167694696,12.281556129455566,10312800.0
2000-08-03,12.183959481063162,12.834638225045174,12.151425543864063,12.769570350646973,12763800.0
2000-08-04,13.143705667768206,13.713049353872027,13.029836930547441,13.6642484664917,20500400.0
2000-08-07,13.680520494684115,13.745588368618403,13.420248998946962,13.631719589233398,9230000.0
2000-08-08,13.550385768950058,13.664254556924428,13.436516980975687,13.517851829528809,8192800.0
2000-08-09,13.517854842196083,13.989597068939387,13.208782348812537,13.810660362243652,10528400.0
2000-08-10,13.843188663951139,14.201061931409335,13.729319897032621,13.908256530761719,8443000.0
2000-08-11,13.891984377293229,14.135988786730463,13.794382613518335,14.070920944213867,6491000.0
2000-08-14,13.92452278137207,14.314929962158205,13.79438705444336,14.314929962158203,7390200.0
2000-08-15,14.26612487788579,14.28239183897802,14.10345526696349,14.13598918914795,9677200.0
2000-08-16,14.152257977245009,14.233592793206187,13.794384787015826,13.924520492553711,6123800.0
2000-08-17,13.940789222717285,14.103458875257743,13.891988326955149,13.940789222717285,6548400.0
2000-08-18,13.875727559244911,14.054664256960848,13.875727559244911,13.989596366882324,6788200.0
2000-08-21,13.989580844781791,14.201051252900585,13.859445209016378,14.022114753723145,7316600.0
2000-08-22,14.022119243985339,14.298657558541894,13.924517485906554,14.168521881103516,7884400.0
2000-08-23,14.168522707988762,14.282391432392805,13.891984377293229,14.070920944213867,6054200.0
2000-08-24,13.989587715693883,14.03838860307421,13.599180616651262,13.6642484664917,8393000.0
2000-08-25,13.664248231528461,13.82691785333237,13.420243798822595,13.46904468536377,7425600.0
2000-08-28,13.452784538269043,13.761856976270387,13.371449686163425,13.452784538269043,7660200.0
2000-08-29,13.501578654352512,13.501578654352512,13.062370674030202,13.241307258605957,9275200.0
2000-08-30,13.241301042149049,13.635582959036862,13.208444215741732,13.37272834777832,8192000.0
2000-08-31,13.405596501975337,14.128447293748518,13.37273964780383,14.083269119262695,11308400.0
2000-09-01,14.079158449172974,14.128443717956543,13.73416156768799,13.799875259399414,7202800.0
2000-09-05,13.701310110983448,14.112020845725159,13.668453252204111,14.062735557556152,7996800.0
2000-09-06,13.980591600591485,14.440587563948197,13.980591600591485,14.095590591430664,8794000.0
2000-09-07,14.227018527326912,14.407731233794113,14.128447960162985,14.292732238769531,5809800.0
2000-09-08,14.22701633176324,14.719869091524092,14.22701633176324,14.70344066619873,9423200.0
2000-09-11,14.719871428263122,15.097725270729699,14.703443000329793,14.867727279663086,10691000.0
2000-09-12,15.11415351901138,15.130581946749436,14.834870247464432,14.982726097106934,8562000.0
2000-09-13,14.982719748720475,15.147003956491535,14.867720803280735,14.93343448638916,7472200.0
2000-09-14,14.86772268985743,15.081292187059804,14.621296346931617,14.806116104125977,7393000.0
2000-09-15,14.785589335448108,14.851303065827876,14.37487852057455,14.424163818359375,11681200.0
2000-09-18,14.506301807718867,14.506301807718867,14.062734255274462,14.112019538879395,8866200.0
2000-09-19,14.095595166460528,14.473449116144202,14.02988143608076,14.424163818359375,7564000.0
2000-09-20,14.407720642222761,14.424149058006368,13.997010247632602,14.144865989685059,7440400.0
2000-09-21,14.161300951579832,14.243443068468347,13.734161943759558,13.931303024291992,8906400.0
2000-09-22,13.849165096066214,14.457016944885254,13.75059452598745,14.457016944885254,11423600.0
2000-09-25,14.506302229924634,14.769157083468002,14.39130323149941,14.457016944885254,8120600.0
2000-09-26,14.391292226439155,14.572004800058824,14.112009158117846,14.144865989685059,9646800.0
2000-09-27,14.161301197671946,14.227014892324716,13.635591640449785,13.849161148071289,10652000.0
2000-09-28,13.964156861658449,14.292725258403355,13.71773056409977,14.194154739379883,8149800.0
2000-09-29,13.997019146393477,14.144874982446929,13.66845062183025,13.767021179199219,9287600.0
2000-10-02,13.832737732832227,13.964165169723744,13.61916814788351,13.947736740112305,6038600.0
2000-10-03,14.029875857607305,14.325587526737202,13.882020023042356,14.24344539642334,9244800.0
2000-10-04,14.276301684537769,14.391300662433931,13.717735220470699,13.865591049194336,8719800.0
2000-10-05,13.865592779526853,14.177732901340848,13.84916435206296,14.161304473876953,7255200.0
2000-10-06,14.227013555623717,14.227013555623717,13.537019826598087,13.569876670837402,8869400.0
2000-10-09,13.668451750086914,13.701308605255392,13.19202735014398,13.290597915649414,6151600.0
2000-10-10,13.307029959173045,13.339886823269769,12.600607381093488,12.797748565673828,12609000.0
2000-10-11,12.797741608790668,12.8141700319085,11.959892029781265,12.37060260772705,17528800.0
2000-10-12,12.419888896326865,12.485602594191029,11.582039248558784,11.71346664428711,13461200.0
2000-10-13,11.927033883933253,12.551313894387059,11.877748619950058,12.239173889160156,9950600.0
2000-10-16,12.091316022648686,12.10774444115772,11.713462396940916,11.87774658203125,16535600.0
2000-10-17,11.861316521962484,11.861316521962484,11.13846620760466,11.23703670501709,16354400.0
2000-10-18,10.90847305862992,11.401325757061993,10.579904593008536,11.08918571472168,17018400.0
2000-10-19,11.269896968543952,11.81203486936312,11.253468547307007,11.582036972045898,11030400.0
2000-10-20,11.598472358158656,11.746328238078526,11.43418804713658,11.49990177154541,8862200.0
2000-10-23,11.450616478238787,11.549187064852033,11.22061844280788,11.49990177154541,7581000.0
2000-10-24,11.516324096851134,11.927034656653243,11.417753562498628,11.697036743164062,8341200.0
2000-10-25,11.713464341941453,12.009175924206456,11.51632328709812,11.582036972045898,9571400.0
2000-10-26,11.614892775455882,11.779176973128525,11.105611762670689,11.401323318481445,12509800.0
2000-10-27,11.565613896525122,11.812040328979492,11.352044321731334,11.812040328979492,9987000.0
2000-10-30,11.729895419262824,12.452746117368656,11.729895419262824,12.354175567626953,13372000.0
2000-10-31,12.354175860302036,12.666315941878816,12.189891606840572,12.633459091186523,11475600.0
2000-11-01,12.50203425508445,12.764889114586882,12.41989211148994,12.715603828430176,8454800.0
2000-11-02,12.732028144265188,13.19202399979993,12.732028144265188,12.945597648620605,10339200.0
2000-11-03,12.847033861818915,12.929176022060723,12.781320133625467,12.797748565673828,7605800.0
2000-11-06,12.863448160514691,13.438442650448298,12.863448160514691,13.422014236450195,12686400.0
2000-11-07,13.307023571687033,13.504164661637953,13.27416672336188,13.32345199584961,8151400.0
2000-11-08,13.27416374989045,13.27416374989045,12.764882714931781,12.814167976379395,11550000.0
2000-11-09,12.814171565836997,13.093454792271904,12.732029440414964,13.0770263671875,9283400.0
2000-11-10,13.011315545370413,13.208456689997238,12.715603828430176,12.715603828430176,8596000.0
2000-11-13,12.502033146944912,12.797744837674227,12.321320447054775,12.469176292419434,10939600.0
2000-11-14,12.649888355660503,12.781315767147886,11.84489546030029,12.058465003967285,18229200.0
2000-11-15,11.40132610286985,11.565610340663364,10.859188118151256,11.039900779724121,40690400.0
2000-11-16,10.974188892876924,11.286328996117437,10.957760466390582,11.00704574584961,17389000.0
2000-11-17,10.990613702286122,11.171326334162277,10.547046333135562,10.596331596374512,15500000.0
2000-11-20,10.514194506719495,10.645621938053488,9.98848478138352,10.333481788635254,18536400.0
2000-11-21,10.300621835967343,10.481334499756244,10.070623900236015,10.415620803833008,15794000.0
2000-11-22,10.18562350899126,10.333479334121778,10.037767683860741,10.136338233947754,12469200.0
2000-11-24,10.234911215134758,10.366338646468751,10.18562592838451,10.333481788635254,6632400.0
2000-11-27,10.448474355382242,10.497759611775555,10.349903842595618,10.432045936584473,9984800.0
2000-11-28,10.317047195670046,10.744186092306068,10.317047195670046,10.645615577697754,11102400.0
2000-11-29,10.678272364509453,10.978130246820172,10.66161359326997,10.844860076904297,12576800.0
2000-11-30,10.77822291832388,11.028104438841435,10.46170632566831,10.644952774047852,14783600.0
2000-12-01,10.661609577682782,10.828197227334076,10.46170439810123,10.594974517822266,10962000.0
2000-12-04,10.46170801994128,10.644954497997578,10.345096624814547,10.395072937011719,10072000.0
2000-12-05,10.39506882709509,11.09473692122649,10.261798713927202,10.97812557220459,18256800.0
2000-12-06,10.928154418342993,11.24467108594744,9.678746519904388,10.128533363342285,34591800.0
2000-12-07,10.261802771152594,10.4283904784765,10.14519137602586,10.395072937011719,22555000.0
2000-12-08,10.561657301876524,11.011443969306596,10.54499853641615,10.894832611083984,15146600.0
2000-12-11,10.89483328620307,11.611160245387675,10.878174519710404,11.577842712402344,18441800.0
2000-12-12,11.394596280983027,11.59450147889501,11.261326149041706,11.577842712402344,12758600.0
2000-12-13,11.57784257913781,11.694453943244234,11.36127861722588,11.444572448730469,14410800.0
2000-12-14,11.178029187144698,11.294640519946507,11.011441568856402,11.277981758117676,11441200.0
2000-12-15,11.028103938195382,11.311302981925476,11.028103938195382,11.144715309143066,15267800.0
2000-12-18,11.377937530649119,11.677795327942945,11.344619997616471,11.594501495361328,13112200.0
2000-12-19,11.66114052810238,12.2441975545075,11.577846667187362,11.794410705566406,22175800.0
2000-12-20,11.727767498172515,11.81106130142658,11.277980960600557,11.39459228515625,17412600.0
2000-12-21,11.561180926605266,12.227531412288567,11.444569591610689,12.210872650146484,15748800.0
2000-12-22,12.327485045766442,12.494072681520043,12.210873700738922,12.294167518615723,9425200.0
2000-12-26,12.26085478541983,12.460760026486458,11.994314463997659,12.344148635864258,7184000.0
2000-12-27,12.410780972886947,12.477416038513185,12.29416960804103,12.477416038513184,7222200.0
2000-12-28,12.327487140854148,12.594027403359103,12.327487140854148,12.477416038513184,7008800.0
2000-12-29,12.49407650014685,12.49407650014685,12.127583589475876,12.22753620147705,7570800.0
2001-01-02,12.077602855661974,12.46075439453125,11.994309042864305,12.46075439453125,7021200.0
2001-01-03,12.377463322855505,13.327012999036883,12.194216894118748,13.310354232788086,20566800.0
2001-01-04,13.277037104356635,13.776800107030034,13.160425737066175,13.726823806762695,22259200.0
2001-01-05,12.693980313837528,13.3270134528478,12.477416345228752,12.793932914733887,30578400.0
2001-01-08,12.560711173813578,13.027156681594455,12.344147188058173,12.86056900024414,11865600.0
2001-01-09,12.79393459888215,12.993839826989682,12.427441680685003,12.52739429473877,11454600.0
2001-01-10,12.460759554437075,12.99384017708679,12.410783246063664,12.943863868713379,14501000.0
2001-01-11,12.97718065457157,13.210403413447056,12.827251738151618,13.177085876464844,14693200.0
2001-01-12,13.177087710921171,13.177087710921171,12.827253523905565,13.07713508605957,8350600.0
2001-01-16,12.860567797327334,13.67684735959293,12.693980131558845,13.576894760131836,21287800.0
2001-01-17,13.576895369858038,13.576895369858038,13.14376741940858,13.210402488708496,16560800.0
2001-01-18,13.193747421790812,13.227064965785233,12.8605719818466,13.043818473815918,11780000.0
2001-01-19,13.193744586716765,13.310355965639767,12.877227986782902,13.110450744628906,11225800.0
2001-01-22,13.260378991403888,13.560236807792418,13.127108850786763,13.426966667175293,8684000.0
2001-01-23,13.260378991403888,13.510260505060996,13.210402688672467,13.426966667175293,8757400.0
2001-01-24,13.32700488908784,13.676838767426396,13.160417327974242,13.610203742980957,11042200.0
2001-01-25,13.626871206228014,13.960046541343614,13.410307238402874,13.726823806762695,8711400.0
2001-01-26,13.660193755960071,14.343203443758075,13.626876210213828,14.176615715026855,11745400.0
2001-01-29,14.395838285342185,14.50511974588255,14.046671212693157,14.398504257202148,13714000.0
2001-01-30,14.446476563372286,14.910255862365439,14.259898252047572,14.784982681274414,15187000.0
2001-01-31,14.73968108655505,14.91026674711842,14.34520149230957,14.34520149230957,15905800.0
2001-02-01,14.366516211569087,14.627725467826876,13.886743070717943,14.201260566711426,12553800.0
2001-02-02,14.286551475524904,14.646381284113273,14.238574167713121,14.286551475524902,9311200.0
2001-02-05,14.28655802788785,14.4571446543284,14.099980652792683,14.195934295654297,9242400.0
2001-02-06,13.857431543472766,14.028017183857363,13.449624166609553,13.582894325256348,13367200.0
2001-02-07,13.58289226597499,13.604215976175519,13.020492119066837,13.193743705749512,14626600.0
2001-02-08,13.327010717147436,13.327010717147436,12.943193174530872,12.99383544921875,11619600.0
2001-02-09,13.087127188287795,13.287032395950666,12.996503453476475,13.193743705749512,10775800.0
2001-02-12,13.260375441907826,13.409638325482153,13.247048634767488,13.343003273010254,8587800.0
2001-02-13,13.473610414320852,13.724158918280727,13.364328944541686,13.390983581542969,9626000.0
2001-02-14,13.39365000264701,13.633536678059354,13.382988146679672,13.540246963500977,8626000.0
2001-02-15,13.56689879805875,13.81478130580423,13.42030085074773,13.56423282623291,10574800.0
2001-02-16,13.630873271602438,13.838774418248764,13.502934026222334,13.700174331665039,8758000.0
2001-02-20,13.620207383630715,13.654857903409493,13.031153631243704,13.09245777130127,11386600.0
2001-02-21,13.060477032087237,13.287035920833516,12.711308810702132,12.727301597595215,13770400.0
2001-02-22,12.594028710083641,12.865899928059815,12.167564652535047,12.86056900024414,14869600.0
2001-02-23,12.753949758354782,13.316349813374137,12.540717775041124,13.097786903381348,9874800.0
2001-02-26,13.095128937569681,13.726829343028761,12.79393802845399,13.588228225708008,12056400.0
2001-02-27,13.585550281508096,13.942714084023699,13.30834831187243,13.708158493041992,12820200.0
2001-02-28,13.810564243375877,13.824037758996257,13.136878182723395,13.662353515625,12699600.0
2001-03-01,13.163827834467476,13.392881757464748,12.813511218783855,13.295870780944824,13457400.0
2001-03-02,13.042560394287056,13.600372278269438,13.029085852925705,13.217718124389648,11280400.0
2001-03-05,13.217719397730141,13.392878172669985,13.053339845732532,13.225804328918457,8531400.0
2001-03-06,13.527613476337397,13.729719252294739,13.379402779561307,13.543781280517578,8971800.0
2001-03-07,13.594991446613948,14.21478271484375,13.546485944686378,14.21478271484375,11277000.0
2001-03-08,14.214771516539539,14.511192881054678,14.214771516539539,14.47616195678711,13711800.0
2001-03-09,14.336037904974155,14.349511419023786,14.05308999807901,14.147405624389648,8953400.0
2001-03-12,14.012664543925295,14.182433652190937,13.783611784680925,13.910264015197754,14741800.0
2001-03-13,14.228249902414236,14.618988037109375,14.06656565328133,14.618988037109375,16513600.0
2001-03-14,14.06656859681215,14.230948200340805,13.705472738754256,13.945304870605469,25571400.0
2001-03-15,14.039616497567994,14.24980723859509,13.985722437371448,14.080038070678711,12948800.0
2001-03-16,14.012680379884463,14.276765386765055,13.797100887325215,13.850996017456055,18050000.0
2001-03-19,13.783615049028857,14.38993240846479,13.70546723154595,14.27405834197998,10553800.0
2001-03-20,14.519280215947683,14.63245896472671,13.770140723314144,13.821341514587402,17218600.0
2001-03-21,13.958781657891686,14.2821513275034,13.611159237359997,13.729728698730469,16723400.0
2001-03-22,13.63540941956701,13.71625259271314,12.918607283812007,13.384798049926758,20123800.0
2001-03-23,13.5006642427311,14.22285556793213,13.460243707850495,14.222855567932129,15785400.0
2001-03-26,14.322564390924526,14.470775101396915,13.899489676394122,14.147405624389648,11939200.0
2001-03-27,13.945301329052302,14.734861467214458,13.794395282767736,14.6809663772583,19161000.0
2001-03-28,14.503120140453742,14.713309959660258,14.325266979287345,14.664804458618164,13029000.0
2001-03-29,14.430357903957848,14.578568659340915,14.214778529949427,14.325263023376465,11123800.0
2001-03-30,14.430355530081622,14.756419343877711,14.330650278747976,14.753725051879883,12760800.0
2001-04-02,14.67289268240357,14.88577787046812,14.357606854972111,14.554323196411133,16126800.0
2001-04-03,14.524671263043361,14.524671263043361,13.907574610937829,14.080038070678711,14116800.0
2001-04-04,13.972250402309578,14.080040597977096,13.48719657773273,13.557260513305664,18445800.0
2001-04-05,13.904876626072838,14.160877474793272,13.821340232001203,13.972245216369629,11382400.0
2001-04-06,13.972250153845968,14.147408961700023,13.109932715694077,13.363238334655762,26638400.0
2001-04-09,13.56803883191079,13.894103714139145,13.487196698418508,13.635407447814941,9621200.0
2001-04-10,13.904876229788558,14.336035812177995,13.886013107280096,13.991107940673828,12583200.0
2001-04-11,14.524671160340333,14.600123666452623,14.08542758269386,14.160880088806152,11780000.0
2001-04-12,14.160878961441744,14.40340632315664,14.104289586362675,14.268669128417969,6576000.0
2001-04-16,14.295625019461635,14.621688986177565,14.066572057578444,14.133940696716309,15241400.0
2001-04-17,14.160882213296576,14.241724343111436,13.964165987160484,14.01267147064209,11540000.0
2001-04-18,14.080036459808868,14.95582820132808,14.026141377815048,14.869596481323242,23188400.0
2001-04-19,14.794149668449016,15.492088627168883,14.759117697496366,15.19836139678955,18648000.0
2001-04-20,15.195671482484089,15.195671482484089,14.818407685257464,14.823796272277832,13803200.0
2001-04-23,14.823792075528418,14.915413448395066,14.662107783628999,14.802234649658203,11155800.0
2001-04-24,14.87499175026373,14.993560153379002,14.672885886885048,14.686359405517578,8100800.0
2001-04-25,14.686353515003711,14.834564216443225,14.486942024147574,14.794143676757812,7681000.0
2001-04-26,14.834571429398865,14.982782202902325,14.664802201877036,14.853434562683105,8984800.0
2001-04-27,15.009721977301076,15.360038437834506,14.936963777134709,15.338479995727539,8606600.0
2001-04-30,15.386989040972368,15.467832189711643,14.955830378191813,15.090567588806152,10037000.0
2001-05-01,15.023198794751652,15.22530460813396,14.858819235393241,15.211831092834473,10729200.0
2001-05-02,15.225312234429495,15.303460101459127,15.052848685097782,15.120217323303223,9048400.0
2001-05-03,15.120216639166264,15.136384453707175,14.861521326873753,15.07710075378418,9332600.0
2001-05-04,14.955830586713015,15.289979325999306,14.86959885295462,15.192968368530273,8610800.0
2001-05-07,15.157942218597555,15.157942218597555,14.988172977919413,15.152552604675293,6231000.0
2001-05-08,15.184885094313707,15.184885094313707,14.97200105658911,15.012421607971191,5066600.0
2001-05-09,14.96930641223188,15.01781189845111,14.794148625741112,14.92349624633789,9901400.0
2001-05-10,15.090573826771982,15.101353054788122,14.982783602538106,15.031289100646973,6182000.0
2001-05-11,14.996248590169811,15.06900576298053,14.403404790798824,14.42226791381836,14266200.0
2001-05-14,14.524675141635706,14.659412384033203,14.454611199929403,14.659412384033203,9414800.0
2001-05-15,14.726785489440903,14.901943341113912,14.68097427853548,14.834574699401855,11294000.0
2001-05-16,14.780669548656851,15.249555429039514,14.71330095266851,15.238776206970215,10060200.0
2001-05-17,15.144463421733025,15.422021760269164,15.063621296990434,15.252252578735352,14768600.0
2001-05-18,15.192976258984887,15.400471797342139,15.192976258984887,15.360050201416016,8775400.0
2001-05-21,15.211836015091524,15.29806777446718,15.090572282230866,15.222615242004395,8715400.0
2001-05-22,15.198356968808708,15.839705317454287,15.198356968808708,15.801979064941406,15513000.0
2001-05-23,15.642994400883603,15.985227136646214,15.621436975588031,15.793900489807129,13571400.0
2001-05-24,15.898989470888978,16.168463868700655,15.847789705371529,16.165769577026367,12146400.0
2001-05-25,16.168463037590655,16.168463037590655,15.78042029475523,15.820840835571289,9941600.0
2001-05-29,15.898986653807638,16.09570280599918,15.885513141897025,16.060670852661133,9957200.0
2001-05-30,16.06339757106124,16.281021719536827,15.85393400386793,15.989949226379395,11551000.0
2001-05-31,16.05795654472659,16.172209869163332,15.872975762468075,16.1178035736084,12036400.0
2001-06-01,16.185808951551767,16.185808951551767,15.777763347731135,15.80496597290039,11831400.0
2001-06-04,16.04978957354704,16.06339088259212,15.85392740261514,15.949138641357422,9570200.0
2001-06-05,16.04979462039245,16.37623132868893,15.99266848181183,16.308223724365234,14663000.0
2001-06-06,16.076999321291975,16.28646289415961,15.927382780019045,16.237497329711914,11213600.0
2001-06-07,16.022590345615697,16.281018385292096,15.796804624383466,16.213010787963867,11580200.0
2001-06-08,15.995389818280605,16.117803725000584,15.900179578450505,16.05795669555664,5187800.0
2001-06-11,15.981793373135893,16.158613629796655,15.902904271689454,15.979073524475098,5647000.0
2001-06-12,15.935550410932793,16.131411704898557,15.715205287792816,16.07700538635254,9361000.0
2001-06-13,16.036201425728684,16.294630660536612,16.00899774759857,16.07700538635254,8730000.0
2001-06-14,15.968188880549775,16.036196498407556,15.655353423318424,15.696158409118652,10238200.0
2001-06-15,15.546541676539261,15.935545329178048,15.543820790736817,15.783207893371582,19419000.0
2001-06-18,15.900175634350587,16.180366588674254,15.701593585025572,16.115079879760742,9121400.0
2001-06-19,16.267413131377722,16.316378672605584,15.976340768363938,16.245651245117188,11606600.0
2001-06-20,16.13140346659306,16.63466035898773,16.13140346659306,16.359909057617188,16970200.0
2001-06-21,16.37623336993979,16.727152901042473,16.373512484308026,16.697229385375977,17187800.0
2001-06-22,16.76523862938915,16.91485518456511,16.57209620158056,16.849567413330078,14944000.0
2001-06-25,16.849565885376265,16.86588808613337,16.534010601402322,16.648263931274414,9602200.0
2001-06-26,16.37622916844573,16.512244359150902,16.223891781279054,16.430635452270508,11698600.0
2001-06-27,16.444234933227882,16.634656386560142,16.340863109239493,16.408870697021484,10013400.0
2001-06-28,16.403425337204478,16.653693729239315,16.294613850082797,16.316375732421875,10041400.0
2001-06-29,16.33543112142328,16.3762361110192,16.06340062468779,16.32999038696289,13302000.0
2001-07-02,16.32998533980259,16.495924057558273,16.2402158432365,16.457839965820312,7821200.0
2001-07-03,16.417038763159677,16.457843749525054,16.278303677402427,16.455123901367188,4774400.0
2001-07-05,16.389828694586267,16.51224256042877,16.349023726734288,16.39798927307129,4312400.0
2001-07-06,16.400718940035,16.400718940035,15.777768851833656,15.875699996948242,8881800.0
2001-07-09,15.900176815341846,16.074276102327197,15.845770528730522,16.028030395507812,6830200.0
2001-07-10,16.008990343746703,16.008990343746703,15.464929485332696,15.500293731689453,11411200.0
2001-07-11,15.372443618179744,15.61727149154348,15.013363429055627,15.60094928741455,13696200.0
2001-07-12,15.736964150465761,16.20757783285727,15.655355207279689,16.166772842407227,11812200.0
2001-07-13,16.166770461541446,16.46056282128757,16.074280062827807,16.389835357666016,9301600.0
2001-07-16,16.729872748960418,16.99918335224508,16.66186513615977,16.697229385375977,19454800.0
2001-07-17,16.865892253188342,17.499723863386727,16.81964756285494,17.328344345092773,23559800.0
2001-07-18,17.205925432254954,17.49155822612349,17.15151913638886,17.431711196899414,24389000.0
2001-07-19,17.545963858056254,17.600369117367556,17.097113204741387,17.27393341064453,15832600.0
2001-07-20,17.186883198505015,17.192323931804168,16.942055388611987,17.09711265563965,9335200.0
2001-07-23,17.178730629287536,17.2412975348373,16.9502249127207,16.961105346679688,5177800.0
2001-07-24,17.02910648865545,17.102554837845812,16.784279695734774,16.868608474731445,9385800.0
2001-07-25,16.947499163704638,17.01006605130395,16.729874981247463,16.974702835083008,11382600.0
2001-07-26,17.001904114795607,17.21952827992222,16.950218699863626,17.167842864990234,7400400.0
2001-07-27,17.167841702188166,17.409948634350393,17.167841702188166,17.27393341064453,5730200.0
2001-07-30,17.192324472301124,17.309297647625918,17.137918175312926,17.287534713745117,4768800.0
2001-07-31,17.287533727943536,17.388184697118227,17.230407586334692,17.306575775146484,7290000.0
2001-08-01,17.33649864823175,17.33649864823175,17.04270633244388,17.137916564941406,6042800.0
2001-08-02,17.219530961587985,17.312021375884925,17.137922016670455,17.2630558013916,7742400.0
2001-08-03,17.263049197134155,17.27393066235069,17.05630654658821,17.233125686645508,6278800.0
2001-08-06,17.260336393696154,17.320182401383196,17.037271454291755,17.078075408935547,6109000.0
2001-08-07,17.083510262666955,17.214084740461384,17.03454470377983,17.151517868041992,5450600.0
2001-08-08,17.11071783141626,17.355544643997714,17.02094727373663,17.08623504638672,7435800.0
2001-08-09,17.165127601756833,17.246737598410817,17.07807790719252,17.219533920288086,8195400.0
2001-08-10,17.24673109224947,17.24673109224947,17.020945318720237,17.110715866088867,8591800.0
2001-08-13,17.056317862062812,17.233137119425255,17.00191153759963,17.216815948486328,6421400.0
2001-08-14,17.273934892460723,17.312018992331137,17.00190442171331,17.018226623535156,7272600.0
2001-08-15,17.001901626586914,17.216805912198264,17.001901626586914,17.001901626586914,8329200.0
2001-08-16,17.029106579226173,17.27393441116285,16.936616180240527,17.241291046142578,9298400.0
2001-08-17,17.233128926155967,17.301136539973022,17.031826970377235,17.0535888671875,10905600.0
2001-08-20,17.09711788625613,17.322903717534924,17.09711788625613,17.292980194091797,7904800.0
2001-08-21,17.339221206001014,17.681979113766097,17.273933441909957,17.276653289794922,18047800.0
2001-08-22,17.43714963439052,17.60036747249826,17.124315271731735,17.586767196655273,11869800.0
2001-08-23,17.58676419465225,17.828871062861158,17.494272787741817,17.681974411010742,10438600.0
2001-08-24,17.63301069989642,17.676536560730735,17.17055880566821,17.203203201293945,12021400.0
2001-08-27,17.23313752570481,17.271222680126943,17.06175900051979,17.06991958618164,7536000.0
2001-08-28,17.069909576074043,17.124315869915037,16.82508177264645,16.827802658081055,9047400.0
2001-08-29,16.81147956023653,16.85228453786516,16.335426330566406,16.335426330566406,12449600.0
2001-08-30,16.294627977948796,16.580259806148998,16.256542834836598,16.384397506713867,13391200.0
2001-08-31,16.48504770220313,16.906695802701016,16.41704007795689,16.729875564575195,8776800.0
2001-09-04,16.525850573976076,17.08079296575845,16.466003540240568,16.841405868530273,13949200.0
2001-09-05,16.813949401330916,17.04728542312815,16.709633993465754,16.82493019104004,15066600.0
2001-09-06,16.7178695607167,16.786497923367943,16.127665223041742,16.41041374206543,17680400.0
2001-09-07,16.07276516513074,16.36649452543422,15.888841623357072,16.0837459564209,16347200.0
2001-09-10,15.962966141951181,16.100222940945823,15.735119352970669,15.825709342956543,16255600.0
2001-09-17,14.823727186039177,15.400205046621949,14.810001722155924,14.919806480407715,30120400.0
2001-09-18,14.919812053460843,15.13942374636834,14.746869258997505,15.117462158203125,17734400.0
2001-09-19,15.147656231124841,15.564916910320541,14.878633105166955,15.098243713378906,28698800.0
2001-09-20,15.098239655594655,15.139417091711467,14.549212759027577,14.722156524658203,21862400.0
2001-09-21,13.794301818398868,14.620586899395944,13.794301818398868,14.000186920166016,27687200.0
2001-09-24,14.516277343063168,14.95549862009949,14.390000309627364,14.64529800415039,17264800.0
2001-09-25,14.659022136618072,15.268441428527707,14.631570156775142,15.125694274902344,14381000.0
2001-09-26,15.331578632117644,15.35903061056525,14.960985824155134,15.111968040466309,11122400.0
2001-09-27,15.262949455347288,15.693935546078318,15.043338875227311,15.614327430725098,13723800.0
2001-09-28,15.853153420392038,16.08648945878755,15.779034655361674,16.031587600708008,17620400.0
2001-10-01,16.045316549108723,16.234730513856107,15.894334312235934,16.182573318481445,10449000.0
2001-10-02,16.182575915754295,16.3610091162654,15.935513272355884,16.328067779541016,13301000.0
2001-10-03,16.182572845906737,16.553165693516366,16.141395397422993,16.468067169189453,16663200.0
2001-10-04,16.468068907016058,16.533951574919232,16.031592305209557,16.16610336303711,16576400.0
2001-10-05,16.166100269968087,16.22374785515015,15.304128024989291,15.408443450927734,20000400.0
2001-10-08,15.411186215605358,15.411186215605358,14.785295831901934,14.892355918884277,15811200.0
2001-10-09,15.002160591717008,15.007649939241277,14.315876960754395,14.315876960754395,20811200.0
2001-10-10,14.439405237361258,15.276671992438963,14.389992738793211,15.0433349609375,15884600.0
2001-10-11,15.043341522751197,15.232756532278907,14.851181838632753,14.988438606262207,16259000.0
2001-10-12,14.8649082055274,14.8649082055274,14.302154626086272,14.551961898803711,14523600.0
2001-10-15,14.796278943007476,15.262951082828769,14.411959601428336,15.249225616455078,22450200.0
2001-10-16,15.496283301324995,16.031584698170118,15.466086656536895,15.842169761657715,20734800.0
2001-10-17,16.045314625345554,16.130413141954634,15.578641455993155,15.674720764160156,15595400.0
2001-10-18,15.677472589630941,15.850416458852763,15.578647521504186,15.647275924682617,9835400.0
2001-10-19,15.633545596375805,15.7762927562999,15.180597857247696,15.655506134033203,11661200.0
2001-10-22,15.658236063880052,16.210007236765886,15.655490344950774,16.034318923950195,11244400.0
2001-10-23,16.141394151454676,16.44335964025911,16.119433615228242,16.17159080505371,13118400.0
2001-10-24,16.333555263445408,16.47355670494166,16.270417276324665,16.45708656311035,11386800.0
2001-10-25,16.237469803717147,16.800222125791905,16.160605331229295,16.687671661376953,13377200.0
2001-10-26,16.649242401123047,16.844146713811593,16.586103381398118,16.649242401123047,9899200.0
2001-10-29,16.608066815288126,16.621792280904902,16.240218681954637,16.333553314208984,11741800.0
2001-10-30,16.05904750500695,16.443367009471423,15.924535364288467,16.196304321289062,11570800.0
2001-10-31,16.45709054416901,16.539444414805473,16.11943894152911,16.193557739257812,9537200.0
2001-11-01,16.251201412730786,16.608068797284826,16.017864280655665,16.45708656311035,11846400.0
2001-11-02,16.443361178504926,16.805718961219398,16.3802221438808,16.709638595581055,9253200.0
2001-11-05,16.841405268968703,17.069252009937646,16.690423031326635,16.75356101989746,9230200.0
2001-11-06,16.753558488133674,17.050033569335938,16.745323418273355,17.050033569335938,9783600.0
2001-11-07,17.01984001250856,17.368472344878725,16.99513375124812,17.225725173950195,9948000.0
2001-11-08,17.22572093245954,17.596313712928964,17.222976258411354,17.321800231933594,10949200.0
2001-11-09,17.239450379765625,17.4425908633939,17.143371058095134,17.30807876586914,8452400.0
2001-11-12,17.239449522604833,17.360236146340483,16.937485057637737,17.299842834472656,9694400.0
2001-11-13,17.390425227349063,17.58258588337759,17.37669976540006,17.420621871948242,8431800.0
2001-11-14,17.568864957554133,17.59631589017593,17.291606768204552,17.431608200073242,7892600.0
2001-11-15,17.34925251612555,17.52219630543274,17.286114540038827,17.360233306884766,9757600.0
2001-11-16,17.297096202103972,17.299841923691236,17.052779340135384,17.168075561523438,10821400.0
2001-11-19,17.23122099788409,17.56887264333583,17.225730599520677,17.555147171020508,8564200.0
2001-11-20,17.39042885170519,17.500234664553197,17.313565411023095,17.434350967407227,7294000.0
2001-11-21,17.417889976629155,17.69789400398633,17.390437985406063,17.453577041625977,8722800.0
2001-11-23,17.486515480142234,17.84063720703125,17.467299613070203,17.84063720703125,4089600.0
2001-11-26,17.706120641489548,17.840631669241105,17.678669710532137,17.824161529541016,7157600.0
2001-11-27,17.596309243084583,17.670429036973424,17.305325697344554,17.426111221313477,13207400.0
2001-11-28,17.376702050562383,17.54141075716767,16.94022560119629,16.94022560119629,15635600.0
2001-11-29,17.102195145892832,17.560633350837357,17.08846967687474,17.459062576293945,15955400.0
2001-11-30,17.047283122696108,17.192775948744192,16.827672594077573,16.849634170532227,17048800.0
2001-12-03,16.745326173070637,16.959446402151343,16.605324726483882,16.863367080688477,10781000.0
2001-12-04,16.827681975859264,17.129647537349218,16.580620386116053,17.113176345825195,8414200.0
2001-12-05,17.434701324257887,17.465190374056544,17.212955474853516,17.212955474853516,9795200.0
2001-12-06,17.282253154272134,17.523401639906556,17.18246877721547,17.462421417236328,9255400.0
2001-12-07,17.44856797469668,17.559439891594018,17.309977285552723,17.512319564819336,6423800.0
2001-12-10,17.37926150389089,17.5123083534087,17.02169750104546,17.107624053955078,7960000.0
2001-12-11,17.060511044694085,17.476283049312283,16.93577923183605,17.309974670410156,9805200.0
2001-12-12,17.24067392291263,17.429157257080078,17.190781213435212,17.429157257080078,7157200.0
2001-12-13,17.23512732244366,17.304422623335643,17.032785170722548,17.08544921875,10265200.0
2001-12-14,16.92191831175884,17.157523053379556,16.908059458101803,17.02447509765625,9289000.0
2001-12-17,17.07436773050259,17.53171730041504,16.921918226319356,17.53171730041504,11429000.0
2001-12-18,17.512319689568322,17.642595276647835,17.387587856977625,17.484601974487305,8762400.0
2001-12-19,17.420846826085025,17.783955820124497,17.354323896493575,17.60378646850586,8569600.0
2001-12-20,17.59546627518462,17.725741805868502,17.465190744500738,17.490137100219727,9630400.0
2001-12-21,17.476272807532297,17.51785040657317,17.074359893798828,17.074359893798828,15204200.0
2001-12-24,17.254532568719025,17.29611017857662,17.12148569748229,17.12980079650879,3354400.0
2001-12-26,17.1990980662247,17.49568194871282,17.174151708942397,17.285024642944336,4360600.0
2001-12-27,17.296107450198978,17.60100634984985,17.296107450198978,17.448556900024414,6295600.0
2001-12-28,17.517858038849592,17.772865379836233,17.46242156842965,17.60932731628418,7869400.0
2001-12-31,17.67030165043981,17.67030165043981,17.41252304765617,17.448556900024414,5397400.0
2002-01-02,17.271168680782477,17.490141123168172,17.21573220450448,17.451335906982422,8669200.0
2002-01-03,17.451331237544892,17.71188228912721,17.39589477609998,17.431928634643555,8237600.0
2002-01-04,17.495681551372428,17.781178979866617,17.465191442346217,17.703567504882812,10598600.0
2002-01-07,17.296115705984683,17.56775328707195,17.296115705984683,17.4929141998291,10852200.0
2002-01-08,17.379264861906794,17.431928919590916,17.115942458761033,17.212955474853516,11914200.0
2002-01-09,17.254533255015556,17.46241919784707,17.090996271026928,17.17137908935547,8524200.0
2002-01-10,17.240678174237182,17.373725079863725,17.12980522420032,17.18524169921875,10527400.0
2002-01-11,17.254536835317204,17.262851936399816,16.880342483520508,16.880342483520508,9616400.0
2002-01-14,16.87756654938579,16.946861863552993,16.74174832574112,16.830446243286133,9339200.0
2002-01-15,16.85262286931417,17.143663023545997,16.78887129704341,17.032791137695312,12358800.0
2002-01-16,16.79718271170095,17.135344162668638,16.67245199966042,16.852619171142578,10224600.0
2002-01-17,16.921919718454838,17.046651526462497,16.90806086364573,16.941322326660156,8927400.0
2002-01-18,16.852619171142578,16.99952594726728,16.775008762341805,16.852619171142578,8546200.0
2002-01-22,17.046656588488197,17.384818244534745,16.90806588451675,17.37095832824707,16068400.0
2002-01-23,17.373723691508438,17.490139328117692,17.157522619312548,17.423616409301758,10192400.0
2002-01-24,17.614873141174257,17.739604949951172,17.495685085827745,17.739604949951172,14674400.0
2002-01-25,17.578833678200024,17.77840450873087,17.423612860998265,17.559431076049805,11100400.0
2002-01-28,17.53171765107916,17.731288530285475,17.470737425241058,17.63981819152832,9068000.0
2002-01-29,17.66476491837572,17.83384463081247,16.373100044446975,16.409133911132812,28117000.0
2002-01-30,16.644739380686413,17.168611948047573,16.60316281379152,17.091001510620117,27774800.0
2002-01-31,17.207414182682367,17.51785691684257,17.054963634451205,17.470735549926758,15095000.0
2002-02-01,17.337690294917316,17.434704385405897,16.90528813885621,17.007844924926758,14908000.0
2002-02-04,16.894203795181497,16.921921507730506,16.436854136582177,16.46457290649414,14934600.0
2002-02-05,16.2982623720735,16.49228951906448,16.05157115180673,16.32598114013672,17548000.0
2002-02-06,16.27054006861032,16.395271846278956,15.940693694624091,16.312116622924805,13978000.0
2002-02-07,16.312123071454632,16.797190465085894,16.27609025494339,16.339841842651367,13316800.0
2002-02-08,16.506142003655537,16.81935708902173,16.48119565070845,16.797182083129883,11691800.0
2002-02-11,16.78332882033547,17.027248679534818,16.63087930484694,16.97735595703125,10368000.0
2002-02-12,16.858166270569033,17.11594495940496,16.858166270569033,16.92469024658203,12272000.0
2002-02-13,17.018930342619637,17.390353285441243,16.941318868279026,17.2185001373291,12995800.0
2002-02-14,17.185240613284797,17.420844295521828,16.991213491662258,17.201871871948242,13994000.0
2002-02-15,17.04664625050703,17.12980041098822,16.852619171142578,16.852619171142578,15111200.0
2002-02-19,16.6308811118033,16.769471787734997,16.41745134398494,16.506149291992188,13777200.0
2002-02-20,16.57544759146004,16.977360834943575,16.453488155500562,16.957958221435547,14379400.0
2002-02-21,17.024480317229358,17.226823660637514,16.896977132712692,16.938554763793945,11352800.0
2002-02-22,16.93854778632973,17.129802484321537,16.639191503529354,16.996755599975586,11517200.0
2002-02-25,17.03279116974139,17.592697525033433,17.03279116974139,17.53171730041504,13312200.0
2002-02-26,17.53171765107916,17.75900623801401,17.37649573865616,17.63981819152832,13417800.0
2002-02-27,17.802118307474057,18.034367963717894,17.600648970504814,17.785329818725586,14275400.0
2002-02-28,17.863676548260234,18.115513452525523,17.802115917974053,17.89445686340332,13040600.0
2002-03-01,17.922431085898058,18.14908408717756,17.922431085898058,18.132295608520508,12071000.0
2002-03-04,18.188265589328775,18.677949662887627,18.179871346787124,18.580013275146484,26654800.0
2002-03-05,18.468080925294803,18.66395365692505,18.137893938509063,18.202253341674805,18157800.0
2002-03-06,18.30018795909802,18.803861564391894,18.24982038508339,18.663951873779297,14116400.0
2002-03-07,18.859827480747487,19.01372686570506,18.71991778450285,18.7423038482666,15431600.0
2002-03-08,18.99974322313748,19.10887265014753,18.887815003553186,18.98015594482422,13213600.0
2002-03-11,18.78148200395268,19.15364024503847,18.78148200395268,18.957767486572266,13500800.0
2002-03-12,18.6779527313569,19.097682006218854,18.6779527313569,19.027727127075195,12975000.0
2002-03-13,18.901803970336914,19.156438549864333,18.770288492347333,18.901803970336914,9238600.0
2002-03-14,18.845840207902054,18.99694297251547,18.69194078578226,18.74790382385254,8650600.0
2002-03-15,18.95776637868772,19.405477039627122,18.8766184878217,19.357908248901367,19066600.0
2002-03-18,19.201207410389124,19.40827316230927,19.16762831486726,19.254371643066406,10802400.0
2002-03-19,19.3103353778812,19.43905203227501,19.195608411116844,19.268362045288086,10798800.0
2002-03-20,19.01652931267136,19.195613587499167,18.96056627735753,18.98295021057129,7225200.0
2002-03-21,18.957772247931537,19.106076250139534,18.8262567335649,19.027727127075195,6761600.0
2002-03-22,19.030510551367556,19.433448878130303,18.957756938053432,19.2095947265625,9226600.0
2002-03-25,19.349515883463077,19.349515883463077,19.05570459959681,19.0696964263916,6856400.0
2002-03-26,19.044515353089608,19.425070061187466,19.041718695056822,19.34112548828125,9005600.0
2002-03-27,19.111671451187565,19.413874868889835,19.111671451187565,19.2515811920166,11604600.0
2002-03-28,19.1816255861357,19.47823354216761,18.977356433022024,19.0333194732666,8347400.0
2002-04-01,18.761895450583587,19.117265221729024,18.70593027825747,19.0696964263916,10230800.0
2002-04-02,18.887807048450817,19.237581253051758,18.862624330448664,19.237581253051758,8533400.0
2002-04-03,19.22359633114087,19.307543024318274,19.044512044891963,19.10047721862793,9998200.0
2002-04-04,18.98574856860348,19.29914710981144,18.98294977644591,19.223594665527344,8415000.0
2002-04-05,19.223591826046594,19.50341122459081,19.223591826046594,19.285152435302734,8954600.0
2002-04-08,18.97176148268769,19.53140043928788,18.97176148268769,19.441858291625977,10931400.0
2002-04-09,19.441851867745978,19.57336518581636,19.408272772897853,19.50341033935547,8511200.0
2002-04-10,19.46142542051357,19.61252590368438,19.405460301884577,19.570554733276367,15897200.0
2002-04-11,19.531400423025058,19.567776186626634,19.04171633640763,19.195615768432617,12846800.0
2002-04-12,19.349514767835576,19.60135269165039,19.285155357084548,19.60135269165039,12408800.0
2002-04-15,19.60134878031116,19.724467858056194,19.181619702658693,19.363500595092773,15707600.0
2002-04-16,19.559370422607653,19.84478518277995,19.522992545580912,19.788822174072266,15885400.0
2002-04-17,19.73287462028792,19.923152008298977,19.615350916330637,19.81122589111328,14004600.0
2002-04-18,19.65731504093696,19.853187788827224,19.46983653440587,19.760848999023438,11307200.0
2002-04-19,19.867181562006085,20.13300919375368,19.79163124751408,20.04067039489746,12846200.0
2002-04-22,19.923144814460752,20.200167618573474,19.839200256882137,19.883970260620117,13940600.0
2002-04-23,19.867176161872017,20.253326141260104,19.811213139300687,20.146995544433594,13752200.0
2002-04-24,20.105027906893397,20.286910984065983,20.007091522216797,20.007091522216797,11599600.0
2002-04-25,19.909152241051974,20.02108043647836,19.746856464426354,19.822406768798828,13122400.0
2002-04-26,19.923141997492532,20.180577488285678,19.76924259626531,20.085437774658203,16733400.0
2002-04-29,20.007091272055742,20.22814890033495,19.895163061744963,19.942731857299805,10507600.0
2002-04-30,19.937132234095667,20.426816183705032,19.937132234095667,20.28131103515625,11827800.0
2002-05-01,20.15818836047308,20.3932356145835,20.01268108757882,20.21415138244629,11877000.0
2002-05-02,20.160993605135037,20.58072280883789,20.15819481268481,20.58072280883789,12411600.0
2002-05-03,20.468801457218603,20.706647658760627,20.44081992789375,20.61710548400879,9504800.0
2002-05-06,20.608699943424636,20.815765708764,20.202960518604566,20.278512954711914,11719600.0
2002-05-07,20.47718523248112,20.67305797245859,20.362458245599495,20.415624618530273,13897200.0
2002-05-08,20.824165823694784,20.86893796658842,20.642282729182625,20.706642150878906,14052400.0
2002-05-09,20.594711567992068,20.972467407233413,20.55273822255347,20.82416343688965,12211400.0
2002-05-10,20.84654251277446,20.941680071325123,20.645072230135032,20.66465950012207,10408800.0
2002-05-13,20.66465941011653,20.98645210266113,20.66465941011653,20.986452102661133,11854800.0
2002-05-14,21.062002734498087,21.25507878014512,21.028425776891535,21.23269271850586,13379800.0
2002-05-15,21.028430739052208,21.406186545232806,21.028430739052208,21.2438907623291,11209200.0
2002-05-16,21.210310257377596,21.540497217389838,21.210310257377596,21.325035095214844,9952600.0
2002-05-17,21.504126077069223,21.546099424997642,21.392197860877825,21.518117904663086,12060600.0
2002-05-20,21.431371196807216,21.46774909253997,21.18233205075034,21.210315704345703,7851600.0
2002-05-21,21.27188116743946,21.36422213093874,20.9668788838769,20.983667373657227,12468400.0
2002-05-22,20.983655973387275,21.17953083210656,20.838150826350947,21.10677719116211,9651800.0
2002-05-23,21.23830503818071,21.46775699206445,21.210323509141976,21.448169708251953,9762800.0
2002-05-24,21.392197606612452,21.57128189644885,21.294261219178974,21.30545425415039,9245000.0
2002-05-28,21.305455444445172,21.350227586832172,21.15435266616893,21.18513298034668,8244800.0
2002-05-29,21.140353524394175,21.462144080854113,21.12916049380001,21.341821670532227,7656000.0
2002-05-30,21.148753180190766,21.420178370772135,21.129165905347413,21.2438907623291,8542200.0
2002-05-31,21.29985544372258,21.492929395673116,21.213109970092773,21.213109970092773,8579000.0
2002-06-03,21.201917334167028,21.33623160029759,20.81017183889629,20.832555770874023,11843200.0
2002-06-04,20.77659964250545,20.910913953267308,20.650681710734712,20.818572998046875,12731600.0
2002-06-05,20.90318817140315,21.04423532796081,20.621093858287836,20.652124404907227,11502200.0
2002-06-06,20.652128888078376,20.663412921317587,19.605559017495867,19.676082611083984,21196000.0
2002-06-07,19.40810382169549,20.13026510362301,19.393998234822377,20.020248413085938,21196000.0
2002-06-10,20.028699068587432,20.245910773486017,20.028699068587432,20.065370559692383,11071800.0
2002-06-11,20.16975237160234,20.423637796931594,19.929972529095174,19.946897506713867,10921000.0
2002-06-12,19.901752542754735,20.220518308009463,19.817123396902325,20.071008682250977,13975400.0
2002-06-13,20.085116700305818,20.155640287248197,19.63376617431641,19.633766174316406,10077200.0
2002-06-14,19.37988631903968,20.181035612729953,19.32346829439248,20.056913375854492,18796200.0
2002-06-17,20.056921822845876,20.781904721159002,20.056921822845876,20.694456100463867,11954800.0
2002-06-18,20.64930836961139,20.911656236906875,20.536472336021,20.874984741210938,10561800.0
2002-06-19,20.691620446064398,20.999104411230753,20.635202436119126,20.804458618164062,11045000.0
2002-06-20,20.733933193168337,20.776247772983936,20.24026811714052,20.339000701904297,13195000.0
2002-06-21,20.11333623531014,20.423639716675563,19.81713618588271,19.819957733154297,20842200.0
2002-06-24,19.746611338737527,20.127438412685496,19.577355100561743,19.84816551208496,14473000.0
2002-06-25,19.97228554592264,20.293873008504974,19.735325116951156,19.75507164001465,11919400.0
2002-06-26,19.210625405030637,19.45040517958369,18.84954497009769,19.027263641357422,22387200.0
2002-06-27,19.261408710314374,19.399634388257816,19.097793412710377,19.3516788482666,15906000.0
2002-06-28,19.40809886238596,19.88765856258565,19.377068300962584,19.84816551208496,14093000.0
2002-07-01,19.848162963294627,20.090764329336675,19.535037994384766,19.535037994384766,12482600.0
2002-07-02,19.53503157816265,19.865081414649858,19.351669840489027,19.602733612060547,13165000.0
2002-07-03,19.535043696856224,19.71276245316553,19.21345614608118,19.40810203552246,11107400.0
2002-07-05,19.746608921565365,20.00049432385598,19.690190899816148,19.97792625427246,7266800.0
2002-07-08,19.977924437100995,20.437737513940732,19.958177916063935,20.29387092590332,10838800.0
2002-07-09,20.389788796945187,20.50826796275214,19.75507621299496,19.814315795898438,14075400.0
2002-07-10,19.9045785098436,19.938430609806545,19.111894000875868,19.21062660217285,16285600.0
2002-07-11,19.08368297360416,19.676080670888005,18.984950382758363,19.506824493408203,15699600.0
2002-07-12,19.509644930156316,19.65633303504225,19.216266568175513,19.3544921875,13371800.0
2002-07-15,18.928532669076432,19.182418044221226,18.265611299460655,19.123178482055664,22688200.0
2002-07-16,18.914432610832165,19.145749960015326,18.573096452645437,18.702861785888672,14742200.0
2002-07-17,18.970846286186806,19.1006094374629,18.166877766210327,18.33613395690918,15897000.0
2002-07-18,18.30792452412071,18.448971705119778,17.520880995880816,17.661928176879883,14895000.0
2002-07-19,17.58858225420593,17.66192738766663,17.22185981521606,17.35444450378418,16266800.0
2002-07-22,17.241610884519698,17.61679698477306,16.784618219188946,17.0018310546875,20690000.0
2002-07-23,17.06671027434327,17.264176558854125,16.164008028082687,16.33326530456543,30282400.0
2002-07-24,16.245824324122484,16.784624843274134,15.546230006006041,16.643577575683594,35287800.0
2002-07-25,16.47431765531755,17.207762854750136,16.358658964419984,16.911563873291016,24442600.0
2002-07-26,16.92566098832647,17.4306101327433,16.869241903144474,17.391117095947266,13935400.0
2002-07-29,17.82835987174388,18.19508224439453,17.45599548399346,18.13866424560547,15390800.0
2002-07-30,17.927093586572475,18.375623592556877,17.715522849336516,18.13302230834961,14503200.0
2002-07-31,18.22329756062954,18.75927734375,18.133027439951,18.75927734375,17595800.0
2002-08-01,18.6887524774927,18.694393418060983,18.180981737975216,18.27971649169922,14379600.0
2002-08-02,18.20918905592383,18.25996611916334,17.681671907391614,17.915809631347656,13137200.0
2002-08-05,17.91863237517473,17.98351394340664,17.433429772269772,17.50677490234375,14106800.0
2002-08-06,17.84246579626763,18.488462049369893,17.81425679462044,17.97787094116211,12956800.0
2002-08-07,18.29382946919601,18.406667709350586,18.042765514762543,18.406667709350586,13150400.0
2002-08-08,18.54488964688327,19.37988901043928,18.519502177929226,19.29244041442871,16347800.0
2002-08-09,19.252943196211938,19.57453064665322,18.93981823359129,19.41091537475586,11041200.0
2002-08-12,19.140106187982887,19.427843704949005,18.872117346766473,19.309362411499023,9509400.0
2002-08-13,19.309354783180762,19.743780281648288,18.987767439882912,19.001873016357422,13428400.0
2002-08-14,19.001880992630806,19.549144875988755,18.759279610454172,19.464515686035156,15394400.0
2002-08-15,19.577350616455078,19.797383890906918,19.50118392778523,19.577350616455078,14115400.0
2002-08-16,19.450411568911132,19.61966996156919,19.35167894133384,19.382709503173828,10693800.0
2002-08-19,19.382705479083217,19.825593589875016,19.382705479083217,19.774816513061523,10599200.0
2002-08-20,19.605566160535236,19.690195364558264,19.357323795456455,19.46734046936035,9451800.0
2002-08-21,19.52093286333253,19.72122179404279,19.213450980794935,19.616846084594727,8370000.0
2002-08-22,19.526576706352333,19.91304469640329,19.498367693913604,19.8453426361084,9600400.0
2002-08-23,19.740965875173906,19.842517873051463,19.405272870597237,19.577350616455078,8659400.0
2002-08-26,19.81713287595292,20.169750898656712,19.53503845778989,20.028703689575195,11739000.0
2002-08-27,20.141538619995117,20.33618227345069,20.059730993733222,20.141538619995117,11534200.0
2002-08-28,19.946889144178236,20.079473819165912,19.605555274640214,19.74942398071289,9822600.0
2002-08-29,19.478622474310022,20.02306484445218,19.351678681520806,19.84816551208496,8516400.0
2002-08-30,19.788919186972475,20.05690795999766,19.69582753445291,19.76917266845703,8745600.0
2002-09-03,19.379886537635677,19.48990319348543,18.829803258386907,18.93699836730957,13533600.0
2002-09-04,19.056546145611424,19.31272122239733,18.959770100836387,19.176095962524414,11440200.0
2002-09-05,18.899996433764926,19.17609612037249,18.643821354870315,19.161863327026367,11224600.0
2002-09-06,19.36964794942155,19.79945045774366,19.33549055265421,19.722599029541016,12251800.0
2002-09-09,19.568889149689934,19.799445548753795,19.28425076205808,19.71120834350586,11795000.0
2002-09-10,19.71120174349425,19.73966513840317,19.309860708939688,19.506261825561523,9022400.0
2002-09-11,19.86206999935656,19.88199460329543,19.44080632418649,19.5660457611084,6122000.0
2002-09-12,19.531887153778495,19.534731974120433,19.102082575720722,19.164703369140625,8555000.0
2002-09-13,19.127707058035845,19.497737990741513,19.005312411521153,19.440811157226562,9796800.0
2002-09-16,19.355416510393862,19.634363174438477,19.213097271346847,19.634363174438477,8329200.0
2002-09-17,19.879148909693868,19.92469210545493,19.312718985034994,19.369647979736328,11468400.0
2002-09-18,18.87152862548828,19.110623862383417,18.717823613933323,18.87152862548828,18397000.0
2002-09-19,18.473044062394873,18.5442037065708,17.969233651332104,18.034700393676758,16487400.0
2002-09-20,18.037538241646267,18.11723774586053,17.72728228824413,17.96068572998047,24144600.0
2002-09-23,17.841141112133545,18.307948074355505,17.476804182752446,18.17416763305664,12708800.0
2002-09-24,18.088770410813595,18.441722510578984,17.621963600595336,17.647581100463867,15573400.0
2002-09-25,17.96068338530439,18.302250783102163,17.533725766771234,18.074539184570312,13811400.0
2002-09-26,18.359180608559967,18.82314051502442,18.216861379036246,18.76336669921875,13685600.0
2002-09-27,18.646658856847566,18.996762810120323,18.14569475439851,18.239625930786133,14120200.0
2002-09-30,18.236797095365365,18.47020068712438,17.647595213021248,18.159944534301758,16546400.0
2002-10-01,18.162776815151656,18.89145151486775,18.051766926336796,18.82883071899414,12892000.0
2002-10-02,18.52996061226416,18.888605627670735,18.14569918156651,18.27094078063965,15673000.0
2002-10-03,18.06031027072013,18.202629498880558,17.00714776517106,17.021379470825195,23276000.0
2002-10-04,17.04984482427219,17.44264513194051,16.1902365127122,16.509031295776367,21492200.0
2002-10-07,16.511875830544366,16.765204960421066,15.71488839621098,15.825897216796875,18664200.0
2002-10-08,16.067839838754598,16.63711670754442,15.882824422074123,16.28131866455078,23262400.0
2002-10-09,16.284167711511262,16.284167711511262,15.367632514357902,15.413174629211426,20963200.0
2002-10-10,15.413172923677712,16.306937507410257,15.356245014957707,16.127614974975586,16985600.0
2002-10-11,16.58019133243005,17.306019233683518,16.55457382599477,16.90752601623535,15836400.0
2002-10-14,16.91037330302419,17.405644772580402,16.70828022788406,17.28040313720703,11443600.0
2002-10-15,17.93221973375676,18.771902170102646,17.93221973375676,18.714975357055664,30901600.0
2002-10-16,18.529962698067134,19.070776188482228,18.52711570550806,19.028079986572266,20498400.0
2002-10-17,19.028087855890696,19.568901569966485,19.028087855890696,19.5205135345459,19231800.0
2002-10-18,19.52335496974952,19.91046352919847,19.369652080562624,19.731142044067383,16167800.0
2002-10-21,19.611586253084667,20.09547066588704,19.4977304584198,20.024311065673828,16888200.0
2002-10-22,19.753909811577937,19.96738865931483,19.65713160469526,19.825069427490234,14686200.0
2002-10-23,19.75390380025809,20.004384790262502,19.440802019847954,19.953149795532227,18444000.0
2002-10-24,20.021466115855212,20.123936124343945,19.403801244189548,19.492040634155273,13821400.0
2002-10-25,19.326949784519435,20.010082449188857,19.213093978471385,19.873455047607422,13621800.0
2002-10-28,20.15240041751426,20.206480239037877,19.696977221487817,19.78236961364746,13550000.0
2002-10-29,19.82507458304879,19.92754463033961,19.534742058518216,19.765300750732422,14682400.0
2002-10-30,19.88199749680518,20.206485191958777,19.83360947614281,20.052780151367188,12186000.0
2002-10-31,20.109703822769426,20.266253643133595,19.76244461991194,19.867761611938477,14313000.0
2002-11-01,19.696986573907672,20.14386900560953,19.65429252917483,19.99870491027832,10612600.0
2002-11-04,20.00154973218066,20.49397537375725,19.936084082510455,19.99870491027832,13113600.0
2002-11-05,19.924696518849558,20.303266273896398,19.896233101003688,20.21502685546875,9459600.0
2002-11-06,20.203634200407386,20.351645210059264,19.694131213575307,19.95030403137207,15957800.0
2002-11-07,19.953161332478142,19.953161332478142,19.090706898861548,19.19602394104004,14829000.0
2002-11-08,19.252943133196332,19.51196514555125,18.914222708307246,19.10208511352539,11900600.0
2002-11-11,19.085009026956353,19.235867058675584,18.95692042090903,18.999616622924805,7378000.0
2002-11-12,19.130555213997607,19.54043538940112,19.122016405613305,19.1704044342041,10981600.0
2002-11-13,19.09923993309768,19.49773420519184,18.85729768020379,19.159013748168945,12475400.0
2002-11-14,19.45503951457308,19.637207966553767,19.40095968051644,19.56889533996582,9758200.0
2002-11-15,19.57173577789788,19.645740193741503,19.35540999926468,19.58027458190918,10951400.0
2002-11-18,19.739668288295544,19.76813168774641,19.085001414452837,19.187471389770508,9449400.0
2002-11-19,19.190329532317687,19.63436712416992,18.956926020192927,19.418041229248047,12838200.0
2002-11-20,19.36964478531958,19.85352921657425,19.36964478531958,19.78236961364746,10154400.0
2002-11-21,19.78522007039147,20.42280961621004,19.78522007039147,20.32887840270996,15202000.0
2002-11-22,20.331717953725743,20.493961730561285,20.09262060429433,20.286174774169922,9998400.0
2002-11-25,20.286173299705833,20.49396024099458,20.121084714860963,20.26624870300293,9659200.0
2002-11-26,20.252028137110443,20.25487512994286,19.76244960765849,19.79945182800293,10350400.0
2002-11-27,19.967384805305993,20.29471940964584,19.873453609243313,20.206480026245117,8072600.0
2002-11-29,20.23494146853648,20.266251864184664,19.870604688214193,19.947458267211914,4974200.0
2002-12-02,19.95030830081047,20.29472274294179,19.5688938128713,19.671363830566406,15108600.0
2002-12-03,19.67420978755056,19.91045804271603,19.477808568703388,19.725444793701172,11371400.0
2002-12-04,19.66510651183416,20.03858641860256,19.61914100175258,19.7800235748291,12885800.0
2002-12-05,19.78002434756746,19.85184724076259,19.397926029722772,19.420909881591797,9349800.0
2002-12-06,19.291627742213986,19.851845379877684,19.277262288177255,19.604774475097656,12003200.0
2002-12-09,19.56455895990906,19.736933494208916,19.478372788689693,19.550195693969727,9576600.0
2002-12-10,19.55306993703557,19.932294845581055,19.509977940954283,19.932294845581055,8687800.0
2002-12-11,19.722568933868768,20.012734065877556,19.705329947267398,19.966766357421875,9990600.0
2002-12-12,20.08168328431405,20.12477746269899,19.85472265722358,19.97825813293457,8538400.0
2002-12-13,19.880576886963304,19.92367106326259,19.607650756835938,19.607650756835938,7195400.0
2002-12-16,19.693841743128008,20.31151698253077,19.653621091032793,20.190855026245117,10135000.0
2002-12-17,20.12477485690499,20.210961010654366,19.912177522229698,19.940908432006836,8419200.0
2002-12-18,19.607659577135216,19.837493826212672,19.50710791511202,19.67086410522461,11451200.0
2002-12-19,19.65075087007352,19.958152872485613,19.607656680754502,19.679479598999023,10848600.0
2002-12-20,19.929426218362025,20.19660758972168,19.871966562667517,20.19660758972168,13935800.0
2002-12-23,20.0529595550475,20.368979955445017,19.98113663714527,20.142019271850586,8917400.0
2002-12-24,20.14202421680168,20.17650001492885,20.018488680006893,20.038599014282227,2935800.0
2002-12-26,20.121907046979953,20.294281595334905,19.95240383693032,20.0644474029541,4670800.0
2002-12-27,20.064440682913133,20.167865815658917,19.794388117952977,19.87195587158203,6335000.0
2002-12-30,19.923673085421985,20.13914179692661,19.722569831428768,20.052955627441406,6909400.0
2002-12-31,20.052965045129323,20.110422518437154,19.716832031505955,19.986886978149414,7148400.0
2003-01-02,20.0845535278737,20.354606097303122,19.94952614722869,20.305767059326172,12584000.0
2003-01-03,20.139148308974217,20.271302231739384,19.978265653757806,20.17936897277832,7803400.0
2003-01-06,20.009860173961467,20.598806632828506,19.82599372718863,20.469526290893555,12500600.0
2003-01-07,20.47240042820363,20.6447749531866,20.348864950124653,20.501129150390625,9804800.0
2003-01-08,20.504004528299966,20.504004528299966,20.328756457743978,20.417816162109375,8487600.0
2003-01-09,20.51263247458155,20.70799096260089,20.51263247458155,20.685007095336914,8655400.0
2003-01-10,20.475270391775112,20.814274551293362,20.452288730684696,20.62753677368164,10312600.0
2003-01-13,20.69936389527168,20.825770728583258,20.57008133992815,20.79416847229004,9200200.0
2003-01-14,20.699361476828695,20.82576829537133,20.5988076593561,20.82289695739746,9981800.0
2003-01-15,20.822903179816027,20.828648049341524,20.360363371923093,20.52699089050293,12833200.0
2003-01-16,20.48101416576804,20.65913570977823,20.268419039721397,20.3976993560791,10803400.0
2003-01-17,20.24832228102984,20.558595686468138,20.213846484042485,20.535614013671875,10169000.0
2003-01-21,20.469537307122646,20.616056714200287,20.320146560668945,20.320146560668945,8987600.0
2003-01-22,20.32301268714323,20.535610106994604,20.17649550950972,20.368980407714844,13887400.0
2003-01-23,20.417817486945236,20.653396552376005,20.34024970582958,20.57008171081543,11231000.0
2003-01-24,20.570085662442825,20.570085662442825,19.98401032056937,20.001249313354492,12940400.0
2003-01-27,19.995489858054675,20.110406907325764,19.682343145447884,19.713945388793945,14438800.0
2003-01-28,19.716823097504857,19.917928546682468,19.67947597596354,19.851850509643555,8976000.0
2003-01-29,19.85185388612092,20.20522360334933,19.564562217170224,19.992626190185547,11114000.0
2003-01-30,19.880590935985214,20.10755171247773,19.69385302649429,19.739818572998047,10439200.0
2003-01-31,19.73981058082356,20.193731950026752,19.650750863625262,20.12478256225586,11305000.0
2003-02-03,20.124784689681483,20.24832020975514,20.00699403925374,20.119037628173828,8517400.0
2003-02-04,20.121912524540935,20.121912524540935,19.662246206510858,19.719703674316406,12388000.0
2003-02-05,19.82312543548807,20.153511297785172,19.613401549794997,19.679479598999023,13363200.0
2003-02-06,19.682357258431303,19.828874464246333,19.426667791190976,19.6564998626709,14258200.0
2003-02-07,19.659361268521387,19.87195640628115,19.432400676214623,19.51858901977539,9889600.0
2003-02-10,19.518598816070664,19.665116005055395,19.392189766566922,19.596166610717773,11253400.0
2003-02-11,19.596169837997024,19.87196965263051,19.374956156795676,19.458271026611328,11087000.0
2003-02-12,19.46114136931732,19.578932031878235,19.30600357055664,19.30600357055664,10268000.0
2003-02-13,19.36345244377999,19.532953419627344,19.11925504528869,19.420909881591797,11433200.0
2003-02-14,19.37782220960072,19.79439644503193,19.317491222095818,19.785778045654297,10414400.0
2003-02-18,19.785781096324705,20.12765674489791,19.785781096324705,20.05583381652832,9671800.0
2003-02-19,20.052964478134058,20.05583581741479,19.823130207677043,20.038599014282227,8897600.0
2003-02-20,20.038583664286424,20.064438849179624,19.886319508287713,19.95526885986328,8666000.0
2003-02-21,19.995498218893346,20.256934670097582,19.92942236743955,20.21384048461914,11533600.0
2003-02-24,20.110417629090314,20.21096927886345,19.722574298901602,19.72831916809082,11315600.0
2003-02-25,19.607659710003475,19.877714625720195,19.432411587063285,19.843238830566406,12131800.0
2003-02-26,19.843227536639592,19.843227536639592,19.553062453531666,19.630632400512695,13251600.0
2003-02-27,19.63064234117246,19.969646634054723,19.62202394089048,19.880584716796875,10065200.0
2003-02-28,19.89493476200839,20.13913207883793,19.794383183532698,19.892061233520508,12520400.0
2003-03-03,19.95240936189575,20.18511714888163,19.650754366709474,19.70246696472168,12544800.0
2003-03-04,19.728315096273093,19.966767667849474,19.544448634105095,19.550195693969727,9746800.0
2003-03-05,19.61980586868192,19.822818491348716,19.558902081881882,19.819917678833008,12694200.0
2003-03-06,19.819908884756376,19.866313013731677,19.526991118114736,19.764806747436523,10890600.0
2003-03-07,19.46318943847743,20.031626826845585,19.46318943847743,20.008424758911133,11318000.0
2003-03-10,19.79381594392874,19.848920315417274,19.31528368736539,19.3848876953125,12046800.0
2003-03-11,19.38487944308799,19.486387918443025,18.958553139813265,19.03395652770996,15528200.0
2003-03-12,18.981756575724347,19.097764703274848,18.636635217417115,19.094863891601562,17628800.0
2003-03-13,19.286274541172606,19.648798498713443,19.15576680152616,19.605295181274414,14148600.0
2003-03-14,19.677801268803364,19.85181233734957,19.486389757203778,19.521190643310547,12576000.0
2003-03-17,19.52119850754797,20.051934361194334,19.338487143868655,20.04613494873047,14287000.0
2003-03-18,20.049033188797903,20.098338150878384,19.674908030450545,19.819917678833008,12402200.0
2003-03-19,19.83730949909743,20.191133201794393,19.819906846186306,20.156330108642578,11742200.0
2003-03-20,20.15633857360385,20.28684635555864,19.706807835454935,20.162137985229492,12306000.0
2003-03-21,20.16213411843637,20.446353912353516,20.16213411843637,20.446353912353516,16477000.0
2003-03-24,20.08383304894988,20.21434082629332,19.915621353022264,19.953325271606445,11811400.0
2003-03-25,20.037427942772208,20.272345028426844,19.93882246466548,20.101232528686523,8564800.0
2003-03-26,20.136035449329892,20.147636484178285,19.83441518128514,19.88081932067871,10195200.0
2003-03-27,19.880814078077606,19.94461643391226,19.61689558338248,19.805408477783203,9681000.0
2003-03-28,19.805412898053163,19.99102502276478,19.640102030335907,19.88951873779297,9108200.0
2003-03-31,19.434192654751907,19.7532134215703,19.379088283263375,19.3848876953125,11451800.0
2003-04-01,19.561801967786295,19.7213134765625,19.489297138828345,19.7213134765625,13214600.0
2003-04-02,20.08383461107298,20.298448253072902,19.959126235450434,20.2491455078125,13986000.0
2003-04-03,20.301345911597384,20.35934887199065,20.040328164485484,20.066431045532227,10945200.0
2003-04-04,20.170834268355975,20.301342010498047,20.080926820550562,20.301342010498047,8445600.0
2003-04-07,20.504367418335832,20.736383786328616,20.138944625854492,20.138944625854492,15174400.0
2003-04-08,20.138933284127052,20.600062734659616,20.0838289299109,20.54785919189453,13142400.0
2003-04-09,20.312948510912143,20.684172796435014,20.312948510912143,20.34775161743164,13717600.0
2003-04-10,20.460857819776766,20.65226936340332,20.362250129743387,20.65226936340332,9260800.0
2003-04-11,20.466658078239597,20.88138568805079,20.466658078239597,20.689971923828125,11159600.0
2003-04-14,20.747981005326032,20.89589146800103,20.489864005118253,20.881389617919922,14626600.0
2003-04-15,20.881373517750255,21.15689075548592,20.591354441114834,21.07858657836914,13615800.0
2003-04-16,21.12789759217868,21.156899068703833,20.73637212741206,20.878480911254883,13037600.0
2003-04-17,20.878485443092842,21.142404025900213,20.8523847723561,21.1366024017334,9319200.0
2003-04-21,21.136601270375404,21.426620508395946,21.032194167674316,21.113401412963867,8177400.0
2003-04-22,21.032195277806196,21.57743289017338,20.991592759353914,21.531028747558594,13733200.0
2003-04-23,21.374411656693848,21.696333108081394,21.365711435738074,21.620929718017578,11959800.0
2003-04-24,21.336713525316345,21.620933329142325,21.214905986249928,21.333812713623047,11075400.0
2003-04-25,21.220707074523226,21.374416916354097,20.99159161140263,21.049596786499023,8547800.0
2003-04-28,21.069898282225612,21.519426777768402,21.052495623164848,21.3657169342041,8856000.0
2003-04-29,21.380225062154523,21.522333912315872,21.113407813333087,21.386024475097656,10198600.0
2003-04-30,21.35411568404261,21.591931370547243,21.261309616447416,21.47592544555664,11023600.0
2003-05-01,21.475917347462264,21.603524259368413,21.116292035050364,21.533920288085938,10601600.0
2003-05-02,21.475923194135945,21.748539744489626,21.45272112650173,21.725339889526367,11668000.0
2003-05-05,21.626737798877347,21.725345505477144,21.46722630849747,21.502029418945312,10577600.0
2003-05-06,21.504924282909336,21.716637061392504,21.417917637192115,21.58032989501953,10374400.0
2003-05-07,21.58032658889895,21.68473145002544,21.377311850884404,21.536823272705078,12018400.0
2003-05-08,21.40341756264056,21.60063070454508,21.32221032906857,21.37151527404785,9640200.0
2003-05-09,21.504921469021735,21.53102213171912,21.25550481078382,21.46141815185547,10074400.0
2003-05-12,21.41211420732667,21.670231071785256,21.31930816856258,21.60932731628418,8687200.0
2003-05-13,21.609334099747795,21.673138686302956,21.435322999024486,21.554229736328125,9294600.0
2003-05-14,21.60643319729609,21.62383364349417,21.37441692218954,21.44402313232422,7810200.0
2003-05-15,21.51943399330071,21.597740453652523,21.403428028244903,21.58323860168457,9063800.0
2003-05-16,21.412118980317295,21.603530509892572,21.400517946301974,21.50782585144043,10707600.0
2003-05-19,21.50782769217434,21.50782769217434,20.948090475888666,21.0176944732666,10856000.0
2003-05-20,21.069903215894406,21.20621264498698,20.892991260604692,21.029300689697266,9977600.0
2003-05-21,20.977098812887057,21.287419409594825,20.968398586955274,21.1859130859375,9787000.0
2003-05-22,21.171402266385016,21.359915194852775,21.119198720235037,21.206205368041992,9361200.0
2003-05-23,21.20620660710847,21.461422729492188,21.14240202334477,21.388917922973633,6137000.0
2003-05-27,21.243913639911085,21.751447412878242,21.180109040139175,21.748546600341797,12112200.0
2003-05-28,21.687644917492342,21.82395435520016,21.533935028220757,21.560035705566406,15869000.0
2003-05-29,21.461426246734074,21.71664241094432,21.27291327635685,21.339618682861328,10486400.0
2003-05-30,21.426614581789742,21.638329540559656,21.403414730795284,21.519420623779297,10914600.0
2003-06-02,21.66443539806084,21.838448704608403,21.464323635804913,21.49912452697754,13884000.0
2003-06-03,21.542629785799818,21.960258218697813,21.542629785799818,21.95735740661621,14217200.0
2003-06-04,21.966124341959024,22.46336152828381,21.966124341959024,22.422412872314453,15276200.0
2003-06-05,22.074359039171235,22.638868367289188,22.074359039171235,22.439973831176758,11684000.0
2003-06-06,22.594991227237532,22.814360074103917,22.40779665643438,22.49846839904785,11757400.0
2003-06-09,22.317122748117352,22.498466215746323,22.086053984057287,22.179651260375977,9071600.0
2003-06-10,22.17965522159518,22.55111885070801,22.112381121194097,22.551118850708008,8608600.0
2003-06-11,22.600829558360804,22.94596980599513,22.469209204137368,22.928421020507812,11708200.0
2003-06-12,22.92843634324367,22.978159423043127,22.7851159590717,22.94306182861328,8836800.0
2003-06-13,22.94012333183482,23.027871731432835,22.823126209548967,22.957672119140625,7655200.0
2003-06-16,22.998637540471503,23.36717796325684,22.998637540471503,23.367177963256836,11025600.0
2003-06-17,23.384707601958745,23.384707601958745,23.2209129845055,23.3525333404541,9175600.0
2003-06-18,23.352539852051517,23.399339602393066,23.165345313755168,23.32036781311035,9997600.0
2003-06-19,23.320371376021637,23.326220229940464,22.90210802746474,22.934282302856445,10153600.0
2003-06-20,23.007403410347187,23.212146754161417,22.934280468765664,23.08052635192871,12829600.0
2003-06-23,23.08345210921329,23.150726204473266,22.697363026007494,22.79096031188965,12384000.0
2003-06-24,22.790954042825735,22.802653979284642,22.162096405251503,22.6827335357666,20650200.0
2003-06-25,22.6388543521833,23.30866050426272,22.62422887694308,23.00446891784668,24128800.0
2003-06-26,22.989845908459362,23.355460513337963,22.989845908459362,23.299888610839844,15608400.0
2003-06-27,23.261874623907183,23.364246316960486,23.19460275341596,23.285274505615234,12264400.0
2003-06-30,23.28819093002959,23.387637041046553,23.115619659423828,23.115619659423828,14915400.0
2003-07-01,23.077599201666636,23.39933967590332,22.978150847645885,23.39933967590332,13989000.0
2003-07-02,23.35546509075067,23.583608291862944,23.29404209287697,23.51633644104004,19887200.0
2003-07-03,23.51633715271434,23.609934423478443,23.264794069123006,23.402265548706055,9123800.0
2003-07-07,23.46076427227129,23.685984181647214,23.43444108448025,23.66258430480957,10966400.0
2003-07-08,23.60408983397321,23.91120714868058,23.60408983397321,23.83223533630371,9093400.0
2003-07-09,23.72108940270167,24.241724556521977,23.431523086094963,23.940458297729492,10688400.0
2003-07-10,23.94045158831508,23.972625862425048,23.71230835846999,23.867328643798828,10835200.0
2003-07-11,23.984330099462895,24.241722106933594,23.9667813037254,24.241722106933594,11561200.0
2003-07-14,24.393824338927455,24.832562178722785,24.311926965878097,24.411373138427734,23332000.0
2003-07-15,24.56930532855188,24.686302466899566,24.221239455639594,24.423059463500977,17591800.0
2003-07-16,24.48741401622425,24.496188413237064,24.01357649371398,24.21247100830078,12721200.0
2003-07-17,24.036969171307234,24.13934082500901,23.75910293532603,23.843923568725586,11370400.0
2003-07-18,23.925837985821587,24.320701599121094,23.91413804219706,24.320701599121094,10361800.0
2003-07-21,24.32069132961693,24.32069132961693,23.908276859256173,24.03697395324707,9352400.0
2003-07-22,24.028201905328995,24.478639546782063,23.949227869376617,24.332393646240234,9670600.0
2003-07-23,24.27973323931032,24.46985326397415,24.18028491484886,24.382104873657227,6604600.0
2003-07-24,24.396738206144587,24.55468178912566,23.919975220234555,23.972623825073242,9175800.0
2003-07-25,24.028210499489216,24.431848526000977,23.911213290902342,24.431848526000977,7315400.0
2003-07-28,24.33531709645325,24.42599107275079,24.19784782364894,24.227096557617188,6675600.0
2003-07-29,24.227098854330873,24.434767786188296,24.022353234072654,24.241722106933594,8460800.0
2003-07-30,24.241701232972467,24.39379810351559,24.10130652489198,24.203678131103516,7289600.0
2003-07-31,24.393811618560633,24.510808761137415,24.130568605646605,24.151042938232422,9816000.0
2003-08-01,24.148118596640142,24.148118596640142,23.566060628587728,23.61578369140625,12767400.0
2003-08-04,23.61578553614009,23.896577375298293,23.367167971091856,23.867328643798828,11993800.0
2003-08-05,23.706454024040408,23.85269987926204,23.256016522173624,23.340839385986328,12028200.0
2003-08-06,23.34083520667764,23.767872759677154,23.256012358052946,23.574827194213867,10170000.0
2003-08-07,23.457853722179127,23.58362535114584,23.29113339834293,23.55437660217285,9044400.0
2003-08-08,23.691822817098288,23.79126890346578,23.604074432569465,23.77664566040039,6158400.0
2003-08-11,23.70354182872378,23.82053902508496,23.4285987520054,23.577770233154297,8421600.0
2003-08-12,23.580675123586104,23.835141403896102,23.548500866978227,23.81759262084961,7081400.0
2003-08-13,23.817609553459597,23.896581364846067,23.54559206518425,23.630414962768555,6107400.0
2003-08-14,23.665503317366404,23.83807234047378,23.49000652104332,23.814672470092773,5994400.0
2003-08-15,23.81467766967599,23.838077545166016,23.712306003825827,23.838077545166016,3451600.0
2003-08-18,23.73570685276806,23.794204312357277,23.601160910484836,23.71230697631836,6788600.0
2003-08-19,23.91997606003623,23.928750455894907,23.545586959832335,23.75325584411621,9750800.0
2003-08-20,23.753252126987658,23.972620915265935,23.58945747916432,23.899497985839844,7226600.0
2003-08-21,23.899511674446305,24.036983217550667,23.60409424553285,23.68891716003418,9304400.0
2003-08-22,23.779580391092736,23.80590357770334,22.884554110237573,22.92550277709961,18321200.0
2003-08-25,22.96059865152472,22.998621769506,22.706130066938805,22.714906692504883,14025400.0
2003-08-26,22.71491274098598,22.872856338678723,22.583290100861774,22.782184600830078,14179600.0
2003-08-27,22.782181365742197,22.87870417515326,22.66518422386832,22.706132888793945,7649600.0
2003-08-28,22.726604707556394,22.966447817679047,22.65348178091492,22.902101516723633,8092200.0
2003-08-29,22.852383885208162,23.19460099248461,22.820209608186143,23.179975509643555,9163000.0
2003-09-02,23.17996592490344,23.370085965547077,23.124391790929362,23.232614517211914,15231000.0
2003-09-03,23.282853309297934,23.338990633743098,22.875106481781515,23.046478271484375,21272600.0
2003-09-04,22.86918882894986,22.898735133112623,22.42598750379284,22.526445388793945,23552600.0
2003-09-05,22.322590095728422,22.824884384367987,22.322590095728422,22.49987030029297,15824400.0
2003-09-08,22.621007589608578,22.816017363979576,22.558959639828654,22.745105743408203,11766000.0
2003-09-09,22.662373427812515,22.677147715642413,22.461455286220943,22.488048553466797,9464600.0
2003-09-10,22.396445193309823,22.399398246285724,22.03597435722567,22.121660232543945,16089800.0
2003-09-11,22.100981884420307,22.556000097392833,22.100981884420307,22.33735466003418,13984400.0
2003-09-12,22.33736254352073,22.514642751358167,22.27826989232163,22.40532112121582,13503000.0
2003-09-15,22.479164214715187,22.78645063428584,22.399386740566303,22.750993728637695,10104800.0
2003-09-16,22.733275229214225,22.940101623535156,22.67418036352351,22.940101623535156,13177000.0
2003-09-17,22.839646349636997,23.064200102269805,22.810097786287358,23.037609100341797,9741800.0
2003-09-18,23.046479133620956,23.637414496021492,23.040570771862335,23.545820236206055,14302000.0
2003-09-19,23.545829760708124,23.619696710888043,23.377413204467523,23.406959533691406,12757600.0
2003-09-22,23.120351159148687,23.28876768445148,23.061258511556133,23.223764419555664,9049800.0
2003-09-23,23.25330258499056,23.439448642654263,23.226711579175298,23.356718063354492,7939000.0
2003-09-24,23.386264043747637,23.454220338245037,23.076022121552345,23.164663314819336,9751600.0
2003-09-25,23.223754456262128,23.415808859904104,23.126249600749258,23.1942081451416,9767600.0
2003-09-26,23.23853728479847,23.36263318968375,23.143987701899224,23.28285789489746,12012800.0
2003-09-29,23.046471657071127,23.282846627044293,22.984423734656897,23.25920867919922,13573000.0
2003-09-30,23.259208528470918,23.259208528470918,22.910556689851223,23.058290481567383,13869000.0
2003-10-01,23.179448064762617,23.42764218957217,23.043533146940415,23.406959533691406,14240200.0
2003-10-02,23.31535215604618,23.471949641892135,23.26807625241917,23.398082733154297,8676200.0
2003-10-03,23.39808132185455,23.708320967297283,23.39808132185455,23.50444984436035,13703000.0
2003-10-06,23.593088459008886,23.82355283658598,23.504449527607925,23.770368576049805,7875000.0
2003-10-07,23.77037005803662,23.808782292853646,23.45717508992992,23.74082374572754,10539000.0
2003-10-08,23.711272541329215,23.79695840731431,23.604904035571074,23.737863540649414,6028800.0
2003-10-09,23.859014694458207,24.083570758063683,23.749690843465135,23.835376739501953,9283600.0
2003-10-10,23.814691668012323,24.045156069774627,23.80582799936596,23.96833610534668,6839200.0
2003-10-13,24.015608749980164,24.189935824931666,24.015608749980164,24.15152359008789,7647600.0
2003-10-14,24.449946467081705,24.449946467081705,24.145615167807165,24.376079559326172,12863000.0
2003-10-15,24.449951923470273,24.449951923470273,24.107208312961227,24.246078491210938,10601600.0
2003-10-16,24.246082113958266,24.290402725972445,24.062893557184942,24.207672119140625,11029000.0
2003-10-17,24.26380953335335,24.26380953335335,24.00970711846995,24.139711380004883,9599000.0
2003-10-20,23.72605821614915,24.12789448550024,23.72605821614915,24.054027557373047,9393800.0
2003-10-21,24.030374389368895,24.142651237530465,23.89150429170902,23.938777923583984,8557600.0
2003-10-22,24.201747190883108,24.201747190883108,23.785136879041847,23.941734313964844,7701400.0
2003-10-23,23.94174269781338,24.22243831057617,23.82946580525179,24.16334342956543,6893600.0
2003-10-24,24.163343248944273,24.222438129513282,23.90333253715823,24.186981201171875,7763000.0
2003-10-27,21.953254627960966,22.23394808750253,21.713924218654135,21.73756217956543,93370000.0
2003-10-28,21.740508876013276,21.90006166759968,21.406629009563545,21.524816513061523,62329600.0
2003-10-29,21.52482467380683,22.145306484616693,21.44209406626418,21.97098159790039,52769000.0
2003-10-30,22.160075297264235,22.301900771032077,21.92370025906431,22.210304260253906,37171200.0
2003-10-31,22.263481907953803,22.41121569931944,22.219161319696358,22.375761032104492,23301400.0
2003-11-03,22.381673618277855,22.45258522033691,22.103933316707703,22.452585220336914,25707000.0
2003-11-04,22.352121744938056,22.567811805032186,22.245753241190208,22.31962013244629,26455000.0
2003-11-05,22.319625709274,22.514633178710938,22.03893009982253,22.514633178710938,23349600.0
2003-11-06,22.38167666378198,22.721464945169142,22.304854436125176,22.7037353515625,20095000.0
2003-11-07,22.73624315496566,22.74215377252054,22.49395968273809,22.49987030029297,16211200.0
2003-11-10,22.48508957974032,22.526454873833256,22.266444131786297,22.34031105041504,13692600.0
2003-11-11,22.278256975111535,22.33144123204989,22.180752128351415,22.310758590698242,10710200.0
2003-11-12,22.204397025449925,22.47918206324931,22.19553335555955,22.399404525756836,11524800.0
2003-11-13,22.346218567448627,22.402358144841262,22.222122689860107,22.281217575073242,11586400.0
2003-11-14,22.281214460277905,22.295986488836604,22.015293149591624,22.077341079711914,13011600.0
2003-11-17,21.98279296886419,22.086206192496263,21.92665339564712,22.033021926879883,12905400.0
2003-11-18,22.071433279581985,22.08325225647961,21.82028621966565,21.84983253479004,13187000.0
2003-11-19,21.84392386906384,22.041886657301905,21.838015507817033,21.97393035888672,11986200.0
2003-11-20,21.873462893941117,22.09506356179151,21.793687645379944,21.864599227905273,11660000.0
2003-11-21,21.953243643278263,22.012336261748473,21.781871893780202,21.968015670776367,12748600.0
2003-11-24,21.99756001326346,22.15415972126222,21.950286373561696,22.130521774291992,12723400.0
2003-11-25,22.151202981682598,22.239841895730123,22.041879174694913,22.174840927124023,10843800.0
2003-11-26,21.95029442475696,22.304854742405585,21.95029442475696,22.298946380615234,12625000.0
2003-11-28,21.882321910899208,22.381662697722742,21.882321910899208,22.287113189697266,5382800.0
2003-12-01,22.056662009101036,22.558956146240234,22.056662009101036,22.558956146240234,14578400.0
2003-12-02,22.579638848348154,22.691918005899897,22.544184170586067,22.635778427124023,18055400.0
2003-12-03,22.66264513097543,22.692503232254555,22.48946495431856,22.52828025817871,16416400.0
2003-12-04,22.528281500953284,22.558141881906764,22.44766439524969,22.537240982055664,14279200.0
2003-12-05,22.498417696969963,22.61785235643767,22.420784826611953,22.4267578125,11470400.0
2003-12-08,22.429757924261043,22.69251251220703,22.39392682125694,22.69251251220703,14351000.0
2003-12-09,22.746257863168058,22.749244357903805,22.456629380556958,22.516347885131836,13526000.0
2003-12-10,22.811943350306354,22.811943350306354,22.46856940872038,22.570087432861328,10213200.0
2003-12-11,22.60293405576501,22.68653995597622,22.55814802818668,22.659666061401367,12332600.0
2003-12-12,22.662650530124147,22.749240639081805,22.62383293898899,22.647720336914062,10176000.0
2003-12-15,22.90151708175211,23.023938284424585,22.758197253971392,22.820899963378906,17195400.0
2003-12-16,22.78207534358371,23.223980623064563,22.76714515686035,23.140377044677734,13961600.0
2003-12-17,23.140385407381565,23.283707506430343,23.1045543131125,23.253847122192383,9198800.0
2003-12-18,23.235930037937514,23.55840301513672,23.173227338708873,23.55840301513672,14935800.0
2003-12-19,23.558406358323193,23.692768978876728,23.483759951787334,23.58826446533203,17564800.0
2003-12-22,23.513623170479626,23.674859717011994,23.486751551738248,23.606184005737305,9015000.0
2003-12-23,23.528543466899354,23.719638046530797,23.516599770919,23.68082046508789,9983400.0
2003-12-24,23.662914276123047,23.767418804702242,23.642013370407206,23.662914276123047,3195600.0
2003-12-26,23.61813035463052,23.782353414332732,23.588272237783286,23.764436721801758,3974800.0
2003-12-29,23.85699047240535,23.97642517089844,23.770400372948547,23.976425170898438,8800000.0
2003-12-30,23.889841720876895,24.036148071289066,23.88685522612578,24.036148071289062,6945400.0
2003-12-31,23.961507538426094,24.045111187782755,23.90477551435039,24.0152530670166,8070200.0
2004-01-02,23.812197022394475,24.015235282483932,23.56138626006292,23.615129470825195,16897000.0
2004-01-05,23.683809280395508,23.76741288242683,23.504658379181627,23.683809280395508,14535400.0
2004-01-06,23.624097645861173,23.704714769703866,23.5285503281824,23.64499855041504,15083600.0
2004-01-07,23.60319698022386,23.639025800948726,23.53153478271859,23.59125328063965,13346200.0
2004-01-08,23.591253398134626,23.630068713455803,23.513620489464486,23.60319709777832,13774200.0
2004-01-09,23.588271000967815,23.603201197622738,23.346417305749693,23.394189834594727,13173400.0
2004-01-12,23.349393970893985,23.468828671420724,23.337452551066004,23.4389705657959,10848600.0
2004-01-13,23.364307947197965,23.51360064973597,23.32549266462739,23.37923812866211,10750800.0
2004-01-14,23.382243018200743,23.67784447078916,23.382243018200743,23.662914276123047,12892800.0
2004-01-15,23.68081433627361,23.842050773238235,23.170233424898875,23.492706298828125,22091200.0
2004-01-16,23.498685260554357,23.6629082479339,23.343421754508753,23.5942325592041,14935800.0
2004-01-20,23.662905296697886,23.93163275251815,23.633047196723858,23.907745361328125,14564800.0
2004-01-21,23.90775357972695,24.475066786358003,23.871922480624807,24.43923568725586,18121600.0
2004-01-22,24.439237541778187,24.54374207455481,24.31980281373578,24.39444923400879,15677800.0
2004-01-23,24.484009203338907,24.58552717243666,24.18243723262112,24.266040802001953,12525800.0
2004-01-26,24.23021646168402,24.573590280283724,24.18841466930077,24.555673599243164,11386200.0
2004-01-27,24.573598742471912,24.699004162806396,24.481035646296597,24.48402214050293,14184200.0
2004-01-28,24.543742833633026,24.767682101377954,23.88685522612578,24.036148071289062,16121200.0
2004-01-29,24.185434102376068,24.197377799987443,23.886848496173894,24.16154670715332,13861000.0
2004-01-30,24.125720990352228,24.561655758022894,24.07495969947874,24.322786331176758,11857400.0
2004-02-02,24.322783169625634,24.50790706526979,24.230222360817248,24.34965705871582,10329800.0
2004-02-03,24.304876261964083,24.463126317348998,24.242173538775422,24.33772087097168,7410400.0
2004-02-04,24.221271270276656,24.50492675610291,24.221271270276656,24.39444923400879,10217800.0
2004-02-05,24.394445538533944,24.58852665744833,24.304871214592577,24.48402214050293,8777800.0
2004-02-06,24.48401187405157,24.737809102506528,24.48401187405157,24.7109375,8582800.0
2004-02-09,24.60346129391802,24.684078427827732,24.334733717505603,24.388479232788086,7605000.0
2004-02-10,24.394446720456482,24.43923502361099,24.26008408902069,24.370561599731445,9265200.0
2004-02-11,24.280979623100897,24.52283321740469,24.110785931178373,24.48103141784668,11446800.0
2004-02-12,24.409378527660504,24.540756951457197,24.328761399075727,24.379520416259766,5974200.0
2004-02-13,24.498951067423253,24.540752872041136,24.31979787274376,24.355628967285156,8155400.0
2004-02-17,24.42430437247322,24.648243585137603,24.397430482379207,24.442218780517578,7614800.0
2004-02-18,24.37951636364609,24.487007369242786,24.304869958538802,24.355628967285156,7458000.0
2004-02-19,24.35563182351556,24.555683665936943,24.27799891525212,24.295915603637695,9204400.0
2004-02-20,24.27203268309659,24.397438134796296,24.09885242425708,24.28696060180664,9703400.0
2004-02-23,24.304871214592577,24.50790953809834,24.245152720604047,24.48402214050293,9652400.0
2004-02-24,24.349661719276913,24.579571677364175,24.242170698396997,24.319801330566406,11676600.0
2004-02-25,24.33472961634631,24.48103594183611,24.29292780906351,24.397432327270508,8476400.0
2004-02-26,24.367573924759817,24.513880248483385,24.307857708798906,24.48402214050293,8446800.0
2004-02-27,24.454159982132214,24.62734016897335,24.343682495072752,24.46013069152832,13627000.0
2004-03-01,24.52581554896981,24.65420741954573,24.47207006179787,24.522829055786133,8755600.0
2004-03-02,24.53179421386625,24.70795862602465,24.498949615323603,24.633312225341797,14651400.0
2004-03-03,24.693608993186754,24.91974093946075,24.63029232427001,24.910696029663086,11514200.0
2004-03-04,24.84437289454129,24.886584022903243,24.72376868479258,24.759950637817383,8526000.0
2004-03-05,24.64838299063606,25.025269580706947,24.603156139760912,24.946876525878906,11972000.0
2004-03-08,24.844373217243284,24.98608299301363,24.802162088333052,24.856433868408203,8339400.0
2004-03-09,24.753919499585205,24.826281106287254,24.591104159255085,24.654420852661133,10125200.0
2004-03-10,24.657429180700255,24.660444917670663,24.06647125283273,24.117727279663086,12053200.0
2004-03-11,24.120747559792683,24.383061517625574,23.903660463701147,23.985069274902344,15975200.0
2004-03-12,24.0755200867705,24.253411791680822,24.015219139535564,24.21722984313965,10854400.0
2004-03-15,24.129792502628604,24.232306876061077,23.86446510725506,23.936826705932617,10856800.0
2004-03-16,24.165981780812118,24.196132264376853,24.015227062654006,24.153921127319336,13631600.0
2004-03-17,24.316727194585205,24.422254996850562,24.165972534110818,24.256423950195312,11188000.0
2004-03-18,24.075522591222217,24.220248100108265,23.991100336177826,24.14487075805664,11857000.0
2004-03-19,24.27150685513294,24.280551769137286,24.06346463169629,24.075525283813477,19400800.0
2004-03-22,23.95491975567972,23.969996145086984,23.668486759614193,23.737834930419922,14832200.0
2004-03-23,23.9428619333346,23.9428619333346,23.653410892594206,23.677532196044922,15793400.0
2004-03-24,23.692609158672717,23.789092074474436,23.51773315492767,23.6112003326416,14829000.0
2004-03-25,23.713708619787624,24.07853462312792,23.656421112538517,24.0423526763916,13512600.0
2004-03-26,24.000139516942273,24.238332136975206,23.96998904738959,24.150894165039062,14308000.0
2004-03-29,24.36195503926744,24.524768054878923,24.304667529860723,24.434316635131836,12083200.0
2004-03-30,24.43130455680164,24.71170837064784,24.416230468086294,24.654420852661133,11363600.0
2004-03-31,24.65743150606333,24.68456854068957,24.395119873232993,24.41622543334961,17437000.0
2004-04-01,24.557939089761064,24.708693785954402,24.49763813141737,24.5639705657959,12958000.0
2004-04-02,24.70869670074799,24.77804488132468,24.1780417637886,24.274524688720703,22860800.0
2004-04-05,24.274524280896873,24.509701262696897,24.099648263540942,24.49764060974121,15189800.0
2004-04-06,24.46748573091587,24.726783972033534,24.45844081790799,24.72376823425293,14484800.0
2004-04-07,24.69361822073591,24.717739522765434,24.557937622070312,24.557937622070312,11183200.0
2004-04-08,24.705671416810524,24.72074550077989,24.358935280849195,24.437328338623047,8213200.0
2004-04-12,24.49763647117658,24.72075276232825,24.494620733363544,24.714723587036133,10105000.0
2004-04-13,24.72075369286185,24.72075369286185,24.199143747935942,24.27150535583496,16865000.0
2004-04-14,23.894619489288743,24.380049797955916,23.846376882058507,24.147886276245117,23632200.0
2004-04-15,24.253414187904244,24.31371514109688,23.976023822349955,24.205171585083008,14383800.0
2004-04-16,24.256410773590797,24.4222417301631,24.165959406641434,24.35590934753418,14094600.0
2004-04-19,24.355931611422708,24.59110860093285,24.24135885508901,24.47050666809082,10681400.0
2004-04-20,24.4705014277998,24.618240374127485,24.144870758056637,24.14487075805664,12165600.0
2004-04-21,24.181044958298894,24.392102848659817,24.045366693328834,24.29561996459961,11839600.0
2004-04-22,24.328788899249645,24.663464444053247,24.208184705569614,24.539844512939453,12743200.0
2004-04-23,24.557937622070312,24.573014010922257,24.407182934886738,24.557937622070312,8803200.0
2004-04-26,24.557941574185296,24.61522910064122,24.461458650874153,24.49764060974121,9030400.0
2004-04-27,24.54286721412472,24.72075666751823,24.518745908477843,24.66045570373535,10603800.0
2004-04-28,24.548888940999014,24.59110006290491,24.392105102539062,24.392105102539062,9604200.0
2004-04-29,24.4674813418828,24.63331008472642,24.138834992768153,24.316726684570312,13749000.0
2004-04-30,24.32576779784419,24.407174287935753,24.165968254096672,24.26848030090332,10545800.0
2004-05-03,24.19009344624289,24.47652637644466,24.19009344624289,24.41622543334961,8869600.0
2004-05-04,24.401141652149686,24.69360596822385,24.346869899678882,24.579030990600586,11293800.0
2004-05-05,24.485570768055304,24.615219863257426,24.482555030864514,24.594114303588867,9738800.0
2004-05-06,24.395118259182556,24.500646052783637,23.96998904738959,24.150894165039062,14865400.0
2004-05-07,24.015223097543057,24.199144007355855,23.593109496327887,23.683563232421875,14631800.0
2004-05-10,23.54788407435111,23.584066031077445,23.219239927006846,23.49361228942871,16220800.0
2004-05-11,23.51772411553061,23.668478757296832,23.351893089454453,23.64737319946289,12327200.0
2004-05-12,23.83431019922104,24.229286631433222,23.641344438420177,24.223255157470703,18760800.0
2004-05-13,24.108687791626902,24.482558748382694,24.108687791626902,24.175020217895508,14427400.0
2004-05-14,24.22627047748513,24.36195103530673,24.045365367389607,24.18104362487793,10800600.0
2004-05-17,23.89461209611948,24.367981606515073,23.89159635901715,24.0815486907959,12478400.0
2004-05-18,24.196124276941458,24.386074330995452,24.184063627430042,24.377029418945312,10636000.0
2004-05-19,24.476526253268183,24.660447119216094,24.30165029870566,24.316726684570312,13052000.0
2004-05-20,24.392110123231674,24.603165776203294,24.337838340991244,24.51874351501465,10673400.0
2004-05-21,24.566986303813316,24.687588220500697,24.503667307118096,24.5639705657959,9685400.0
2004-05-24,24.675522764383366,24.687583413770692,24.55190513374721,24.58808708190918,8437200.0
2004-05-25,24.488592059047054,24.859447305948937,24.437336016846633,24.856433868408203,13229400.0
2004-05-26,24.756931682156786,25.00718498229981,24.756931682156786,25.007184982299805,14386200.0
2004-05-27,25.02527468960158,25.064470074850718,24.678538495883743,24.907686233520508,14058000.0
2004-05-28,24.907675075948106,25.130791238779334,24.883553787984557,25.0644588470459,10294000.0
2004-06-01,24.96498806344671,25.052423796054835,24.862473635041525,25.037349700927734,11683400.0
2004-06-02,25.433103370084726,25.433103370084726,25.00992886955976,25.30828094482422,10461200.0
2004-06-03,25.283935529790213,25.36613393395278,25.19260190497797,25.27784538269043,8925800.0
2004-06-04,25.344821620235198,25.506175668526147,25.314377854602828,25.45137596130371,9897600.0
2004-06-07,25.493994462879932,25.783216006465135,25.490951712600083,25.76494789123535,11347400.0
2004-06-08,25.618814468383793,25.694925026921645,25.50008218288153,25.61881446838379,11520600.0
2004-06-09,25.54270966061487,25.637086031182843,25.42702009905626,25.436155319213867,7264400.0
2004-06-10,25.423985744500758,25.646227398143914,25.305253393056066,25.637094497680664,7477600.0
2004-06-14,25.48181099937008,25.594455448610397,25.131704330444336,25.131704330444336,10849400.0
2004-06-15,25.3295994991691,25.71015239021858,25.317423850640772,25.643177032470703,14701200.0
2004-06-16,25.649259347417246,25.728414982112294,25.548792848309304,25.551837921142578,11355200.0
2004-06-17,25.466597036657838,25.58837441248317,25.417885157243607,25.472684860229492,8878600.0
2004-06-18,25.515309247032267,25.76495184821818,25.49704345170736,25.72842025756836,9613000.0
2004-06-21,25.72841894416262,25.871507194131244,25.72841894416262,25.859329223632812,10067600.0
2004-06-22,25.807571141548415,25.84105997827935,25.637084207434754,25.731460571289062,12322000.0
2004-06-23,25.679700515516227,25.83496669640051,25.54574751960351,25.807565689086914,16322800.0
2004-06-24,25.862374400103054,26.08461831780268,25.834975705944377,26.011552810668945,13723000.0
2004-06-25,26.01459099640072,26.0785259169726,25.573150634765625,25.573150634765625,16040800.0
2004-06-28,25.83193125048666,25.941530675165154,25.649266316926052,25.792354583740234,11361600.0
2004-06-29,25.71319428463876,25.841059482772163,25.679705448549978,25.74668312072754,7428400.0
2004-06-30,25.749739139348073,25.93544919197695,25.53662806249448,25.761917114257812,10198800.0
2004-07-01,25.764940303111736,25.877584743464574,25.48180898889251,25.567054748535156,8796400.0
2004-07-02,25.573154278524974,25.856285722374206,25.533577614031614,25.643177032470703,5847800.0
2004-07-06,25.57620272019015,25.609691564829554,25.442247341632534,25.469648361206055,6669400.0
2004-07-07,25.542710511783117,25.743641230447775,25.487910802563572,25.643177032470703,6396800.0
2004-07-08,25.557933183780758,25.673622758021246,25.430067960082983,25.454423904418945,7413800.0
2004-07-09,25.603594022563737,25.640127930540256,25.466595932394558,25.545751571655273,6017200.0
2004-07-12,25.576205394269046,25.831935882568356,25.576205394269046,25.83193588256836,8271800.0
2004-07-13,25.786253608963133,25.97500861058831,25.734498992015958,25.917163848876953,9971000.0
2004-07-14,25.755821052883746,25.984152803924754,25.53662220025067,25.66448974609375,14940400.0
2004-07-15,25.7314683557461,25.801491123560982,25.52749252319336,25.52749252319336,11974200.0
2004-07-16,25.740595869206867,25.83801730652719,25.60664052187507,25.71623992919922,11502400.0
2004-07-19,25.81671134100995,26.09375266238495,25.77713235030586,25.9932861328125,10999200.0
2004-07-20,25.923265841069224,25.990243527827264,25.740600900726857,25.956754684448242,11247200.0
2004-07-21,26.014590615781433,26.060257420074542,25.545751571655273,25.545751571655273,10661400.0
2004-07-22,25.521396267801716,25.87454809618479,25.481817285831827,25.838016510009766,12562200.0
2004-07-23,25.810622158095825,25.935444636964803,25.70711287360909,25.834978103637695,9412800.0
2004-07-26,25.76495021070305,26.02981583963293,25.75886238688516,25.959793090820312,9489200.0
2004-07-27,25.962847029704683,25.996335878914483,25.704071458938074,25.87760353088379,11091600.0
2004-07-28,25.764951474494115,25.953706540052078,25.664487278953864,25.856285095214844,8186600.0
2004-07-29,25.93847629694476,26.011544102326894,25.76494432390437,25.86845588684082,6422200.0
2004-07-30,25.825842227459525,25.898907732951123,25.710152660828072,25.88064193725586,6810400.0
2004-08-02,25.81671392545145,26.133331946515593,25.761914205899778,26.08157730102539,7586800.0
2004-08-03,26.01460707241758,26.18205135317954,26.00851924525879,26.12420654296875,8211000.0
2004-08-04,26.032863466625834,26.048084189018823,25.822797522291626,25.90804100036621,8889200.0
2004-08-05,25.962836948308333,25.965882021429856,25.5427074432373,25.542707443237305,9471000.0
2004-08-06,25.527483456311938,25.783216166727268,25.390485366142755,25.545751571655273,10409600.0
2004-08-09,25.588371827011837,25.646214274583972,25.50921619231679,25.551837921142578,7536200.0
2004-08-10,25.570116062098876,25.87760353088379,25.54880518739365,25.87760353088379,8664400.0
2004-08-11,25.801475890470687,26.0389404296875,25.74667620275068,26.0389404296875,8985800.0
2004-08-12,25.962842427956186,26.060263884014322,25.920220686100173,25.971975326538086,7531800.0
2004-08-13,25.965874422943877,25.996318177119537,25.761898714986422,25.865407943725586,7832000.0
2004-08-16,25.86236580351217,26.212474822998047,25.838012191036402,26.212474822998047,9970400.0
2004-08-17,26.25510067578416,26.501700493564005,26.242922706276868,26.44994354248047,10672800.0
2004-08-18,26.440814916448662,26.711768394294243,26.410371149118593,26.62347984313965,11816400.0
2004-08-19,26.593037373806617,26.71481477178137,26.5656386786854,26.687416076660156,9856200.0
2004-08-20,26.64175227270455,26.958372614134003,26.580862405481035,26.94314956665039,10309600.0
2004-08-23,26.927916219063956,27.00402678194736,26.81527407253095,26.882251739501953,8469400.0
2004-08-24,26.88225379787055,27.004028849640246,26.8365869921018,27.000986099243164,9984400.0
2004-08-25,26.94922628243017,27.019249020193204,26.882250940160723,26.99793815612793,9729000.0
2004-08-26,26.967486609151926,27.077085970613428,26.851797103881832,26.851797103881836,8829400.0
2004-08-27,26.897482300320846,27.183658864742508,26.860950703304226,27.09841537475586,6883400.0
2004-08-30,27.27194824585705,27.320657817575647,27.113636911671936,27.13799285888672,6437700.0
2004-08-31,27.247585378446722,27.393718701910288,27.11972017211009,27.38762855529785,10125800.0
2004-09-01,27.3384271063621,27.436833047654055,26.72338938674173,26.846397399902344,14293900.0
2004-09-02,26.969402313232422,26.987855039709622,26.61268166583601,26.969402313232422,10074100.0
2004-09-03,27.0616626866455,27.12931721875139,26.766444829787687,26.82179832458496,7788600.0
2004-09-07,27.030904589962553,27.2953709613184,26.987852143107638,27.22771644592285,9494700.0
2004-09-08,27.08010266288712,27.36302171989615,27.08010266288712,27.12930679321289,7944500.0
2004-09-09,27.2154131419548,27.35687150499259,27.10470618893702,27.289216995239258,6696800.0
2004-09-10,27.221562632670025,27.541382460208162,27.19696291223033,27.430675506591797,6291400.0
2004-09-13,27.344575337857542,27.52293683236901,27.283072506872777,27.356876373291016,7544300.0
2004-09-14,27.227735659123155,27.418398305580226,27.10472757580195,27.27693748474121,7993400.0
2004-09-15,27.28306882230554,27.350723334961636,27.117008385653943,27.166210174560547,6568000.0
2004-09-16,27.240017706422705,27.301520532102685,27.153912811997767,27.270769119262695,5731900.0
2004-09-17,27.36302362299847,27.547534432188712,27.313819489250545,27.467578887939453,9626300.0
2004-09-20,27.307669718197015,27.36917253823703,27.135457598957025,27.289216995239258,7013700.0
2004-09-21,27.289222566378733,27.55984066063919,27.258471150080773,27.47988510131836,6711900.0
2004-09-22,27.16006890423178,27.47988883883083,26.815646894775192,27.01245880126953,9312700.0
2004-09-23,27.01861133013038,27.10471624861637,26.77874695829568,26.797197341918945,6091400.0
2004-09-24,26.815645270643223,27.203119714541014,26.784893852025302,27.049360275268555,9772100.0
2004-09-27,27.12316233962462,27.178515827917025,26.92020111334093,26.950952529907227,8371100.0
2004-09-28,26.907897724543577,27.000154312357864,26.686483790735277,26.864845275878906,8270700.0
2004-09-29,26.784880513347066,26.870985381070778,26.47736178794427,26.80948257446289,9114300.0
2004-09-30,26.864834529652672,26.895585931229043,26.532713761792145,26.649572372436523,9169000.0
2004-10-01,26.772590289917797,27.313824122034156,26.69878642296004,27.160064697265625,8748600.0
2004-10-04,27.30153957064226,27.47374947958152,27.21543461617263,27.27693748474121,6801500.0
2004-10-05,27.37532828514565,27.615194970246318,27.33842752296304,27.504487991333008,8014600.0
2004-10-06,27.627496000796103,27.904263471527212,27.572144852832825,27.830459594726562,9269600.0
2004-10-07,27.830449439433476,27.941156387329105,27.645938641668124,27.9411563873291,7423000.0
2004-10-08,27.9042528488891,28.03341251685019,27.68899064592403,27.762794494628906,6117800.0
2004-10-11,27.855071067779217,27.971927440991273,27.78741651364139,27.928874969482422,4367200.0
2004-10-12,27.676689693932747,28.033412598377488,27.676689693932747,28.00265884399414,8336500.0
2004-10-13,28.002662098704846,28.1010680240958,27.553684917472232,27.682842254638672,7803200.0
2004-10-14,27.553695079089405,27.744357656304217,27.080115655310568,27.184673309326172,13686700.0
2004-10-15,27.36917420328664,27.732046494435938,27.27076827752661,27.670543670654297,12905000.0
2004-10-18,27.516777164459448,27.70743727669311,27.46757304118513,27.664384841918945,7712800.0
2004-10-19,27.676699122550847,27.830458562120576,26.97555645350215,27.2830753326416,12862200.0
2004-10-20,27.28307384164016,27.28307384164016,26.588080555834704,26.889450073242188,13009600.0
2004-10-21,26.98170743437095,27.264626603428518,26.581934274965487,27.006309509277344,10874400.0
2004-10-22,26.93865966796875,27.29538277768882,26.895607202476107,26.93865966796875,7644300.0
2004-10-25,26.84639843693417,26.84639843693417,26.409719856036677,26.827945709228516,10422500.0
2004-10-26,26.827932003182745,27.030895480973882,26.766429198739033,26.981691360473633,8632300.0
2004-10-27,26.914051269964546,27.369180243411392,26.846399087347464,27.2830753326416,8503000.0
2004-10-28,27.12316976125884,27.535246363787113,27.12316976125884,27.381486892700195,7280000.0
2004-10-29,27.44913472109542,27.615195190791606,27.406082267416718,27.54754066467285,10054500.0
2004-11-01,27.627505066478175,27.787416255899558,27.566002206659924,27.74436378479004,8223900.0
2004-11-02,27.436843597574853,28.04572986026356,27.436843597574853,27.78126335144043,7889900.0
2004-11-03,28.131827218361977,28.260984580487307,27.984217128659612,28.070322036743164,9683900.0
2004-11-04,28.076472015644587,28.513148220683245,28.00266580220337,28.445493698120117,9109200.0
2004-11-05,28.445483753416315,28.568491719964747,28.205619509046866,28.26097297668457,9740300.0
2004-11-08,28.24254067534485,28.56236068112003,28.113383272873193,28.27329444885254,6992100.0
2004-11-09,28.414738647121787,28.445490059030217,28.18102369348951,28.24867820739746,7021400.0
2004-11-10,28.37168656747901,28.679205382897912,28.291731018539032,28.433189392089844,7132100.0
2004-11-11,28.59925478177276,29.060533084704577,28.580804400433976,28.974428176879883,9026400.0
2004-11-12,28.882173203296926,29.195843780806165,28.802219982207273,29.177391052246094,7514800.0
2004-11-15,29.02363394515389,29.195846130538015,28.974432139460635,29.1097412109375,7550400.0
2004-11-16,29.1097379960688,29.140489414503797,28.6300069529881,28.765316009521484,9642500.0
2004-11-17,28.919074182929176,29.066681923433773,28.513149377267435,28.65460777282715,9269900.0
2004-11-18,28.414751675929576,28.709969588742815,28.37784855700914,28.543909072875977,10505800.0
2004-11-19,28.390146445444223,28.45164929063494,28.051876104528986,28.19948387145996,12943700.0
2004-11-22,28.04571444139581,28.50084331102092,28.04571444139581,28.45163917541504,9023900.0
2004-11-23,28.310175144989156,28.556191081469866,28.297874113546936,28.53774070739746,8346000.0
2004-11-24,28.41474104764841,28.691508470570746,28.41474104764841,28.574649810791016,7115600.0
2004-11-26,28.51314078317015,28.709952608644052,28.457787310619242,28.580795288085938,2400800.0
2004-11-29,28.445504798294795,28.660767139376038,28.29174531289861,28.500858306884766,7712500.0
2004-11-30,28.371685485112604,28.56234564184201,28.291729939222893,28.45779037475586,8928800.0
2004-12-01,28.44536403034406,28.948437923622585,28.44536403034406,28.936016082763672,10775600.0
2004-12-02,28.824230783505516,29.041607142589985,28.724858395177673,28.830440521240234,6691600.0
2004-12-03,28.67517458756041,28.886341235208505,28.57580218685689,28.76833724975586,7228800.0
2004-12-06,28.613061334309734,28.911178469830176,28.600639490843335,28.880125045776367,6067300.0
2004-12-07,28.774550475866803,28.948451591550732,28.439167721997784,28.476430892944336,8282000.0
2004-12-08,28.600643400054125,28.71243763730767,28.41432046103979,28.637908935546875,7836800.0
2004-12-09,28.594437105222333,28.724862941314846,28.457799161187324,28.693809509277344,6202000.0
2004-12-10,28.5385371487743,28.67517271002974,28.41432106372182,28.49506187438965,6580800.0
2004-12-13,28.569590089356545,28.6565406366395,28.445374006427443,28.54474639892578,9732800.0
2004-12-14,28.451590298953427,28.550962706069715,28.358427630745936,28.464012145996094,9009500.0
2004-12-15,28.420513812934555,28.58199533774163,28.414304078545058,28.526098251342773,8868200.0
2004-12-16,28.451577701358314,28.65032242759206,28.414312176730476,28.625478744506836,9509400.0
2004-12-17,28.32115506760242,28.662749853517326,28.072725296020508,28.072725296020508,16696300.0
2004-12-20,28.265266544472553,28.538542456255698,28.12241884932464,28.2714786529541,8782100.0
2004-12-21,28.42053585042355,28.849081301519824,28.29011000410085,28.762130737304688,7447500.0
2004-12-22,28.768325410203012,29.12233959009196,28.71864041491148,29.066442489624023,8967500.0
2004-12-23,29.109913669709073,29.17823260173215,28.979487909968796,29.004331588745117,5191200.0
2004-12-27,28.95466375076455,29.134776989479473,28.95466375076455,28.979507446289062,4281800.0
2004-12-28,28.942240322119265,29.196882264273476,28.942240322119265,29.172040939331055,4913200.0
2004-12-29,29.047826395738518,29.215517786525904,29.047826395738518,29.103723526000977,5795400.0
2004-12-30,29.128561723145737,29.290040974964423,29.097505925020243,29.16582489013672,5628100.0
2004-12-31,29.072650243287406,29.32729202525528,29.0478065647482,29.184444427490234,5348800.0
2005-01-03,28.97950364397925,29.159616859062083,28.68138644447571,28.855287551879883,10238100.0
2005-01-04,28.824241901068614,29.02298675438056,28.408120604829705,28.457805633544922,10264100.0
2005-01-05,28.346006086957853,28.5323290561411,28.10378599009712,28.128629684448242,14796100.0
2005-01-06,28.209359646234493,28.339787817706476,27.942298304633194,28.085145950317383,14602200.0
2005-01-07,28.134846734863316,28.172112286074253,27.774622550060446,27.780832290649414,10547200.0
2005-01-10,27.811878504534135,28.159683117774602,27.805668765558902,28.128629684448242,11488600.0
2005-01-11,28.04166734135525,28.21556839029604,27.923661027381915,28.060298919677734,8900700.0
2005-01-12,28.060309426362373,28.159681829997353,27.78703590867242,27.985780715942383,9709300.0
2005-01-13,28.010619675266437,28.041675473775932,27.57586692683098,27.63797378540039,12200500.0
2005-01-14,27.855344302387532,27.954716676738123,27.700074819388217,27.88018798828125,11224200.0
2005-01-18,27.97334693737311,28.557159263551807,27.76839010961073,28.40188980102539,15553300.0
2005-01-19,28.103773557896872,28.18451434420837,27.898816724004003,27.929872512817383,10838600.0
2005-01-20,27.905032425454785,28.30252193355865,27.892610582173496,28.141042709350586,11086700.0
2005-01-21,28.10998235019901,28.25904207613608,27.960924993485914,28.0044002532959,8258900.0
2005-01-24,28.041670682901515,28.345997554812577,28.03545857657103,28.085145950317383,7088400.0
2005-01-25,28.091354876642097,28.507478327472164,28.091354876642097,28.314943313598633,7370000.0
2005-01-26,28.40190267452952,28.519906666615693,28.277686574361148,28.426746368408203,7771400.0
2005-01-27,28.296313393681846,28.432948937108065,28.165885218322366,28.277679443359375,5700200.0
2005-01-28,28.215576992623067,28.420531524328958,28.203155146879556,28.383268356323242,6836900.0
2005-01-31,28.538535348298435,28.83665251208153,28.507481921300645,28.799386978149414,10799200.0
2005-02-01,28.793183283021644,29.066456814866267,28.77455169675784,28.991928100585938,8110400.0
2005-02-02,28.849072936277317,29.03539585831465,28.818019510808508,29.022974014282227,7091700.0
2005-02-03,28.849063745776256,28.942223992504438,28.718637978822557,28.818010330200195,7452400.0
2005-02-04,28.755914532030427,29.128562800293743,28.755914532030427,29.122350692749023,7539900.0
2005-02-07,28.991928579555807,29.097510729095152,28.886344060791313,28.967084884643555,7041700.0
2005-02-08,28.911184051500598,29.14719438447821,28.911184051500598,29.122350692749023,4591400.0
2005-02-09,29.1037113156999,29.178240001706683,28.8366476241827,28.842857360839844,5396800.0
2005-02-10,28.973302287719484,29.19067873486334,28.942246478791294,29.14720344543457,6027900.0
2005-02-11,29.147195465538104,29.23414602059039,28.960872509108214,29.078876495361328,7038700.0
2005-02-14,29.122359745982248,29.246575874018273,29.066462606827315,29.14720344543457,5887300.0
2005-02-15,29.066465541588553,29.234156975984693,29.04162183962783,29.227947235107422,5792600.0
2005-02-16,29.04781532287598,29.128556117860537,28.880123996011577,29.047815322875977,6073000.0
2005-02-17,29.035388999963466,29.19065845985632,28.780747180508147,28.793169021606445,9197800.0
2005-02-18,28.786978796301327,28.793190906184027,28.35222587354181,28.408123016357422,11250300.0
2005-02-22,28.29010164230774,28.401895868748166,28.047881608094972,28.072725296020508,12081600.0
2005-02-23,28.29009559846845,28.557159263551807,28.184513501177996,28.40188980102539,7740000.0
2005-02-24,28.352217018414816,28.818025606652352,28.333583063812316,28.693809509277344,9387700.0
2005-02-25,28.631696340638463,29.184457779520642,28.507482629561245,29.06024169921875,8157100.0
2005-02-28,28.911178365290038,29.12855707132944,28.774542826102472,28.97328758239746,10043400.0
2005-03-01,28.973287017968318,29.314879413119233,28.967074911766403,29.2403507232666,10527200.0
2005-03-02,29.0961310336718,29.359500028405975,29.077317253984383,29.20273208618164,9691700.0
2005-03-03,29.177641336321972,29.309328192808504,28.75750450455019,29.052228927612305,9103300.0
2005-03-04,29.221544230448252,29.409667679659925,29.158838008770378,29.33441734313965,8889400.0
2005-03-07,29.28424656307886,29.403389315547674,29.127478650420077,29.1400203704834,7653200.0
2005-03-08,29.00205972838134,29.13374418223607,28.813938738290553,29.008329391479492,7804800.0
2005-03-09,28.939361639043632,28.970714747497162,28.55057543953557,28.65717887878418,10203500.0
2005-03-10,28.71988216266369,28.983253509371902,28.56938630062065,28.75750732421875,8026800.0
2005-03-11,28.776326365961022,28.908010878310378,28.563121844595248,28.701078414916992,7595000.0
2005-03-14,28.67598623365806,28.75123416178461,28.387533849099214,28.719881057739258,9219900.0
2005-03-15,28.65717991192269,28.970715791939156,28.54430680374965,28.556848526000977,7143800.0
2005-03-16,28.343627749790908,28.38125050284342,27.99873895831339,28.092798233032227,12799200.0
2005-03-17,28.15553065797755,28.318568307513743,28.030115793363013,28.080280303955078,7583800.0
2005-03-18,28.142978349221398,28.30601593744778,27.87333732892922,28.180601119995117,19222100.0
2005-03-21,27.992478446341472,28.048914991277183,27.547258143008946,27.779273986816406,10031000.0
2005-03-22,27.854527994869983,27.923506275076946,27.214916868797726,27.377954483032227,12770500.0
2005-03-23,27.283886927654326,27.729109625115836,27.227450382459967,27.578611373901367,16983100.0
2005-03-24,27.7479269191197,27.92350625619026,27.434391021728516,27.434391021728516,10748400.0
2005-03-28,27.6099835214067,28.055206525942644,27.572360726720706,27.77302360534668,12028800.0
2005-03-29,27.77927989618564,27.892153010068082,27.465744000309755,27.522180557250977,11567100.0
2005-03-30,27.465747873406745,27.716577582313956,27.359146801979282,27.60370445251465,12252600.0
2005-03-31,27.653860092163086,27.90468972064478,27.503364228744967,27.653860092163086,12242400.0
2005-04-01,27.854536322119454,28.01757637718464,27.415587847920367,27.597436904907227,11748100.0
2005-04-04,27.528444975850444,27.735377365820405,27.283885035575565,27.691482543945312,12265300.0
2005-04-05,27.810626396841787,27.97366636351294,27.68521398197288,27.785545349121094,8477100.0
2005-04-06,27.942309016512887,28.16178310129291,27.84197766460086,27.967390060424805,8186000.0
2005-04-07,28.12417263324097,28.299754384838806,28.061466402584905,28.11163330078125,8529100.0
2005-04-08,28.28093759955929,28.331104492429727,27.986215476257367,28.017568588256836,6728400.0
2005-04-11,28.18685802779928,28.32481209997549,28.099068420390584,28.205669403076172,6809600.0
2005-04-12,28.15552575634827,28.719888960728653,27.99875780089441,28.544309616088867,10269300.0
2005-04-13,28.46278597198138,28.669720794937415,28.130438714361045,28.287206649780273,8569000.0
2005-04-14,28.230773098777966,28.28093759955929,27.998757199474976,28.017568588256836,9956000.0
2005-04-15,27.885866826257157,28.205672198092152,27.59741215493206,27.766721725463867,13423000.0
2005-04-18,27.992494544434575,28.186887731470062,27.835726539690125,28.048931121826172,16980700.0
2005-04-19,28.092809772445545,28.28093079124344,28.055187003939086,28.17432975769043,9657400.0
2005-04-20,28.174325015386863,28.18059467838645,27.653854479160152,27.735374450683594,11100500.0
2005-04-21,27.841999751670087,27.967412246983812,27.2588225585192,27.83572769165039,12941300.0
2005-04-22,27.760469206380545,28.03011027498535,27.49709780333183,27.82317543029785,8948300.0
2005-04-25,28.04265501180596,28.161797806888227,27.747930465125858,28.11163330078125,8189300.0
2005-04-26,27.998756312461854,28.224500146959816,27.936047698360447,27.97367286682129,7244800.0
2005-04-27,27.773005070802235,28.211955721893034,27.71656852434644,28.13670539855957,9465300.0
2005-04-28,28.005026654572408,28.23077288661459,27.923506650315154,28.02383804321289,7992700.0
2005-04-29,28.130441626488157,28.255856466224543,27.81690572319175,28.243314743041992,10723600.0
2005-05-02,28.111630961618335,28.462789651415434,28.099089238112843,28.43143653869629,7910400.0
2005-05-03,28.406342662511182,28.67598363865969,28.28719992108512,28.443967819213867,9886800.0
2005-05-04,28.594472122040752,28.832760067482976,28.337372788725645,28.82649040222168,9779100.0
2005-05-05,28.73242838892814,28.93936322179906,28.462787335720627,28.751239776611328,8165200.0
2005-05-06,28.80767205620083,28.813944112556992,28.44397172646774,28.52549171447754,7758100.0
2005-05-09,28.475318818182977,28.68225357663799,28.437693664258035,28.675981521606445,5546400.0
2005-05-10,28.425174588731284,28.66346022374849,28.33111283295251,28.456527709960938,7526600.0
2005-05-11,28.46278378526956,28.682260313248065,28.30601586189435,28.63209342956543,7620400.0
2005-05-12,28.531767934651054,28.770055897077064,28.38754170247165,28.43143653869629,9033300.0
2005-05-13,28.531765257246086,28.556848701903252,28.04891971199586,28.29974937438965,9838500.0
2005-05-16,28.299749727592094,28.788864944066667,28.299749727592094,28.751239776611328,7024300.0
2005-05-17,28.56938418813009,28.970709646688,28.494133870584168,28.93308448791504,6908200.0
2005-05-18,28.989520220646742,29.31559774464311,28.970708837829683,29.252891540527344,8961400.0
2005-05-19,29.064780467173883,29.309340507928386,28.951907338237763,29.12748908996582,6709900.0
2005-05-20,29.158837253725945,29.24662691863734,29.002069311501614,29.20273208618164,7617800.0
2005-05-23,29.15884006322154,29.315608020550687,29.140028673810583,29.19019317626953,5728600.0
2005-05-24,29.15882973912087,29.30932797739004,29.033414939244615,29.227807998657227,6375100.0
2005-05-25,29.0710392000239,29.221535041562092,29.033414043595215,29.18391227722168,6931900.0
2005-05-26,29.303055711416008,29.346950532244378,29.158829529824466,29.29051399230957,6935700.0
2005-05-27,29.190182944323222,29.284244642585225,29.08358191890875,29.252891540527344,5211400.0
2005-05-31,29.196461559969627,29.252898113189556,29.045963287353516,29.045963287353516,9095400.0
2005-06-01,29.10928502486296,29.571537889311585,29.064959573173088,29.31191635131836,9146100.0
2005-06-02,29.273922578987165,29.273922578987165,29.11561670147876,29.24226188659668,6693200.0
2005-06-03,29.01430313952444,29.134614745551154,28.94464816188302,28.98897361755371,6426700.0
2005-06-06,28.96364291264857,29.09661926313945,28.849662493497572,29.064958572387695,4520100.0
2005-06-07,29.109289687131866,29.29292269544881,29.014305180837045,29.039634704589844,6265100.0
2005-06-08,29.128271626388,29.2549167687442,29.014291239822935,29.07128143310547,5255900.0
2005-06-09,29.020633267382117,29.261256450743694,28.92564877909589,29.185270309448242,6333700.0
2005-06-10,29.185280405967678,29.23593704583713,28.97631542566982,29.1282901763916,5106400.0
2005-06-13,28.99529843973125,29.248586336193995,28.893982798035065,29.07761573791504,5765400.0
2005-06-14,29.026954210719566,29.16626410030061,28.982628775953785,29.10927391052246,5093400.0
2005-06-15,29.22327385583956,29.52722093297203,29.08396387298677,29.508222579956055,10128700.0
2005-06-16,29.49554867491819,29.571534810538854,29.356238746650558,29.400564193725586,6729200.0
2005-06-17,29.68550582766898,29.68550582766898,29.375225380777376,29.533531188964844,13876500.0
2005-06-20,29.394230227611462,29.68551483891968,29.318244092970723,29.577865600585938,8135700.0
2005-06-21,29.577883112922276,29.926155719747932,29.577883112922276,29.812177658081055,12812100.0
2005-06-22,29.799498829665037,30.040122020869013,29.786834069777047,29.805830001831055,10628100.0
2005-06-23,29.7615130186781,29.87549347454736,29.4322364145621,29.508222579956055,10607300.0
2005-06-24,29.47654622363426,29.824818580237682,29.36256582830145,29.603191375732422,12332000.0
2005-06-27,29.603203835875288,29.698188343817225,29.349913425067708,29.381576538085938,9136800.0
2005-06-28,29.539879387557296,29.698185274059625,29.4195653678596,29.552541732788086,8160400.0
2005-06-29,29.603180781358322,29.812145569869365,29.590516029125425,29.704496383666992,9222600.0
2005-06-30,29.444899140944575,29.444899140944575,28.862334553967187,28.881330490112305,42051300.0
2005-07-01,28.881317017220645,29.058618780015898,28.2164329911831,28.482385635375977,34938900.0
2005-07-05,28.558377029765275,28.609036065943343,28.248098887619893,28.56471061706543,25842200.0
2005-07-06,28.5900390722311,28.62169976088741,28.305088043212894,28.30508804321289,22795900.0
2005-07-07,28.273442566776872,28.368424683849906,28.051812795825782,28.292438507080078,17265100.0
2005-07-08,28.33674796604404,28.634363745592587,28.222767557517177,28.590038299560547,15123800.0
2005-07-11,28.672359974942612,28.799005161003993,28.495058163790286,28.602705001831055,15516700.0
2005-07-12,28.60269003275918,28.85598027232379,28.539368680645403,28.691343307495117,14704800.0
2005-07-13,28.96363762500419,29.001629480748097,28.754672756191002,28.969968795776367,14116900.0
2005-07-14,29.001629594189616,29.09661406503177,28.94463939479541,29.007963180541992,13844700.0
2005-07-15,29.01430208343622,29.15994320613249,28.98897256238746,29.115617752075195,13909400.0
2005-07-18,28.67868976543939,28.868656311599874,28.54571342468262,28.545713424682617,19272500.0
2005-07-19,28.672364821073806,28.72935504365597,28.235441391648152,28.38108253479004,18397300.0
2005-07-20,28.38740475247601,28.482386808361376,28.22909891044495,28.406400680541992,13133300.0
2005-07-21,28.431721509359527,28.469713353885318,28.24175262451172,28.24175262451172,11957200.0
2005-07-22,28.324084054326022,28.40007019042969,28.184774125172865,28.400070190429688,8088100.0
2005-07-25,28.444403157102943,28.539387664008597,28.279766082763672,28.279766082763672,10232800.0
2005-07-26,28.222776347471747,28.33042561818799,28.127791838931323,28.197446823120117,15081700.0
2005-07-27,28.09612131636274,28.17210986284527,27.83016865034052,27.95681381225586,23059100.0
2005-07-28,27.937819031215426,28.032803518655715,27.823838612509427,27.8681640625,12103900.0
2005-07-29,27.86184338427354,27.988488610040683,27.608552932739258,27.608552932739258,13126200.0
2005-08-01,27.716192751916548,27.76684937558446,27.595881157093807,27.64653778076172,12298400.0
2005-08-02,27.74151997169288,27.89349224565371,27.67819617791275,27.823837280273438,10597200.0
2005-08-03,27.7985074660204,27.87449359558686,27.64020162034957,27.722518920898438,12631900.0
2005-08-04,27.722519490474596,27.735184248255127,27.55154888377074,27.678194046020508,11410100.0
2005-08-05,27.62120529189484,27.659199567228377,27.317258335893566,27.386913299560547,12698500.0
2005-08-08,27.443910827728462,27.513565809981703,27.177955660539386,27.19062042236328,9544000.0
2005-08-09,27.190610301789494,27.336251385220926,27.063967561800727,27.165283203125,11487100.0
2005-08-10,27.323591388735448,27.475563655987283,26.90566403045944,27.070301055908203,16749400.0
2005-08-11,27.133624414913086,27.146289174035857,26.880336479125123,27.095632553100586,11957500.0
2005-08-12,27.16528350715914,27.196944192510678,26.968983393090866,27.032304763793945,8386000.0
2005-08-15,27.11462570757802,27.481896437863867,27.03230598948713,27.342586517333984,12521500.0
2005-08-16,27.45023394914592,27.956814611285793,27.45023394914592,27.684528350830078,19137500.0
2005-08-17,27.72885502430062,27.87449612567053,27.60854102471473,27.690860748291016,13637600.0
2005-08-18,27.69086208081789,27.85550153589317,27.564216903580565,27.735187530517578,11846600.0
2005-08-19,27.84916326646323,27.84916326646323,27.61487129807473,27.62120246887207,7767700.0
2005-08-22,27.728855742817796,27.83650257096747,27.545220360679874,27.697195053100586,8004700.0
2005-08-23,27.703524473518527,27.766845848950027,27.30459304474428,27.44390296936035,9228600.0
2005-08-24,27.4819038414161,27.5578899932867,27.165292057139673,27.17162322998047,10045500.0
2005-08-25,27.31094160682678,27.361598251837037,27.177962780616316,27.272947311401367,6963100.0
2005-08-26,27.22861020267672,27.266604481861982,26.987984598948568,27.127294540405273,10788500.0
2005-08-29,27.076630383562794,27.545216742720143,26.92465812665885,27.456565856933594,11389200.0
2005-08-30,27.46922961095035,27.46922961095035,27.184278620218997,27.29192543029785,15381300.0
2005-08-31,27.33036573819347,27.567407608032227,27.240674351979184,27.567407608032227,11348700.0
2005-09-01,27.573811610853767,27.9582039096524,27.343175254011935,27.61224937438965,13294700.0
2005-09-02,27.708364537219257,27.766023659446095,27.458509155538984,27.490541458129883,9509000.0
2005-09-06,27.59303429683174,27.810857281223658,27.51615631525429,27.772417068481445,11949200.0
2005-09-07,27.77241429427918,27.810854503181577,27.64428515241798,27.746789932250977,9770000.0
2005-09-08,27.714758091656694,27.772417189066875,27.541783243333132,27.567407608032227,10490200.0
2005-09-09,27.58662391711356,27.644283004032793,27.49052462427932,27.516151428222656,13402900.0
2005-09-12,27.48413062223604,27.580227511292463,27.34959106730496,27.355998992919922,13153800.0
2005-09-13,27.247089735100285,27.40725368123919,27.247089735100285,27.33037567138672,11504700.0
2005-09-14,27.34319464845609,27.44569949710254,27.227876388240286,27.317567825317383,11571300.0
2005-09-15,27.375209808349606,27.471309112971614,27.291923907270988,27.37520980834961,9177200.0
2005-09-16,27.53537583692691,27.99024070065537,27.45849785357026,27.983835220336914,24500500.0
2005-09-19,27.983844503112095,27.983844503112095,27.631484314943577,27.798053741455078,10275900.0
2005-09-20,27.791642809445936,27.932585390731703,27.42646928408862,27.548192977905273,12390600.0
2005-09-21,27.388026625252014,27.4584991315702,26.990820841530663,27.07410430908203,19531400.0
2005-09-22,27.04207976623347,27.07411206630854,26.785818921725095,27.029266357421875,16441800.0
2005-09-23,27.042078178244555,27.227868929240753,26.830663055037746,27.05489158630371,11267900.0
2005-09-26,27.291924071265385,27.368804492987692,26.83705924032256,26.90753173828125,15253500.0
2005-09-27,26.945971288965506,26.984409054978084,26.747367203575624,26.856277465820312,11978700.0
2005-09-28,26.9652018567353,26.971607339210802,26.491115504588937,26.65127944946289,14976400.0
2005-09-29,26.619241372729253,26.978009411198848,26.350167176807545,26.971601486206055,17436800.0
2005-09-30,27.00363622335539,27.30474271251911,26.913942380807498,26.971601486206055,15079700.0
2005-10-03,27.208646115895334,27.279118628105415,26.881910367268112,26.9395694732666,13229600.0
2005-10-04,26.997226900216653,27.247082196034984,26.84347092305485,26.849876403808594,11183700.0
2005-10-05,26.875502936060702,27.400840333081355,26.81784383424589,26.881908416748047,11886600.0
2005-10-06,26.907541059484977,27.33037374980629,26.89472765142582,27.05489158630371,14776300.0
2005-10-07,27.266303714423543,27.27911711992672,27.029259378475572,27.08051300048828,9818200.0
2005-10-10,27.163800742300626,27.195833036260588,26.93956979676615,26.96519660949707,10301800.0
2005-10-11,27.00363526906715,27.13176443750722,26.798625666874358,26.830657958984375,11136100.0
2005-10-12,26.84347076031545,27.13176382672285,26.74096596152662,26.83706283569336,11057200.0
2005-10-13,26.83705924032256,26.97800423623994,26.51032600167673,26.90753173828125,14538800.0
2005-10-14,27.00363650432456,27.074106572627297,26.84347259254068,26.9395694732666,13751600.0
2005-10-17,26.971601766841907,27.04848220411146,26.8626914799044,26.9395694732666,10224400.0
2005-10-18,26.97160199641434,26.990823327849004,26.632055282592773,26.632055282592773,10709200.0
2005-10-19,26.81143946978847,27.202239829102425,26.676902362325222,27.18942642211914,23207200.0
2005-10-20,27.25348850339393,27.541783998348006,26.939566199131253,27.03566551208496,19581300.0
2005-10-21,27.131763410259897,27.227862726858728,26.97159951186661,27.07410430908203,14292900.0
2005-10-24,27.23427469853079,27.79164695739746,27.221463734244228,27.79164695739746,14165900.0
2005-10-25,27.804460136008007,27.804460136008007,27.45850544934204,27.663515090942383,11885100.0
2005-10-26,27.59945255604039,27.919780450457342,27.548198919857892,27.67633056640625,10893200.0
2005-10-27,27.68273398112126,27.868524732542728,27.618669384586543,27.663515090942383,9911500.0
2005-10-28,27.823682345964546,28.176042556762695,27.6955506936994,28.176042556762695,14087800.0
2005-10-31,28.188851054915503,28.24651016619322,27.977433498928004,28.022281646728516,14757400.0
2005-11-01,28.028672769978385,28.099145252539344,27.72115848199938,27.94538688659668,19218600.0
2005-11-02,28.047917374695928,28.278553913195687,27.964633858833228,28.240116119384766,11795200.0
2005-11-03,28.349015635145385,28.400269265866505,27.996655477614368,28.19525718688965,14361800.0
2005-11-04,28.284947626136166,28.43229813081002,28.220880595468838,28.336198806762695,11984700.0
2005-11-07,28.445107534260472,28.496358707675142,28.297754606414205,28.483545303344727,9632500.0
2005-11-08,28.43870735168457,28.50917987273228,28.349015940862994,28.43870735168457,7777700.0
2005-11-09,28.489959594626136,28.701374703559228,28.445113891400705,28.534805297851562,9608400.0
2005-11-10,28.586057633586023,29.09858172244466,28.55402533626504,29.021703720092773,13948700.0
2005-11-11,28.989677031242422,29.21390559977719,28.906391086968895,29.12421417236328,11850900.0
2005-11-14,29.0281152607727,29.297189524465942,28.964048214244833,29.226716995239258,9828400.0
2005-11-15,29.201071979251605,29.252323136338195,28.88714978293624,28.989654541015625,11406600.0
2005-11-16,29.0857542161106,29.137005373893537,28.765426537271964,28.810272216796875,11949900.0
2005-11-17,28.82951159675537,29.079366972901973,28.75903906627136,29.047334671020508,11455700.0
2005-11-18,29.450948894633697,29.450948894633697,28.989675921130885,29.18828010559082,13406200.0
2005-11-21,29.213890678544296,29.4253081728151,29.15623158409834,29.36764907836914,14224100.0
2005-11-22,29.399690258117126,29.566262111969642,29.226712922458404,29.53422737121582,16508200.0
2005-11-23,29.476572115745483,30.110822429473014,29.438134332064244,29.925031661987305,17356500.0
2005-11-25,30.014727737315635,30.142859405242987,29.95706860894374,30.104421615600586,5130700.0
2005-11-28,30.117230710546128,30.206924583254988,29.803310709743617,29.828937530517578,14917500.0
2005-11-29,29.918610817690116,30.08518016390258,29.905797415072747,29.96986198425293,13686200.0
2005-11-30,30.105865386872964,30.11234007199462,29.68493921494649,29.717317581176758,14514600.0
2005-12-01,29.78856217761007,29.956931224720204,29.659046195818956,29.710853576660156,13589900.0
2005-12-02,29.71083788830049,29.90511052324849,29.633126858072824,29.872732162475586,9221600.0
2005-12-05,29.7432166052432,30.13823903421045,29.652556205869196,30.067005157470703,11815700.0
2005-12-06,30.086431040890815,30.261277151816174,29.87273188552242,29.989295959472656,12883300.0
2005-12-07,29.950438257636634,30.0087202903558,29.412948125858716,29.69788360595703,11727100.0
2005-12-08,29.684952722571,29.807991558357113,29.503631812925757,29.64609718322754,10978000.0
2005-12-09,29.646089600369653,29.92454805199356,29.536002639189334,29.723800659179688,8840600.0
2005-12-12,29.775606850473565,29.833888911948534,29.54247860457369,29.620189666748047,10321300.0
2005-12-13,29.542472278106402,30.24185686603408,29.53599759280088,30.112340927124023,13980700.0
2005-12-14,30.190041259383197,30.429646545554856,30.112332705378808,30.29365348815918,15120000.0
2005-12-15,30.241868013909365,30.313101930083974,30.03464342338976,30.22891616821289,10459700.0
2005-12-16,30.40374852336541,30.598021179650228,30.332514639655113,30.41670036315918,18620400.0
2005-12-19,30.22889527664063,30.293651990056826,29.995767155845876,30.131757736206055,12631900.0
2005-12-20,30.261278128021626,30.338986689725086,30.170617727649155,30.235374450683594,11935800.0
2005-12-21,30.35194156913945,30.436127293766702,30.054056660841024,30.202999114990234,13973100.0
2005-12-22,30.293655094525068,30.429648159131975,30.144712662156095,30.384315490722656,12058500.0
2005-12-23,30.43612954010142,30.46850790725208,30.34546912395514,30.397274017333984,6523300.0
2005-12-27,30.164153091152222,30.598028714690393,30.151201248168945,30.151201248168945,9184500.0
2005-12-28,30.28069786584797,30.31955337314863,29.96338653564453,29.96338653564453,7799100.0
2005-12-29,30.015210487251462,30.164155458090907,29.89217167472285,29.911598205566406,6998700.0
2005-12-30,29.801501152037087,30.021677484897843,29.73026726930113,29.88568687438965,14498300.0
2006-01-03,30.384307989456683,30.552679372522338,29.88567593347203,30.48792266845703,16296700.0
2006-01-04,30.43612957947919,30.591549200438934,30.079962599738987,30.164148330688477,17757900.0
2006-01-05,30.164146065401415,30.326040359517194,29.995774616146907,30.202999114990234,14970700.0
2006-01-06,30.306611522308007,30.37784540733982,30.015201297319194,30.157669067382812,12599800.0
2006-01-09,30.254808365211527,30.41670266944265,30.021680171868947,30.17709732055664,15619400.0
2006-01-10,30.047582720966123,30.118814137081923,29.710842284419375,29.924541473388672,15634600.0
2006-01-11,29.82740651361572,29.950445291447018,29.626656693701644,29.853307723999023,14742100.0
2006-01-12,29.931022282321113,29.937496968099833,29.600756490447704,29.659038543701172,10546600.0
2006-01-13,29.678467541659828,29.7885544920768,29.581329962800297,29.659038543701172,10791000.0
2006-01-17,29.399993065744756,29.516557108611217,29.14096131041709,29.341711044311523,14605900.0
2006-01-18,29.348212228933043,29.561913990604403,29.089180239691174,29.309356689453125,10867000.0
2006-01-19,29.71085398218068,29.71085398218068,29.043847531461683,29.231645584106445,14584000.0
2006-01-20,29.14097249144801,29.238110054543842,28.603482257523208,28.61643409729004,24950800.0
2006-01-23,28.169606251383,28.745949524265015,28.16313156676771,28.467491149902344,23459500.0
2006-01-24,28.545210508200167,28.933755926461004,28.519306821566374,28.648822784423828,13500300.0
2006-01-25,28.590541791323968,28.91433047539191,28.590541791323968,28.901378631591797,15132000.0
2006-01-26,29.14096100292041,29.244573209896178,28.927259436483588,29.076204299926758,18449100.0
2006-01-27,29.076207086002874,29.212197657506056,28.888409170892707,29.01144790649414,12250800.0
2006-01-30,28.979087367117017,29.3676328017917,28.655298681450905,28.804241180419922,14812100.0
2006-01-31,28.914317642844253,28.966122524741408,28.571100110244707,28.642333984375,19151000.0
2006-02-01,28.55815078978065,28.648813664136604,28.40273366007763,28.461015701293945,15854700.0
2006-02-02,28.461016387756448,28.473968227262546,28.085420453011984,28.13075065612793,14745100.0
2006-02-03,28.04010444773668,28.201998818070393,27.794024313142064,27.90411376953125,17097000.0
2006-02-06,28.104853420378838,28.26674773162454,28.00124115999403,28.085424423217773,12554600.0
2006-02-07,28.23436503842341,28.40921117952054,28.14370462533104,28.16313362121582,13914200.0
2006-02-08,28.20198883963495,28.312078257072272,28.065998209545768,28.27969741821289,11101600.0
2006-02-09,28.331504859278322,28.525777541393996,28.29912649064424,28.383312225341797,13766200.0
2006-02-10,28.34445615877262,28.50635046915836,28.111327956567372,28.441591262817383,9038900.0
2006-02-13,28.299119949340824,28.4674889095065,28.040088119520664,28.29911994934082,8329500.0
2006-02-14,28.441599525497853,28.810720933098487,28.31856070317221,28.59701919555664,17049200.0
2006-02-15,28.53873395581671,28.88194916489323,28.448073520989823,28.726531982421875,12818500.0
2006-02-16,28.74594724207493,28.966123556176615,28.674713365408117,28.94021987915039,11773700.0
2006-02-17,28.998496357147566,29.34818851901997,28.830127429381296,28.920787811279297,11938900.0
2006-02-21,28.953175851219502,29.03088689339274,28.8236599179084,28.849563598632812,10380500.0
2006-02-22,28.784803358080538,29.25105720272583,28.765374364750265,29.192777633666992,14729600.0
2006-02-23,29.264014892705568,29.594280671937945,29.14097610512926,29.380578994750977,17345700.0
2006-02-24,29.102117356454702,29.717316166793655,29.102117356454702,29.607229232788086,13832400.0
2006-02-27,29.68494001732991,29.788552274254002,29.594279601310213,29.77560043334961,18460200.0
2006-02-28,29.639601371441433,29.82092215186196,29.6266495342242,29.69140625,20699000.0
2006-03-01,29.691421346457656,29.900930631781794,29.665234558952907,29.855100631713867,15576200.0
2006-03-02,29.625927894451088,29.697947124299066,29.396778069976406,29.560457229614258,14367400.0
2006-03-03,29.51462078046784,29.783054443398218,29.44914763246944,29.586637496948242,12399500.0
2006-03-06,29.527727454607234,29.65867131754724,29.40333215846478,29.599746704101562,11318400.0
2006-03-07,29.521189647045798,29.91401884825507,29.495000367619273,29.868188858032227,12823300.0
2006-03-08,29.737238369845606,30.044956091061266,29.737238369845606,29.927106857299805,14201200.0
2006-03-09,29.92056763487441,29.99258690504848,29.783077663204182,29.822359085083008,11922800.0
2006-03-10,29.789620653061217,30.116979121776176,29.756885305699104,30.084243774414062,12535400.0
2006-03-13,30.090792393469556,30.247925570682096,29.97949170350215,30.07769775390625,10090800.0
2006-03-14,30.116985125731222,30.378872951930457,30.077701202537114,30.28721046447754,14364000.0
2006-03-15,30.149713774330966,30.463977597349412,30.03186452850569,30.37886619567871,11344600.0
2006-03-16,30.431246836313992,30.706229283858004,30.431246836313992,30.614566802978516,13005400.0
2006-03-17,30.752035324013033,30.758581390203773,30.535977676539314,30.706205368041992,18970500.0
2006-03-20,30.581807632510355,30.77167602013054,30.483601654377534,30.706205368041992,11243700.0
2006-03-21,30.608020695941022,30.758605310889184,30.45743608099286,30.490171432495117,11774400.0
2006-03-22,30.37888015998391,30.863369506596555,30.37888015998391,30.76516342163086,11157200.0
2006-03-23,30.686576079636737,30.758595328095975,30.516350808543784,30.575275421142578,10793900.0
2006-03-24,30.627637588481395,30.77167602013054,30.54907230646608,30.706205368041992,10495000.0
2006-03-27,30.634196501226857,30.725856444133992,30.555628695124057,30.653837203979492,10450300.0
2006-03-28,30.52290131125426,30.778240503755768,30.08424218517152,30.156261444091797,16077800.0
2006-03-29,30.228277193577735,30.313391087411322,29.933656595197935,30.097335815429688,11836200.0
2006-03-30,29.986057321631552,30.17592597274917,29.776547947139267,29.861661911010742,12825100.0
2006-03-31,29.94020648134163,30.064601805456697,29.75688653053058,29.815811157226562,10968800.0
2006-04-03,30.01877138664844,30.261018458223525,29.894376064319836,29.907470703125,11832600.0
2006-04-04,29.966380321421816,30.378852495798665,29.92055035732947,30.306833267211914,8823300.0
2006-04-05,30.2544735922969,30.49017212453842,30.2544735922969,30.47707748413086,10249600.0
2006-04-06,30.33304636178271,30.46398779203275,30.14972386384681,30.24793243408203,7795500.0
2006-04-07,30.38542329061324,30.42470721932386,29.89438542069541,29.94676399230957,9406600.0
2006-04-10,30.05150923243484,30.169358484134346,29.881281425514672,29.907470703125,9100000.0
2006-04-11,29.953304257431437,30.116983515668768,29.756889647056095,29.828908920288086,8570000.0
2006-04-12,29.868191118378263,30.06460573384704,29.835455765391355,29.933664321899414,7157300.0
2006-04-13,29.94020652770996,30.071150420297936,29.85509262289572,29.94020652770996,7642200.0
2006-04-17,30.0842413248394,30.0842413248394,29.632485076366464,29.77652359008789,10618900.0
2006-04-18,29.7568890286747,30.313397496097846,29.704510468304548,30.09079360961914,16356400.0
2006-04-19,30.03186807120529,30.274115159282097,29.979492009963785,30.149717330932617,10493000.0
2006-04-20,30.509817511066306,30.673496794918695,30.189007513342315,30.300308227539062,17056200.0
2006-04-21,30.346138884557355,30.738970672841024,30.346138884557355,30.68659210205078,16502600.0
2006-04-24,30.6734873390456,30.863355849194075,30.58182736795238,30.81752586364746,12568100.0
2006-04-25,30.7847803049241,30.88298631385675,30.66038502792432,30.830610275268555,12677000.0
2006-04-26,30.83716781752952,31.282375550141197,30.80443246903834,31.23654556274414,19058900.0
2006-04-27,31.1579825311366,32.19898267444389,31.105603971639468,32.107322692871094,34554500.0
2006-04-28,32.03530698262922,32.7227594183735,32.01566626940859,32.683475494384766,29595900.0
2006-05-01,32.63109535858536,32.73584997861504,32.14660367998111,32.19898223876953,21093000.0
2006-05-02,32.25135363538412,32.513241396354154,32.25135363538412,32.38229751586914,19227800.0
2006-05-03,32.257905219187286,32.47396051927406,32.22516987039196,32.27754592895508,13745200.0
2006-05-04,32.44122072383524,32.70310847339554,32.42812608660255,32.69655990600586,15863000.0
2006-05-05,32.73584231113659,33.06320073424795,32.703106968334765,33.04356002807617,19401000.0
2006-05-08,32.866774479117595,32.945339773381555,32.73583065698054,32.8078498840332,10721900.0
2006-05-09,32.8078724992424,32.965003196084076,32.762042504534634,32.86024856567383,10343700.0
2006-05-10,32.75549652798742,33.023930445757976,32.565630462404044,32.8471565246582,11892500.0
2006-05-11,32.93226040920851,32.93226040920851,32.36920346126111,32.53288269042969,11227700.0
2006-05-12,32.53289189044612,32.63764652683583,32.16625191185591,32.21208190917969,15232200.0
2006-05-15,32.08112933517639,32.58526166729193,31.819241566074577,32.44122314453125,13367300.0
2006-05-16,32.48706176089903,32.60491103855124,32.336477127798425,32.50015640258789,8121100.0
2006-05-17,32.27755144922651,32.28410001863376,31.62283437115884,31.793062210083008,20638000.0
2006-05-18,31.851981781807083,32.107321002041026,31.485339377276755,31.504980087280273,13165300.0
2006-05-19,31.6555674394707,31.806154554393014,31.426417477714608,31.603191375732422,15761800.0
2006-05-22,31.603178662735584,31.904347776334504,31.49842407985134,31.596630096435547,16162600.0
2006-05-23,31.917462433378244,32.00912243870747,31.544273841653343,31.577009201049805,12592100.0
2006-05-24,31.557375899637833,31.891280640012493,31.4329780081358,31.74069595336914,17052700.0
2006-05-25,31.917450742555665,32.12695996301074,31.70139295409123,32.0222053527832,13871200.0
2006-05-26,32.1793409297131,32.48051014450565,31.98947240395589,32.329925537109375,15352800.0
2006-05-30,32.198970240174475,32.231705578445194,31.851971158921664,31.884706497192383,14796800.0
2006-05-31,31.983955158643873,32.12948792803128,31.68627816446965,32.017032623291016,15518900.0
2006-06-01,32.01701349362473,32.24192649217951,31.97732207383692,32.2154655456543,14188200.0
2006-06-02,32.55946380714816,32.69838004893699,32.36100914921463,32.58592224121094,13392700.0
2006-06-05,32.54624068393978,32.73146238151889,32.18902524707459,32.241947174072266,10750300.0
2006-06-06,32.281608204987194,32.46683226599157,31.772246453269982,32.10300064086914,15816700.0
2006-06-07,32.083166454964626,32.572683919443044,31.96409470748217,32.314693450927734,12480200.0
2006-06-08,32.189015511078345,32.546230839898996,32.09640469030016,32.433773040771484,15392800.0
2006-06-09,32.31468660296179,32.54621607331533,32.16915646067714,32.27499771118164,11685300.0
2006-06-12,32.28162000645005,32.42053621039745,31.983940624094814,32.02363204956055,9570900.0
2006-06-13,31.85162966711881,32.182383858787944,30.92551692106356,31.13719940185547,22932100.0
2006-06-14,31.077684864588665,31.262906531473412,30.336795673593713,30.852771759033203,20908100.0
2006-06-15,30.998300755069724,31.79872574536639,30.95860932120787,31.69288444519043,21674900.0
2006-06-16,31.553968063513246,31.679653818301425,31.348899441374567,31.368743896484375,21387400.0
2006-06-19,31.706107957526672,31.706107957526672,31.12397967272073,31.183515548706055,10154500.0
2006-06-20,31.097517608272153,31.395196977531683,31.090903632713054,31.14382553100586,12954900.0
2006-06-21,31.110752491973493,31.46796778571077,31.110752491973493,31.295976638793945,11575200.0
2006-06-22,31.29597533689328,31.553963308263995,31.17690357726753,31.448122024536133,10268800.0
2006-06-23,31.35549616489309,31.573792603779662,31.170272114692374,31.362110137939453,12398500.0
2006-06-26,31.32243627517704,31.441508044344303,31.196750529258466,31.39520263671875,8859800.0
2006-06-27,31.395205161805887,31.55396837461657,31.28274988380072,31.289363861083984,10128700.0
2006-06-28,31.35552349800285,31.63335603031391,31.35552349800285,31.52090072631836,12517900.0
2006-06-29,31.560583902554864,32.215478717824105,31.467973075304943,32.14932632446289,16028900.0
2006-06-30,32.28161806268632,32.2882345615931,31.75902568106885,31.818561553955078,14414500.0
2006-07-03,31.87809004156451,32.4337572186182,31.871476067644963,32.28822708129883,6660400.0
2006-07-05,32.08316535889495,32.480069487973545,31.964093615480394,32.32792282104492,12059500.0
2006-07-06,32.327909830775695,32.61897509703298,32.274990479108666,32.45359802246094,7653500.0
2006-07-07,32.34776475642141,32.559447262092135,32.18238764115024,32.281612396240234,7583700.0
2006-07-10,32.49330028748964,32.5925275824805,32.44038091402813,32.50653076171875,7321900.0
2006-07-11,32.39409271244701,32.572700424172,32.189024038216935,32.51316452026367,11447500.0
2006-07-12,32.532999179126016,32.55284363329812,32.0831730458846,32.129478454589844,7977600.0
2006-07-13,32.12948519919426,32.26178747617729,31.68627547327553,31.739194869995117,12113600.0
2006-07-14,31.752410914661098,32.08316519502215,31.48119250570323,31.95747947692871,10613100.0
2006-07-17,31.825184763510308,32.05671180496817,31.66642156118528,31.897951126098633,10434700.0
2006-07-18,31.858269672349493,32.13610473256962,31.61351207708759,32.04349136352539,9437000.0
2006-07-19,32.40069418438657,33.062202850928045,32.3146973511687,33.0423583984375,24176600.0
2006-07-20,32.96298199332923,33.12174267908426,32.810832761251895,32.843910217285156,15785300.0
2006-07-21,32.97619554187011,33.24741390805356,32.92327617755491,33.168033599853516,19627600.0
2006-07-24,33.17465555938724,33.53848476561356,33.16803906059945,33.45248794555664,13098200.0
2006-07-25,33.45911275545122,33.79648109723712,33.439265777612846,33.61125946044922,15198200.0
2006-07-26,33.4921765098663,33.86923615803694,33.465715563882995,33.73031997680664,14242200.0
2006-07-27,33.92878696964946,34.03462827674872,33.723718333132716,33.750179290771484,13054100.0
2006-07-28,33.842783868974266,34.332301401064264,33.842783868974266,34.17353820800781,12051700.0
2006-07-31,34.16030602756189,34.166922527147484,33.86924313217582,34.08753967285156,10928400.0
2006-08-01,33.96185393873251,34.12061712386914,33.78986280133511,34.08753967285156,11102900.0
2006-08-02,34.173541898394866,34.37861051918487,34.08093107721732,34.37199401855469,9711300.0
2006-08-03,34.31245251072627,34.62336237958007,34.239686156445146,34.378604888916016,11329500.0
2006-08-04,34.729194406218895,34.89457152243898,34.48443698078043,34.61012268066406,19869100.0
2006-08-07,34.530767756890086,34.63660908814248,34.4646153476971,34.50430679321289,9614800.0
2006-08-08,34.62997262187193,34.848271661178316,34.365370708007895,34.43813705444336,12969100.0
2006-08-09,34.56383259977757,34.77551520042607,33.96847370829388,34.09416198730469,12412600.0
2006-08-10,33.94201637914416,34.16692946507631,33.7832531617691,34.0809326171875,10816200.0
2006-08-11,33.955231930672994,34.07430113704125,33.538480876292894,34.00153732299805,11741200.0
2006-08-14,34.133848202121484,34.31907235565299,33.750174465041724,33.822940826416016,8245700.0
2006-08-15,34.26615109861551,34.530755595281924,34.15369582777835,34.4976806640625,12396900.0
2006-08-16,34.71596886772069,34.71596886772069,34.332295215761164,34.59689712524414,9384100.0
2006-08-17,34.444752949016745,34.66305200048634,34.35214214783149,34.491058349609375,9622900.0
2006-08-18,34.55060152761495,34.729209191988424,34.43814625196625,34.72259521484375,8985600.0
2006-08-21,34.636593673975206,34.83504576632515,34.636593673975206,34.70274353027344,7274400.0
2006-08-22,34.70935400705563,34.86811464400463,34.61674321492624,34.72919845581055,7504200.0
2006-08-23,34.72259521484375,34.828436513347775,34.60352343859477,34.72259521484375,7575900.0
2006-08-24,34.72258519039872,34.868115356667296,34.64981884553699,34.73581314086914,9418600.0
2006-08-25,34.52414020330057,34.583676090789034,34.305843631479924,34.48445129394531,11392400.0
2006-08-28,34.4778378050645,34.63660102672027,34.43814889224241,34.52414321899414,8147700.0
2006-08-29,34.57705959294101,34.65643992932003,34.39183796690483,34.59029006958008,16074400.0
2006-08-30,34.67720798778672,34.8042543012892,34.52341427646091,34.570220947265625,12362200.0
2006-08-31,34.650464809524955,34.70395961168596,34.41643142700195,34.41643142700195,10533100.0
2006-09-01,34.65715127850831,34.663836853072574,34.302754608063836,34.54347610473633,9775300.0
2006-09-05,34.51674040944365,34.69728159316892,34.429815156769976,34.603668212890625,8992800.0
2006-09-06,34.436491274794236,34.7106457634947,34.38299647174409,34.53679275512695,10342800.0
2006-09-07,34.53010787196178,34.68390161901427,34.389687826927705,34.443180084228516,9487400.0
2006-09-08,34.369623107568664,34.64377757860735,34.23588865933145,34.54347610473633,10082700.0
2006-09-11,34.16901649763355,34.30275093153727,33.96841612216406,34.222511291503906,13728000.0
2006-09-12,34.296066496507045,34.670519862944765,34.296066496507045,34.570220947265625,13893100.0
2006-09-13,34.57022216096429,34.73738957707072,34.42311401854349,34.703956604003906,8985200.0
2006-09-14,34.503359659645795,34.7574548904975,34.47661480700834,34.724021911621094,8290500.0
2006-09-15,34.77081336239868,34.77081336239868,34.39635753098736,34.403045654296875,15843600.0
2006-09-18,34.36296397344717,34.72404652309267,34.276036126138166,34.62374496459961,11259500.0
2006-09-19,34.69057177946898,34.83099175178079,34.443162246418815,34.790870666503906,14284600.0
2006-09-20,34.891187868483875,35.20546346821673,34.86444046621455,35.09847640991211,13629000.0
2006-09-21,35.19209722620027,35.23221578733488,34.84438857531874,34.93131637573242,9765700.0
2006-09-22,34.96475148546243,35.252279761345086,34.891197384547326,35.05836486816406,11521500.0
2006-09-25,35.25226997125546,35.55985744350294,35.12522108649518,35.419437408447266,13046100.0
2006-09-26,35.41942431762122,35.7738183372385,35.265630638338784,35.76044464111328,14145600.0
2006-09-27,35.64009031603631,35.91424475882228,35.52641770475119,35.599971771240234,11387100.0
2006-09-28,35.66016221143673,36.001182692385676,35.45287365194359,35.787208557128906,12219800.0
2006-09-29,35.827328690319604,36.10816877867165,35.72702720118083,35.820640563964844,10701400.0
2006-10-02,35.793892189104604,35.89419367552249,35.64009844716388,35.85407257080078,7378600.0
2006-10-03,35.860751303755535,36.48929980845291,35.82063020954298,36.3823127746582,13591200.0
2006-10-04,36.30206203089901,36.67651525923572,36.20844872381483,36.656455993652344,12570700.0
2006-10-05,36.48261516415704,36.689901112605355,36.2887003633481,36.455867767333984,8653700.0
2006-10-06,36.342197765781776,36.422439967643065,36.181718463604234,36.268646240234375,8968900.0
2006-10-09,36.161673930334,36.46926151054374,36.14161209630393,36.44919967651367,5886000.0
2006-10-10,36.47592415589551,36.542792642666754,36.2953830677711,36.5294189453125,10630800.0
2006-10-11,36.255286641117905,36.255286641117905,35.87414496173869,36.134925842285156,12485000.0
2006-10-12,36.34218566603189,36.48929376969363,36.208453808999394,36.282005310058594,9426000.0
2006-10-13,36.241918752333284,36.43583368721703,36.02794453134913,36.36896514892578,7951400.0
2006-10-16,36.308768506690484,36.34220148550171,35.91425323486328,35.91425323486328,8634300.0
2006-10-17,35.65348538458327,35.98782039572961,35.386016355356716,35.89420700073242,10068900.0
2006-10-18,36.05467259491793,36.06804629634422,35.66684545664639,35.98112106323242,12417500.0
2006-10-19,35.92094763473896,35.92094763473896,35.32583183533368,35.61335754394531,16086300.0
2006-10-20,35.66016027491111,35.89419367552249,35.27233058158625,35.85407257080078,16555700.0
2006-10-23,35.62673356615366,36.088117456979276,35.59330057932786,35.880828857421875,14966300.0
2006-10-24,35.747094804651624,35.840708189239386,35.51974692032131,35.72703552246094,14260800.0
2006-10-25,35.800585839021586,36.16835376134286,35.800585839021586,36.10817337036133,11578600.0
2006-10-26,36.10148073553614,36.2285270690918,35.900877770969906,36.2285270690918,9950800.0
2006-10-27,36.12823343784394,36.14160714177278,35.84739330765802,35.90757369995117,9197700.0
2006-10-30,35.84069812203488,36.15497372553778,35.83401254677369,36.05467224121094,7471300.0
2006-10-31,36.19509580512507,36.30208286759712,35.994495381836565,36.021240234375,11782300.0
2006-11-01,36.20846544024863,36.20846544024863,35.773829112959746,35.82732391357422,12654100.0
2006-11-02,35.68020849184825,35.90086812248635,35.58659516062166,35.807254791259766,8920300.0
2006-11-03,35.8072752019971,35.90088858658486,35.70697624027025,35.72703552246094,7531600.0
2006-11-06,35.89417550393521,36.27531687813221,35.88748738114777,36.24856948852539,11139700.0
2006-11-07,36.2552794559888,36.522745860897494,36.215158347404646,36.38901138305664,8579500.0
2006-11-08,36.37563222312122,36.6096655947421,36.241897774721096,36.51605224609375,9559600.0
2006-11-09,36.45588780478155,36.5896223116299,36.36227441521976,36.44919967651367,9004900.0
2006-11-10,36.44918749427472,36.623043060302734,36.275334479019406,36.623043060302734,9612200.0
2006-11-13,36.489310310759805,36.73003184377508,36.41575622558594,36.41575622558594,8669900.0
2006-11-14,36.47593676921151,36.76346498482471,36.1549755740376,36.66316604614258,13716200.0
2006-11-15,36.62303006920397,36.64308933864064,36.328816397455,36.429115295410156,12612500.0
2006-11-16,36.59630099411444,36.77015658549372,36.5026876221901,36.70997619628906,10064100.0
2006-11-17,36.67652893066406,36.81026336953674,36.65646965760345,36.67652893066406,13267400.0
2006-11-20,36.6765406627963,36.83033697469838,36.58961541787974,36.70997619628906,8949900.0
2006-11-21,36.80359285228843,36.81027842911971,36.44919606167148,36.58961868286133,9191500.0
2006-11-22,36.562851913312144,36.72333118001921,36.38899639847888,36.5294189453125,11706600.0
2006-11-24,36.35558276629891,36.61636362647389,36.288716794736764,36.48263168334961,4835400.0
2006-11-27,36.48262303033576,36.5695482625948,35.92762590506663,36.05467224121094,14859600.0
2006-11-28,36.054671789580844,36.43581589478489,35.96105843246053,36.2887077331543,11998100.0
2006-11-29,36.52517996475645,36.579229943854706,36.28870389626927,36.49815368652344,9322900.0
2006-11-30,36.49816502543745,36.58599916829834,36.254933600510995,36.383304595947266,11314900.0
2006-12-01,36.369775322920894,36.48463311596451,35.81574704146359,36.146812438964844,14482400.0
2006-12-04,35.47118537892151,35.822519333863596,35.26849340651561,35.572532653808594,28801800.0
2006-12-05,35.57926492275842,35.69412526516138,35.33603368225012,35.66709899902344,16918300.0
2006-12-06,35.640099213263014,35.82927806205416,35.5387519286286,35.59955978393555,13045300.0
2006-12-07,35.55227097082022,35.707668276307345,35.40363152669323,35.464439392089844,12408800.0
2006-12-08,35.33605863049933,35.39011120093785,34.673930106837965,34.903648376464844,32237800.0
2006-12-11,35.03877494431266,35.65360871750137,35.01850652040181,35.504966735839844,18229300.0
2006-12-12,35.43739659658008,35.77521734091856,35.36983090129174,35.67387008666992,14986000.0
2006-12-13,35.94412535357881,36.07249630014829,35.77521499249749,35.86980438232422,13299700.0
2006-12-14,35.876567751698644,36.133312280092525,35.61982580067291,35.92386245727539,13389700.0
2006-12-15,35.95764820249687,36.12655860919425,35.714416804473714,36.025211334228516,22369800.0
2006-12-18,36.12655474197805,36.32924669284382,36.05223375860807,36.234657287597656,12915300.0
2006-12-19,36.092776816407884,36.41032922643659,36.079266251076334,36.20088195800781,10902300.0
2006-12-20,36.281962506842405,36.34277036746459,36.092781064146315,36.25493621826172,8999000.0
2006-12-21,36.41030886611879,36.4913850996132,36.09951448991773,36.153564453125,10445800.0
2006-12-22,36.241411670608926,36.25492481064736,35.836027778927594,36.045475006103516,8402700.0
2006-12-26,36.07924857375264,36.4913876260135,36.065735437673524,36.28194046020508,10028200.0
2006-12-27,36.40356750401452,36.518425330593544,36.14682299286942,36.329246520996094,8905300.0
2006-12-28,36.34951362791609,36.45761616911398,36.15357696656744,36.2481689453125,7024400.0
2006-12-29,36.248158883678826,36.33599040208174,35.97790131701728,36.07249069213867,7612900.0
2007-01-03,36.079258048401904,36.606257607045215,35.80224512945249,36.03196334838867,16028200.0
2007-01-04,36.0319649512403,36.410322568177044,35.84278356540396,36.261680603027344,13175000.0
2007-01-05,36.20763442410551,36.20763442410551,35.82927419004346,35.971160888671875,10205000.0
2007-01-08,36.11980383626994,36.24141954567436,35.67388042757655,36.1130485534668,9685900.0
2007-01-09,36.21437554341789,36.28869650473657,35.78872334610271,36.146812438964844,12546500.0
2007-01-10,35.9846742521764,36.28195823683932,35.91711111604488,36.20088195800781,10083900.0
2007-01-11,36.14683533750582,36.24818263575478,35.9306301734523,35.98468017578125,14645200.0
2007-01-12,35.97115309898601,36.214381863887844,35.97115309898601,36.06574249267578,13012400.0
2007-01-16,36.11980205221943,36.167096761610864,36.018457350967076,36.10628890991211,12006200.0
2007-01-17,36.14682703324009,36.28871115629751,35.91035349481106,36.025211334228516,12746800.0
2007-01-18,36.113027276909285,36.18059037460878,35.95087223411675,36.00492477416992,10111100.0
2007-01-19,36.11979223034434,36.241407900671504,35.977908140751865,36.20762634277344,12794000.0
2007-01-22,36.241411086718195,36.51842400962329,36.17384796498247,36.2481689453125,15563000.0
2007-01-23,35.97791662654271,36.16034017506008,35.74144308811368,36.025211334228516,17367300.0
2007-01-24,36.12656113451131,36.13331641720938,35.51172731424949,35.94413757324219,25262700.0
2007-01-25,35.944126704490614,35.9576398431691,35.36307462815399,35.40361404418945,20091400.0
2007-01-26,35.48470430007033,35.673883161477995,34.94419142649934,35.160396575927734,22715300.0
2007-01-29,35.12662376143938,35.3022895226291,34.69421077741599,34.768531799316406,22157900.0
2007-01-30,34.80905923472086,35.22120106683033,34.7009566703453,35.21444320678711,17991300.0
2007-01-31,35.13336088311762,35.673873611999674,35.03201361885374,35.52523422241211,19232300.0
2007-02-01,35.64685608604122,35.78874280633147,35.57253766167891,35.70090866088867,12647800.0
2007-02-02,35.694146774993456,35.9171071615743,35.62658106893248,35.633338928222656,12651800.0
2007-02-05,35.63333114177862,35.890073036603724,35.38334195003181,35.72792053222656,11112400.0
2007-02-06,35.65360442256166,36.03196461331796,35.640091282459515,35.95088577270508,13702200.0
2007-02-07,36.04549204654931,36.14008407153658,35.9779288917847,36.052249908447266,9509500.0
2007-02-08,36.045479758274354,36.07250604191432,35.80900621984532,36.025211334228516,13669800.0
2007-02-09,36.02521029864709,36.1468259941627,35.57928694087925,35.802249908447266,11423700.0
2007-02-12,35.94411629469793,36.01843724722165,35.79547438965049,35.83601379394531,10685400.0
2007-02-13,35.86980545129605,36.342754991891844,35.86980545129605,36.302215576171875,10682100.0
2007-02-14,36.32249590965566,36.599508897854,36.19412491715299,36.5184326171875,12189700.0
2007-02-15,36.53870445538138,36.62653602087372,36.28195988714028,36.383304595947266,16916400.0
2007-02-16,36.241419628989156,36.53194576019333,36.21439334297749,36.5184326171875,10815700.0
2007-02-20,36.39681690750349,36.599508897854,36.28871434082532,36.5184326171875,9998000.0
2007-02-21,36.31572560304378,36.46436753724637,36.288699328212864,36.423828125,11771600.0
2007-02-22,36.383285114747714,36.55219544968595,36.14005639742509,36.28194046020508,10215100.0
2007-02-23,35.99817705761919,36.30897409573345,35.660356319233514,35.71440887451172,16807800.0
2007-02-26,35.86979084032482,35.91033023953174,35.5387255235515,35.66709899902344,16356500.0
2007-02-27,35.26848906556196,35.54550199514035,33.10643561215191,34.32258987426758,31633500.0
2007-02-28,34.7529947884177,35.18339432245786,34.40457785540228,34.725669860839844,27398400.0
2007-03-01,34.32943783190724,34.77350125426156,34.02200950920792,34.418251037597656,25006600.0
2007-03-02,34.22694813558591,34.39091071545664,34.03566063081738,34.165462493896484,17183400.0
2007-03-05,33.88537311297127,34.349930870363906,33.85804817896403,33.91270065307617,18612500.0
2007-03-06,34.22694291992669,34.90328487544626,34.22694291992669,34.80080795288086,16716600.0
2007-03-07,34.86229004519783,34.910111909246694,34.43872384672383,34.56169509887695,14548500.0
2007-03-08,34.75981888954423,35.06724704779036,34.56169823133045,34.684669494628906,13333900.0
2007-03-09,34.94428275891324,34.985271450795956,34.616357587270215,34.807647705078125,10723700.0
2007-03-12,34.80764604363165,34.96477543590799,34.63685288601432,34.903289794921875,10574300.0
2007-03-13,34.89646019680822,34.89646019680822,33.65308357677343,33.78971862792969,25463400.0
2007-03-14,33.83070603325217,34.10397349803141,33.03822595502826,34.00149917602539,25008800.0
2007-03-15,33.90585086204876,34.718825173853865,33.84436523469569,34.2269401550293,19655200.0
2007-03-16,34.34308821259926,34.479723258982204,33.81704497798784,33.899024963378906,21922100.0
2007-03-19,34.02200301962549,34.42507505336935,33.71457475556708,34.41141128540039,12994400.0
2007-03-20,34.41140806599602,34.72566948768641,34.37041937202116,34.6778450012207,10061800.0
2007-03-21,34.69150878282267,35.52498030863004,34.55487632805171,35.42933654785156,21716000.0
2007-03-22,35.51130093636764,35.62744159920096,35.1218928779837,35.279022216796875,20661200.0
2007-03-23,35.32001983012658,35.524971065051844,35.12189917372375,35.31318664550781,13102700.0
2007-03-26,35.32002424100038,35.32685482037583,34.78714783633183,35.22438049316406,13472600.0
2007-03-27,35.22437719508926,35.52497217530094,35.080908980671104,35.41566467285156,20025700.0
2007-03-28,35.14239383660931,35.16972136314149,34.50021259968123,34.684669494628906,19919100.0
2007-03-29,34.855457701950854,35.012587048167205,34.623178971436246,34.971595764160156,13947300.0
2007-03-30,34.957946909267044,35.121909509114644,34.34992360408952,34.855472564697266,16151700.0
2007-04-02,34.97844351051996,35.01260162503228,34.2406157277878,34.45240020751953,16943000.0
2007-04-03,34.568539856125575,34.76666057764787,34.472896088796794,34.74616622924805,13101600.0
2007-04-04,34.800820715673005,34.86230637054211,34.56171128345836,34.76666259765625,11108100.0
2007-04-05,34.65734268715245,34.78714453172884,34.41823334027583,34.739322662353516,10748700.0
2007-04-09,34.77349376451261,34.81448246131226,34.51388739169364,34.74616622924805,9290300.0
2007-04-10,34.80079715892373,34.96475966295381,34.711986633415705,34.889610290527344,10498700.0
2007-04-11,34.88963104145889,34.88963104145889,34.370420914400505,34.50705337524414,15268300.0
2007-04-12,34.51388477322661,34.51388477322661,34.19962595981761,34.34992218017578,12953900.0
2007-04-13,34.45922421974217,34.55487057068153,34.261106150894975,34.445560455322266,12906200.0
2007-04-16,34.70515611108594,35.30634853048624,34.67099801357252,34.99892044067383,18774400.0
2007-04-17,35.046756744384766,35.18339179685405,34.903291112035596,35.046756744384766,13395400.0
2007-04-18,35.13556734252229,35.661610561985505,35.01259606492847,35.40200424194336,19115500.0
2007-04-19,35.07407981245961,35.108237919705644,34.65734412820696,34.78031539916992,25404800.0
2007-04-20,35.04676440778186,35.04676440778186,34.38408855846356,34.869140625,29384700.0
2007-04-23,34.86913669355177,35.039929875703464,34.37725149500383,34.50705337524414,22349400.0
2007-04-24,34.602703682409995,34.77349688398932,34.3294335174441,34.58220672607422,15076800.0
2007-04-25,34.732483631535004,35.00575362383399,34.5002049199096,34.99892044067383,16116700.0
2007-04-26,34.84178866878501,34.957926713421735,34.60267939682963,34.6505012512207,14693900.0
2007-04-27,34.65051138951186,34.7393219415969,34.43189638944713,34.684669494628906,15118100.0
2007-04-30,34.79397761858564,34.99209828035211,34.68467011659318,34.77348327636719,19515200.0
2007-05-01,34.84182061650241,35.012613854818596,34.616372290998,34.79399871826172,14725300.0
2007-05-02,34.85545836695168,34.97159643137676,34.78713955896983,34.84862518310547,11477800.0
2007-05-03,34.99208986360946,35.23803233545939,34.91010730226229,34.99892044067383,12718400.0
2007-05-04,35.18338389693052,35.22437518529636,34.90328327500463,35.005760192871094,13558200.0
2007-05-07,35.16972970283874,35.2243847688633,35.03309464387431,35.12873840332031,11593100.0
2007-05-08,35.0330877600898,35.17655597716517,34.90328591293219,35.11507034301758,10795300.0
2007-05-09,35.06040637372974,35.27219074996958,34.97159323452002,35.14921951293945,16584300.0
2007-05-10,35.14923390511366,35.16289767105574,34.527546888281854,34.554874420166016,17866500.0
2007-05-11,34.71883452917077,34.90329146093364,34.582199475335656,34.807647705078125,11040500.0
2007-05-14,34.862283256282396,34.944265812483664,34.541194032495426,34.691490173339844,16609200.0
2007-05-15,34.83496866446693,35.10823611448067,34.787144189465714,34.80080795288086,15653600.0
2007-05-16,35.07408498469244,35.12873744312617,34.746162415799304,34.92378616333008,18972400.0
2007-05-17,34.94426678709171,35.012582979735846,34.75297675671589,34.93060302734375,14744800.0
2007-05-18,35.0604200301183,35.094578141243645,34.916954399733775,35.0330924987793,14634500.0
2007-05-21,35.04674229841178,35.080900395925205,34.88961296497339,34.99892044067383,14297800.0
2007-05-22,34.985274669757224,35.2653753831474,34.95794713525644,35.18339538574219,16403900.0
2007-05-23,35.32003320949874,35.45666828657228,35.06726001087595,35.0809211730957,13478000.0
2007-05-24,35.32001681718773,35.34734434113898,34.81446804847417,34.875953674316406,17259600.0
2007-05-25,34.978431701660156,35.01258980464056,34.698331087466876,34.978431701660156,11556400.0
2007-05-29,34.99892328683152,35.18338015571924,34.951101425204634,34.971595764160156,14373200.0
2007-05-30,34.9854078965635,35.35839937270096,34.874891415685596,35.095924377441406,16051700.0
2007-05-31,35.19956066313215,35.25482026587867,34.86110481853979,35.026878356933594,15938900.0
2007-06-01,35.05448573627715,35.22026180355788,34.86798864868179,35.0752067565918,14293500.0
2007-06-04,35.07521485864457,35.171916489011686,34.964698333236186,35.123565673828125,12758700.0
2007-06-05,35.075203909157985,35.08901879988664,34.91633661815991,34.99231719970703,12630000.0
2007-06-06,34.88181934904122,34.98542976741327,34.716043206630424,34.76439666748047,14588700.0
2007-06-07,34.74365461795361,34.88180089104094,34.35684821521428,34.39138412475586,21053100.0
2007-06-08,34.48118978911174,34.72985264618392,34.23252956696153,34.71603775024414,18402800.0
2007-06-11,34.6055236262082,34.73676382930956,34.40521420844463,34.570987701416016,13209900.0
2007-06-12,34.43283896895012,34.60552121580528,34.29469527940358,34.30160140991211,16877600.0
2007-06-13,34.536462778826646,34.798940633724165,34.36378046493251,34.785125732421875,19863000.0
2007-06-14,34.785100903208125,34.84726659723376,34.53643812710558,34.591697692871094,17525600.0
2007-06-15,34.65386075197561,34.7989157946495,34.52953199884546,34.591697692871094,27194200.0
2007-06-18,34.54334932876827,34.63314481886498,34.419020557377884,34.47427749633789,13196100.0
2007-06-19,34.65386219578784,35.10974572758376,34.640049938692115,34.91633987426758,25301000.0
2007-06-20,35.01995054666452,35.08902237241925,34.49499518521203,34.52262496948242,21505400.0
2007-06-21,34.55026379715813,34.62624440632874,34.336136865397506,34.46046829223633,19282200.0
2007-06-22,34.42592452888077,34.4604604429313,33.81117630004883,33.81117630004883,35893600.0
2007-06-25,33.970056885405334,34.177275085594175,33.610877442114244,33.74211502075195,20984900.0
2007-06-26,33.94931812934314,34.12200031182216,33.70756149291992,33.70756149291992,21003400.0
2007-06-27,33.70067298772163,33.98387180968054,33.53489684648898,33.97696304321289,16095400.0
2007-06-28,34.00458431736339,34.16345165231472,33.67994088272449,33.90788269042969,15200500.0
2007-06-29,34.00458518717934,34.08747192168246,33.56251908993365,33.769737243652344,19179000.0
2007-07-02,33.949307915271966,34.087451511756164,33.83188269635615,34.06673049926758,11098100.0
2007-07-03,34.18416678728716,34.329219191516806,34.01148460084585,34.225608825683594,8331400.0
2007-07-05,33.87333349953361,34.294678396018206,33.8664247375043,34.10127258300781,12644600.0
2007-07-06,34.059842077107426,34.10128412362544,33.74210478924709,33.94932556152344,20671200.0
2007-07-09,33.84571124797962,33.963133879383875,33.6937500685894,33.714473724365234,21405600.0
2007-07-10,33.569433329610355,33.659228850719195,33.34149409593089,33.40365982055664,27025200.0
2007-07-11,33.41055013252118,33.88715467395666,33.237867938649465,33.50725173950195,24178900.0
2007-07-12,33.569421570444604,34.22561451498431,33.50725586759513,34.21179962158203,18427900.0
2007-07-13,34.22562173876389,34.41211888667507,34.08747541050502,34.19108581542969,14025900.0
2007-07-16,34.08057587099828,34.52264209898474,34.08057587099828,34.27397918701172,14072800.0
2007-07-17,34.34994554727957,34.67458895140017,34.32922452486216,34.39829635620117,19572700.0
2007-07-18,34.09438705444336,34.3844919968484,33.52798943219537,34.09438705444336,28540200.0
2007-07-19,34.239440948837,34.43284425181267,33.776653721024545,34.032222747802734,22329300.0
2007-07-20,34.02530815524674,34.03221692055426,33.22406264949968,33.369117736816406,32525300.0
2007-07-23,33.47272644429944,33.569428081951195,33.16880663526221,33.258602142333984,24454400.0
2007-07-24,33.1066543435712,33.25170685886091,32.46427590737608,32.56788635253906,33103600.0
2007-07-25,32.77508271846854,33.3207591133633,32.39518239813317,33.106632232666016,33727500.0
2007-07-26,32.699107587380844,32.96158531804347,32.39518780734953,32.62312698364258,51484500.0
2007-07-27,32.8372549128924,33.30004204459484,32.70601472605237,32.747459411621094,37536200.0
2007-07-30,33.085907811092724,33.251681233693716,32.77507935006455,32.94776153564453,35877300.0
2007-07-31,33.16190576700475,33.43819848459697,32.73365442616718,32.75437545776367,33880000.0
2007-08-01,32.67149123105103,33.058300538703584,32.38829235926412,32.89943313598633,48411400.0
2007-08-02,32.996126553292704,33.18952984129593,32.851074087290286,33.00303268432617,37180800.0
2007-08-03,32.913238832652766,33.224064783485446,32.443542888606004,32.464263916015625,43493200.0
2007-08-06,32.6645620471458,33.348382009539236,32.13270061255036,33.26549530029297,52233600.0
2007-08-07,33.18262517555037,34.08057244011711,32.87870269821354,33.61778259277344,46093100.0
2007-08-08,33.61777861216472,34.51572840532946,33.5418006367492,34.32923126220703,35709200.0
2007-08-09,33.36218880003704,33.98384555575091,33.099711210411144,33.396724700927734,39096900.0
2007-08-10,32.982321657407844,34.1220259728372,32.982321657407844,33.56253433227539,32166500.0
2007-08-13,34.046031280996196,34.05293741127321,33.43128292438797,33.5003547668457,26263700.0
2007-08-14,33.5694149099895,33.6384893632959,33.01683245814311,33.05827713012695,26116600.0
2007-08-15,33.085907475639175,34.0322051052452,32.92013141979792,33.313846588134766,40894900.0
2007-08-16,33.19642086311307,34.764375261825606,32.99610891622486,34.432823181152344,69390600.0
2007-08-17,35.79357710496376,36.456676322507725,34.89562991850771,35.752132415771484,63492600.0
2007-08-20,35.82119096078126,36.03531517237153,34.861078485155346,35.46891784667969,36334500.0
2007-08-21,35.227180469463576,35.89027970474275,35.0199622878041,35.43439865112305,26677700.0
2007-08-22,35.76593266898039,35.828098359856064,35.17881430453759,35.67613983154297,30700500.0
2007-08-23,35.93861207171322,35.97315061335626,35.39293842169178,35.80046844482422,37119400.0
2007-08-24,35.83501850623679,35.91099911199026,35.482745267729264,35.82810974121094,18412600.0
2007-08-27,35.759043526055635,35.759043526055635,35.061405704314836,35.137386322021484,24534600.0
2007-08-28,35.06140224210602,35.06140224210602,34.29469527940358,34.30160140991211,30401900.0
2007-08-29,34.54334569457341,34.95087578684936,34.26014699552885,34.91633987426758,25674300.0
2007-08-30,34.63316009428162,34.94398874715648,34.53645843225892,34.68151092529297,18907100.0
2007-08-31,35.448203884240115,35.462018777240914,34.902527467855144,35.00613784790039,22514200.0
2007-09-04,34.96470282859021,35.39986285611184,34.888722213555404,35.282440185546875,24405600.0
2007-09-05,35.156523167090675,35.156523167090675,34.69485781291817,34.93968200683594,27360000.0
2007-09-06,35.00962196913528,35.02361214847972,34.6179076209063,34.827754974365234,20653000.0
2007-09-07,34.39408024912138,34.77880365371502,34.10029437836427,34.28915786743164,32834000.0
2007-09-10,34.42206954737657,34.6249232736274,33.99537814676468,34.247196197509766,20641600.0
2007-09-11,34.43604976025321,34.82776691109159,34.310140771353545,34.58993911743164,21040400.0
2007-09-12,34.533964380858386,34.6179054516651,34.3590911525416,34.54795455932617,16901500.0
2007-09-13,34.66688065151464,35.14253619568956,34.66688065151464,34.87672805786133,23447600.0
2007-09-14,34.73682836088095,35.04460437421112,34.69485781291817,34.93968200683594,18494200.0
2007-09-17,34.86273478170169,35.15652059084921,34.53397218430434,34.631900787353516,19139500.0
2007-09-18,34.76481139962139,35.88399941448314,34.568951495754554,35.821044921875,33475200.0
2007-09-19,35.98890293538372,36.32465913904572,35.45029319148224,35.72309494018555,34416800.0
2007-09-20,35.73710341315057,35.95394723977872,35.33839255038763,35.52725601196289,19987500.0
2007-09-21,35.86999963375877,35.9959085852882,35.42932097175976,35.84202194213867,26822400.0
2007-09-24,35.84203897494369,35.84903273408378,35.32441274285328,35.387367248535156,20674800.0
2007-09-25,35.04461798402418,35.3803771614117,34.91870895959274,35.12855911254883,20737300.0
2007-09-26,35.19149966216518,35.45730512529883,34.93268528776815,35.26144790649414,21087800.0
2007-09-27,35.33137843007965,35.42930965871826,35.04458650280658,35.39433288574219,13994900.0
2007-09-28,35.43632271332798,35.43632271332798,35.05160201622444,35.16352081298828,14729500.0
2007-10-01,35.00263040113064,35.44330907042847,34.806770546422015,35.422325134277344,22172400.0
2007-10-02,35.674151842059146,36.282710155754955,35.6391777170614,36.17778778076172,26625200.0
2007-10-03,35.988912590538185,36.39461711150699,35.93994829780667,36.324668884277344,16454000.0
2007-10-04,36.40163199709937,36.716404515983946,36.37365162467515,36.65345001220703,16592800.0
2007-10-05,36.758366231637964,37.031168146061255,36.730385863913845,36.87028503417969,16607600.0
2007-10-08,36.828308721983134,36.828308721983134,36.54851044548941,36.67441940307617,10854900.0
2007-10-09,36.82132225204451,36.82831867844309,36.42261133468046,36.77235794067383,14764200.0
2007-10-10,36.51353641454607,36.70939360754334,36.359647095274426,36.5834846496582,15382700.0
2007-10-11,36.72338397134305,37.04515012382982,36.45757587355417,36.667423248291016,18522300.0
2007-10-12,36.709376432840436,36.772330882329385,36.36662650545282,36.422584533691406,14666500.0
2007-10-15,36.37365250376796,36.422616822516154,35.66016899983757,35.96794509887695,20870800.0
2007-10-16,35.67416095089003,35.77908602102891,34.95368365222616,35.114566802978516,28061000.0
2007-10-17,35.47830336158545,35.513277495212996,34.60393667912016,34.99565124511719,28344700.0
2007-10-18,33.88346154767143,34.26118864873888,33.40780579114702,34.17025375366211,49030200.0
2007-10-19,34.016354643110446,34.13526720483183,33.253906957790846,33.2748908996582,35663200.0
2007-10-22,33.19095587265054,33.680601690563606,32.87618337053821,33.42178726196289,25526300.0
2007-10-23,33.78552407903102,33.78552407903102,33.04406292778313,33.42178726196289,20194300.0
2007-10-24,33.33085218271105,33.41479061991261,32.491459805630996,33.211936950683594,28020700.0
2007-10-25,33.08602615719769,33.46375310654719,32.49145803453452,32.87617874145508,34432800.0
2007-10-26,33.54069492375455,33.890441476310166,32.74327321086445,33.59665298461914,26594400.0
2007-10-29,33.79951913467151,33.88345759121115,33.34484738073392,33.56169128417969,17553900.0
2007-10-30,33.526716876858806,33.701590216434184,33.20495057244542,33.568687438964844,20259000.0
2007-10-31,33.785524151561155,33.98138408015987,33.107017499279124,33.77153396606445,29107800.0
2007-11-01,32.70130469158535,32.876177978706124,31.81294807280925,31.973831176757812,48004100.0
2007-11-02,32.19067104139085,32.267615705166534,30.93158406315082,31.55413246154785,51566400.0
2007-11-05,30.707755132397487,31.54714490837558,30.267073632160475,31.09247589111328,37758000.0
2007-11-06,31.1204579438701,31.938863820188388,31.1204579438701,31.868915557861328,31114100.0
2007-11-07,31.47718619976277,31.547134435087255,30.25307340310533,30.2950439453125,43617100.0
2007-11-08,30.32303247594873,31.06449630981811,29.392707805533128,30.42795753479004,48097300.0
2007-11-09,30.323034207418893,31.540153752385258,29.79142046087655,30.763715744018555,45235900.0
2007-11-12,30.462933404410638,31.74300745460553,30.462933404410638,30.763715744018555,32698500.0
2007-11-13,31.127436692473655,32.442484203249826,30.903599158939905,32.36553955078125,40882500.0
2007-11-14,32.76426526698611,32.86919032608814,31.701035163615632,31.98782730102539,33978500.0
2007-11-15,31.924873684597024,32.03679250551061,30.637805909913162,30.83366584777832,32015600.0
2007-11-16,30.980552402804747,31.12744532460564,30.413961987973924,31.036510467529297,33513600.0
2007-11-19,30.833664022727874,30.833664022727874,29.9243206547296,29.952301025390625,32492400.0
2007-11-20,29.93829846456315,30.525872663786007,29.189841203075613,29.917314529418945,43513500.0
2007-11-21,29.65151398753167,30.309039251532443,29.322751355531278,29.476640701293945,29442100.0
2007-11-23,29.777421077792923,30.316031085434286,29.665502288435913,30.183128356933594,14465600.0
2007-11-26,30.246082218537815,30.26006973210867,29.252800648682356,29.294771194458008,31375200.0
2007-11-27,29.700469977230476,30.302034340369786,29.385697616476904,30.036226272583008,35700800.0
2007-11-28,30.567851246402686,31.477191809449184,30.078205506807,31.37226676940918,36845200.0
2007-11-29,31.337298272678353,31.393259015642993,30.79169437054858,31.218385696411133,22607000.0
2007-11-30,32.27459858206914,32.666315525447125,31.896871815421093,32.26760482788086,45494200.0
2007-12-03,32.351563595875994,32.43550204076912,31.694040885562227,31.805959701538086,25093100.0
2007-12-04,31.47719717949589,31.491187365111607,31.106466599922115,31.274343490600586,24637200.0
2007-12-05,31.586573016712897,32.1330047533838,31.47302893552832,32.0975227355957,29247800.0
2007-12-06,32.06916079799107,32.62978631603729,31.87755450547756,32.61559295654297,21654800.0
2007-12-07,32.64397304302957,32.934930085781026,32.16850777855283,32.19689178466797,23926800.0
2007-12-10,32.2891422787222,33.19749530512456,32.225273537359186,33.09814453125,30544800.0
2007-12-11,33.01298332915944,33.353615675030525,31.579487181677838,31.685935974121094,33997700.0
2007-12-12,31.891740208554907,32.38849684317099,30.167286697038403,30.820167541503906,62623400.0
2007-12-13,30.422750069436663,30.614356242747487,29.812449526395845,30.550487518310547,37553200.0
2007-12-14,30.103407688164804,30.69241958304164,29.883417511561845,29.918899536132812,33028000.0
2007-12-17,29.812458495437134,29.94729401376069,29.280219867374228,29.59246826171875,39410600.0
2007-12-18,29.904705499664246,29.94728555243672,28.939579293660607,29.450529098510742,34660100.0
2007-12-19,29.57826539058379,30.23114326488017,29.43633459400921,29.51439666748047,26788600.0
2007-12-20,29.698909068462587,29.80535785794016,28.975067045593732,29.38666343688965,28801500.0
2007-12-21,29.670527271309364,29.855035452035555,29.14538402183342,29.748586654663086,42798800.0
2007-12-24,29.613741715981714,30.28081281231764,29.613741715981714,30.00404930114746,12722200.0
2007-12-26,29.86213375850788,30.032448587352608,29.627947484964636,30.01825523376465,15446400.0
2007-12-27,29.80535437765504,29.826643050222668,29.32279128068652,29.422142028808594,19281700.0
2007-12-28,29.59246809189719,29.727300902341327,28.982167368750467,29.166675567626953,23522900.0
2007-12-31,29.031841195587866,29.52149972969945,28.818946298456982,29.28021812438965,24663300.0
2008-01-02,29.471824512861144,29.48601786703195,28.634435566521955,28.783464431762695,30764600.0
2008-01-03,28.833139527875534,28.960877007022845,28.56347121555283,28.598953247070312,22589500.0
2008-01-04,28.386062311383075,28.59186191284601,28.2157447463882,28.279613494873047,34921700.0
2008-01-07,28.421530514993968,28.5563659778959,27.860905407496922,28.31508445739746,31884400.0
2008-01-08,28.513796765980594,28.535085444168793,27.165457867212954,27.257713317871094,42143300.0
2008-01-09,27.236424524753815,27.527381522888906,26.555157047444947,27.491899490356445,44276900.0
2008-01-10,27.25061848626804,28.251226985765854,26.8957927388276,27.88930320739746,60532300.0
2008-01-11,27.96735383736124,28.229924024814476,27.073194511574936,27.321571350097656,79116300.0
2008-01-14,27.50609113310371,27.88930359537574,27.257714189282385,27.83253288269043,37063400.0
2008-01-15,27.534481410519458,27.534481410519458,26.831927845766312,26.881603240966797,42560000.0
2008-01-16,26.73966464742868,27.967361229831578,26.73966464742868,27.456411361694336,46457400.0
2008-01-17,27.79703436816454,27.79703436816454,26.100968545352714,26.19322395324707,46725700.0
2008-01-18,26.434527927252443,26.59774750638,24.930066961597323,25.526174545288086,60762800.0
2008-01-22,23.503654911656678,27.662212779096883,23.503654911656678,26.53386688232422,85919200.0
2008-01-23,26.136464800928533,29.095710115727215,25.973242581441117,28.790559768676758,93531900.0
2008-01-24,28.74087410199257,28.946673603292176,27.569948518699206,28.31508445739746,109818800.0
2008-01-25,28.47122258393828,28.776373000831523,27.804151027554006,28.017045974731445,78213500.0
2008-01-28,27.981566112268204,29.294420644618274,27.78995983276571,29.23764991760254,47332200.0
2008-01-29,29.564081496042515,29.89052053759953,29.095711612515515,29.76278305053711,54214400.0
2008-01-30,29.691821162196273,31.00467545578169,29.25893328061559,29.954391479492188,71585900.0
2008-01-31,29.649228839667337,31.579481137251506,29.358271930731906,31.331104278564453,80378600.0
2008-02-01,31.309818091749257,31.99108547316889,31.27433606421093,31.95560073852539,60211900.0
2008-02-04,31.75689282589108,31.82076154544521,31.15369035785008,31.245943069458008,36302000.0
2008-02-05,30.529216351875625,30.791786721965764,30.018266263391993,30.067941665649414,55739200.0
2008-02-06,30.309218339952263,30.74920426878261,29.954392549860277,30.039552688598633,37702200.0
2008-02-07,29.926003609032552,31.08983438785902,29.72020672350077,30.777585983276367,47817600.0
2008-02-08,30.671130909720052,30.756288310111362,29.48601179789416,29.918899536132812,44693100.0
2008-02-11,30.365979470802557,30.365979470802557,29.571168073693865,29.904705047607422,36314700.0
2008-02-12,30.096311145357895,30.749191740823,29.92599364437857,30.38726806640625,39998300.0
2008-02-13,30.55759459090497,30.862744952736524,30.167284099883933,30.74920082092285,33394600.0
2008-02-14,30.798871078163113,30.940799188955097,29.89761349768704,29.975675582885742,37342100.0
2008-02-15,29.805372987602055,30.3021297454834,29.578284648074565,30.3021297454834,51280800.0
2008-02-19,30.642738749142673,30.727896134365764,30.053726959180498,30.28081512451172,32874300.0
2008-02-20,29.947296607373804,30.664043497446553,29.727303647497074,30.493728637695312,38450800.0
2008-02-21,30.536305537880885,30.86984263492289,29.80536530268417,29.954391479492188,36158900.0
2008-02-22,30.018256680938322,30.266636320043855,29.116998987943898,30.231151580810547,33756000.0
2008-02-25,29.996971660786556,30.536305653367332,29.60666384557741,30.472436904907227,29972200.0
2008-02-26,30.3092166658765,30.67114046775944,30.03955102941737,30.316314697265625,30539700.0
2008-02-27,30.05373634847353,30.69242370494456,29.940192230334826,30.429853439331055,29710100.0
2008-02-28,30.22405817733633,30.33050698758781,29.344089106293772,29.39376449584961,34949400.0
2008-02-29,29.109908416954134,29.14539045487485,28.05962439328637,28.201555252075195,39711500.0
2008-03-03,28.201545821233985,28.357667277297956,27.371252334595564,27.804140090942383,37261500.0
2008-03-04,27.506083672217564,27.74026990467497,26.81062571105166,27.52027702331543,46582400.0
2008-03-05,27.888279744995863,27.946003081894744,26.84923215550159,27.094562530517578,51850800.0
2008-03-06,26.66162349003959,26.86365926479312,26.178177204339516,26.35135269165039,51961200.0
2008-03-07,26.00500529815361,27.108990463277227,25.903987407558127,26.51009750366211,43862700.0
2008-03-10,26.79151781125602,26.84202678019532,25.36282964868937,25.47827911376953,50356100.0
2008-03-11,26.625551172856742,27.238875751005857,25.673092691302237,27.21722984313965,68076000.0
2008-03-12,26.943033355966787,28.068667230208238,26.68327148094713,26.719348907470703,41747400.0
2008-03-13,26.235913213047112,27.094568333231397,25.57929394407512,26.798728942871094,53560500.0
2008-03-14,27.044064809635845,27.13786836764999,25.398909113096682,25.752471923828125,57591200.0
2008-03-17,24.792784876694324,26.264766918268897,24.713412891237205,25.94727897644043,67553100.0
2008-03-18,26.748215412785385,28.090316772460938,26.336926641598563,28.090316772460938,68660600.0
2008-03-19,28.342862451036964,29.19430306664631,27.700674796601298,27.823341369628906,61962200.0
2008-03-20,28.032592568212046,30.29829228372007,27.859419785804498,30.20448875427246,69566900.0
2008-03-24,30.125107263084615,31.358973271216716,29.908639976969823,30.630199432373047,62674600.0
2008-03-25,30.052960510381702,30.485895199179893,29.367478292674885,29.562299728393555,52389000.0
2008-03-26,29.028350401521486,29.187094438210526,28.14083217850332,28.7469425201416,51047100.0
2008-03-27,28.869599376550912,29.136578419544218,27.859417553370236,27.88106346130371,42795300.0
2008-03-28,27.98207313914764,28.24905210362536,27.404826159587618,27.46976661682129,38462100.0
2008-03-31,27.527509453147253,28.86239407825352,27.26053032610008,27.354333877563477,37031600.0
2008-04-01,28.32843024719835,29.497358845487366,28.2779212926153,29.482927322387695,52432700.0
2008-04-02,29.504571979352146,29.944723781362754,28.876815890066123,29.0788516998291,40527100.0
2008-04-03,28.63869757693778,29.345825606334007,28.31399798114136,29.129358291625977,31047600.0
2008-04-04,29.021134705443565,29.064426529836915,28.364515427667765,28.436670303344727,31394100.0
2008-04-07,28.754146913876994,29.151006867675868,28.400584276441393,28.501602172851562,32126700.0
2008-04-08,28.27069595814805,28.357282310679768,27.599645532833577,27.693449020385742,39627900.0
2008-04-09,27.873839831518648,27.996503605834313,27.318238774401003,27.36874771118164,31935100.0
2008-04-10,27.375967503473568,27.635729373978144,26.957464408518206,27.19557762145996,37341200.0
2008-04-11,26.820371617090053,27.332681074798295,26.55339530985508,26.6544132232666,35756400.0
2008-04-14,26.264770540207074,26.365788443798948,25.572071232304427,25.673091888427734,44191700.0
2008-04-15,26.05551759560595,26.30806235458563,25.44940742152328,25.673091888427734,44341600.0
2008-04-16,26.264772061861443,26.68327522277832,26.069950628276633,26.68327522277832,38112700.0
2008-04-17,26.488464786095523,27.231673397401124,26.156547873685575,27.03685188293457,30100100.0
2008-04-18,27.758400890386444,28.58819284456053,27.505853358873907,27.823341369628906,48291900.0
2008-04-21,27.26774796983134,27.599664847255912,26.95747700755502,27.137866973876953,38324400.0
2008-04-22,27.14507436026926,27.217231979706902,26.481240776633353,26.697708129882812,42136100.0
2008-04-23,26.84201191635819,26.935815414958245,26.336919754129,26.596681594848633,30227300.0
2008-04-24,26.70491875679722,27.55635927859754,26.618332378190967,27.32546043395996,39720600.0
2008-04-25,27.614079119739863,27.909918369546364,27.087341077524908,27.635725021362305,34667400.0
2008-04-28,27.693462962143588,27.830558318714452,27.318251575572276,27.549150466918945,24256800.0
2008-04-29,27.469779450302717,27.72954140059441,27.19558597471348,27.318252563476562,28257700.0
2008-04-30,27.426472364538093,27.73674313558323,27.000752196303885,27.08734130859375,33748000.0
2008-05-01,27.173932096170933,28.49438737217821,27.101777243369625,28.422229766845703,41524300.0
2008-05-02,28.934521807783355,29.33138155593781,28.422215454294633,28.710840225219727,44354600.0
2008-05-05,28.429451551650068,28.523252325121263,27.996514106466552,28.11918067932129,32767200.0
2008-05-06,27.895498935203697,28.458314641443092,27.498641635867408,28.31400489807129,35600200.0
2008-05-07,28.342851328181016,28.443869200129964,27.31102120322152,27.41925621032715,36551000.0
2008-05-08,27.57079395980092,27.64295157735082,26.8564514375127,26.935823440551758,36001600.0
2008-05-09,26.849229581915658,27.036836602050023,26.358568878915104,26.445158004760742,43012400.0
2008-05-12,26.567818321040537,27.1162050360413,26.5245237637939,27.01518440246582,26709900.0
2008-05-13,27.029622483569867,27.130640389138797,26.336925914641647,26.416297912597656,35473600.0
2008-05-14,26.51010250065783,26.697706796764432,26.336926975186536,26.553394317626953,28741400.0
2008-05-15,26.611121393912587,26.618335779496906,26.055520117842327,26.488454818725586,46841100.0
2008-05-16,26.538956187021903,26.56781922616965,26.005003725443142,26.098804473876953,32144800.0
2008-05-19,26.134896575781593,26.495676472178214,25.723607714092015,26.048307418823242,37786200.0
2008-05-20,25.86069787526423,25.94006987689049,25.449409096411433,25.535995483398438,36536800.0
2008-05-21,25.543218887834243,25.65145120998784,24.893813944783496,24.98761749267578,44293800.0
2008-05-22,25.074202109869216,25.49270809939323,24.886597780017407,25.059770584106445,40330700.0
2008-05-23,24.951530135614266,24.980390425199406,24.460869429761352,24.482515335083008,42429400.0
2008-05-27,24.5474531573328,24.785566347795676,24.323768733841458,24.655685424804688,37972000.0
2008-05-28,24.850522715117997,24.87938577259695,23.991867399114092,24.439233779907227,46624900.0
2008-05-29,24.37428465723088,25.08862993828741,24.29491265349886,24.96596336364746,37973700.0
2008-05-30,25.110273996668028,25.160782949405228,24.518595333862415,24.540241241455078,31973900.0
2008-06-02,24.417575203287548,24.489730057042156,23.955777533183113,24.229970932006836,39784200.0
2008-06-03,24.38871511507244,24.482518638341197,23.739313095022716,24.035152435302734,47951400.0
2008-06-04,23.770301304748823,23.98365067557036,23.402452481305225,23.53487777709961,61136800.0
2008-06-05,23.645231722519416,23.821799719062962,23.218528771196702,23.53487777709961,52548300.0
2008-06-06,23.28475273396597,23.3141812154324,22.357776616181848,22.438703536987305,70192800.0
2008-06-09,22.644685116922982,22.696183525376977,21.58528427434654,21.78392219543457,69906600.0
2008-06-10,21.59264659221505,22.46076683879784,21.57057523903479,21.791284561157227,61912700.0
2008-06-11,22.107625282893054,22.203266380172117,21.210078249621773,21.22479248046875,68528000.0
2008-06-12,21.371925981946717,22.100264816710016,21.3351418159682,21.65884780883789,61131700.0
2008-06-13,21.90898895263672,21.99727153196421,21.364575036029525,21.90898895263672,51467700.0
2008-06-16,21.828063564422624,22.629970964312687,21.666211222539143,22.306264877319336,45187700.0
2008-06-17,22.600542859590675,22.725611026787696,21.4602165258498,21.511714935302734,44534100.0
2008-06-18,21.224803066382787,21.298372854084466,20.59946197575899,20.87166976928711,73024600.0
2008-06-19,20.937871893870085,20.94522900975107,19.84904400155869,20.702449798583984,104447300.0
2008-06-20,20.091819720897124,20.67301914544905,19.826970611342517,19.93732452392578,89929700.0
2008-06-23,19.99618569074029,20.05504122097245,19.00299739024942,19.03978157043457,69725400.0
2008-06-24,19.105991489849895,19.746046517575984,18.796999649434945,19.58419418334961,74750100.0
2008-06-25,19.78283116943133,20.555311490704707,19.385556738306864,19.57683753967285,72567600.0
2008-06-26,19.039773554342677,19.039773554342677,18.193725137247277,18.252580642700195,96150100.0
2008-06-27,18.392375042292876,18.716081235940752,17.84060379102409,18.090740203857422,83313400.0
2008-06-30,18.201092787887205,18.421802113529086,16.508994974099846,17.561038970947266,79478800.0
2008-07-01,17.14905531089,17.825894974376023,16.678210815674426,17.516902923583984,105853900.0
2008-07-02,17.693457372788664,17.870025339610315,16.58255958557129,16.58255958557129,76056000.0
2008-07-03,16.737063961149353,16.832703709221718,15.97929748324106,16.479570388793945,46598700.0
2008-07-07,16.634060312669018,16.884196663478065,15.523160967188023,15.839509963989258,98083400.0
2008-07-08,15.861583092083217,17.41389992114,15.537878316998613,17.318260192871094,104967400.0
2008-07-09,17.355042957136995,17.656677756553314,16.089648223078942,16.229429244995117,97149900.0
2008-07-10,15.905725889276674,17.068123887242603,15.655589486896822,16.45013999938965,112748800.0
2008-07-11,15.677651517028648,16.531057139895903,15.331875560544427,15.94250202178955,133737500.0
2008-07-14,16.77384335587152,16.876841597276307,14.750682357090993,14.824252128601074,102861100.0
2008-07-15,14.382826398628769,14.912527317723582,13.566206487067348,13.625061988830566,186221000.0
2008-07-16,14.309263216658053,16.862123452582697,14.007628486309443,16.678199768066406,191122800.0
2008-07-17,17.619891339310342,19.495912551879883,17.509535994737373,19.495912551879883,189147600.0
2008-07-18,20.2021870643709,20.592105978166927,18.833795112792142,20.224258422851562,157811600.0
2008-07-21,22.298906004428225,22.732965990471403,20.746591138814452,21.01144027709961,163781600.0
2008-07-22,20.489096248056047,24.60162804354492,20.01089500702024,23.799720764160156,139814700.0
2008-07-23,23.579017750169648,25.20490258265299,23.35830987172738,24.601633071899414,159601900.0
2008-07-24,24.77084962174071,25.013630321963443,22.42398355185631,22.54169464111328,120641100.0
2008-07-25,22.512263275006003,22.87275359247622,21.342508320884036,21.76185417175293,89735800.0
2008-07-28,21.58528055878704,22.504898846386265,20.55530835732114,20.643590927124023,73281800.0
2008-07-29,20.717169538759823,23.704092025756836,20.45231890952959,23.704092025756836,109271100.0
2008-07-30,24.557496064253705,25.38147355022212,23.534879219195574,24.72670555114746,119467100.0
2008-07-31,24.079289484315208,24.895911128013392,23.630515225601588,24.20435905456543,66288700.0
2008-08-01,24.42507077781162,24.645778682332903,23.4907379357667,24.52071189880371,58692700.0
2008-08-04,23.983654980694652,24.719349953187784,23.321531189322993,23.998369216918945,59095000.0
2008-08-05,24.48391734791071,25.160757893392688,24.31470791315332,24.704627990722656,74277800.0
2008-08-06,24.292642634387562,24.998908968885754,23.704087355639064,24.608991622924805,55622800.0
2008-08-07,24.101364204076404,24.675208146724607,22.916896343964858,23.189104080200195,77877400.0
2008-08-08,22.784471922797962,24.09400942898536,22.63733377585471,23.72616195678711,61163900.0
2008-08-11,23.67466440488724,24.998914792156732,23.556953321717806,24.557498931884766,63158700.0
2008-08-12,24.248499197630224,24.277927662284707,22.68882705482964,22.902177810668945,59264100.0
2008-08-13,22.42397574615819,22.549043910361345,20.96730047124596,21.23215103149414,98225700.0
2008-08-14,21.29100306041062,22.431329179653552,21.062936713981113,22.203264236450195,64682500.0
2008-08-15,22.438687378856958,23.174382047016202,22.262120826885887,22.585826873779297,55464900.0
2008-08-18,22.593182244184547,22.6667519905339,21.55585289001465,21.55585289001465,59555500.0
2008-08-19,21.30571680912888,21.335145269255747,20.41552693868438,20.658306121826172,71296800.0
2008-08-20,20.820162861168676,21.629427444453736,20.393459921360407,21.54850196838379,63148100.0
2008-08-21,21.077654431333265,21.59264132066518,20.584738889793194,21.36457633972168,49905900.0
2008-08-22,22.056134202968007,22.38719749083923,21.541148581334355,22.225343704223633,55439800.0
2008-08-25,22.026703271972508,22.107628747861906,21.22479580706959,21.305721282958984,41479400.0
2008-08-26,21.37192917926936,21.695635220566718,20.930513508585744,21.3498592376709,43496300.0
2008-08-27,21.460226890382543,21.95314268113452,21.18066335980739,21.8133602142334,39123300.0
2008-08-28,22.210623486616743,23.12288475036621,21.923701598121834,23.12288475036621,64508600.0
2008-08-29,22.799182418781225,23.159672714018196,22.600544479601716,22.909536361694336,40830800.0
2008-09-02,24.07929422950926,24.38092903238025,23.586379983590994,24.005725860595703,70626400.0
2008-09-03,24.17080603235273,24.756130215527044,23.675533485112243,24.73361587524414,71778400.0
2008-09-04,24.44846991710104,24.61355891833761,22.88760867290112,22.962650299072266,70001300.0
2008-09-05,22.572427802892197,24.230841631307527,22.377320209472774,24.185815811157227,85388200.0
2008-09-08,26.459563793567416,26.789747378987617,25.101317958411908,26.061845779418945,164205500.0
2008-09-09,25.73917320066261,26.339503211773827,24.238346741584916,24.403438568115234,107012300.0
2008-09-10,24.741128001252452,25.03378873714722,23.412896085376516,24.313392639160156,88138200.0
2008-09-11,23.23280184493784,24.93624087538637,22.79005918583423,24.808671951293945,93465600.0
2008-09-12,24.22334668303216,25.814225352221364,24.08827202503307,25.318952560424805,79018300.0
2008-09-15,21.184174066894492,22.594952335357252,19.923479080200195,19.923479080200195,275947400.0
2008-09-16,18.782846000660744,22.324796371971075,18.76033308568998,22.174713134765625,174575700.0
2008-09-17,21.476826425875977,22.06214780617412,19.900958418727914,20.411239624023438,174479800.0
2008-09-18,21.101623369309625,24.088266633735387,20.15610240623723,22.94763946533203,225157700.0
2008-09-19,28.920925395911407,29.64132138041153,25.821718080431747,28.125486373901367,169634200.0
2008-09-22,26.992363493104808,27.00737210049053,25.51404858550138,25.626611709594727,64641500.0
2008-09-23,25.814222176394388,26.602155676052366,24.013228866376192,24.988765716552734,54546200.0
2008-09-24,25.341457718797187,25.949293527952555,24.76363912894323,24.8161678314209,46292200.0
2008-09-25,25.566576980211853,26.639668063613215,25.153850301041896,25.79170036315918,60479300.0
2008-09-26,25.333960594523315,28.140508576052536,24.981268166938506,27.540178298950195,71964400.0
2008-09-29,27.54018067162915,27.54018067162915,22.70001220703125,22.70001220703125,102415400.0
2008-09-30,24.313388378228826,26.58713941641202,23.90066026703384,26.264461517333984,79197200.0
2008-10-01,25.941787859012393,28.890912391923166,25.67914434594384,28.61326026916504,77465900.0
2008-10-02,28.395648414299586,28.845895392406263,27.247516616307237,27.292539596557617,60475000.0
2008-10-03,28.410658655936714,28.89092289012001,25.529070388236303,25.87425994873047,71040700.0
2008-10-06,23.848132000371354,25.131339316060828,23.097718800714226,24.178314208984375,82372200.0
2008-10-07,22.24976076958138,22.692504864623217,17.837329864501953,17.837329864501953,143285000.0
2008-10-08,15.270915226711493,17.784800773438967,15.015774518607797,16.584138870239258,322727700.0
2008-10-09,17.507147128660467,18.00992423754391,14.640567749859425,14.730616569519043,197845600.0
2008-10-10,14.558018560756508,16.621655252988226,14.250349204782314,15.661127090454102,212897700.0
2008-10-13,17.844826152308872,18.242544226505565,16.246445257976344,17.101917266845703,169776400.0
2008-10-14,19.83342281901766,20.418744249569556,18.760331621272897,19.908464431762695,213923300.0
2008-10-15,19.060496489183787,19.57077773422724,17.70975319572734,17.87484359741211,118298900.0
2008-10-16,18.317587214534665,18.775339752465086,16.591637321803045,18.197521209716797,132357000.0
2008-10-17,17.664736367813433,18.59524903565717,17.379578405762743,17.439611434936523,113718000.0
2008-10-20,17.949885365406445,18.34760491133161,17.267009408404544,18.310083389282227,84862900.0
2008-10-21,17.97239097616063,18.70029103256441,17.784787736039114,17.987398147583008,75498200.0
2008-10-22,17.58969277892815,18.30258474264191,16.253956238355823,17.004369735717773,99175000.0
2008-10-23,16.944334448907245,17.40959138487138,16.17891244036946,17.25950813293457,97334900.0
2008-10-24,15.37596812090355,16.71170429068264,15.37596812090355,15.81120777130127,106422900.0
2008-10-27,15.661128412092332,16.359011677340256,15.375970516300722,15.405987739562988,73489800.0
2008-10-28,15.976298674199368,17.462116555892123,15.023273509470306,17.274513244628906,110456600.0
2008-10-29,17.25950495415014,17.86733929307586,16.5841333074216,16.749223709106445,110623200.0
2008-10-30,17.492129898272065,17.619700189365147,16.63665937641227,17.094411849975586,77086600.0
2008-10-31,16.771740884321524,18.137493133544922,16.771740884321524,18.137493133544922,134621200.0
2008-11-03,17.98740820424757,18.054945522955002,17.3345493651423,17.717260360717773,59182300.0
2008-11-04,18.032433772646893,18.47517777486847,17.612201255463756,18.40764045715332,89542600.0
2008-11-05,18.092469415149715,18.27256847813912,16.178914187199553,16.32149314880371,88416800.0
2008-11-06,16.223938189702494,16.741722400440903,14.97825064027542,15.098318099975586,118548800.0
2008-11-07,15.338447887843714,15.563571299967844,14.970745551347772,15.375967979431152,82003200.0
2008-11-10,15.796204366612182,15.863741699383274,14.29537729401054,14.61805534362793,79599800.0
2008-11-11,14.370408246578862,14.50548281166563,13.695036852444188,14.025218963623047,103837200.0
2008-11-12,13.770079812039137,14.13778203633945,12.7570219039917,12.7570219039917,101948600.0
2008-11-13,12.877089972023853,13.057188962317248,11.166148132937058,12.83206558227539,197772100.0
2008-11-14,12.636964447200915,13.537461290459522,12.156700227489805,12.32179069519043,124550600.0
2008-11-17,12.164198496521761,12.216728628045383,11.241190512102722,11.278711318969727,130129600.0
2008-11-18,11.383771019958935,11.796498521657737,10.91101050517485,11.398778915405273,149127600.0
2008-11-19,11.11362112917044,11.241190729950697,9.70284405944,9.800397872924805,173059700.0
2008-11-20,9.612798504685069,9.935475865163447,8.254549577501086,8.442152976989746,196136500.0
2008-11-21,9.064993532676537,9.125026545556517,7.511638072019619,8.6072416305542,229691500.0
2008-11-24,9.447703592258074,11.14363782753464,9.327637578371219,10.948530197143555,197880500.0
2008-11-25,11.428798414133833,11.631410423080208,10.438252723240858,11.106121063232422,145943000.0
2008-11-26,10.745919113014848,11.601390603184168,10.318183725755164,11.578878402709961,118890800.0
2008-11-28,11.57887892632996,12.299275099281937,11.563870314901802,12.194217681884766,52660100.0
2008-12-01,11.698943012940562,11.706447317408804,9.582777817086994,9.642810821533203,127347400.0
2008-12-02,10.10056271638685,11.023570701697041,9.687835271751046,10.783438682556152,136087200.0
2008-12-03,10.514811961712564,11.650719051814669,10.276885966238384,11.550943374633789,128501000.0
2008-12-04,11.313017316341629,11.788870067384627,10.691339017377958,11.00601577758789,107562100.0
2008-12-05,10.668313452057786,11.865620928212403,10.55318805694362,11.696769714355469,140156600.0
2008-12-08,12.42589773723005,13.81508041334725,12.31844611634186,13.692279815673828,164101500.0
2008-12-09,13.354576195948047,13.76902927240741,12.970823997996101,13.009200096130371,116333600.0
2008-12-10,13.254808890223401,13.323884442685658,12.318452051912514,12.809656143188477,88454000.0
2008-12-11,12.533349424771314,12.564050309888108,11.382092583069483,11.443492889404297,107442900.0
2008-12-12,10.829489900175027,11.581644806685498,10.66831390106203,11.458844184875488,119512500.0
2008-12-15,11.55094342899102,11.58931880223339,10.668312772214005,10.829488754272461,81959400.0
2008-12-16,10.883215866044411,11.66607020647844,10.368987706408074,11.589320182800293,183131000.0
2008-12-17,11.37441751596453,11.811895619466595,11.128816287296281,11.220916748046875,96214400.0
2008-12-18,11.397444411461416,11.59699506533855,10.675989626380435,10.714365005493164,102574800.0
2008-12-19,10.798789078321454,11.029040595980955,10.438062457002612,10.59156322479248,104069400.0
2008-12-22,10.66831796913912,10.752743977789178,10.138739902655693,10.3843412399292,72654800.0
2008-12-23,10.307583979544384,10.422709342892631,9.762655844594216,9.785680770874023,68454600.0
2008-12-24,9.78568761435017,10.407366914260882,9.778012389572943,10.3843412399292,38022300.0
2008-12-26,10.484110033702153,10.591560913683672,10.200133492268039,10.25385856628418,43646200.0
2008-12-29,10.415037994925244,10.537838623330192,9.731959316435352,9.931509971618652,62741300.0
2008-12-30,10.046633994620635,10.161759376525879,9.716606826299925,10.161759376525879,72897800.0
2008-12-31,10.04663130659706,10.837160522978252,9.97755580315566,10.8064603805542,113351000.0
2009-01-02,10.683664771421457,11.182542500434957,10.5224887658718,10.99834156036377,86580700.0
2009-01-05,11.036716685287583,11.167192531156969,10.660639591640273,10.729714393615723,93640500.0
2009-01-06,10.952291215997121,11.366743679145014,10.798789707316878,10.959965705871582,111015400.0
2009-01-07,10.82949408182155,10.84484453144987,10.445741624510301,10.522492408752441,112810000.0
2009-01-08,10.606916606431994,10.737392487195745,10.246189860273061,10.39201545715332,93943500.0
2009-01-09,10.499463471950387,10.5762134950448,9.939184716808867,9.969884872436523,74813700.0
2009-01-12,9.870111519139831,9.900811682031804,8.688154149874409,8.77258014678955,122567000.0
2009-01-13,8.588373932710752,8.634424518869052,8.028096070821993,8.173921585083008,242917900.0
2009-01-14,7.744121284240993,8.04344760025129,7.744121284240993,7.828546524047852,166801200.0
2009-01-15,7.444793038093861,7.46014347846969,5.641157649068507,6.385636806488037,552512600.0
2009-01-16,6.899865188892442,7.153141612016685,5.37253142957975,5.510682106018066,494599400.0
2009-01-20,4.973429664093547,4.988779740965221,3.87589825283209,3.914273262023926,413433500.0
2009-01-21,4.251974365708102,5.280430383412279,4.113823704842089,5.12692928314209,438488400.0
2009-01-22,4.88900501273694,4.912030315526771,4.221275989503904,4.382452011108398,362515000.0
2009-01-23,4.121498306508608,4.819927519775743,4.067773235778164,4.78922700881958,301305600.0
2009-01-26,4.958080340099514,5.3571827653408945,4.60502815246582,4.60502815246582,267222800.0
2009-01-27,4.835279244313755,5.073205632199391,4.7585284896621705,4.9887800216674805,190621000.0
2009-01-28,5.863734934018676,5.994210772182426,5.449282486895414,5.671858787536621,357522100.0
2009-01-29,5.341831189403753,5.526032088223015,5.149955070146362,5.203680515289307,175314200.0
2009-01-30,5.280431971862499,5.311132127956779,4.873654354651185,5.050180435180664,220955000.0
2009-02-02,4.758528944491445,5.1115811321251385,4.466877439642758,4.60502815246582,291276500.0
2009-02-03,4.72782628825765,4.72782628825765,3.9833472912980774,4.06777286529541,355724700.0
2009-02-04,4.198251340957457,4.251976811856301,3.545872295927848,3.6072726249694824,610037800.0
2009-02-05,3.4998216189914806,3.8068235924415648,2.8934928952655863,3.7147231101989746,757557100.0
2009-02-06,4.136849431370156,4.9811043650819675,4.11382449976398,4.704802989959717,725522500.0
2009-02-09,5.0425052106895905,5.410907422876611,4.842953844683215,5.288106441497803,461430100.0
2009-02-10,5.25740568821582,5.288105838566523,4.205924623767588,4.267324924468994,608904400.0
2009-02-11,4.451526696909911,4.7124780044569095,4.382451167807179,4.658752918243408,396772000.0
2009-02-12,4.390126122024595,4.5436272605973045,4.106149509730941,4.505251884460449,370215500.0
2009-02-13,4.359427269879574,4.50525323040039,4.259651920870443,4.2750020027160645,239879500.0
2009-02-17,3.891248055441369,3.9910233650875515,3.737746931568971,3.760772228240967,278175000.0
2009-02-18,3.960323579137618,3.9986989551423227,3.4614458869247122,3.5074961185455322,327604800.0
2009-02-19,3.1160687953516026,3.591921584450306,2.9625678307113428,3.0162932872772217,406830800.0
2009-02-20,2.7706912226551177,3.1390935880158954,1.9417864038085417,2.908842086791992,840283700.0
2009-02-23,3.2925945879867364,3.438420500733606,2.9318674168174352,3.0009429454803467,511845600.0
2009-02-24,3.093043236965217,3.645646305384056,2.962567232913461,3.630296230316162,510482600.0
2009-02-25,3.6916983720040575,4.221276774961686,3.223520299944443,3.960325002670288,593460500.0
2009-02-26,4.305699938510831,4.520600973153385,3.9219477249602135,4.083123683929443,449243000.0
2009-02-27,3.261894748037136,3.753097619386273,3.0316433906555176,3.0316433906555176,476468300.0
2009-03-02,2.770690765210773,3.0086172649943688,2.509739338691033,2.786041021347046,437894200.0
2009-03-03,3.0316426654463733,3.1314181504829293,2.739990881672563,2.801391363143921,347261200.0
2009-03-04,2.6012922530494635,3.101540819709762,2.6012922530494635,2.762910842895508,262493200.0
2009-03-05,2.616684439695998,2.7013417943406695,2.401192624529462,2.43967342376709,282814100.0
2009-03-06,2.532026062289245,2.724429260742713,2.30883838144162,2.4165842533111572,281698600.0
2009-03-09,2.478154533788423,2.9014417584175134,2.4627622844193713,2.886049509048462,298867900.0
2009-03-10,3.3478166470235022,3.6941427348411646,3.232374617750948,3.68644642829895,419616900.0
2009-03-11,4.078951992911267,4.232874557293437,3.470957313131182,3.7941946983337402,451780400.0
2009-03-12,3.7864959454053024,4.609981604594296,3.7249269653141703,4.5022358894348145,544222900.0
2009-03-13,4.810079120195742,4.964001505250041,4.348311598052933,4.432969093322754,568457500.0
2009-03-16,4.78699435158344,5.348812050270679,4.640768154030777,4.756209850311279,537893100.0
2009-03-17,4.671553631074772,4.894741495406456,4.46375802059423,4.825476169586182,429150400.0
2009-03-18,4.894739113056846,5.902932167053223,4.786993021560366,5.902932167053223,664772200.0
2009-03-19,6.487837745273547,6.595583094217214,5.2487607277202954,5.333417892456055,622301500.0
2009-03-20,5.364199291729914,5.379591527992473,4.602283046263454,4.763901710510254,572920000.0
2009-03-23,5.672046029290569,6.0722446551853455,5.310328188704508,6.002979755401611,569334700.0
2009-03-24,5.633568861421714,6.149209406797289,5.441165557825101,5.556607246398926,524215100.0
2009-03-25,5.979892226932335,6.1492069037049495,5.3565058210722105,5.926019191741943,620457600.0
2009-03-26,6.064551356625643,6.126120346320502,5.4950374679879435,5.833667278289795,479338200.0
2009-03-27,5.5412144860537325,5.9568055541587555,5.487341800879468,5.648960590362549,383537100.0
2009-03-30,5.15640703005769,5.194887827423228,4.633070314370846,4.640766620635986,486926900.0
2009-03-31,4.894736029014365,5.302630484027305,4.81007854388758,5.248757839202881,422256900.0
2009-04-01,4.964003626782159,5.556605612979253,4.956307687730284,5.425771713256836,421386100.0
2009-04-02,6.04146216689567,6.056854412701286,5.441164213496555,5.571998119354248,512639600.0
2009-04-03,5.456557974878798,5.856756843961435,5.117928106119615,5.849060535430908,348608900.0
2009-04-06,5.572000280032203,5.879845682499117,5.495039021160531,5.756707668304443,290223200.0
2009-04-07,5.556605852935334,5.833666643388701,5.548909913551119,5.664351940155029,264002200.0
2009-04-08,5.764401836615677,5.810578944707174,5.318026305558884,5.433468341827393,309546200.0
2009-04-09,6.272345745686745,7.58068845147578,6.1569040876277885,7.349804401397705,1029694600.0
2009-04-13,7.234361698324775,8.558096225757353,7.049654759788172,8.481135368347168,687385400.0
2009-04-14,8.604273966990828,8.91211888743622,7.742307455783546,7.765395641326904,666610100.0
2009-04-15,7.449850653236956,8.096325393752204,7.134309585594945,8.03475570678711,556590300.0
2009-04-16,8.381089290183045,8.388784865546613,7.896232812176377,7.957801818847656,383207300.0
2009-04-17,8.21946789028424,8.642754495108509,7.927014833196051,8.157898902893066,487364200.0
2009-04-20,7.503726642709862,7.611472725394936,6.172296524047852,6.172296524047852,802467300.0
2009-04-21,5.548909585544953,6.8726441095892765,5.387290831249076,6.741809844970703,867931700.0
2009-04-22,6.487837960259397,7.111224092250913,6.2569539086491375,6.357003688812256,620909200.0
2009-04-23,6.6109747158523655,6.86494690596888,6.333913611027054,6.787985324859619,561041900.0
2009-04-24,6.972694511461044,7.2882357425144555,6.695633345493993,7.00347900390625,589862000.0
2009-04-27,6.664849172089695,7.149705501781516,6.6571528651199285,6.864948749542236,332356100.0
2009-04-28,6.187689789869395,6.680242477516224,6.156905292763987,6.2723469734191895,467568100.0
2009-04-29,6.518626070188294,6.803382956130894,6.433968121691457,6.6802449226379395,457954600.0
2009-04-30,7.018869112666722,7.1266151760265215,6.77259323522719,6.872642993927002,343739500.0
2009-05-01,6.7648996671210275,6.941911076105788,6.580192684323257,6.695634365081787,299754800.0
2009-05-04,6.841860293870427,8.042456243510287,6.787986881158241,7.988583564758301,582512600.0
2009-05-05,7.903927290116092,8.558098017913524,7.77309299776455,8.342606544494629,550673100.0
2009-05-06,9.181481763081878,9.889525661359242,8.858244299348298,9.766386985778809,924590100.0
2009-05-07,11.351794460670007,11.598070444610457,9.835656283125866,10.39747428894043,946806700.0
2009-05-08,10.95159381627344,11.251743182800178,10.428257419046611,10.905417442321777,681310400.0
2009-05-11,10.466738925568478,10.736103082338966,9.958793640136719,9.958793640136719,411170100.0
2009-05-12,10.181979385309576,10.22046018114775,9.327709240710766,9.435455322265625,412128100.0
2009-05-13,9.18148426121259,9.196876141123004,8.473440170288086,8.473440170288086,391486200.0
2009-05-14,8.32721373515395,8.90442357595949,8.16559495036999,8.704324722290039,440641900.0
2009-05-15,8.727412808863425,8.950600582019534,8.142506667502502,8.211771965026855,324124400.0
2009-05-18,8.889033208803838,9.312320644263144,8.865945016749082,9.027563095092773,553623400.0
2009-05-19,9.196877875295872,9.420065680783106,8.658148765563965,8.658148765563965,506343300.0
2009-05-20,9.14300289232597,9.420063319138206,8.627362103066394,8.842853546142578,1197984500.0
2009-05-21,8.812068823336649,9.21226794109315,8.619665570713751,8.78128433227539,587487600.0
2009-05-22,8.92751156710029,8.965991631973155,8.273340188818905,8.51961612701416,502447400.0
2009-05-26,8.388781777407514,8.673539245885769,8.319517220870836,8.450350761413574,495077300.0
2009-05-27,8.71201891134685,8.881333976587767,8.396477699279785,8.396477699279785,539898200.0
2009-05-28,8.39648194602043,8.69663143157959,8.134813276655088,8.69663143157959,464520100.0
2009-05-29,8.842855443656564,8.850551751765101,8.442656963496995,8.673541069030762,370618000.0
2009-06-01,8.781286654644223,9.042955264847947,8.627364158630371,8.627364158630371,350813400.0
2009-06-02,8.611969264458397,8.927511215286483,8.54270471004069,8.78128433227539,311852000.0
2009-06-03,8.758178537683628,8.889127617242831,8.58101256804719,8.634932518005371,236543800.0
2009-06-04,8.758178756233631,9.143322944641113,8.627229673406749,9.143322944641113,316481900.0
2009-06-05,9.428329795982938,9.497655869198207,9.1356201171875,9.1356201171875,369767900.0
2009-06-08,9.066294963472592,9.382113094912427,8.981562767990692,9.289678573608398,246762300.0
2009-06-09,9.351301587811085,9.359003913633213,9.189540991877964,9.289678573608398,203171000.0
2009-06-10,9.335891785236504,9.513058432154624,9.189537367872827,9.22805118560791,328393900.0
2009-06-11,9.397518226382857,10.18321273807239,9.389815166165292,9.990640640258789,530063800.0
2009-06-12,10.244834419250314,10.730116130828945,10.190913739338804,10.568355560302734,448295800.0
2009-06-15,10.491325994203471,10.5452459372333,10.13699336585574,10.267942428588867,345381600.0
2009-06-16,10.321865159113882,10.321865159113882,9.798069501330659,9.805771827697754,370863900.0
2009-06-17,9.674821570934212,9.828879087193444,9.25886590973219,9.474546432495117,444130500.0
2009-06-18,9.551572950935538,9.975231588552107,9.505356072419717,9.93671703338623,341091800.0
2009-06-19,10.090774930577904,10.283346965630123,9.88279678011158,10.183209419250488,433963600.0
2009-06-22,9.921313181118895,10.052262248101846,9.19724178314209,9.19724178314209,433445300.0
2009-06-23,9.328189288886087,9.582384321166764,9.189537920571919,9.420623779296875,358378200.0
2009-06-24,9.590089918542137,9.7595535631391,9.382112443694968,9.5130615234375,334262900.0
2009-06-25,9.312786373877838,9.520763848725007,9.251163363952438,9.5130615234375,330425500.0
2009-06-26,9.505357497823985,9.844284017979554,9.451437553268454,9.821175575256348,341830600.0
2009-06-29,9.85198502894651,10.160099983215332,9.644007618466055,10.160099983215332,333302300.0
2009-06-30,10.214019462056328,10.383482299873437,9.96752679273378,10.167801856994629,306341500.0
2009-07-01,10.22172593527759,10.360377327599075,10.044559247027697,10.052262306213379,243363600.0
2009-07-02,9.851984530598898,10.052259608045022,9.721035498007508,9.736441612243652,215974600.0
2009-07-06,9.605493878550423,9.69792837265482,9.120212233549289,9.359001159667969,377832200.0
2009-07-07,9.359001159667969,9.528464766161395,9.204943669493973,9.359001159667969,275460100.0
2009-07-08,9.389812988585428,9.466842103688842,8.681148508812791,9.12021255493164,570440000.0
2009-07-09,9.320489751040087,9.436032714932253,9.120214594663036,9.220352172851562,273316500.0
2009-07-10,9.14332175934583,9.212647821808764,8.919938188412008,9.15102481842041,212285000.0
2009-07-13,9.528467567898048,10.006046295166016,9.45143916746376,10.006046295166016,392441900.0
2009-07-14,10.175505476039119,10.190910855508584,9.851984426536882,9.944418907165527,272335100.0
2009-07-15,10.190914584189509,10.491327307101436,10.090777744489753,10.33726978302002,371943700.0
2009-07-16,10.16780467729535,10.344971355469015,10.029153292859565,10.144696235656738,308208800.0
2009-07-17,10.206317666760752,10.37578126012439,9.828876661427012,9.929014205932617,457023600.0
2009-07-20,9.88279672445075,9.905905162837744,9.335892118598505,9.428326606750488,381163700.0
2009-07-21,9.459139483037484,9.551573984677107,9.18953903690628,9.389813423156738,258512200.0
2009-07-22,9.212646359523609,9.61319581797036,9.189537920571919,9.420623779296875,247974800.0
2009-07-23,9.513055625967054,9.921307997284195,9.397512003033226,9.77495288848877,285591600.0
2009-07-24,9.728740307273455,9.844283246438005,9.451436812516079,9.636305809020996,187107000.0
2009-07-27,9.674818291644467,10.113882247813141,9.636303741983161,10.083070755004883,240525400.0
2009-07-28,9.975228874317716,10.34496747485955,9.944417385489551,10.275641441345215,241532500.0
2009-07-29,10.198617740864705,10.591464981954958,10.198617740864705,10.414299011230469,258773100.0
2009-07-30,10.683896186762944,10.89187433275622,10.622273195639899,10.76092529296875,288316600.0
2009-07-31,10.861065221137055,11.392563819885254,10.79944221648811,11.392563819885254,375052000.0
2009-08-03,11.739189735862396,12.031899283767071,11.4156686952627,11.800812721252441,468196400.0
2009-08-04,11.700676756865,12.309204370224204,11.592836885259592,12.047307014465332,364961500.0
2009-08-05,12.347720223194184,12.956247129728766,12.20136505561422,12.833001136779785,488503800.0
2009-08-06,13.27976924467196,13.364501422261027,12.625023938775184,12.863814353942871,462678600.0
2009-08-07,13.07949527797025,13.202741291228213,12.524888218309421,12.648134231567383,381728400.0
2009-08-10,12.563402322533712,13.010169497711972,12.447859366216788,12.848409652709961,240548200.0
2009-08-11,12.863811554396023,12.979354472830304,12.170551839978463,12.209066390991211,326233600.0
2009-08-12,11.96257241663865,12.455557000367763,11.862434888634118,12.2706880569458,313761100.0
2009-08-13,12.833001076463594,13.09489917755127,12.501776921016939,13.09489917755127,337776700.0
2009-08-14,13.079491448093982,13.456932436827008,12.763673447945775,13.395309448242188,302461500.0
2009-08-17,12.740570119063927,13.002466808547352,12.632728750114751,12.755974769592285,309793300.0
2009-08-18,12.925433349780791,13.156519165331277,12.886918067717186,13.017867088317871,202882900.0
2009-08-19,12.786786489966763,13.118010704819248,12.732866542285361,12.902329444885254,198785800.0
2009-08-20,13.010174237541381,13.248964766028024,12.994769581839773,13.202746391296387,183804300.0
2009-08-21,13.449233055114746,13.55707441651587,13.333690103592714,13.449233055114746,236597200.0
2009-08-24,13.718837772575052,14.019251286614065,13.349099645213348,13.364505767822266,316639800.0
2009-08-25,13.526258000297902,13.86518516003246,13.518554943348493,13.672613143920898,238816800.0
2009-08-26,13.680320044765493,13.818972170397542,13.510857151886487,13.703429222106934,203846000.0
2009-08-27,13.672612190043875,13.849778079896547,13.549366225867425,13.803561210632324,176384900.0
2009-08-28,13.942216263845113,14.057759196274242,13.69572428287415,13.849781036376953,188061000.0
2009-08-31,13.533964647700097,13.788159717634967,13.441530878201023,13.549370765686035,159710500.0
2009-09-01,13.634098235595339,13.757344198491822,12.6404260068837,12.678939819335938,334738300.0
2009-09-02,12.447716441504001,12.894755126142927,12.347518749300997,12.540207862854004,229078300.0
2009-09-03,12.786845104758374,13.025779108200485,12.725184669350707,12.979534149169922,176555400.0
2009-09-04,13.156814282775898,13.29555069920119,13.041201092455314,13.172229766845703,173567100.0
2009-09-08,13.457411348435588,13.495950065703063,13.087448483278306,13.118279457092285,163026500.0
2009-09-09,13.118274399407467,13.257010787877766,13.033490724208686,13.133689880371094,155753700.0
2009-09-10,13.072029735725343,13.28784208828641,12.871634336327455,13.27242660522461,175319800.0
2009-09-11,13.287841308411048,13.326380013803679,13.064322697538968,13.079736709594727,139774800.0
2009-09-14,12.856221558610883,13.172231677369163,12.725192865215863,13.095155715942383,162371700.0
2009-09-15,13.09515519978873,13.233891630868214,12.917881524565669,12.941004753112793,158450100.0
2009-09-16,13.018078454658795,13.334088541863427,12.97183347046097,13.295551300048828,193950600.0
2009-09-17,13.341796878268603,13.680930207722282,13.25701464848139,13.57302474975586,212907800.0
2009-09-18,13.665511109822235,13.69634207257775,13.495945224970562,13.588435173034668,160550400.0
2009-09-21,13.403456753210934,13.441995465127073,13.241598573467776,13.295551300048828,127963900.0
2009-09-22,13.62697747873907,13.935279837287139,13.519072020772649,13.57302474975586,158650700.0
2009-09-23,13.688631323524271,13.919857612968917,13.480526780963555,13.488234519958496,197847500.0
2009-09-24,13.526776236998959,13.642390890217156,12.956416592868148,13.087445259094238,221414100.0
2009-09-25,13.064324574867946,13.164522283084498,12.71748352700007,12.794559478759766,161603900.0
2009-09-28,12.879340607756976,13.28013434675551,12.833095628672954,13.27242660522461,129240300.0
2009-09-29,13.388040654927469,13.511361573663248,13.156812829721899,13.226181030273438,124964600.0
2009-09-30,13.303255058948427,13.34179228922356,12.917876875792683,13.041197776794434,186120500.0
2009-10-01,13.072029668850618,13.226181558477244,12.470840533529797,12.493962287902832,247824500.0
2009-10-02,12.255024985936323,12.70977132462455,12.03921342581412,12.594158172607422,226303000.0
2009-10-05,12.848511437781205,13.079737809170341,12.7560200071647,13.072030067443848,155256700.0
2009-10-06,13.264716678577635,13.388039052655586,12.879338486124812,13.102858543395996,195927500.0
2009-10-07,13.164524501854396,13.372629165649414,13.133694998015368,13.372629165649414,153192000.0
2009-10-08,13.542185742612633,13.565308957070005,13.28012852583202,13.35720443725586,137567400.0
2009-10-09,13.357205897246292,13.526771744832304,13.280129977397777,13.488234519958496,87503400.0
2009-10-12,13.603847937736525,13.896736145019531,13.495942529843271,13.896736145019531,139972400.0
2009-10-13,13.827372980441554,13.873617962019878,13.472824201403844,13.727173805236816,150388900.0
2009-10-14,14.166503789510804,14.366900655447036,13.99693788915,14.328363418579102,229813800.0
2009-10-15,14.12796194607435,14.721444608978013,13.781121046948607,13.950688362121582,212270200.0
2009-10-16,13.226185787439265,13.48053545757841,13.149109817981557,13.303261756896973,336814500.0
2009-10-19,13.310964713192279,13.511361573663248,13.210765547906139,13.226181030273438,155876100.0
2009-10-20,13.272425238067699,13.46511434618768,13.110567092895508,13.110567092895508,169353700.0
2009-10-21,13.095152934813061,13.233889341896294,12.68665145507925,12.725190162658691,219344000.0
2009-10-22,12.756019512665613,12.8485109396966,12.370641261888993,12.732897758483887,235015400.0
2009-10-23,12.833095413492625,12.840803154894285,12.38605670290584,12.501669883728027,181905600.0
2009-10-26,12.455422005283387,12.486252963711307,11.61529749943572,11.869647026062012,376383000.0
2009-10-27,11.892774070762908,11.977557028562666,11.576763995722022,11.908188819885254,270531500.0
2009-10-28,11.892771394173804,11.908186139826904,11.561345909550505,11.569053649902344,213262400.0
2009-10-29,11.723205668994364,12.162536611593259,11.623007241988354,12.123998641967773,202946700.0
2009-10-30,12.100877096005048,12.123999585559673,11.175969428262434,11.237629890441895,307670900.0
2009-11-02,11.445730636123294,11.738617365036426,10.883078189941827,11.276164054870605,307863100.0
2009-11-03,10.983279834137996,11.507394475474475,10.952449604356476,11.407196044921875,188258700.0
2009-11-04,11.700082593752715,11.754035307488932,11.330119132995605,11.330119132995605,200076300.0
2009-11-05,11.491979120278167,11.684668242308453,11.345535710957442,11.661545753479004,156790200.0
2009-11-06,11.515096571471345,11.746323563760399,11.438021397408555,11.59988021850586,152297800.0
2009-11-09,11.784868337542324,12.19336912809701,11.669255142024264,12.154831886291504,170808600.0
2009-11-10,12.216492005383136,12.486257100600723,12.12400056955655,12.355228424072266,195721000.0
2009-11-11,12.509372799323025,12.809968717619865,12.486251054139197,12.663524627685547,184673700.0
2009-11-12,12.609573256390606,12.771431370121814,12.324392784924884,12.378345489501953,154405900.0
2009-11-13,12.393766401030252,12.478550099732772,12.216492731108247,12.316690444946289,125121900.0
2009-11-16,12.455427241763816,12.532503200136691,12.147124878373946,12.231907844543457,153962000.0
2009-11-17,12.18566212076637,12.19336912809701,12.016095463629215,12.154831886291504,110912100.0
2009-11-18,12.23961473379681,12.624992293632403,12.231906991486898,12.6018705368042,179789700.0
2009-11-19,12.517086381749918,12.694360038062095,12.355228209491356,12.393765449523926,158923100.0
2009-11-20,12.355228063834929,12.478548994607083,12.308982347270007,12.401473045349121,128329800.0
2009-11-23,12.547918172994912,12.69436087080643,12.463134475239718,12.555625915527344,138294900.0
2009-11-24,12.493959980698422,12.571035911278463,12.324394109503213,12.409177780151367,118077000.0
2009-11-25,12.49396187695406,12.540208324381743,12.255027778982997,12.29356575012207,97450200.0
2009-11-27,11.807989143798798,12.147122409654756,11.715498453579173,11.923603057861328,96712700.0
2009-11-30,12.016095756398421,12.247322888119104,11.977557778603176,12.216492652893066,129973500.0
2009-12-01,12.362934678155703,12.401471914218998,12.077754132942816,12.255027770996094,143216700.0
2009-12-02,12.201040236137242,12.208752827623435,11.985092823116313,12.069929122924805,130213100.0
2009-12-03,12.532676203732425,12.910584417352545,12.09306871995038,12.154767990112305,651715900.0
2009-12-04,12.154765957518547,12.64836003627215,12.046791885034601,12.555811882019043,1226791300.0
2009-12-07,12.532670546702642,12.563520903371607,12.208749156808366,12.255023956298828,291029100.0
2009-12-08,12.123917590640714,12.231890938859904,11.853982749066198,11.884832382202148,312296800.0
2009-12-09,11.915680777273593,12.008229667065416,11.761432627620552,11.869406700134277,199467800.0
2009-12-10,12.015943433228362,12.06993010700692,11.638035245751931,11.730584144592285,254946200.0
2009-12-11,11.815417343104818,12.10848914675922,11.730581058696862,12.054502487182617,194958400.0
2009-12-14,12.085352112013972,12.131626181504467,11.900254363025846,12.054502487182617,128586100.0
2009-12-15,11.915680465915967,11.961955277359312,11.684307879725592,11.715157508850098,190193100.0
2009-12-16,11.82313196182946,11.907968260793812,11.74600751876136,11.78456974029541,166373000.0
2009-12-17,11.776857192601646,11.846268304669742,11.43751054565178,11.460647583007812,268907300.0
2009-12-18,11.57633332916808,11.76143108446604,11.476071861170075,11.591757774353027,202871600.0
2009-12-21,11.730583071455658,11.907968260793812,11.72287048004621,11.78456974029541,153571100.0
2009-12-22,11.8462685992106,11.90796785736952,11.815418970131137,11.823131561279297,104061100.0
2009-12-23,11.923393057075387,11.931105648234807,11.684307879725592,11.715157508850098,102116100.0
2009-12-24,11.746011274651105,11.784573508515766,11.72287422853768,11.761436462402344,36611800.0
2009-12-28,11.807707287013876,11.884830993082765,11.68430803337992,11.792282104492188,102573300.0
2009-12-29,11.799995624718456,11.823132664809288,11.645747464924165,11.661171913146973,83089500.0
2009-12-30,11.599471147718628,11.645745957423426,11.54548448265732,11.622608184814453,86897900.0
2009-12-31,11.63803667899608,11.75372263291513,11.57633740550414,11.614899635314941,94322600.0
2010-01-04,11.753719132136494,12.147052435130542,11.661170249463744,12.100777626037598,180845200.0
2010-01-05,12.139343891022358,12.501826951779687,12.108494253181025,12.494115829467773,209521300.0
2010-01-06,12.501822294507898,12.75633336679166,12.363000079207055,12.640645980834961,205257900.0
2010-01-07,12.864305228178658,13.257638471028844,12.733194147228595,13.05711555480957,320868400.0
2010-01-08,13.095684231064613,13.188233885977994,12.825749331179685,12.941436767578125,220104700.0
2010-01-11,13.103389621313694,13.219075523087032,12.895154115506056,13.05711555480957,168991600.0
2010-01-12,12.895157696419101,12.91829547160942,12.470975448448481,12.617511749267578,223486800.0
2010-01-13,12.671495049200871,12.941429803834742,12.45554695128856,12.818031311035156,192609900.0
2010-01-14,12.825742334227067,13.049403020152935,12.810318626011467,12.972278594970703,142634200.0
2010-01-15,12.83345730478462,12.841169895836332,12.517248426796032,12.540386199951172,195117100.0
2010-01-19,12.386140244558364,12.702349197183999,12.216467614450627,12.586663246154785,181616500.0
2010-01-20,12.509535982392968,12.825744864088456,12.478687088850805,12.717771530151367,288741100.0
2010-01-21,12.694635777861132,12.848884683209237,11.722871940145163,11.931107521057129,551285500.0
2010-01-22,11.769148332840295,11.969671348199842,11.34496525742999,11.491500854492188,369620800.0
2010-01-25,11.692024468017014,11.776861528747382,11.39124066510295,11.553200721740723,262351600.0
2010-01-26,11.522348601324321,11.699734542876799,11.352675987420714,11.39123821258545,212380600.0
2010-01-27,11.344961959356038,11.792281949417948,11.321824921390952,11.715157508850098,258716200.0
2010-01-28,11.877119011197156,12.023655310618746,11.576335291723868,11.853981971740723,232729500.0
2010-01-29,11.946535415003607,11.992810247053798,11.638038986380685,11.707450866699219,175135300.0
2010-02-01,11.769143384883908,11.907966330180946,11.668881919355831,11.892541885375977,159503300.0
2010-02-02,11.915679694900444,12.093065602523303,11.807706367707782,12.031366348266602,171404800.0
2010-02-03,12.008232296598093,12.185618259177522,11.96967080237563,11.97738265991211,130861600.0
2010-02-04,11.838558733686375,11.9002580022172,11.360388299302539,11.375813484191895,252558700.0
2010-02-05,11.445225952846522,11.61489931807167,11.036468093248672,11.568624496459961,297683300.0
2010-02-08,11.522347916357637,11.53777309971186,11.144439750337845,11.167576789855957,208207300.0
2010-02-09,11.314117408891944,11.398953743187219,10.990195789926709,11.159869194030762,251522100.0
2010-02-10,11.190716029684657,11.499212382017205,11.152153801764758,11.314114570617676,175741800.0
2010-02-11,11.3141099681429,11.414371425743878,11.213848510541919,11.283260345458984,141086300.0
2010-02-12,11.159865835540703,11.213852510616796,11.013329523886613,11.144440650939941,162819300.0
2010-02-16,11.306398764027811,11.807706113460608,11.275549137563726,11.69201946258545,205493300.0
2010-02-17,11.838560778837572,12.247318687346912,11.761436312093881,12.077645301818848,261541900.0
2010-02-18,11.969667792761705,12.339863339912766,11.954242610540492,12.247314453125,242140300.0
2010-02-19,12.131627793005416,12.370713704355191,12.116203346297373,12.247314453125,216078200.0
2010-02-22,12.309015672739493,12.648361645044746,12.309015672739493,12.501825332641602,173773200.0
2010-02-23,12.432415001881305,12.632936519549357,12.177904602068397,12.293590545654297,210478400.0
2010-02-24,12.324439815599225,12.617512433121606,12.309015366816256,12.594374656677246,191571600.0
2010-02-25,12.378425905942391,12.77947185257526,12.301302194637541,12.764046669006348,287325100.0
2010-02-26,12.779468928669864,12.98770444612707,12.656070430404734,12.848880767822266,343669400.0
2010-03-01,12.910584181025593,13.003133820087687,12.77947305045315,12.887446403503418,170931100.0
2010-03-02,12.879731757687102,12.956854719604321,12.640645868459867,12.694632530212402,183048600.0
2010-03-03,12.710069143092067,12.825826875027388,12.602030163334518,12.632899284362793,154950200.0
2010-03-04,12.694635173326184,12.733220100012526,12.37051678463086,12.656048774719238,157746500.0
2010-03-05,12.748657490799127,12.926150548048623,12.69463799267284,12.887565612792969,172469000.0
2010-03-08,12.926147608049193,13.049621139088853,12.87984540188947,12.91843032836914,127705100.0
2010-03-09,12.833544195145,13.111360429443174,12.764091608491336,12.96473503112793,167779500.0
2010-03-10,13.126797646422867,13.389179371450481,13.111363080969202,13.20396900177002,222932200.0
2010-03-11,13.25798548720214,13.335156824960551,13.16537958750788,13.21168327331543,145079600.0
2010-03-12,13.31972575161691,13.35059341165237,12.872133641693521,13.003324508666992,171456700.0
2010-03-15,12.918435867707327,13.049626734680798,12.8026795667122,13.003324508666992,120308200.0
2010-03-16,13.095925394872953,13.173096731830864,13.041905900578664,13.142229080200195,107411800.0
2010-03-17,13.250267023621474,13.350588723408906,13.142228043554898,13.327438354492188,134463900.0
2010-03-18,13.342875672224988,13.366026045925503,13.103644349898891,13.180815696716309,123986800.0
2010-03-19,12.980165481567383,13.296566549545059,12.91842872371614,12.980165481567383,178218800.0
2010-03-22,12.825830809936393,13.095928342195009,12.810396244687,13.088211059570312,113667800.0
2010-03-23,13.180811665539013,13.288850634888496,13.072772696189528,13.219396591186523,131261400.0
2010-03-24,13.21168723020197,13.682429734865565,13.196252663643484,13.558956146240234,270410600.0
2010-03-25,13.767313008624392,14.16088547081228,13.659274028701692,13.690141677856445,315304700.0
2010-03-26,13.875351613838873,14.068279199588316,13.697858588210348,13.813614845275879,220970700.0
2010-03-29,14.02197543335785,14.045127270967141,13.71329162483648,13.921653747558594,152539700.0
2010-03-30,13.937082639684593,13.983386300968109,13.636116200942055,13.705570220947266,144373000.0
2010-03-31,13.651555651891483,13.875350874029724,13.636121092593513,13.775029182434082,114280900.0
2010-04-01,13.906219189152399,13.967955950856673,13.805896031432638,13.921653747558594,95607200.0
2010-04-05,14.014260736223065,14.083714789927052,13.906221751314984,13.991108894348145,107989300.0
2010-04-06,14.014259410608231,14.307510158935413,13.96795720315891,14.26892375946045,160316600.0
2010-04-07,14.338376412595977,14.554455812886298,14.299791488792934,14.369245529174805,233522300.0
2010-04-08,14.346095671217663,14.539023260694048,14.13001624111266,14.3923978805542,164305500.0
2010-04-09,14.523590037897085,14.546741880657986,14.276642936130804,14.346096992492676,135480600.0
2010-04-12,14.415554346865884,14.523593360625746,14.353817557300081,14.40011978149414,128319000.0
2010-04-13,14.36153659156989,14.446423767625276,14.268930659966053,14.407838821411133,113687800.0
2010-04-14,14.647065299941481,14.986618340499232,14.600763080931198,14.971183776855469,246624700.0
2010-04-15,15.148678084046164,15.326172636648606,14.940317345469506,15.03292179107666,240100000.0
2010-04-16,15.02519820734228,15.032915486559919,13.929369581086323,14.207185745239258,589061800.0
2010-04-19,13.967959081754303,14.392399229618764,13.790466036059772,14.191754341125488,358828000.0
2010-04-20,14.500440330381824,14.531307983554239,14.230341373498925,14.361532211303711,200544700.0
2010-04-21,14.407833425686151,14.593043747611318,13.97567600786076,14.106866836547852,201891300.0
2010-04-22,13.913935144563718,14.353809713846434,13.852198388733166,14.307507514953613,219472400.0
2010-04-23,14.19947198168813,14.29979516443607,14.106867551989435,14.222623825073242,145428400.0
2010-04-26,14.207187070188777,14.230338910000809,13.913937792172907,13.929370880126953,160873000.0
2010-04-27,13.8213340153487,14.029696189711755,13.435478791085654,13.481781005859375,259438600.0
2010-04-28,13.620684200770912,13.85991394123934,13.512645248027818,13.721007347106934,195287800.0
2010-04-29,13.921652972879402,14.19946764912921,13.883066579011079,14.122296333312988,177296300.0
2010-04-30,14.106862216092347,14.122295300590677,13.589816351430267,13.759592056274414,231536200.0
2010-05-03,13.798179919133197,14.00654205947637,13.721010064417024,13.937088012695312,150747100.0
2010-05-04,13.713298055416423,13.821337071081537,13.489501269343037,13.551238059997559,183242300.0
2010-05-05,13.273418493189542,13.767312641874323,13.034187226989765,13.528082847595215,195023300.0
2010-05-06,13.48949765673478,13.589820834631679,11.961511393302887,12.563446044921875,465091500.0
2010-05-07,12.717786283039015,12.957017552606679,12.308780001411371,12.486273765563965,388118300.0
2010-05-10,13.29657215763234,13.4200457254122,13.12679636991529,13.350591659545898,268476800.0
2010-05-11,13.180813125214993,13.497214260709441,13.095924513085015,13.242549896240234,188202400.0
2010-05-12,13.327441259532124,13.373743479378964,13.111361780378486,13.17309856414795,179359300.0
2010-05-13,13.142234280373208,13.257990595652592,13.003326113269384,13.018760681152344,135257500.0
2010-05-14,12.895277956060236,12.90299523542115,12.439970249130573,12.609745979309082,212906900.0
2010-05-17,12.64833553707848,12.694639230204276,12.23161260239383,12.617467880249023,181966800.0
2010-05-18,12.895280011851305,12.92614913421618,12.092701965334594,12.308780670166016,216050700.0
2010-05-19,12.193022887910633,12.70235083222671,12.193022887910633,12.586594581604004,260711100.0
2010-05-20,12.31649868840405,12.385952010003487,11.79173535213878,11.807169914245605,301263900.0
2010-05-21,11.544787689286222,12.347366481120648,11.537070408605027,12.339649200439453,266468500.0
2010-05-24,12.331929306444549,12.409100624981996,11.876620882146378,11.884337425231934,170656700.0
2010-05-25,11.506205239174776,11.992383018627871,11.421317335826686,11.953797340393066,263919800.0
2010-05-26,12.277914431426229,12.424539844465698,11.868908056032861,11.938362121582031,225933000.0
2010-05-27,12.200741022845772,12.501708325907819,12.030964538865105,12.486273765563965,163490700.0
2010-05-28,12.478557556168798,12.48627483700294,12.123570733362769,12.146721839904785,160778500.0
2010-06-01,12.0232475802696,12.331931435799355,11.884339477301028,11.915207862854004,126185400.0
2010-06-02,12.031036463809695,12.293588084702947,11.853428447580221,12.270421981811523,127114500.0
2010-06-03,12.324479002688681,12.409421888389268,12.11598182446367,12.208647727966309,124229100.0
2010-06-04,11.969263947346741,12.146872026623873,11.776211303034698,11.853432655334473,148415800.0
2010-06-07,11.861152758647517,11.892041148522747,11.405549192097215,11.451881408691406,158959100.0
2010-06-08,11.49049051585869,11.853429599811008,11.420991463991522,11.837985038757324,167648900.0
2010-06-09,11.915207899668724,11.961540115898998,11.536824206122565,11.590879440307617,150844900.0
2010-06-10,11.791654846415549,11.953818346607576,11.668100546153436,11.938374519348145,124056500.0
2010-06-11,11.837984932452438,12.123702681445005,11.822541107974644,12.04648208618164,115114300.0
2010-06-14,12.123707026794152,12.193206102946906,11.88432213830962,11.899765968322754,120504600.0
2010-06-15,12.015593608740783,12.231812304833893,11.822541017405493,12.200923919677734,129815000.0
2010-06-16,12.123706135202871,12.332203348328012,12.085095458353319,12.254981994628906,110926700.0
2010-06-17,12.3244735891681,12.409416437557573,12.038755932108648,12.216363906860352,127136400.0
2010-06-18,12.262696838259947,12.285862935741264,12.154587155952196,12.216363906860352,105721700.0
2010-06-21,12.37853597638871,12.432590480668281,12.162316486395646,12.193204879760742,109114600.0
2010-06-22,12.185481186925983,12.285868637852749,12.015595411299735,12.031039237976074,108235700.0
2010-06-23,12.046486595040616,12.131429502554614,11.807100966319387,11.915210723876953,132920800.0
2010-06-24,11.791652984678493,11.822541370757843,11.567711265056676,11.598600387573242,167776300.0
2010-06-25,11.783930512258932,12.061925982448553,11.668098514018688,11.90748405456543,175269500.0
2010-06-28,11.969264778416521,12.007875457247291,11.745323724923,11.768489837646484,110641800.0
2010-06-29,11.590881244849763,11.62176963929128,11.158442986231114,11.251108169555664,201991800.0
2010-06-30,11.28971801757589,11.428716150573102,11.04261088019183,11.096665382385254,138978000.0
2010-07-01,11.0580557217569,11.081222570338394,10.424843255944683,10.826393127441406,256787300.0
2010-07-02,10.888166147356772,10.888166147356772,10.563837743890849,10.68739128112793,140988600.0
2010-07-06,10.911337151255111,11.050335311283042,10.679673796687725,10.857282638549805,120153500.0
2010-07-07,10.903613284410504,11.374661472366528,10.88816945578177,11.359217643737793,150021000.0
2010-07-08,11.490490719163864,11.536822930270278,11.27427201564709,11.475046157836914,132297400.0
2010-07-09,11.475051484180618,11.683548740248742,11.390108566766322,11.66810417175293,86584400.0
2010-07-12,11.637210598030132,11.776208706952437,11.559989999191144,11.745320320129395,92146300.0
2010-07-13,11.953819734725219,12.13915083842099,11.8920429456391,12.100540161132812,130720700.0
2010-07-14,12.046485654791812,12.13915083842099,11.907487511129338,12.100540161132812,115645600.0
2010-07-15,12.092817688551825,12.115983799986099,11.629491777679332,11.884321212768555,177237600.0
2010-07-16,11.297437944004997,11.328326329737209,10.780056930662557,10.795500755310059,438430600.0
2010-07-19,10.787779972456221,10.82639064145539,10.27039892260423,10.509783744812012,314752200.0
2010-07-20,10.316732004921013,10.69511570924802,10.27039978737065,10.633338928222656,180152700.0
2010-07-21,10.780061011792037,10.787783295257904,10.29356820000473,10.316734313964844,203245200.0
2010-07-22,10.463449430244411,10.726001042997254,10.455727150707654,10.548392295837402,185760900.0
2010-07-23,10.563840053354063,10.656505226540302,10.401675816168808,10.610172271728516,133979700.0
2010-07-26,10.695115288155305,10.973110791824086,10.587005557398802,10.926777839660645,159255000.0
2010-07-27,11.212500436659303,11.312887186033095,10.949948663989241,10.957670211791992,176895900.0
2010-07-28,10.90361297807019,10.996278156551325,10.780059406762009,10.80322551727295,110133600.0
2010-07-29,10.926778292764885,10.973111246849632,10.733725667546867,10.834113121032715,124734700.0
2010-07-30,10.718287120840309,10.99628277299136,10.695121000603809,10.841840744018555,130077700.0
2010-08-02,11.104386473891893,11.1738855329386,10.988554463334955,11.150718688964844,130216100.0
2010-08-03,11.08893968798367,11.166161012872598,11.0348852024237,11.073495864868164,96776700.0
2010-08-04,11.088946098127023,11.112112950847953,10.903615694984941,10.957670211791992,131865800.0
2010-08-05,10.88044763459003,10.911336029594592,10.78006016671585,10.826393127441406,110927900.0
2010-08-06,10.741449137849758,10.841836602443552,10.617895561868904,10.780059814453125,135088300.0
2010-08-09,10.857280424284106,10.86500196992618,10.61789483488339,10.741448402404785,121443000.0
2010-08-10,10.633335337852824,10.67194526062896,10.509781081083151,10.525225639343262,131286100.0
2010-08-11,10.424839905263045,10.440284466019953,10.162288263893137,10.185454368591309,182937400.0
2010-08-12,10.077349280360327,10.309012626109267,10.054183166716676,10.085071563720703,146852800.0
2010-08-13,10.123678714256402,10.301287500350693,10.123678714256402,10.216343879699707,107923800.0
2010-08-16,10.139122159194967,10.262675699501466,10.108233774118341,10.185454368591309,99799300.0
2010-08-17,10.355342020590847,10.38623040914505,10.154567126769882,10.200900077819824,132047600.0
2010-08-18,10.231789348660476,10.424841977880483,10.224067066746713,10.285843849182129,137585300.0
2010-08-19,10.254956242671945,10.324455312339179,10.046459770107635,10.054182052612305,153344800.0
2010-08-20,10.0232926194864,10.031014901757544,9.845684545874292,9.938349723815918,164506800.0
2010-08-23,10.092791687051962,10.115958533865397,9.930627441544774,9.938349723815918,114682800.0
2010-08-24,9.845685087846304,9.907461876541326,9.722131510456258,9.7607421875,156884400.0
2010-08-25,9.698963479660899,9.822517032603274,9.590853752617688,9.77618408203125,159923400.0
2010-08-26,9.837960580054885,9.961514129500276,9.629464149475098,9.629464149475098,137778600.0
2010-08-27,9.706686945063796,9.822518976195022,9.58313336767375,9.7607421875,158558400.0
2010-08-30,9.683519284305701,9.729852236633628,9.475022839923264,9.513632774353027,126732000.0
2010-08-31,9.521354801536672,9.668075199625717,9.405523528466185,9.621742248535156,172987600.0
2010-09-01,9.768581676593678,10.209095001220703,9.73766847376071,10.209095001220703,204575600.0
2010-09-02,10.162725034987048,10.386845944337953,10.162725034987048,10.263193130493164,154881900.0
2010-09-03,10.433216094970703,10.580053626829423,10.301834796293944,10.433216094970703,141624900.0
2010-09-07,10.340476297518043,10.371389500351011,10.201366516255238,10.209095001220703,127499100.0
2010-09-08,10.2477372846117,10.425488026974817,10.22455182836778,10.332748413085938,102657200.0
2010-09-09,10.495042501756364,10.719163410611616,10.417759124759835,10.433216094970703,168549000.0
2010-09-10,10.510495885211515,10.556865305962528,10.440941017056343,10.471854209899902,85884600.0
2010-09-13,10.773260208937739,10.866000546474877,10.719162292898433,10.780988693237305,164136200.0
2010-09-14,10.788717153511794,10.79644563779415,10.541411552707022,10.572324752807617,140042500.0
2010-09-15,10.525954644233144,10.65733592966792,10.440943527728395,10.59550952911377,134665300.0
2010-09-16,10.525952113118969,10.556865305962528,10.440941017056343,10.471854209899902,120788100.0
2010-09-17,10.58005410844967,10.587782593906915,10.30956375070649,10.35593318939209,132686500.0
2010-09-20,10.402299099530676,10.672790083385024,10.332744232995065,10.618691444396973,130367700.0
2010-09-21,10.780989360639394,10.819631047500527,10.541412228752337,10.549139976501465,168349300.0
2010-09-22,10.533685823621912,10.641882420788383,10.363662810082895,10.371391296386719,141117900.0
2010-09-23,10.286377261276167,10.37911685971761,10.139539010972275,10.178180694580078,153255800.0
2010-09-24,10.332750348879284,10.510501861572266,10.278652414899671,10.510501861572266,142535200.0
2010-09-27,10.51822806994747,10.533685041407308,10.224552245471253,10.232280731201172,123657600.0
2010-09-28,10.286379667894627,10.294107416801134,10.162726104013698,10.25546646118164,124743600.0
2010-09-29,10.23228019376721,10.270921883358245,10.085442657755989,10.13181209564209,156717200.0
2010-09-30,10.209095601185599,10.348205390623564,10.085442782586934,10.12408447265625,148937800.0
2010-10-01,10.216824823727814,10.37139085812776,10.093171996207857,10.278651237487793,168814600.0
2010-10-04,10.255465799795415,10.394574852518064,10.147269214763186,10.162725448608398,133664600.0
2010-10-05,10.294106637983221,10.541413010005716,10.209095510211416,10.479586601257324,191282100.0
2010-10-06,10.533683826687152,10.556868544174334,10.294105955890002,10.348204612731934,150771000.0
2010-10-07,10.410032642758008,10.433217363865145,10.224552662813924,10.28637981414795,112300500.0
2010-10-08,10.309562070285468,10.425486385133171,10.124082871717617,10.185909271240234,173162700.0
2010-10-11,10.201367138764832,10.240008828921265,10.131812243889039,10.162725448608398,101283500.0
2010-10-12,10.124082390366855,10.456399087743678,10.116353906536775,10.448671340942383,136898300.0
2010-10-13,10.51050056480404,10.541413771411094,10.240009454220584,10.270922660827637,175054300.0
2010-10-14,10.04679906794233,10.06998378250029,9.598557322334898,9.737667083740234,511175200.0
2010-10-15,9.784038677038566,9.799495648182074,9.073034219074186,9.258513450622559,600410400.0
2010-10-18,9.24305594199908,9.559916436460112,9.14258785450651,9.536731719970703,416485100.0
2010-10-19,9.536731455831864,9.62174257195771,9.049848000866398,9.119402885437012,574229600.0
2010-10-20,8.96483570117577,9.181228073582036,8.632518290780315,9.08076000213623,655116600.0
2010-10-21,9.15031211970632,9.181225306447415,8.748439955043573,8.779353141784668,318784400.0
2010-10-22,8.864371984643194,8.949383131310126,8.787088588015733,8.8411865234375,173466800.0
2010-10-25,8.933926854453007,8.957111578526455,8.555239097098225,8.624794006347656,327390900.0
2010-10-26,8.562967242077796,8.872099340805526,8.524325545479565,8.732990264892578,232839500.0
2010-10-27,8.748444537027925,9.018935615453177,8.694346616154434,8.91846752166748,275344800.0
2010-10-28,9.057578179584336,9.057578179584336,8.818000280914712,8.91073989868164,180293000.0
2010-10-29,8.88755488312492,8.91846808801985,8.779358297478199,8.848913192749023,126825100.0
2010-11-01,8.887553215026855,8.949379613212564,8.779356649687465,8.887553215026855,152004500.0
2010-11-02,8.93392384931401,8.957108565588722,8.732987676189584,8.810270309448242,176470800.0
2010-11-03,8.856638302814128,8.926193171576408,8.740714012896104,8.903008460998535,176344100.0
2010-11-04,9.1116738253844,9.459447489233055,9.042118945208912,9.374436378479004,310826500.0
2010-11-05,9.405353216685326,9.822681922222273,9.397624729890605,9.552190780639648,405644600.0
2010-11-08,9.753123314435944,9.838134425834324,9.606285806197146,9.737667083740234,247865900.0
2010-11-09,9.838132057410201,9.845860539411902,9.451716801668491,9.482630729675293,225038100.0
2010-11-10,9.544461009801777,9.714483261108398,9.428535943515724,9.714483261108398,191612200.0
2010-11-11,9.66038554809483,9.706755723018412,9.513548012056516,9.559917449951172,130702300.0
2010-11-12,9.498085208859937,9.528998394149639,9.297149135962632,9.366703987121582,170642600.0
2010-11-15,9.443993122380922,9.498091045625028,9.32806805353493,9.351253509521484,112735900.0
2010-11-16,9.26624178786752,9.31261196352683,9.057577839972968,9.22760009765625,219262600.0
2010-11-17,9.196684702044735,9.266239580449762,8.964836090066326,8.980292320251465,170058200.0
2010-11-18,9.10394158232893,9.134854767749989,8.988017321257084,9.042115211486816,138773700.0
2010-11-19,8.995751346842907,9.011207580566406,8.9107394817624,9.011207580566406,104569300.0
2010-11-22,8.933926497580133,8.957111220727446,8.663435358421573,8.732990264892578,223150100.0
2010-11-23,8.640245016266713,8.802539446811155,8.547505446959685,8.570690155029297,199123000.0
2010-11-24,8.640247621340025,8.732987218608455,8.578421223161072,8.717530250549316,109514300.0
2010-11-26,8.632516603110675,8.66342979312514,8.57841870484251,8.59387493133545,54441000.0
2010-11-29,8.609338453324064,8.779360759409808,8.562968264463947,8.74071979522705,144663800.0
2010-11-30,8.655704449400316,8.732987820969056,8.431583556285599,8.462496757507324,267119300.0
2010-12-01,8.640412866532898,8.74097281763352,8.485705533186847,8.733237266540527,289105800.0
2010-12-02,8.795119035845913,9.081327749082103,8.779648673410186,9.034915924072266,284454000.0
2010-12-03,8.965297680912014,9.189623474806416,8.91888511699818,9.174152374267578,164553900.0
2010-12-06,9.112268705013326,9.174151626720853,8.99623841123737,9.003973960876465,132238800.0
2010-12-07,9.158679711808341,9.181885619087225,8.895676970306026,8.949824333190918,215071600.0
2010-12-08,8.9807661500231,9.336593272655591,8.973031339087356,9.282445907592773,235158100.0
2010-12-09,9.483566840694696,9.816187355807967,9.475831291163487,9.785245895385742,328639000.0
2010-12-10,9.785247447523409,9.939955511876963,9.646011222389022,9.901278495788574,224667700.0
2010-12-13,9.94769080752584,9.963161909792836,9.684688708311741,9.700159072875977,189201500.0
2010-12-14,9.72336408476288,9.83165957745724,9.537715301031998,9.591862678527832,161365800.0
2010-12-15,9.576386663862719,9.700152446642486,9.499032680774237,9.506768226623535,160612500.0
2010-12-16,9.6460087011133,9.87806999928468,9.576390237891633,9.684685707092285,309278400.0
2010-12-17,9.70789637001907,9.785249682158119,9.630542320177128,9.723366737365723,154544200.0
2010-12-20,9.738830421358996,9.862596216633396,9.723359328098532,9.762036323547363,113899800.0
2010-12-21,9.847127792991405,10.040512084960938,9.823921884511769,10.040512084960938,163167100.0
2010-12-22,10.06371829729524,10.404074311899725,10.055982748901332,10.349926948547363,240618000.0
2010-12-23,10.257103301587886,10.288044759634955,10.032777546320997,10.102396011352539,183718500.0
2010-12-27,10.040513605193274,10.365399323909179,10.025043243098661,10.264840126037598,116011000.0
2010-12-28,10.349927396237398,10.435016219143444,10.318985939025879,10.318985939025879,119303600.0
2010-12-29,10.357664056623834,10.380869967597464,10.295781135559082,10.295781135559082,74986200.0
2010-12-30,10.303518754729343,10.365401692654826,10.257106920136637,10.272577285766602,88176300.0
2010-12-31,10.233896378417302,10.349927396237398,10.22616156739132,10.318985939025879,63036100.0
2011-01-03,10.71349084533769,11.007434341220609,10.67481383660491,10.976492881774902,354322300.0
2011-01-04,11.007433594914158,11.02290469243936,10.844991497114746,11.015169143676758,218978200.0
2011-01-05,10.976489861247218,11.293640655419887,10.945548410316029,11.216286659240723,246151200.0
2011-01-06,11.247232029113544,11.363262326109053,11.092524720551985,11.169878005981445,241658500.0
2011-01-07,11.247230140223174,11.35552560688015,10.814049011297788,11.022904396057129,392328700.0
2011-01-10,10.96102376881735,11.162143646963258,10.899140842880557,11.138936996459961,185382600.0
2011-01-11,11.301379253903727,11.394203637818645,11.23949633129378,11.363262176513672,212239400.0
2011-01-12,11.517966488578438,11.595319747924805,11.487025037299412,11.595319747924805,204060800.0
2011-01-13,11.610795844229367,11.618531394807118,11.386470041393544,11.42514705657959,158944400.0
2011-01-14,11.401939735340898,11.842856502247503,11.355527910005042,11.796443939208984,282493800.0
2011-01-18,11.664944612614637,11.726827549203882,11.487031354346255,11.60306167602539,198400500.0
2011-01-19,11.48702756678204,11.564380843161862,11.10025897177527,11.115729331970215,247013200.0
2011-01-20,11.038375875494385,11.301377896137849,10.78310792826838,11.247230529785156,245219600.0
2011-01-21,11.146670222120807,11.37873151484146,10.999698488095818,11.022904396057129,291812600.0
2011-01-24,11.022903478568157,11.030639026478898,10.736694845192787,10.7676362991333,225424700.0
2011-01-25,10.65934139293354,10.705753945096612,10.365397196440714,10.54331111907959,303642100.0
2011-01-26,10.605191072993177,10.651603612214501,10.481425285339355,10.481425285339355,145810300.0
2011-01-27,10.504634619539743,10.57425308227539,10.427280608121798,10.57425308227539,153086100.0
2011-01-28,10.698022428623528,10.875936418314083,10.504638074183186,10.520109176635742,226452500.0
2011-01-31,10.605190428195368,10.667073318259785,10.551043083814562,10.620660781860352,118000800.0
2011-02-01,10.752166941402137,11.115729637250015,10.728961031621123,11.069317817687988,211978400.0
2011-02-02,11.084787607135096,11.100258704660298,10.930080320395753,11.015169143676758,140312700.0
2011-02-03,10.953286406173076,11.193083257775168,10.945550857285337,11.162141799926758,145885300.0
2011-02-04,11.162142793891435,11.193084254495115,10.914610371359377,11.053847312927246,141015200.0
2011-02-07,11.2240239415463,11.42514377254179,11.162141030117303,11.347789764404297,149423500.0
2011-02-08,11.324583941683946,11.41740830952121,11.216288477022552,11.301377296447754,158426200.0
2011-02-09,11.185350853644904,11.363264101867877,11.146673836034724,11.32458782196045,150179100.0
2011-02-10,11.224027276537353,11.324587221914436,11.193085811629228,11.208556175231934,132240800.0
2011-02-11,11.115731672793924,11.502500349248978,11.100261309341128,11.42514705657959,156195600.0
2011-02-14,11.43288335416713,11.56438478025528,11.378735968496528,11.517972946166992,112571100.0
2011-02-15,11.448352970610136,11.510235899826728,11.363263389660291,11.42514705657959,109532300.0
2011-02-16,11.456085055209519,11.51023241746636,11.370995500003072,11.479290962219238,132821900.0
2011-02-17,11.409673602559685,11.533439435470296,11.394202504594581,11.456086158752441,103495400.0
2011-02-18,11.479290237785435,11.517967238829133,11.347788876858322,11.409671783447266,98369000.0
2011-02-22,11.12346492040592,11.23176039296517,10.899139164013768,10.968757629394531,187522800.0
2011-02-23,10.961024284362793,11.16987898479716,10.767639947288929,10.961024284362793,196355700.0
2011-02-24,10.914609200023374,10.953286206052882,10.667077541758573,10.806314468383789,201697200.0
2011-02-25,10.953288577521747,11.07705443345038,10.922347113539589,10.984230041503906,126869100.0
2011-02-28,11.03837695147671,11.200819066369078,10.95328738153963,11.053847312927246,137039100.0
2011-03-01,11.07705445623175,11.100261107543114,10.759904265336694,10.775375366210938,161263900.0
2011-03-02,10.775373167759684,10.89148680682768,10.690223214991986,10.705704689025879,115609400.0
2011-03-03,10.87600313965753,11.061785219996542,10.87600313965753,11.046303749084473,139513500.0
2011-03-04,11.069529922041081,11.07727102912907,10.821819662853661,10.930192947387695,146184700.0
2011-03-07,10.97663953002331,11.046308021655413,10.775375162693376,10.860525131225586,139010300.0
2011-03-08,11.04630725402647,11.379166735690543,10.99212024306003,11.37142562866211,250033200.0
2011-03-09,11.348205985868942,11.371428574738085,11.208868976188507,11.29401969909668,148290400.0
2011-03-10,11.162417496344473,11.19338117676604,11.038562774658203,11.038562774658203,155462700.0
2011-03-11,10.922449994782383,11.17016021211532,10.914709627234854,11.131455421447754,111555000.0
2011-03-14,11.038565077563415,11.108233557604525,10.891487011202733,11.015341758728027,112139700.0
2011-03-15,10.659260965054353,10.883747905539847,10.612815060228941,10.8063383102417,167837200.0
2011-03-16,10.845041267025644,10.91470974332175,10.574108467703565,10.597331047058105,178630900.0
2011-03-17,10.752150611092052,10.868264250413823,10.643777339687889,10.821818351745605,131745300.0
2011-03-18,10.99212376589321,11.061792275011772,10.821823047851485,10.868268966674805,199209100.0
2011-03-21,10.99212266551209,11.00760488298094,10.759894571108665,10.876008987426758,114391500.0
2011-03-22,10.868264307277133,10.876005413467757,10.744409561157227,10.744409561157227,86286500.0
2011-03-23,10.620553192502243,10.636034664285818,10.3496204230818,10.566366195678711,230626600.0
2011-03-24,10.496703483918218,10.519926071812813,10.310920566063164,10.434775352478027,170761100.0
2011-03-25,10.442513447355608,10.473477135022842,10.310917590211732,10.326399803161621,115322600.0
2011-03-28,10.388326564621117,10.49669983416863,10.349621772766113,10.349621772766113,78640400.0
2011-03-29,10.38058689733945,10.38058689733945,10.187063649474858,10.334141731262207,117737500.0
2011-03-30,10.372843824616991,10.496699299895365,10.272212404441538,10.411548614501953,121082200.0
2011-03-31,10.334138176567713,10.365101856045984,10.287692288234132,10.318655967712402,86180900.0
2011-04-01,10.41154914444112,10.535403887791132,10.334140298963613,10.349621772766113,95017100.0
2011-04-04,10.372848709603751,10.519926832785051,10.372848709603751,10.403812408447266,71113900.0
2011-04-05,10.396068781556858,10.450255053004678,10.349622878721169,10.427032470703125,64968800.0
2011-04-06,10.527663863468177,10.667000085166496,10.473476857810335,10.62055492401123,136151600.0
2011-04-07,10.67474406376849,10.744412562480127,10.481220784339596,10.535407066345215,119206000.0
2011-04-08,10.55088976841653,10.62055827033308,10.41155276458343,10.434775352478027,87592400.0
2011-04-11,10.450255526751306,10.519924015046866,10.396069252847033,10.442514419555664,63348300.0
2011-04-12,10.372845461022722,10.51218243129721,10.303177714118059,10.427032470703125,100372600.0
2011-04-13,10.53540492219563,10.558628242528284,10.225768033419318,10.27221393585205,124630800.0
2011-04-14,10.187064786864342,10.264474389946031,10.117396291737359,10.16384220123291,115624900.0
2011-04-15,10.2335076691696,10.318657616784966,9.923870086669922,9.923870086669922,266336200.0
2011-04-18,9.745831757437296,9.753572865224193,9.47489889075725,9.614235877990723,262012500.0
2011-04-19,9.699379622913419,9.699379622913419,9.40522435992372,9.552302360534668,182612900.0
2011-04-20,9.621975054725398,9.660679109426955,9.451674408754965,9.498120307922363,179989100.0
2011-04-21,9.544565680204368,9.598751948572422,9.474897199026849,9.529084205627441,100820900.0
2011-04-25,9.54456596123304,9.753571410919523,9.536824854600379,9.629715919494629,112414300.0
2011-04-26,9.66841978014825,9.699383465454256,9.467155456542969,9.467155456542969,146800000.0
2011-04-27,9.474893882987876,9.598748589186576,9.467152779292388,9.544562339782715,118705100.0
2011-04-28,9.529085907032863,9.637458463118744,9.48263999854415,9.614235877990723,92414200.0
2011-04-29,9.59101294209934,9.614235526378064,9.50586223602295,9.50586223602295,87169300.0
2011-05-02,9.567783827938232,9.652934482470528,9.544561257716786,9.552302360534668,89940100.0
2011-05-03,9.560047337169442,9.838720507444247,9.54456512526015,9.753570556640625,145530300.0
2011-05-04,9.784538072728205,9.815501770436123,9.614237366218266,9.668423652648926,99234300.0
2011-05-05,9.606497036948248,9.652942956396318,9.443937426229269,9.521347045898438,130921200.0
2011-05-06,9.606493054977154,9.637456742363549,9.505860886413242,9.529084205627441,111324100.0
2011-05-09,9.505858460330758,9.53682213981461,9.3742626379663,9.428449630737305,110668200.0
2011-05-10,9.451675959961714,9.575530727091763,9.428453375682992,9.50586223602295,91577700.0
2011-05-11,9.505859984173018,9.621974354525506,9.467155194055522,9.482637405395508,150517800.0
2011-05-12,9.443937301635742,9.498124329982412,9.358787311709312,9.443937301635742,111941900.0
2011-05-13,9.443933796379442,9.451674903017572,9.219446871501571,9.234929084777832,159056700.0
2011-05-16,9.203966540268702,9.374266478076018,9.149779525300326,9.180743217468262,123646400.0
2011-05-17,9.14203841345379,9.242669851152213,9.134297306482344,9.211706161499023,145394700.0
2011-05-18,9.211704435166219,9.211704435166219,9.08010859424392,9.126554489135742,152963400.0
2011-05-19,9.19622473249578,9.203965839506543,9.041406283443514,9.04914665222168,121082700.0
2011-05-20,9.01043895759917,9.118811459087285,8.92528829130731,8.963993072509766,115821500.0
2011-05-23,8.878848006130914,8.917552808526478,8.80917950946544,8.840143203735352,122134100.0
2011-05-24,8.863361228926651,8.90980711554751,8.739506515580793,8.871102333068848,129513400.0
2011-05-25,8.785954818101791,8.963995832934849,8.785954818101791,8.80917739868164,103583400.0
2011-05-26,8.816916080538116,8.94851189802617,8.809174976395918,8.871102333068848,124072200.0
2011-05-27,8.95625558279032,9.118815138853348,8.933032999990628,9.04914665222168,107370400.0
2011-05-31,9.188481640797809,9.227186429258895,8.994958436724817,9.095590591430664,106228200.0
2011-06-01,9.07235049655792,9.09559286132574,8.700468965965536,8.708216667175293,176331800.0
2011-06-02,8.746955871582031,8.847673787273564,8.584257813751336,8.746955871582031,198074000.0
2011-06-03,8.677226185103855,8.87091427289127,8.646236120612325,8.739206314086914,115786700.0
2011-06-06,8.66172942498115,8.677224084044406,8.328585758216878,8.390565872192383,213289400.0
2011-06-07,8.49129043781127,8.561018305731999,8.21237970499017,8.251116752624512,160224800.0
2011-06-08,8.204626547066697,8.359576851208478,8.134898725487561,8.165888786315918,159384200.0
2011-06-09,8.196884294846976,8.328592325616839,8.134904131997843,8.251116752624512,129533300.0
2011-06-10,8.227870119090158,8.545518474053019,8.065172091077297,8.367325782775879,210796300.0
2011-06-13,8.437050008928273,8.53776786311796,8.243361998300673,8.499030113220215,186095900.0
2011-06-14,8.61524630589588,8.61524630589588,8.328588016323017,8.367325782775879,173051000.0
2011-06-15,8.21237370209097,8.266606120226893,8.065170368777347,8.13489818572998,213408200.0
2011-06-16,8.096162338892013,8.282102735421669,8.057424571566303,8.21237564086914,200127400.0
2011-06-17,8.3285873601367,8.34408276104158,8.196879407890744,8.274354934692383,116367000.0
2011-06-20,8.204627939631706,8.258860370570826,8.158142471068565,8.21237564086914,88402500.0
2011-06-21,8.27435334320362,8.421555929180135,8.158140075353618,8.390565872192383,109392600.0
2011-06-22,8.359573364257812,8.475785859174184,8.351825667567114,8.359573364257812,102448600.0
2011-06-23,8.251111469653187,8.344082393261854,8.181384385238712,8.29759693145752,180604400.0
2011-06-24,8.313092683886913,8.344083488398153,8.127152289988151,8.150395393371582,122210200.0
2011-06-27,8.150395794596204,8.483538832015961,8.150395794596204,8.4060640335083,202814500.0
2011-06-28,8.452548920210477,8.460296621862101,8.344084052533717,8.382821083068848,113027000.0
2011-06-29,8.653982525884185,8.715962645588354,8.5222745867975,8.63074016571045,301628700.0
2011-06-30,8.653982366362058,8.66173006589759,8.398314192579866,8.491284370422363,255993900.0
2011-07-01,8.506781533755746,8.630742546215945,8.460296800586994,8.592004776000977,137487700.0
2011-07-05,8.568760432312791,8.576507393479087,8.452547148482235,8.5222749710083,110261100.0
2011-07-06,8.390567710108291,8.406063111426985,8.258859754345,8.320839881896973,145455700.0
2011-07-07,8.444801227539648,8.491286698637335,8.406064196963321,8.460296630859375,113940400.0
2011-07-08,8.328583210714879,8.36732095481599,8.220117675003976,8.28984546661377,129514100.0
2011-07-11,8.158143141328198,8.173638545076141,7.979950431395956,8.018688201904297,145323900.0
2011-07-12,7.956709441301673,8.057426627643274,7.902476257661989,7.910223960876465,145156100.0
2011-07-13,7.956707094185857,8.026434185962698,7.863736160760548,7.9024739265441895,164765500.0
2011-07-14,7.97994737842317,8.003189736291493,7.794007037754117,7.801753997802734,148536100.0
2011-07-15,7.840492051152933,7.886977507515621,7.654551703424705,7.747521877288818,183416000.0
2011-07-18,7.654551719971302,7.693289477213736,7.3833881581355225,7.5305914878845215,226934200.0
2011-07-19,7.553832824175535,7.631308328173083,7.282669299045281,7.414377212524414,322430300.0
2011-07-20,7.484108514867743,7.747524464891909,7.46086614835429,7.631311893463135,249783800.0
2011-07-21,7.7707656062142965,7.964453687298431,7.747523243365391,7.925715923309326,238464700.0
2011-07-22,7.948957773653224,7.956705473003641,7.786259781600862,7.848239898681641,138441500.0
2011-07-25,7.724278994744915,7.8017537649473825,7.654551184359845,7.7552690505981445,130582700.0
2011-07-26,7.724279518538106,7.81724969240222,7.677794062175417,7.747521877288818,121168700.0
2011-07-27,7.685542687955427,7.701037349370198,7.499602317810058,7.499602317810059,151491700.0
2011-07-28,7.530592613977574,7.631310502324327,7.507349512839679,7.584825038909912,113623300.0
2011-07-29,7.468612840760482,7.708785652950252,7.437622776643692,7.522845268249512,187926700.0
2011-08-01,7.7785164285206605,7.78626413220013,7.515100414312198,7.600323677062988,159616700.0
2011-08-02,7.561583320946885,7.639058114757277,7.336905162832301,7.352399826049805,173972600.0
2011-08-03,7.352401256583541,7.429876804329546,7.220693268732279,7.391139030456543,175691200.0
2011-08-04,7.259428745739246,7.329156568876618,6.794577822925685,6.841062545776367,305309300.0
2011-08-05,6.949527147071412,7.011507261342135,6.221259696098541,6.32972526550293,546781600.0
2011-08-08,5.733166668038394,5.965592119115902,4.888686605546805,5.043637275695801,682052900.0
2011-08-09,5.438761045570595,5.934602406321258,5.175345149501173,5.88811731338501,496094500.0
2011-08-10,5.833884742882435,5.8803698346490245,5.221830111045658,5.245072841644287,493986500.0
2011-08-11,5.500740937634779,5.748661792275831,5.392275725355234,5.6169538497924805,344079000.0
2011-08-12,5.80289436347147,5.973340070883435,5.523983810411175,5.570468902587891,298997800.0
2011-08-15,5.779651520592248,6.074057449281656,5.6944286739862315,6.012077331542969,268370400.0
2011-08-16,5.895864205496614,5.934601592918763,5.686681131238999,5.733166217803955,275997300.0
2011-08-17,5.7796525955200195,5.88037049029271,5.73316749857048,5.7796525955200195,159346200.0
2011-08-18,5.462003645348902,5.492993706560839,5.2528205474529805,5.431013584136963,335205500.0
2011-08-19,5.268317273088614,5.516237842550146,5.229579499394855,5.400024890899658,289217900.0
2011-08-22,5.578218049937735,5.593713085709698,4.973911285400391,4.973911285400391,398777800.0
2011-08-23,4.935170942223744,4.989403723909827,4.656260443516861,4.880938529968262,563788800.0
2011-08-24,4.927423758329973,5.462002784088328,4.896433702004615,5.415517330169678,602753000.0
2011-08-25,6.422696449012526,6.817820293898862,5.7176719839377075,5.926855087280273,859643400.0
2011-08-26,5.903611756069623,6.182522655324359,5.771903821159591,6.012077331542969,424194600.0
2011-08-29,6.275494458523756,6.515667278159323,6.167028861321654,6.5001726150512695,363420500.0
2011-08-30,6.422697366057253,6.500172901597156,6.236756967395246,6.290989398956299,297220400.0
2011-08-31,6.422858658637978,6.430615912108204,6.290988308733767,6.337531089782715,282263500.0
2011-09-01,6.345287022634828,6.345287022634828,6.13584566116333,6.13584566116333,243549600.0
2011-09-02,5.670420877202433,5.7790198063323315,5.561821948072535,5.623878479003906,305988600.0
2011-09-06,5.360139834370175,5.484253312005321,5.2748122577359196,5.422196388244629,283101800.0
2011-09-07,5.608367307795374,5.833322536153291,5.507525206838709,5.8022942543029785,257251800.0
2011-09-08,5.724722542386042,5.771264956972161,5.585094928741455,5.585094928741455,204593600.0
2011-09-09,5.515282252144469,5.592852953815261,5.398926014695138,5.414440155029297,255828800.0
2011-09-12,5.313596355547387,5.507523232537337,5.282568084819888,5.468738079071045,286856000.0
2011-09-13,5.499766899353095,5.56958033052287,5.4066817079830605,5.429953098297119,220657500.0
2011-09-14,5.499766349798543,5.530794620526042,5.367896014263592,5.468738079071045,212940200.0
2011-09-15,5.569581642267676,5.693695136696797,5.530796475791185,5.685937881469727,230299700.0
2011-09-16,5.7247232010433216,5.73248008609036,5.492010731451796,5.608366966247559,240523700.0
2011-09-19,5.476496057827895,5.484253312005321,5.383411227016214,5.422196388244629,199254700.0
2011-09-20,5.460980163768649,5.476494297249793,5.352381229400635,5.352381229400635,142828700.0
2011-09-21,5.3911677667350135,5.406681904212053,4.93350052621925,4.949014663696289,381953600.0
2011-09-22,4.840413783208143,4.871442418123565,4.654244193032182,4.700786590576172,384622500.0
2011-09-23,4.724059786033031,4.9567718630012605,4.708545647568482,4.894715309143066,503374000.0
2011-09-26,5.026586498643713,5.11967134475708,4.89471611503996,5.11967134475708,228406400.0
2011-09-27,5.305838926064627,5.3135958080041075,4.972284495286124,5.026584148406982,231598900.0
2011-09-28,5.049854890058949,5.065369021845729,4.778357028961182,4.778357028961182,222449300.0
2011-09-29,4.964529110920113,5.003314272089487,4.770602195414533,4.925743579864502,224013100.0
2011-09-30,4.793873561090149,4.902472907860506,4.739574257591234,4.747331142425537,175213100.0
2011-10-03,4.716302285227237,4.7938729734935634,4.281906061049594,4.289663314819336,369335100.0
2011-10-04,4.250876110320492,4.468074321746826,3.9793786234521282,4.468074321746826,448300000.0
2011-10-05,4.429290054595508,4.522374870026074,4.274148695544563,4.475832462310791,291785700.0
2011-10-06,4.475832268369887,4.894714289543167,4.382747456972749,4.871443271636963,336087400.0
2011-10-07,4.902471680326662,4.910228563218713,4.561160325694472,4.576674461364746,285598300.0
2011-10-10,4.762843955120808,4.87920015431031,4.747329819887952,4.871443271636963,225326600.0
2011-10-11,4.793873446453817,5.018828649563196,4.755088283437245,4.941257953643799,204431100.0
2011-10-12,5.049855777773187,5.22826813974123,4.917985449461031,5.10415506362915,284617700.0
2011-10-13,4.995557476625832,4.995557476625832,4.786116418951614,4.824901580810547,230115400.0
2011-10-14,4.894713383802418,4.933498899650584,4.747328941419911,4.801628589630127,203564500.0
2011-10-17,4.7938718026187015,4.871442841824978,4.677515983581543,4.677515983581543,175512200.0
2011-10-18,4.863687372049976,5.267055370198644,4.778359419589798,5.150699138641357,496883800.0
2011-10-19,5.18172846558864,5.3213561196474215,4.941259069015151,4.9645304679870605,318554300.0
2011-10-20,4.9877996413640515,5.026585168591651,4.793872744998457,5.01882791519165,254971700.0
2011-10-21,5.1119137699456285,5.158456186726945,4.949015126267896,5.011071681976318,252586400.0
2011-10-24,5.111913958285816,5.228269819582927,5.03434289090606,5.2127556800842285,217032400.0
2011-10-25,5.158456186726945,5.173970325654051,5.011071681976318,5.011071681976318,200837500.0
2011-10-26,5.104155474531394,5.166212017583201,4.995556524190731,5.111912727355957,208197400.0
2011-10-27,5.515281254227751,5.608366079390242,5.352382625250283,5.600608825683594,408959900.0
2011-10-28,5.492009326790129,5.763506891949923,5.468738307714644,5.701450347900391,273167300.0
2011-10-31,5.499766981294474,5.554066276359285,5.290325944892272,5.2980828285217285,252026900.0
2011-11-01,4.949016325301233,5.18172846558864,4.902473897243753,4.9645304679870605,371823200.0
2011-11-02,5.2127556800842285,5.228269819582927,5.096399818787118,5.2127556800842285,216830700.0
2011-11-03,5.360139846801758,5.414439516510959,5.104156376532822,5.360139846801758,244340400.0
2011-11-04,5.220511321640829,5.236025456345667,5.003313065886956,5.034341335296631,266446300.0
2011-11-07,4.99555570606999,5.111911890179596,4.8869567735145445,5.003312587738037,192433500.0
2011-11-08,5.073126487862993,5.111912006745988,4.964527552831177,5.065369606018066,219000600.0
2011-11-09,4.894713202305071,4.93349871671506,4.770600148010831,4.778357028961182,265539000.0
2011-11-10,4.902471109553037,4.910227991541988,4.662001849717513,4.677515983581543,324988000.0
2011-11-11,4.74733011919128,4.879200461927623,4.74733011919128,4.81714391708374,210025900.0
2011-11-14,4.778358884045816,4.801630275703592,4.66975991937738,4.693031311035156,225481700.0
2011-11-15,4.662002558308466,4.840414939919146,4.654245305254341,4.755087375640869,268228500.0
2011-11-16,4.724058935175431,4.724058935175431,4.576674461364746,4.576674461364746,292502400.0
2011-11-17,4.638730268188346,4.677515786154437,4.4913458177577565,4.49910306930542,285881900.0
2011-11-18,4.545647158781189,4.568918182302976,4.460319209466719,4.483590602874756,227038600.0
2011-11-21,4.390503935881576,4.406018069687703,4.250876731626425,4.258633613586426,269658300.0
2011-11-22,4.281906950277158,4.3362066282831595,4.126765541526146,4.165550708770752,270959000.0
2011-11-23,4.111251779660716,4.119008665870213,3.9793813851222892,3.987138271331787,264978500.0
2011-11-25,4.002652575591034,4.134522975465154,3.9716242897249288,4.010409832000732,138425100.0
2011-11-28,4.266391345432826,4.289662733703283,3.9871365356181867,4.072464466094971,345537900.0
2011-11-29,4.025922128254864,4.095735924373385,3.9018090417207594,3.94059419631958,333749700.0
2011-11-30,4.197082356668964,4.2281718254089355,4.026089907983415,4.2281718254089355,436268200.0
2011-12-01,4.173767428026678,4.375849459630578,4.1115884554149895,4.298125743865967,315495500.0
2011-12-02,4.4069365960758065,4.570156497457556,4.360302391483266,4.38361930847168,283132900.0
2011-12-05,4.554612762934325,4.624563899878822,4.453571778817414,4.500205993652344,293977700.0
2011-12-06,4.461342755538909,4.60124573280581,4.430253287394196,4.492432594299316,254787200.0
2011-12-07,4.45357020400107,4.601245350733855,4.4302529195208775,4.577928066253662,244700100.0
2011-12-08,4.53906742172898,4.570156894155967,4.298123825111962,4.344758033752441,286031100.0
2011-12-09,4.406937689246037,4.546840337727443,4.375848211805725,4.445799350738525,293654100.0
2011-12-12,4.344759745414688,4.352531931275494,4.1970845079004695,4.235946178436279,191824000.0
2011-12-13,4.321439745560028,4.352529210803105,4.05717892037821,4.1349029541015625,227194200.0
2011-12-14,4.0727259894778705,4.173766994791816,4.041636506399098,4.064953804016113,226723100.0
2011-12-15,4.142675135742388,4.1737646009902525,4.049406739998794,4.088268756866455,196092100.0
2011-12-16,4.127133216844784,4.212629489872429,4.010547457373615,4.041636943817139,227111300.0
2011-12-19,4.0416355160404365,4.057180253770754,3.824009187815988,3.878415584564209,344317700.0
2011-12-20,3.9716858531483266,4.057181757035069,3.9172790656255563,4.018320083618164,239246100.0
2011-12-21,4.0260917648597125,4.0804985455555,3.963912798702168,4.064953804016113,203711800.0
2011-12-22,4.088270537775159,4.282579965526089,4.049408503978645,4.251490116119385,303085900.0
2011-12-23,4.305894381061331,4.375845852900916,4.251487639562143,4.3525285720825195,190712000.0
2011-12-27,4.313668367737219,4.3369852857031725,4.243716872607901,4.259261608123779,158575400.0
2011-12-28,4.235943967700328,4.243716520120535,4.09604135967787,4.111586093902588,146104500.0
2011-12-29,4.111586284425735,4.259261451711389,4.103814102261078,4.243716716766357,168098500.0
2011-12-30,4.1893107173008675,4.336985911311668,4.173765979542667,4.321441173553467,176441000.0
2012-01-03,4.469115936538567,4.577929090351445,4.461343383101203,4.5079779624938965,246293200.0
2012-01-04,4.4380262537234945,4.5701566909716815,4.3680747585648705,4.515749931335449,243711200.0
2012-01-05,4.469116330055651,4.935458829503519,4.438026854800178,4.904369354248047,547780000.0
2012-01-06,4.826645327375048,4.896596827098549,4.71005961804113,4.803328037261963,299630600.0
2012-01-09,4.865506912440908,4.951002770326022,4.811100154192063,4.873279094696045,240614400.0
2012-01-10,5.005409121122973,5.176401193589771,5.005409121122973,5.1530842781066895,354292100.0
2012-01-11,5.129766517207428,5.362937874150533,5.067587587520108,5.339620590209961,354039600.0
2012-01-12,5.432890293802437,5.456207583361339,5.17640196173324,5.277442932128906,362099600.0
2012-01-13,5.044273424912015,5.199721215935094,4.982094456749138,5.137542247772217,337048400.0
2012-01-17,5.153084234884954,5.300759390630038,5.00540907913987,5.036498546600342,294196500.0
2012-01-18,5.052043057833194,5.285214424133301,5.020953591741935,5.285214424133301,302497700.0
2012-01-19,5.603882948862769,5.666061895602679,5.246353634492536,5.409573554992676,491008100.0
2012-01-20,5.401802124182801,5.502843118945822,5.308533684685782,5.495070934295654,236630700.0
2012-01-23,5.541703211843108,5.728240025461579,5.526158477374903,5.634971618652344,339942200.0
2012-01-24,5.526158318342314,5.712695126592601,5.487296297982324,5.666060924530029,228810300.0
2012-01-25,5.5961108327167235,5.728241290176877,5.557249173273952,5.712696552276611,249340100.0
2012-01-26,5.790419174501261,5.829281197396861,5.619427089115202,5.673833847045898,265938800.0
2012-01-27,5.6038819884466005,5.712695126592601,5.596109436128325,5.666060924530029,230914000.0
2012-01-30,5.5417051540441635,5.557249893960334,5.456208899197312,5.495070934295654,231240100.0
2012-01-31,5.572792693187764,5.588337427690582,5.47952428617086,5.541703224182129,212736300.0
2012-02-01,5.6349718163977425,5.7826469843358455,5.603882346370323,5.720468044281006,318811000.0
2012-02-02,5.774876269103629,5.821510488983904,5.697152569303171,5.790421009063721,232425400.0
2012-02-03,5.953639578144265,6.132404231382798,5.930322658939445,6.093542575836182,364195700.0
2012-02-06,6.054680317437945,6.194582939147949,6.039135581692388,6.194582939147949,236316000.0
2012-02-07,6.179039189483353,6.210128665935874,6.062453838094296,6.101315498352051,253694200.0
2012-02-08,6.186811145714473,6.33448595927768,6.163493855321686,6.318941593170166,436439700.0
2012-02-09,6.458843345525875,6.489932812961501,6.295623456180994,6.357802391052246,480206700.0
2012-02-10,6.2567625532215745,6.311168945635973,6.202355790191422,6.2723069190979,254420800.0
2012-02-13,6.427755094916695,6.458844568237812,6.381120514319264,6.412209987640381,308490200.0
2012-02-14,6.334485451065883,6.350030557157739,6.1790380963046045,6.20235538482666,384682800.0
2012-02-15,6.22567352312205,6.311169394602649,6.039136301331389,6.046908855438232,372981400.0
2012-02-16,5.992501002184851,6.318940803177911,5.9536389799273115,6.287851333618164,337131800.0
2012-02-17,6.248989054228892,6.280078522509379,6.155720649387433,6.233444690704346,355445600.0
2012-02-21,6.241217280655669,6.373347722643364,6.217900361843571,6.303396224975586,333407700.0
2012-02-22,6.264533681291671,6.318940061325993,6.179037094116211,6.179037094116211,228867800.0
2012-02-23,6.194582299430193,6.2567616066068625,6.14017591524719,6.233444690704346,144231800.0
2012-02-24,6.256761835204147,6.287851304620519,6.124631404876709,6.124631404876709,163128200.0
2012-02-27,6.054682513638826,6.256764522247525,5.961414065334444,6.248991966247559,298930800.0
2012-02-28,6.2567636987899515,6.334487024865174,6.21790166513652,6.3111701011657715,193443200.0
2012-02-29,6.350078176484276,6.412333786673697,6.202220916748047,6.202220916748047,266720500.0
2012-03-01,6.295606408977169,6.35786203603552,6.264478595447993,6.3189520835876465,197850100.0
2012-03-02,6.31116931289302,6.388989209998653,6.30338791689889,6.326733589172363,143887500.0
2012-03-05,6.295604703104886,6.326732508199597,6.186657014200692,6.202220916748047,196328300.0
2012-03-06,6.054364654377912,6.062146420920221,5.960980858360992,5.9998908042907715,262871200.0
2012-03-07,6.077709770349069,6.24113130569458,6.04658196487546,6.24113130569458,328331900.0
2012-03-08,6.280042062581689,6.318952014604791,6.2255685750367125,6.272260665893555,160282000.0
2012-03-09,6.318950729426104,6.373424205892002,6.233349446101769,6.264477252960205,195281400.0
2012-03-12,6.23335011142934,6.27226005969187,6.155530214904279,6.217785835266113,165298900.0
2012-03-13,6.2800429760926155,6.614667573162773,6.264479438306828,6.6068854331970215,385984100.0
2012-03-14,6.739175988651682,6.925942815822557,6.661356848403183,6.879251480102539,488077000.0
2012-03-15,6.988198714412484,7.19831196029412,6.887033902112546,7.190529823303223,489593000.0
2012-03-16,7.322823220391583,7.626319885253907,7.260567608442199,7.626319885253906,582294100.0
2012-03-19,7.610753857398829,7.859776989957797,7.400641401023583,7.416204929351807,669479900.0
2012-03-20,7.49402918108083,7.758615996738777,7.462901364070818,7.6341047286987305,451213900.0
2012-03-21,7.750833966430221,7.805307461430754,7.579630599384065,7.641886234283447,326573800.0
2012-03-22,7.517372530474463,7.602974557353769,7.408425575748756,7.470681190490723,264520500.0
2012-03-23,7.369515270722891,7.665229797363281,7.315041053877667,7.665229797363281,283110900.0
2012-03-26,7.789741751110859,7.813087422150266,7.665230516040019,7.7274861335754395,241605700.0
2012-03-27,7.680793704708494,7.704139374700365,7.455116915732496,7.470681190490723,250069600.0
2012-03-28,7.486244417778486,7.6107556421842535,7.4551166116770435,7.587409973144531,234021500.0
2012-03-29,7.494024797428722,7.532934731467178,7.338385803420157,7.416204929351807,253625800.0
2012-03-30,7.478463531369323,7.5018099464587955,7.276133128946168,7.447335720062256,250234500.0
2012-04-02,7.423990759278666,7.610757645037034,7.322825177289808,7.532938480377197,179229000.0
2012-04-03,7.525153920506598,7.525153920506598,7.322822821616616,7.385078430175781,190453400.0
2012-04-04,7.276136081528631,7.28391748090384,7.120496219690652,7.1594061851501465,228560600.0
2012-04-05,7.112709888517108,7.315040232752468,7.089363480141785,7.182746887207031,180868100.0
2012-04-09,7.034891565421456,7.034891565421456,6.8714703814245155,6.9492902755737305,211427600.0
2012-04-10,6.98041994008186,7.073803392593352,6.614667527802566,6.6457953453063965,377220000.0
2012-04-11,6.8325593594421035,6.933724909062372,6.785868024014531,6.894814968109131,252563700.0
2012-04-12,6.949287264541484,7.143836173473595,6.933722995597223,7.136054039001465,223979900.0
2012-04-13,7.066021275244962,7.066021275244962,6.7547430992126465,6.7547430992126465,282354600.0
2012-04-16,6.902598139668794,6.9492902242425325,6.708049147878313,6.8403425216674805,217284500.0
2012-04-17,6.980419200117712,7.003764875234383,6.9025992935346325,6.941509246826172,193424400.0
2012-04-18,6.910381432622067,7.003764875234383,6.879253618417962,6.941509246826172,160064100.0
2012-04-19,7.128275485942741,7.136057624324801,6.7469596109685765,6.824779510498047,348804500.0
2012-04-20,6.8325611082698465,6.8325611082698465,6.482373034349103,6.50571870803833,277965300.0
2012-04-23,6.241130857811151,6.459025480489598,6.186656645532512,6.365642070770264,256073900.0
2012-04-24,6.4201182184434575,6.435682497627186,6.303389093148211,6.38899040222168,192443800.0
2012-04-25,6.459026692902305,6.497936639792089,6.357861127847071,6.42789888381958,164902400.0
2012-04-26,6.373424035209219,6.536845202375888,6.357860503269526,6.435680389404297,131586300.0
2012-04-27,6.490156105182409,6.490156105182409,6.373426235678464,6.42011833190918,120948200.0
2012-04-30,6.396771663798097,6.412335198699909,6.256696138953906,6.311169624328613,137422300.0
2012-05-01,6.311169939928677,6.536846773382102,6.2878242653357335,6.4668097496032715,177953400.0
2012-05-02,6.388989966434777,6.404553502411252,6.318952199176567,6.3500800132751465,136208900.0
2012-05-03,6.365642843506521,6.365642843506521,6.155529589522985,6.22556734085083,204584500.0
2012-05-04,6.147748848299456,6.163312754403595,5.9921094161852775,6.023237228393555,194857200.0
2012-05-07,5.9998913593366465,6.225568176031984,5.960981409807335,6.1944403648376465,167662600.0
2012-05-08,6.1244037279903205,6.1477497762066475,5.984328551910903,6.062148094177246,180627900.0
2012-05-09,5.968764002463324,6.085493488863512,5.953200095681487,6.015455722808838,174742300.0
2012-05-10,6.155530495131927,6.178876539366817,5.968763625543949,5.992109298706055,156787300.0
2012-05-11,5.820905712371024,6.0465825078567494,5.766431862364119,5.87537956237793,245533600.0
2012-05-14,5.735305251836655,5.852034742758699,5.719741344451904,5.719741344451904,170716800.0
2012-05-15,5.735303475267555,5.8753789694133145,5.64192005988552,5.680830001831055,201254900.0
2012-05-16,5.758649091960188,5.813122561398294,5.509626298147184,5.53297233581543,216226100.0
2012-05-17,5.525191424065862,5.64192089613141,5.392898047129759,5.431807994842529,241468300.0
2012-05-18,5.455154157460273,5.470718062672556,5.361770355113806,5.462935924530029,223783500.0
2012-05-21,5.4707176705544205,5.5329732869413295,5.2294766004460325,5.315078258514404,229980800.0
2012-05-22,5.385116280230863,5.564101371778632,5.338424565619197,5.431807994842529,221551500.0
2012-05-23,5.369551827339258,5.579664707183838,5.33064188359767,5.579664707183838,194441500.0
2012-05-24,5.64970303710102,5.704176518640488,5.455154040579459,5.556319236755371,206041500.0
2012-05-25,5.501847015908218,5.6419221919143485,5.501847015908218,5.564102649688721,108661200.0
2012-05-29,5.66526745901765,5.797560477024846,5.618575369047114,5.789778709411621,159872200.0
2012-05-30,5.711854041752103,5.774193454073577,5.5326280455417605,5.6105523109436035,206801500.0
2012-05-31,5.618346357790921,5.74302521426787,5.485874886998011,5.727440357208252,203267300.0
2012-06-01,5.548213504254589,5.602760681776249,5.407949811220353,5.47028923034668,240859000.0
2012-06-04,5.532627106965028,5.532627106965028,5.337816290722793,5.376778602600098,163821500.0
2012-06-05,5.38457037673692,5.56379632705526,5.376778137978094,5.532626628875732,147346700.0
2012-06-06,5.641723143620052,6.054722390074096,5.59496857504319,5.953420639038086,356852900.0
2012-06-07,6.0858920701699635,6.156024108449312,5.750817478027377,5.781987190246582,276170400.0
2012-06-08,5.727438299685982,5.906664277272691,5.610551727942968,5.891079425811768,234555000.0
2012-06-11,6.015758861355309,6.054721179834237,5.672892093658447,5.672892093658447,204590700.0
2012-06-12,5.70406106757232,5.844324727260597,5.626136440617785,5.836532115936279,148255600.0
2012-06-13,5.7664017466777295,5.930042904943548,5.727439424586919,5.844326019287109,162374500.0
2012-06-14,5.85991065349101,5.992382097732481,5.80536347892916,5.9690046310424805,157528300.0
2012-06-15,6.015758973628544,6.156023025512695,5.883287905786709,6.156023025512695,211751900.0
2012-06-18,6.054720168375305,6.1638141216907485,6.023550467428036,6.0469279289245605,140319900.0
2012-06-19,6.1404379044939965,6.397588159643269,6.124853051805319,6.3196635246276855,248771500.0
2012-06-20,6.358624467218103,6.405379386746575,6.249530893558727,6.3430399894714355,213582800.0
2012-06-21,6.319662922634174,6.366417847818659,6.078097914756586,6.093682765960693,227157600.0
2012-06-22,6.210569533194763,6.241739610030827,6.070305859507355,6.187192440032959,142219300.0
2012-06-25,6.0313437664878276,6.0313437664878276,5.891080087583068,5.922249794006348,151907200.0
2012-06-26,5.961211726938187,5.984588819456287,5.8287402974283316,5.9378342628479,129776500.0
2012-06-27,5.984587443515263,6.093681755424698,5.930040659132646,6.0547194480896,111335500.0
2012-06-28,5.937836223340989,6.039137981892016,5.8677045510591554,6.031345367431641,133125300.0
2012-06-29,6.233946327491282,6.389794837049701,6.194984014315598,6.374210357666016,258769800.0
2012-07-02,6.389795856293257,6.397588468800265,6.132645588717457,6.272909641265869,152974000.0
2012-07-03,6.280702590942383,6.32745678220549,6.241740269460147,6.280702590942383,57653700.0
2012-07-05,6.257323517817743,6.280701351982148,6.093682765960693,6.093682765960693,120162000.0
2012-07-06,5.992382097732481,6.078098980166179,5.961212389860632,5.9690046310424805,116595200.0
2012-07-09,5.945626591711085,6.000173386038235,5.867702334406466,5.891079425811768,87078300.0
2012-07-10,5.961212520758718,5.976797375036859,5.766401656495833,5.828741073608398,101758300.0
2012-07-11,5.836531465071187,5.992380330028498,5.805361766394148,5.9456257820129395,128619400.0
2012-07-12,5.86770339508987,5.883288249368011,5.789778752126927,5.828741073608398,107637000.0
2012-07-13,5.891079328735132,6.101475005776666,5.883287088919159,6.093682765960693,177154500.0
2012-07-16,6.179398918311057,6.202776379603848,6.0547201156085535,6.08588981628418,109439900.0
2012-07-17,6.171606540679932,6.179398779888215,6.039135129989902,6.171606540679932,127266800.0
2012-07-18,6.140437078441514,6.179399019135689,5.844324545619478,5.867702007293701,254341100.0
2012-07-19,5.8910809333924865,5.961212968700148,5.548213741937187,5.657308101654053,260959200.0
2012-07-20,5.618343147438109,5.618343147438109,5.501456600494447,5.509249210357666,160463000.0
2012-07-23,5.407948540527271,5.571589663069631,5.37677883828798,5.524835109710693,168638000.0
2012-07-24,5.579381366404037,5.59496621602525,5.43132510921645,5.485872268676758,138286700.0
2012-07-25,5.540418906666364,5.579380841266191,5.462494665894619,5.509249210357666,117241300.0
2012-07-26,5.626134916426733,5.641719763281077,5.540418444513874,5.587172985076904,121121500.0
2012-07-27,5.610552629580316,5.766401540807242,5.563798067683907,5.696269512176514,146210900.0
2012-07-30,5.672892093658447,5.750816359044097,5.657307240581317,5.672892093658447,74683800.0
2012-07-31,5.672891896252998,5.719646453857422,5.6183447265950734,5.719646453857422,86093200.0
2012-08-01,5.727439474520975,5.735232087635973,5.6183454919167195,5.626137733459473,97187800.0
2012-08-02,5.548211861092687,5.657306183826565,5.532627010926725,5.594966411590576,112848000.0
2012-08-03,5.688477343137192,5.836533271901104,5.665099876106335,5.789778709411621,130250800.0
2012-08-06,5.8053643194252125,5.984590351422661,5.797572077115209,5.953420639038086,112657000.0
2012-08-07,6.007967290347933,6.117061274049221,5.969004967525635,5.976797580718994,119572200.0
2012-08-08,5.906665548267756,6.054721854791342,5.898873306646645,5.976797580718994,73353500.0
2012-08-09,5.984591656246718,6.046931466180136,5.976799412237768,6.015761375427246,59676500.0
2012-08-10,5.969005938037873,6.046930596352391,5.945628837801365,6.031345367431641,50443800.0
2012-08-13,6.015761375427246,6.101478288959878,5.984591656246718,6.015761375427246,58341300.0
2012-08-14,6.0625128746032715,6.156021978913537,6.0313428015943655,6.0625128746032715,104644000.0
2012-08-15,6.03913507736577,6.132644176483154,6.023550227512872,6.132644176483154,73559200.0
2012-08-16,6.148228837931489,6.202775996531168,6.10147428980553,6.179398536682129,78181200.0
2012-08-17,6.210570761386322,6.327457365027215,6.187193663601505,6.233948230743408,138307600.0
2012-08-20,6.218362350038119,6.382003122275246,6.218362350038119,6.350833415985107,100276900.0
2012-08-21,6.428757759375266,6.545643966833426,6.358625737642616,6.382002830505371,190820700.0
2012-08-22,6.343039426767081,6.48330268662098,6.327454207258777,6.405378818511963,140333800.0
2012-08-23,6.405380959351164,6.444343277999942,6.327456322053607,6.350833415985107,98866200.0
2012-08-24,6.3274585557168574,6.397590605413169,6.257326506020546,6.358628273010254,88822200.0
2012-08-27,6.389794389499687,6.389794389499687,6.27290820130382,6.288492679595947,96142100.0
2012-08-28,6.2651148706566016,6.319661653127426,6.194982868540298,6.202775478363037,96280400.0
2012-08-29,6.2183633750294405,6.311872880885517,6.2183633750294405,6.233948230743408,106910900.0
2012-08-30,6.194984247764,6.194984247764,6.101475138505203,6.163814544677734,91900100.0
2012-08-31,6.2339459845535785,6.249531206224213,6.140436883962588,6.226153373718262,91730500.0
2012-09-04,6.233948230743408,6.319664751384096,6.194985905672354,6.233948230743408,81461800.0
2012-09-05,6.233947960611521,6.257355060071867,6.187134877802761,6.202739238739014,55769500.0
2012-09-06,6.272958178745621,6.51482629776001,6.265155813341233,6.51482629776001,200570300.0
2012-09-07,6.60845317794718,6.865925312042236,6.5928484454204,6.865925312042236,232843000.0
2012-09-10,6.897133863095082,6.959551303515207,6.655265723411159,6.694276809692383,190045600.0
2012-09-11,6.733284944000373,7.06097673457832,6.694273874822188,7.045372009277344,201630400.0
2012-09-12,7.1389987717670325,7.170207481105248,6.920537806399527,6.998559951782227,204167100.0
2012-09-13,6.9361444554144,7.396472859711601,6.8737270194393725,7.334055423736572,330759200.0
2012-09-14,7.490098552046299,7.638339752605552,7.373065320376395,7.451087474822998,329619800.0
2012-09-17,7.32625080917943,7.404272200235562,7.232624693467535,7.256031036376953,141409300.0
2012-09-18,7.1467990687440865,7.248227530785542,7.092184029211806,7.201414108276367,150503600.0
2012-09-19,7.279441085782483,7.380869615466944,7.224826009827235,7.248232364654541,126360100.0
2012-09-20,7.131197645978319,7.2170214165789695,7.0843842066942715,7.170207977294922,111354300.0
2012-09-21,7.295044949165468,7.295044949165468,7.084385548596371,7.107791900634766,155865300.0
2012-09-24,7.014165835887361,7.1780117903486405,6.982957118088762,7.099990367889404,113331700.0
2012-09-25,7.15460516682019,7.185813883435811,6.951748136781406,6.967352867126465,146678000.0
2012-09-26,6.912737573325837,6.951748658039127,6.787902697502955,6.881528854370117,158640100.0
2012-09-27,6.9751528617228225,7.076581353090602,6.943944152384607,6.998559951782227,119023800.0
2012-09-28,6.936142871771369,6.967351582633388,6.858120722579144,6.889329433441162,119039200.0
2012-10-01,6.92053957275911,7.123396607270758,6.90493558614449,6.990759372711182,133194500.0
2012-10-02,7.099990098761478,7.10779171985951,6.928341785338314,6.967352867126465,109601600.0
2012-10-03,7.006363383035702,7.115594266005735,6.9517483135879425,7.107791900634766,115670100.0
2012-10-04,7.178013350592184,7.349661707831961,7.139002258845686,7.341859340667725,160486300.0
2012-10-05,7.4588890102661045,7.52910804857616,7.201416226831927,7.271636009216309,204255800.0
2012-10-08,7.146800421706137,7.318448677969063,7.123394078057545,7.240426540374756,81944200.0
2012-10-09,7.2794400539209,7.318451135819652,7.053176671797536,7.185813903808594,153036100.0
2012-10-10,7.170209173419294,7.232627350901996,7.068781402186836,7.185813903808594,110640900.0
2012-10-11,7.326254932600323,7.349661288683491,7.256035120276175,7.287243843078613,122925800.0
2012-10-12,7.146802147137628,7.240428288410132,7.060978370323108,7.115593433380127,158562500.0
2012-10-15,7.209219419793904,7.365262985229492,7.146801993619668,7.365262985229492,154458500.0
2012-10-16,7.435483982491175,7.49009979731372,7.318451475438427,7.380868911743164,172663600.0
2012-10-17,7.34965900072314,7.490098581652376,7.256032861461787,7.365262985229492,229733500.0
2012-10-18,7.318449705930992,7.4666908952932864,7.310647342260778,7.388669490814209,149739000.0
2012-10-19,7.34965900072314,7.451087504274875,7.326252651926405,7.365262985229492,169451300.0
2012-10-22,7.388670048895479,7.4588898390825396,7.341856607412636,7.451087474822998,132617600.0
2012-10-23,7.365264827190555,7.388671925915527,7.240429943622434,7.302847385406494,160627600.0
2012-10-24,7.373065556986536,7.404274270951819,7.256033065635335,7.263835430145264,120868300.0
2012-10-25,7.31064795977617,7.349659037348071,7.154604393562983,7.209219455718994,121778900.0
2012-10-26,7.154604511595611,7.232626668026578,7.060978370323108,7.115593433380127,124687200.0
2012-10-31,7.178009880728575,7.295043099393988,7.138998807840103,7.271636009216309,94925500.0
2012-11-01,7.287240480234014,7.607129927358215,7.232625426551628,7.599327564239502,205700000.0
2012-11-02,7.700757947183826,7.778780109418207,7.622736529023929,7.685153961181641,220993300.0
2012-11-05,7.6695489107209704,7.747571069696091,7.505702972132778,7.607131481170654,121104400.0
2012-11-06,7.669547803365615,7.778778661344771,7.6071303828273376,7.755371570587158,132533500.0
2012-11-07,7.513501855497947,7.544710555812695,7.193612491253261,7.201414108276367,286124300.0
2012-11-08,7.404274351036768,7.490098873425402,7.318450572722575,7.3262529373168945,223927000.0
2012-11-09,7.256031536935815,7.482294851533605,7.232625192411707,7.357460021972656,141093100.0
2012-11-12,7.412076715631088,7.427681444819727,7.318450572722575,7.3262529373168945,68498300.0
2012-11-13,7.263834988476502,7.451087260882548,7.240427896369955,7.2794389724731445,119629700.0
2012-11-14,7.318449446635468,7.3496581561362335,6.982955261446501,7.014163970947266,197392900.0
2012-11-15,7.045373486153537,7.178010702718697,7.037571865941901,7.09218692779541,144569800.0
2012-11-16,7.115593433380127,7.185813225353113,6.9595498645926215,7.115593433380127,178995000.0
2012-11-19,7.30284783582858,7.435485093819106,7.2716391130116715,7.404276371002197,146244000.0
2012-11-20,7.388671535533657,7.552517497578633,7.349660450461127,7.5135064125061035,150696200.0
2012-11-21,7.544715236456457,7.630539029547457,7.513506516780224,7.622737407684326,132499300.0
2012-11-23,7.677350360870962,7.724163055419922,7.646141649813534,7.724163055419922,59048000.0
2012-11-26,7.661746744932009,7.700757825432422,7.607131678676114,7.677351474761963,99730900.0
2012-11-27,7.716363127227311,7.763175832038157,7.536912441253662,7.536912441253662,149684000.0
2012-11-28,7.4588889900228,7.614932537078857,7.318449425635186,7.614932537078857,152946500.0
2012-11-29,7.677348489200136,7.708557192649153,7.6149310823021015,7.669546127319336,125905400.0
2012-11-30,7.630539954358261,7.700759768158972,7.6149359646662464,7.692957401275635,108739700.0
2012-12-03,7.747571473924622,7.755373094969621,7.630538229355746,7.646142959594727,99872800.0
2012-12-04,7.638339878245462,7.731966018676758,7.622735893544124,7.731966018676758,144124500.0
2012-12-05,7.786635651957383,8.247429643908827,7.771015163160296,8.169328689575195,463491000.0
2012-12-06,8.208379166742011,8.263049387880013,8.036557514103562,8.169328689575195,176607900.0
2012-12-07,8.247428410688348,8.341149094979311,8.184947209668584,8.309908866882324,192055100.0
2012-12-10,8.278672133626337,8.3021021283836,8.169330916715596,8.255241394042969,148065200.0
2012-12-11,8.309912626286295,8.364582863982386,8.200571406067983,8.208381652832031,159121300.0
2012-12-12,8.270863060528592,8.356773550044528,8.208382569094054,8.286482810974121,166819300.0
2012-12-13,8.270861053640894,8.325531284174074,8.208380577366968,8.231810569763184,106232100.0
2012-12-14,8.239622941925793,8.278673435881371,8.216192943482936,8.263052940368652,91707200.0
2012-12-17,8.317720414384564,8.591073036193848,8.309910914055763,8.591073036193848,170087700.0
2012-12-18,8.778512702099754,8.872233390808105,8.630121797851318,8.872233390808105,255238400.0
2012-12-19,8.903476198769436,8.973766921862916,8.723845012931465,8.73946475982666,193013700.0
2012-12-20,8.66917429182887,8.997197151184082,8.653553800990052,8.997197151184082,184449000.0
2012-12-21,8.747276139439064,8.864427608054447,8.684795654107981,8.817566871643066,244892300.0
2012-12-24,8.8019469017399,8.817566650267448,8.755086166505013,8.78632640838623,50657100.0
2012-12-26,8.817563839734731,9.083106183498497,8.80194409618586,9.012815475463867,146097900.0
2012-12-27,9.106537994084265,9.129967986510481,8.770704875062384,8.958147048950195,210411400.0
2012-12-28,8.840993161238655,8.973764323115276,8.80194343289621,8.872233390808105,131872200.0
2012-12-31,8.880047217304051,9.098728912523299,8.825376979705771,9.067488670349121,170837500.0
2013-01-02,9.411130210246897,9.489230427760289,9.293978766737846,9.395509719848633,236021400.0
2013-01-03,9.379891782030711,9.411132024022088,9.27836080935221,9.340841293334961,157149700.0
2013-01-04,9.348647359675528,9.457987785339355,9.317407131653608,9.457987785339355,132601900.0
2013-01-07,9.48923039612048,9.52828087715996,9.37207969782802,9.442370414733887,201403500.0
2013-01-08,9.442375640787514,9.45018589028333,9.286174375003158,9.356464385986328,168461100.0
2013-01-09,9.270552168133934,9.372083158395704,8.848808455799178,8.926909446716309,335692000.0
2013-01-10,9.067488942915656,9.223690903308066,9.012818703674002,9.200260162353516,199964900.0
2013-01-11,9.137779137999642,9.153399631049444,8.989388178157032,9.083108901977539,146136700.0
2013-01-14,9.067487510156553,9.08310800165805,8.887856326845519,8.958147048950195,110032900.0
2013-01-15,8.887856770379534,9.075298208795274,8.82537629090762,9.020627975463867,126058300.0
2013-01-16,9.044058946787255,9.208070409338365,8.958148464432346,9.200260162353516,164579300.0
2013-01-17,9.129968939951848,9.13777918651822,8.723845801239937,8.8097562789917,323622200.0
2013-01-18,8.79413729743089,8.84880753850988,8.606695832451923,8.700416564941406,179971800.0
2013-01-22,8.684794679074638,8.872236114024021,8.66136468591248,8.864426612854004,137242700.0
2013-01-23,8.887856707202415,8.934716694060224,8.770705250405769,8.919096946716309,121638200.0
2013-01-24,8.94252726255502,9.114348958489247,8.919097268281382,9.00500774383545,127870800.0
2013-01-25,9.129968543263185,9.153399281944255,8.989387835307141,9.075298309326172,100171600.0
2013-01-28,9.09091548648718,9.114345471797682,8.926904099662062,8.965953826904297,91304200.0
2013-01-29,8.91909704702099,9.044058006481881,8.903476554675343,8.973767280578613,96824100.0
2013-01-30,8.973767916646034,9.012818405452009,8.864427441780654,8.887857437133789,89130200.0
2013-01-31,8.840998649597168,8.872238898560095,8.762898399602998,8.840998649597168,97024700.0
2013-02-01,8.911287635152846,9.16120957747316,8.880047392362805,9.145589828491211,161141300.0
2013-02-04,9.044054771040374,9.129965213729415,8.950334084972564,8.965953826904297,139733000.0
2013-02-05,9.05186750658541,9.356459633959851,9.028437514824148,9.278359413146973,187785900.0
2013-02-06,9.161212278915528,9.348654535754552,9.161212278915528,9.317414283752441,173626800.0
2013-02-07,9.34865279724547,9.356462300173943,9.161210575263874,9.247121810913086,173209900.0
2013-02-08,9.262742085559907,9.29398233351963,9.153401590114008,9.18464183807373,145321100.0
2013-02-11,9.161211994158252,9.293983247246894,9.114351990024812,9.26274299621582,103510800.0
2013-02-12,9.270550550493514,9.637623952030518,9.200259819898543,9.567333221435547,232173900.0
2013-02-13,9.645433749565354,9.700103984226224,9.411131573434917,9.504852294921875,192742500.0
2013-02-14,9.442373492962913,9.582954972604435,9.426752997524426,9.473613739013672,144104800.0
2013-02-15,9.536091154129105,9.536091154129105,9.348649738305795,9.395509719848633,158242700.0
2013-02-19,9.450183487116078,9.61419496068838,9.418943241903554,9.52047348022461,170783400.0
2013-02-20,9.512661098750883,9.598571560879929,9.176828005728835,9.2158784866333,193466400.0
2013-02-21,9.161208616742467,9.161208616742467,8.86442671377351,8.919096946716309,235532400.0
2013-02-22,9.075300573549567,9.090921069900817,8.794138342663413,8.93471908569336,179268200.0
2013-02-25,9.059676188723142,9.06748568807857,8.575451477044338,8.614501953125,206893900.0
2013-02-26,8.684795725353048,8.762896705070666,8.61450499257242,8.692605972290039,173039600.0
2013-02-27,8.716055234846953,8.880214158114276,8.676970380422773,8.833312034606934,147145400.0
2013-02-28,8.85676619791795,8.888034539704666,8.755143900737107,8.778594970703125,143546700.0
2013-03-01,8.70042123505949,9.0287390737784,8.614433513679128,8.864580154418945,189050700.0
2013-03-04,8.809863174167926,8.950570325344167,8.770777564481637,8.919301986694336,116436000.0
2013-03-05,9.036557198836928,9.153813261419101,9.013105389923801,9.028739929199219,135869700.0
2013-03-06,9.2007189458305,9.396146273527874,9.192901673803544,9.317975044250488,182557500.0
2013-03-07,9.380509044270557,9.599387379898022,9.364874504692084,9.58375358581543,212403800.0
2013-03-08,9.708825842379532,9.72445963472613,9.396142540489612,9.435227394104004,209777100.0
2013-03-11,9.443045192875246,9.552484727425279,9.396143067707975,9.497764587402344,106427800.0
2013-03-12,9.466496147441918,9.521216286840472,9.310154489508541,9.388325691223145,128134700.0
2013-03-13,9.411778445403648,9.466497849142751,9.364875566844445,9.427412986755371,86216800.0
2013-03-14,9.474311828201643,9.529031212929839,9.45867803777746,9.4664945602417,115440000.0
2013-03-15,9.786999274427597,9.896438082319966,9.654108654418891,9.82608413696289,319019100.0
2013-03-18,9.607202248975764,9.912068985110949,9.583751190964039,9.81826400756836,189783300.0
2013-03-19,9.9980587439801,10.115314803566749,9.841717082699285,9.935522079467773,242939600.0
2013-03-20,9.998059274247137,10.076230481781433,9.935522606418054,9.990242004394531,219121700.0
2013-03-21,9.935523690351225,10.037145973034114,9.810450341047966,9.82608413696289,154529400.0
2013-03-22,9.865166123591807,9.904251717275143,9.755726610377607,9.81826400756836,101974400.0
2013-03-25,9.912072540610138,9.943340877673743,9.630656761541736,9.693193435668945,154320200.0
2013-03-26,9.73227583664327,9.771361431468288,9.497763013188889,9.599385261535645,135654700.0
2013-03-27,9.48994953571023,9.59938834174162,9.4743149945652,9.560302734375,107177200.0
2013-03-28,9.568116600925402,9.599384926595262,9.466494356124436,9.521214485168457,92013900.0
2013-04-01,9.497764587402344,9.59938685259255,9.458679731594897,9.497764587402344,86281600.0
2013-04-02,9.56811852064909,9.575935790008915,9.489948063538357,9.497764587402344,102626000.0
2013-04-03,9.474313524672903,9.489948063392312,9.161630205243105,9.23198413848877,199765800.0
2013-04-04,9.231987075299443,9.372694241055644,9.161633119673304,9.333608627319336,117831400.0
2013-04-05,9.122546566000894,9.388327817427882,9.099095498373806,9.357059478759766,141061900.0
2013-04-08,9.38050925583489,9.544668197631836,9.310155317136784,9.544668197631836,101419200.0
2013-04-09,9.575937271118164,9.65410848581547,9.544668934338434,9.575937271118164,132365800.0
2013-04-10,9.622837811847477,9.693190993392575,9.583752213991907,9.630654335021973,105853900.0
2013-04-11,9.622839187843457,9.63847298192374,9.505582377509878,9.591570854187012,100241900.0
2013-04-12,9.497765537536132,9.575936747962766,9.435228867393192,9.513400077819824,88191700.0
2013-04-15,9.529037665317093,9.630659981120658,9.357062126722944,9.36487865447998,176504300.0
2013-04-16,9.544665876078051,9.661921915057384,9.443043627731296,9.599385261535645,147641900.0
2013-04-17,9.31015503049277,9.396143506474521,8.95056882360365,9.14599609375,335408600.0
2013-04-18,9.075644428404242,9.106912769632748,8.778594813985416,8.942753791809082,220290500.0
2013-04-19,9.03655278386846,9.13817425752624,8.93493056471518,9.114723205566406,119792000.0
2013-04-22,9.130360396259904,9.185079781934073,9.044371938205389,9.161628723144531,88532300.0
2013-04-23,9.317971342269233,9.505581323403186,9.302336804426838,9.435227394104004,176816000.0
2013-04-24,9.489947432034182,9.669740142370898,9.474312894354926,9.622838020324707,120624900.0
2013-04-25,9.685376694146607,9.802632769141546,9.661924882750863,9.724461555480957,118694600.0
2013-04-26,9.646288455719644,9.74009343922392,9.607202859552261,9.70882511138916,83093200.0
2013-04-29,9.732275421023619,9.75572647871886,9.669738770172525,9.677556037902832,65432400.0
2013-04-30,9.685374680050156,9.693191203393996,9.536849554080373,9.622838020324707,89362100.0
2013-05-01,9.536850398906115,9.591570540135129,9.443045401008188,9.489948272705078,88417800.0
2013-05-02,9.51340081855792,9.544669156064026,9.419595806039608,9.529034614562988,76530500.0
2013-05-03,9.661923087059208,9.701008686625348,9.544667033856586,9.56811809539795,94322600.0
2013-05-06,9.685375520337704,10.07623005027956,9.661923711784178,10.068412780761719,265062800.0
2013-05-07,10.099682812845762,10.24820723119821,9.97460946149718,10.0840482711792,218248100.0
2013-05-08,10.044962967929694,10.302926930158606,10.037145697438891,10.17785358428955,149755400.0
2013-05-09,10.201299310604414,10.209116577003428,10.060591497404383,10.091859817504883,112952300.0
2013-05-10,10.115316165859078,10.19348737977521,10.076231304396957,10.17785358428955,87625100.0
2013-05-13,10.146583557128906,10.240389303288238,10.12313249333701,10.146583557128906,94295600.0
2013-05-14,10.193490346648447,10.443637111193192,10.177856546612484,10.428003311157227,154128100.0
2013-05-15,10.38891891786579,10.592163560772722,10.38891891786579,10.50617504119873,139728300.0
2013-05-16,10.482719640017814,10.592159189999755,10.412365696850562,10.443634033203125,117977000.0
2013-05-17,10.553073359211542,10.568707899803973,10.467085622440944,10.498353958129883,107335600.0
2013-05-20,10.467088975336038,10.631247976661564,10.467088975336038,10.560894012451172,88941700.0
2013-05-21,10.576529013396994,10.599980834460585,10.44363834268833,10.50617504119873,111810300.0
2013-05-22,10.545253845590086,10.732863819812849,10.295107213293068,10.404546737670898,174531500.0
2013-05-23,10.107503249924406,10.490540694792566,10.021514734813774,10.32638168334961,190522000.0
2013-05-24,10.295111216721804,10.365465170787612,10.256025603852349,10.349830627441406,83452600.0
2013-05-28,10.54525363417086,10.560888171123855,10.404546529072675,10.43581485748291,133553000.0
2013-05-29,10.404550413749899,10.599977725653199,10.373282073665212,10.537440299987793,126397300.0
2013-05-30,10.553070321034497,10.88920539204089,10.49835093570628,10.811034202575684,153383400.0
2013-05-31,10.873573640518158,10.936110309906796,10.670329092257132,10.678146362304688,160176100.0
2013-06-03,10.701594222454673,10.732862547785972,10.326374318479091,10.592155456542969,197168200.0
2013-06-04,10.560890853647193,10.685964199057443,10.40454917188438,10.443634033203125,130055400.0
2013-06-05,10.396696019075709,10.521863045517916,10.146361966191293,10.24023723602295,185778900.0
2013-06-06,10.23241107394329,10.357578063242862,10.052483713338683,10.326286315917969,142361900.0
2013-06-07,10.427987170773477,10.474925175993661,10.28717390116721,10.46710205078125,121057300.0
2013-06-10,10.553153770295115,10.600091773648748,10.373226373890402,10.404518127441406,104648500.0
2013-06-11,10.255884034297198,10.388874203172174,10.224592273741582,10.263707160949707,106369100.0
2013-06-12,10.35758175861886,10.365404884754742,10.14636257533062,10.216769218444824,117289400.0
2013-06-13,10.169831202534217,10.373228005637952,10.146362570192824,10.334113121032715,103636400.0
2013-06-14,10.349759250290536,10.357582376893403,10.193300448505248,10.224592208862305,101380700.0
2013-06-17,10.3028213625594,10.373228005637952,10.271529604086085,10.334113121032715,115441500.0
2013-06-18,10.341935229108499,10.435810495287399,10.326288978384866,10.381050109863281,67257600.0
2013-06-19,10.396694028752192,10.48274615644397,10.302818776891836,10.318464279174805,103850000.0
2013-06-20,10.232417908604667,10.279355933970937,10.01337553102282,10.083782196044922,185741100.0
2013-06-21,10.16200613608984,10.16982926072803,9.692629848611851,9.92731761932373,196004700.0
2013-06-24,9.700451906019726,9.73956678186138,9.489232770161527,9.622222900390625,159762500.0
2013-06-25,9.864736486449859,9.98990427259668,9.723923939373098,9.911674499511719,132844500.0
2013-06-26,10.044664934990431,10.052488061719211,9.919497891547655,9.982081413269043,105282000.0
2013-06-27,10.044666930784734,10.193302637892142,9.997728907140273,10.177657127380371,124616300.0
2013-06-28,10.146364226836496,10.169832863009724,10.044665808679861,10.060311317443848,90297100.0
2013-07-01,10.13071489335267,10.248059530667433,10.107246264311424,10.115069389343262,83146300.0
2013-07-02,10.130716256131773,10.248060909231683,10.01337234908623,10.091601371765137,83708600.0
2013-07-03,10.029019219043342,10.044665473339471,9.95861256681969,10.036842346191406,37971700.0
2013-07-05,10.162008081548015,10.232414724662219,10.099424564569695,10.216769218444824,80758500.0
2013-07-08,10.255886711388653,10.459283581120003,10.232418071359533,10.388876914978027,107441200.0
2013-07-09,10.459281761275518,10.58444881439209,10.365406471438089,10.58444881439209,106067300.0
2013-07-10,10.568799612925686,10.584445116071304,10.41234085119837,10.459278106689453,104353400.0
2013-07-11,10.592274335830282,10.623566106182107,10.427992354969541,10.568805694580078,93756500.0
2013-07-12,10.592268291484071,10.795665055732421,10.537507911130374,10.78001880645752,123958400.0
2013-07-15,10.897364545415124,10.905186924793377,10.76437439727886,10.85824966430664,90765200.0
2013-07-16,10.897364751557108,10.967771389673377,10.772197726485658,10.889541625976562,146041900.0
2013-07-17,10.99906456385868,11.29633591369822,10.983418310680591,11.1946382522583,249674500.0
2013-07-18,11.265043390328424,11.617076602445358,11.265043390328424,11.546669960021973,221796400.0
2013-07-19,11.546671050076469,11.546671050076469,11.421504005531647,11.538847923278809,136196600.0
2013-07-22,11.531024512035083,11.726598200825588,11.460617864701796,11.67183780670166,112416800.0
2013-07-23,11.718771724258508,11.757886600045998,11.62489647000105,11.687479972839355,113736000.0
2013-07-24,11.734419467455556,11.734419467455556,11.484085424220547,11.507554054260254,117771100.0
2013-07-25,11.43714520761154,11.617073325952433,11.3745617088984,11.60142707824707,89243300.0
2013-07-26,11.49973140408574,11.546669412159018,11.437147890690921,11.523200035095215,73777800.0
2013-07-29,11.460615833622505,11.499730713659451,11.304157059529004,11.358918190002441,88616700.0
2013-07-30,11.40585544920335,11.444970329240297,11.31198018474725,11.358918190002441,71675200.0
2013-07-31,11.40585490997118,11.617074804552322,11.398031785122786,11.421501159667969,128182500.0
2013-08-01,11.617076800517825,11.710952076664803,11.593607421940298,11.695305824279785,108554200.0
2013-08-02,11.640547555130645,11.664016191932165,11.562317771052898,11.60925579071045,83367400.0
2013-08-05,11.554490433932786,11.609250811668558,11.499729310142822,11.577959060668945,61711900.0
2013-08-06,11.53102117289365,11.546667421572185,11.444969043324306,11.452792167663574,84249800.0
2013-08-07,11.2885121621935,11.398032936921355,11.147698884909886,11.366741180419922,128693600.0
2013-08-08,11.484085280900418,11.499730785380203,11.29633400476298,11.42932415008545,88544100.0
2013-08-09,11.390210143876073,11.429324278542294,11.265042376359562,11.304157257080078,72897900.0
2013-08-12,11.23375421686641,11.319807131207543,11.202462451484509,11.272869110107422,60867500.0
2013-08-13,11.31980154230404,11.437145418036577,11.210280044513949,11.351093292236328,75777900.0
2013-08-14,11.382386281480247,11.538845048176881,11.374563156631854,11.421501159667969,78553700.0
2013-08-15,11.311983745719687,11.319806873400626,11.194639814723677,11.202462196350098,99238900.0
2013-08-16,11.178995567912539,11.319808907251558,11.116412027329565,11.280694007873535,104959000.0
2013-08-19,11.241577396345258,11.24940052424029,11.05382680319172,11.069472312927246,98384600.0
2013-08-20,11.092936329677691,11.24939508160847,10.936476831692735,11.178988456726074,114332500.0
2013-08-21,11.155521804316226,11.32762608886525,11.108583797404659,11.21810531616211,91680600.0
2013-08-22,11.319802228197496,11.421500608153117,11.265041102957262,11.398031234741211,76348300.0
2013-08-23,11.413677483682482,11.491906490226198,11.351093980025825,11.398031234741211,67699200.0
2013-08-26,11.366745756219839,11.49973596140108,11.335453987121582,11.335453987121582,68938900.0
2013-08-27,11.155524065621382,11.272867987605295,11.030357016557351,11.038179397583008,122534200.0
2013-08-28,11.006886548841027,11.147699838165789,10.944303030486553,11.046001434326172,96473600.0
2013-08-29,11.061646801747974,11.186813828440593,11.046000550384232,11.085115432739258,76691500.0
2013-08-30,11.132053585549977,11.147699838165789,11.006886548841027,11.046001434326172,73233400.0
2013-09-03,11.186818067954926,11.249401605018775,11.092942762359153,11.147703170776367,74628700.0
2013-09-04,11.124213620814626,11.272953657012724,11.124213620814626,11.210326194763184,71132500.0
2013-09-05,11.28078062259107,11.390379038748934,11.24163827777911,11.249466896057129,71229200.0
2013-09-06,11.327750529794548,11.35123563586137,11.171181911718968,11.241637229919434,75513100.0
2013-09-09,11.280782933464545,11.343410399361694,11.249469200515971,11.33558177947998,53447300.0
2013-09-10,11.366894942094353,11.499977731773765,11.366894942094353,11.437350273132324,93180300.0
2013-09-11,11.39820978506411,11.492150982204686,11.366896052683916,11.46866512298584,81098900.0
2013-09-12,11.468665331155993,11.492151190801136,11.319925286294835,11.33558177947998,63355900.0
2013-09-13,11.319927282084526,11.390383380285337,11.312098660822565,11.343412399291992,56793400.0
2013-09-16,11.437350896503071,11.492150485734726,11.374723434448242,11.374723434448242,65276500.0
2013-09-17,11.374722667952934,11.445178744661435,11.272952862327122,11.390379905700684,73686100.0
2013-09-18,11.374723328813616,11.6017480632986,11.343409598077006,11.51563549041748,127092600.0
2013-09-19,11.586091047339393,11.609576157685384,11.413865162786333,11.437350273132324,79710700.0
2013-09-20,11.468662262920883,11.476490880708191,11.304265022277832,11.304265022277832,145174800.0
2013-09-23,11.202497675033948,11.210325547429445,11.030271790503674,11.069414138793945,127283100.0
2013-09-24,11.10072952562707,11.155528373468876,10.967645969515562,11.0302734375,96912800.0
2013-09-25,11.053756900846558,11.14769808879629,10.98330082323971,11.069414138793945,86546100.0
2013-09-26,11.10855634502452,11.13204220322368,10.944159070521573,11.022443771362305,89352900.0
2013-09-27,10.951983958129533,10.983297678480303,10.865871413809407,10.8815279006958,79156000.0
2013-09-30,10.717135079227923,10.905018224995091,10.646679739465812,10.803248405456543,104439900.0
2013-10-01,10.842386310190825,10.897185134160178,10.811072589840053,10.8815279006958,57631000.0
2013-10-02,10.811079104364705,11.03810390035257,10.79542186146561,11.006790161132812,89186300.0
2013-10-03,11.01461386155123,11.038099716998918,10.826731497438622,10.95981502532959,95269000.0
2013-10-04,10.975475379455537,11.022445610534698,10.928504401798012,10.998960494995117,63495400.0
2013-10-07,10.889359157136171,10.920672885077757,10.803246591941353,10.811075210571289,64822700.0
2013-10-08,10.82673483587286,10.88153368899178,10.709308508738495,10.71713638305664,92746200.0
2013-10-09,10.740621100628173,10.905018389035993,10.717135240442555,10.834562301635742,96012800.0
2013-10-10,10.983303861076635,11.15552979324233,10.967647365377065,11.139872550964355,102305800.0
2013-10-11,11.147699099274837,11.179012831429835,11.04592928312653,11.108556747436523,83422000.0
2013-10-14,11.00678572041065,11.265124151390825,10.998957102119581,11.233810424804688,78367500.0
2013-10-15,11.265124486858989,11.29643821437763,11.124212339736026,11.147697448730469,102099300.0
2013-10-16,11.21033112426549,11.437355961393932,11.21033112426549,11.398214340209961,153481000.0
2013-10-17,11.312093732440736,11.47649097442627,11.280780007613876,11.47649097442627,94090800.0
2013-10-18,11.492151960860832,11.52346569590766,11.374724894501478,11.453009605407715,96986400.0
2013-10-21,11.374723548560885,11.421694518862346,11.327753324837671,11.36689567565918,91280600.0
2013-10-22,11.390380787520787,11.453008250203903,11.31209608587777,11.36689567565918,102836000.0
2013-10-23,11.312093659083093,11.335578765906417,11.09289758671654,11.124211311340332,108529700.0
2013-10-24,11.053757924269776,11.116385388701358,11.014615572355472,11.092900276184082,92566100.0
2013-10-25,11.07724345423355,11.171185400999395,11.069415580818308,11.16335678100586,58592400.0
2013-10-28,11.186843531219875,11.21032864805843,11.124216055264785,11.139872550964355,62328000.0
2013-10-29,11.1633590566064,11.18684417479605,11.006790357711324,11.077245712280273,79563100.0
2013-10-30,11.108556769002844,11.186841472831453,11.077243036787053,11.092900276184082,76624200.0
2013-10-31,11.069413368593938,11.085069858873764,10.928501223184785,10.93632984161377,105713400.0
2013-11-01,10.959815213023083,11.038099906033084,10.928501485134714,10.975472450256348,75610400.0
2013-11-04,11.030269353803481,11.053754458958263,10.959813291761103,10.991127014160156,53063200.0
2013-11-05,10.951984246560105,10.975470097375194,10.881528187270849,10.905014038085938,71809700.0
2013-11-06,10.951986237657124,10.975472092741995,10.88935878392041,10.92850112915039,66712900.0
2013-11-07,10.959817071447276,10.983302184701312,10.803248405456543,10.803248405456543,80775000.0
2013-11-08,10.850217913539204,11.210326194763184,10.834561421265938,11.210326194763184,158227300.0
2013-11-11,11.171183972854816,11.288610271432688,11.147698115876683,11.272953033447266,66357400.0
2013-11-12,11.218154814188937,11.319924626989001,11.16335597136515,11.210326194763184,69498300.0
2013-11-13,11.163354672486198,11.460835456848145,11.11638370797509,11.460835456848145,128018500.0
2013-11-14,11.492148907707772,11.601746577965367,11.43734932600084,11.586090087890625,128999400.0
2013-11-15,11.578264809584006,11.703519752627178,11.562608314992785,11.680034637451172,105475300.0
2013-11-18,11.727004867803187,11.875745672600717,11.633063660520806,11.680034637451172,145554400.0
2013-11-19,11.72700597447909,11.977516630784443,11.71917809973394,11.899231910705566,161505600.0
2013-11-20,11.938373176530972,11.954030417743047,11.805289612541735,11.85226058959961,107174900.0
2013-11-21,11.914886148616024,12.212366964686238,11.899228909917376,12.204538345336914,142053600.0
2013-11-22,12.29065117791055,12.361107260385387,12.21236722249937,12.243680953979492,110331100.0
2013-11-25,12.267165865803921,12.509847094170912,12.259337246417054,12.376764297485352,153765500.0
2013-11-26,12.400248694541181,12.50201850097157,12.376763584312073,12.431562423706055,114833700.0
2013-11-27,12.42373545573821,12.478534302414312,12.337622875736008,12.39242172241211,75503600.0
2013-11-29,12.400250249784,12.462877715968501,12.361107896774113,12.38459300994873,44288400.0
2013-12-02,12.400249828136234,12.502019643870124,12.290651392750904,12.314136505126953,92987400.0
2013-12-03,12.24368427461278,12.3611106128661,12.047973213138285,12.165399551391602,106450300.0
2013-12-04,12.055727185675567,12.32206490458463,12.032226205460313,12.243730545043945,96678100.0
2013-12-05,12.228065966983527,12.25156695246876,12.032228903627908,12.087063789367676,95230500.0
2013-12-06,12.228065854886955,12.314234640091335,12.110563916774387,12.188899040222168,92203100.0
2013-12-09,12.235897990602838,12.275065547441816,12.188897520043271,12.204564094543457,50167200.0
2013-12-10,12.157565140254876,12.282900740124044,12.149731478498278,12.188899040222168,67486300.0
2013-12-11,12.18106382021118,12.18106382021118,11.89122509582638,11.946059226989746,117565000.0
2013-12-12,11.953892887744228,12.02439434041656,11.84422387835849,11.946059226989746,76113900.0
2013-12-13,11.969556346096686,12.0087238926134,11.852054453605357,11.89122200012207,61575600.0
2013-12-16,11.922557266623105,12.016558940898086,11.90688994738116,11.938223838806152,71467000.0
2013-12-17,11.938222458295076,11.985223663526897,11.859888112320462,11.89122200012207,74247300.0
2013-12-18,11.96956161302098,12.30640161540091,11.797225527809095,12.29073429107666,152929300.0
2013-12-19,12.267229919794657,12.369065252424617,12.220229456770914,12.33773136138916,97776100.0
2013-12-20,12.337733939055077,12.431735631800793,12.220232009887695,12.220232009887695,131956000.0
2013-12-23,12.314235277563034,12.36906941857962,12.29073429107666,12.29073429107666,52565800.0
2013-12-24,12.31423127644801,12.337731508239594,12.275063725422772,12.298563957214355,21770400.0
2013-12-26,12.329898955476425,12.33773261579648,12.25156459345278,12.259397506713867,48803600.0
2013-12-27,12.275064468383789,12.29856470159775,12.204563021682965,12.275064468383789,40049300.0
2013-12-30,12.2515672043285,12.290734020157501,12.15756550163247,12.173232078552246,56218800.0
2013-12-31,12.22023064088213,12.235897214388467,12.149729192456205,12.19672966003418,57188900.0
2014-01-02,12.290731739522156,12.658905567058596,12.282898826045285,12.611905097961426,148709900.0
2014-01-03,12.745074741117616,12.92524445677525,12.713740097985148,12.854743003845215,129921800.0
2014-01-06,13.027079994356306,13.105415113695676,12.972245859054185,13.050580978393555,114431300.0
2014-01-07,13.13674868809771,13.15241600951192,12.886077521942338,12.925244331359863,110605100.0
2014-01-08,13.058411712882645,13.074079032062539,12.94090980726903,12.987910270690918,101036400.0
2014-01-09,13.058416449272753,13.262087190130964,13.011415968803423,13.183752059936523,100947200.0
2014-01-10,13.121081945472806,13.152416589683446,13.011413678971712,13.136749267578125,87454100.0
2014-01-13,13.152410896497317,13.160243060041655,12.846904224158267,12.870405197143555,90025400.0
2014-01-14,12.956579545721166,13.136749267578125,12.948745884668504,13.136749267578125,97786600.0
2014-01-15,13.497088378389847,13.645924946483225,13.403087436312582,13.434420585632324,329333100.0
2014-01-16,13.387423697440813,13.426590518102133,13.30908856199974,13.379590034484863,163613100.0
2014-01-17,13.473584559502742,13.489250382068581,13.309080722562213,13.324748039245605,96232200.0
2014-01-21,13.37958215351993,13.442249926135952,13.215079810696956,13.324748039245605,118269200.0
2014-01-22,13.379586453734248,13.434420585632324,13.316918660976725,13.434420585632324,68114400.0
2014-01-23,13.371755889910402,13.387423215258005,13.113250998148489,13.207253456115723,123765900.0
2014-01-24,13.058411039576033,13.097577841388487,12.886075019836426,12.886075019836426,112899300.0
2014-01-27,12.823407289769577,12.956576508208741,12.580568336421988,12.776405334472656,134872600.0
2014-01-28,12.886074110604817,13.128911551766592,12.823406335656049,13.1054105758667,92891300.0
2014-01-29,12.964413731983681,13.199419117813534,12.917413252465032,13.06624984741211,130026900.0
2014-01-30,13.168077787108075,13.309080648236067,13.136744648033826,13.262080192565918,91028200.0
2014-01-31,13.097579418172245,13.301250099175377,13.011412144987844,13.12108039855957,139432100.0
2014-02-03,13.136749368662757,13.22291665266891,12.768574766945074,12.807743072509766,159981200.0
2014-02-04,12.917411339854734,12.972245473527218,12.737241616611405,12.807743072509766,125337000.0
2014-02-05,12.776408069092698,12.886077827474475,12.651072483043274,12.846909523010254,110576200.0
2014-02-06,12.886076158820746,13.105412658945724,12.878242498942303,13.074079513549805,110029100.0
2014-02-07,13.175912857055664,13.22291331776138,13.027076321683579,13.175912857055664,122571100.0
2014-02-10,13.089741530084252,13.105408845281959,13.00357428473169,13.097575187683105,95792500.0
2014-02-11,13.105412784671568,13.25424933555412,13.034911339207088,13.222914695739746,92617500.0
2014-02-12,13.215082825990976,13.246415972389514,13.042745291386382,13.12108039855957,96948900.0
2014-02-13,13.042745291386382,13.175914525345434,13.027077971128165,13.12108039855957,95756900.0
2014-02-14,13.11324709531036,13.128914415994966,13.042745646347568,13.081913948059082,100684300.0
2014-02-18,13.08191317043357,13.113246315822316,12.901741981506348,12.901741981506348,121778600.0
2014-02-19,12.831236488884107,12.886072090721745,12.6745678231287,12.690235137939453,137734500.0
2014-02-20,12.705908818119253,12.815578595515522,12.67457566323339,12.768576622009277,107425900.0
2014-02-21,12.760740280151367,12.917408991574785,12.729405641395998,12.760740280151367,106236900.0
2014-02-24,12.768569811726769,13.027074551661046,12.768569811726769,12.94874095916748,102909600.0
2014-02-25,12.925246146023527,12.972246622746876,12.784243221735265,12.799910545349121,81457000.0
2014-02-26,12.815577094841053,12.846910246057876,12.635405872401355,12.792076110839844,89831600.0
2014-02-27,12.745074794922845,12.917410850524902,12.698072830025716,12.917410850524902,71314500.0
2014-02-28,12.91740632687605,13.042741867806761,12.807738102091054,12.94874095916748,126252100.0
2014-03-03,12.768576622009277,12.854745412652424,12.682409325484432,12.768576622009277,87526800.0
2014-03-04,12.909573592387098,13.113244234499996,12.870406793338223,13.1054105758667,100849900.0
2014-03-05,13.160283755427109,13.5678673231888,13.152445408641643,13.520838737487793,207180000.0
2014-03-06,13.65408241900267,13.818683153488703,13.56786213236072,13.599215507507324,138078900.0
2014-03-07,13.74814606703731,13.787336305262457,13.52083849929853,13.58354377746582,109547100.0
2014-03-10,13.536516799832107,13.693279266357422,13.520840104675996,13.693279266357422,81732700.0
2014-03-11,13.724628170222246,13.732466515238023,13.520835684846375,13.53651237487793,90183400.0
2014-03-12,13.465969617647946,13.58354181030844,13.379749312024867,13.544351577758789,83309200.0
2014-03-13,13.591378849240021,13.693274341080512,13.379748025788926,13.450291633605957,100875700.0
2014-03-14,13.387591544595415,13.497325423604662,13.136770395424573,13.168122291564941,131297200.0
2014-03-17,13.309206247735396,13.45813182860262,13.30136790189906,13.411103248596191,79942200.0
2014-03-18,13.434617510966815,13.497322786005885,13.37975058218409,13.473809242248535,67402400.0
2014-03-19,13.450294352489491,13.708953801767684,13.418942462128465,13.669763565063477,105006500.0
2014-03-20,13.66975661964144,14.108693326759793,13.661918277280817,14.045988082885742,167048700.0
2014-03-21,14.132214469843968,14.132214469843968,13.763819694519043,13.763819694519043,155721000.0
2014-03-24,13.810849982431328,13.834363525041535,13.5600273995001,13.614895820617676,118500000.0
2014-03-25,13.708952064398794,13.779495677535564,13.481646029300375,13.489482879638672,98348600.0
2014-03-26,13.62273536381641,13.638412058662562,13.465972900390625,13.465972900390625,97573700.0
2014-03-27,13.544347725436674,13.708948449342847,13.191629752764712,13.332716941833496,175139500.0
2014-03-28,13.395429196109447,13.442457785381512,13.207313344009293,13.309208869934082,79909500.0
2014-03-31,13.442451956847709,13.536510589620706,13.418938419912898,13.481643676757812,62115800.0
2014-04-01,13.544349640639258,13.638406783310936,13.52867295185687,13.591378211975098,57423800.0
2014-04-02,13.599220906847709,13.622734452532105,13.426780265099175,13.505162239074707,65349000.0
2014-04-03,13.489483872296105,13.512998910075945,13.348398130651928,13.442455291748047,56534500.0
2014-04-04,13.489480459018859,13.497318802962116,13.089735382991426,13.1054105758667,110409600.0
2014-04-07,13.081901029898063,13.089739376232538,12.689992683244535,12.838916778564453,129464900.0
2014-04-08,12.831076498114415,12.932971983207443,12.737017862249754,12.885943412780762,75769700.0
2014-04-09,12.972164433089635,13.034869702744613,12.815402006457965,13.027032852172852,83096400.0
2014-04-10,13.027032505201092,13.027032505201092,12.61944751579388,12.635124206542969,98390900.0
2014-04-11,12.4313292943655,12.642959358508476,12.2432135156816,12.360786437988281,133757100.0
2014-04-14,12.580254490205562,12.713503357793911,12.368624419480682,12.541064262390137,99249400.0
2014-04-15,12.61160874712446,12.862429810645281,12.509712503192693,12.846753120422363,134956600.0
2014-04-16,12.697829921628967,12.713505117918478,12.368626131858386,12.642961502075195,172948900.0
2014-04-17,12.650799654957181,12.737019960787746,12.486198883838696,12.658638000488281,104765500.0
2014-04-21,12.658638994465479,12.674315686758641,12.564581830729834,12.611610412597656,51280500.0
2014-04-22,12.61160862501713,12.807562765871952,12.572418394850747,12.768372535705566,77888900.0
2014-04-23,12.776209161398036,12.85459111536598,12.721342242123901,12.831077575683594,52425600.0
2014-04-24,12.878105479788047,12.932972396206502,12.705664891031365,12.807561874389648,73910900.0
2014-04-25,12.61944593977485,12.721341426895359,12.486197075071829,12.501873016357422,84617700.0
2014-04-28,12.015904108623932,12.078609354333862,11.64751022944898,11.718053817749023,344935200.0
2014-04-29,11.788598015017339,11.992390447854742,11.686701798598639,11.945361137390137,155495000.0
2014-04-30,11.96104035334047,11.968878697993434,11.85914411536901,11.866982460021973,82359700.0
2014-05-01,11.86698410252141,11.929689373412728,11.780763794416506,11.82779312133789,68368300.0
2014-05-02,11.898335328963528,11.984554879352501,11.835630065497783,11.953202247619629,73562900.0
2014-05-05,11.819952964782715,11.859143939962177,11.772924392571904,11.819952964782715,51669100.0
2014-05-06,11.780764157773259,11.780764157773259,11.537781412451485,11.545619010925293,96268300.0
2014-05-07,11.647511506359244,11.694540819550236,11.561291970932265,11.600482940673828,91733000.0
2014-05-08,11.639676819451688,11.78860164468285,11.600485839915352,11.70238208770752,65232700.0
2014-05-09,11.718060721318643,11.74941336264468,11.498592232036387,11.553459167480469,86751600.0
2014-05-12,11.592647235263003,11.835630704949885,11.592647235263003,11.812115669250488,70669900.0
2014-05-13,11.788599108797971,11.835628423626092,11.7102171665863,11.780760765075684,58469100.0
2014-05-14,11.749408102964397,11.772923134061754,11.608321653908241,11.6318359375,52431900.0
2014-05-15,11.616161568456015,11.62399991371951,11.279120944688879,11.404531478881836,104193000.0
2014-05-16,11.373180389404297,11.396694680881438,11.263445783334555,11.373180389404297,80476100.0
2014-05-19,11.310474650241341,11.522104759873773,11.271283667715092,11.498590469360352,51034700.0
2014-05-20,11.482912882700091,11.514265516777206,11.349664000995917,11.38885498046875,60108200.0
2014-05-21,11.435881220366928,11.529939097224995,11.365337625846989,11.451557159423828,64808600.0
2014-05-22,11.428043426451634,11.53777799514729,11.404529142983133,11.529939651489258,51929400.0
2014-05-23,11.529941463154787,11.608323417039834,11.482912141322615,11.537779808044434,51648900.0
2014-05-27,11.757245778597055,12.000229186923839,11.741569092089593,11.929685592651367,125398900.0
2014-05-28,11.968878697993434,11.976716295140708,11.78076216385075,11.866982460021973,72481700.0
2014-05-29,11.85130451791238,11.921848117320499,11.83562857776925,11.874818801879883,39423000.0
2014-05-30,11.851305770716044,11.937525319381578,11.812114794956916,11.866982460021973,45787100.0
2014-06-02,11.882662334066792,11.976720258511206,11.796442756869228,11.961044311523438,46374000.0
2014-06-03,11.914012812318449,11.976718083895983,11.843469194917272,11.92185115814209,49025400.0
2014-06-04,11.906174466494807,11.961042139754499,11.87482183070604,11.92185115814209,39757300.0
2014-06-05,11.97671873577513,12.133481923251406,11.929690153285168,12.094291687011719,60300500.0
2014-06-06,12.109965275981969,12.266728432959574,12.094289334037056,12.21969985961914,73930500.0
2014-06-09,12.227541208860623,12.447009682556432,12.227541208860623,12.415657043457031,78647900.0
2014-06-10,12.3686255843537,12.494036119187815,12.3294346053416,12.478360176086426,49852900.0
2014-06-11,12.298081064355095,12.399977303266963,12.18834722822362,12.21969985961914,73729300.0
2014-06-12,12.204023716577366,12.27456732725215,12.055098897657276,12.086451530456543,66173200.0
2014-06-13,12.117803764832374,12.188347373187742,12.015907524708586,12.102127075195312,61588100.0
2014-06-16,11.992392730538954,12.000231075025962,11.898334839211888,11.976716041564941,55425400.0
2014-06-17,11.96887880845497,12.243214146289358,11.961040463729665,12.21969985961914,58011600.0
2014-06-18,12.25105626910215,12.298084856945671,12.102130663417176,12.266732215881348,70220300.0
2014-06-19,12.274568330510284,12.282406676227199,12.149157789062821,12.188348770141602,40953900.0
2014-06-20,12.258938693439706,12.258938693439706,12.109917267868434,12.11776065826416,54765300.0
2014-06-23,12.133446221867363,12.274623494893584,12.062857211360852,12.266780853271484,58492200.0
2014-06-24,12.204037625969004,12.313842110082527,12.109918428176057,12.149134635925293,73262500.0
2014-06-25,12.117758961151603,12.149131770353813,11.98442433504552,12.133445739746094,71766400.0
2014-06-26,12.109912279413553,12.180501267923496,11.976578437545024,12.086382865905762,68519600.0
2014-06-27,12.062856831452022,12.094229640912769,12.007954601892411,12.023640632629395,58149200.0
2014-06-30,12.007951965726592,12.117756400739898,11.992265190446625,12.055010795593262,47274500.0
2014-07-01,12.062857000834278,12.274623280671166,12.062857000834278,12.235407829284668,74193500.0
2014-07-02,12.376586957898308,12.572667984201663,12.36090092458618,12.431489944458008,87685800.0
2014-07-03,12.60403536214384,12.729526573905925,12.549133143994583,12.572663307189941,70582300.0
2014-07-07,12.541291391096879,12.549134779851098,12.415800162976243,12.5020751953125,62437100.0
2014-07-08,12.407957696628566,12.415801085965864,12.172662000403873,12.219720840454102,73343400.0
2014-07-09,12.251093860241909,12.305996090572439,12.188348240439366,12.235407829284668,46415800.0
2014-07-10,12.02363690635746,12.180500905047122,11.960891306881594,12.109911918640137,61458500.0
2014-07-11,12.070697200570752,12.102070002181621,12.000108209949648,12.062853813171387,56849400.0
2014-07-14,12.25109402276952,12.290310222663065,12.172662370969231,12.211877822875977,59181700.0
2014-07-15,12.353056375300572,12.431488778465466,12.282467362049532,12.400115966796875,99946700.0
2014-07-16,12.282467576219165,12.282467576219165,12.102074092975947,12.164819717407227,123711700.0
2014-07-17,12.117758784746876,12.14128820430931,11.86677631478289,11.92167854309082,114839900.0
2014-07-18,11.97658451860777,12.15697802707253,11.960897736313296,12.149134635925293,74859200.0
2014-07-21,12.094231280382274,12.196193111948133,12.047171685818462,12.172663688659668,61802200.0
2014-07-22,12.227565925661716,12.251095348950182,12.133447484520971,12.172663688659668,58331100.0
2014-07-23,12.172663688659668,12.258938739375298,12.164820298234552,12.172663688659668,47253300.0
2014-07-24,12.204034073555208,12.266779688494886,12.196190684691064,12.251092910766602,46549800.0
2014-07-25,12.227561950683594,12.258934754198394,12.196189147168791,12.227561950683594,35627200.0
2014-07-28,12.22756379805017,12.243249828184132,12.125601984225796,12.156974792480469,39313000.0
2014-07-29,12.172659732682185,12.18050237257165,12.031481742858887,12.031481742858887,51480500.0
2014-07-30,12.102072992341753,12.29030984851622,12.00795456425452,12.219720840454102,83243100.0
2014-07-31,12.10991427169592,12.196190048729237,11.960893630981445,11.960893630981445,70677300.0
2014-08-01,11.905990242454841,12.070697643958681,11.639321044973709,11.749125480651855,115978900.0
2014-08-04,11.819719313229626,11.858935519736718,11.749130291114248,11.804033279418945,51954700.0
2014-08-05,11.772658720242543,11.921679385314746,11.686382929107275,11.764815330505371,65071500.0
2014-08-06,11.874619703965953,12.047169778072814,11.874619703965953,11.92167854309082,95977900.0
2014-08-07,12.109915929828322,12.109915929828322,11.835404028191002,11.858933448791504,80058300.0
2014-08-08,11.827560116854325,11.92167854309082,11.756971110180263,11.92167854309082,54495000.0
2014-08-11,11.968736428858639,11.976579816926774,11.882460656082461,11.937363624572754,41545100.0
2014-08-12,11.905993093632773,12.000111524461527,11.882462924935487,11.929522514343262,33674400.0
2014-08-13,11.960893630981445,11.99226643681537,11.921677436692363,11.960893630981445,34394600.0
2014-08-14,11.968736873518816,12.015795707702637,11.968736873518816,12.015795707702637,29934600.0
2014-08-15,12.031482037430411,12.086384257934048,11.874618016000982,11.937363624572754,61535500.0
2014-08-18,11.984426013484338,12.11776065826416,11.97658337107549,12.11776065826416,54968600.0
2014-08-19,12.17266364304736,12.27462472624428,12.109917267868434,12.11776065826416,44825500.0
2014-08-20,12.086387889957159,12.258938739375298,12.055015076243578,12.172663688659668,57825000.0
2014-08-21,12.305994370911613,12.721684231010947,12.251092148253216,12.674625396728516,177294400.0
2014-08-22,12.674625555742931,12.77658810993634,12.58834977849826,12.651095390319824,107641800.0
2014-08-25,12.760902615090915,12.862863683555087,12.706000386227627,12.776589393615723,89396500.0
2014-08-26,12.815806761712945,12.909924454998494,12.800119980840766,12.807963371276855,73323400.0
2014-08-27,12.839335916649405,12.855021200306163,12.658940942847076,12.706001281738281,63061800.0
2014-08-28,12.627568187878941,12.627568187878941,12.541292400611173,12.556979179382324,62170400.0
2014-08-29,12.588351668747471,12.65894067964295,12.56482299576472,12.619725227355957,50106600.0
2014-09-02,12.658940788082075,12.768746748178781,12.596195166301225,12.760903358459473,59400400.0
2014-09-03,12.800239055338631,12.808106622437224,12.619289513825949,12.66649341583252,67418900.0
2014-09-04,12.666494614773892,12.800240266939637,12.619290708299257,12.674362182617188,56378600.0
2014-09-05,12.627157837926013,12.642892974936457,12.509147311518204,12.603556632995605,80974900.0
2014-09-08,12.737303012209797,12.878916252091486,12.705832736420382,12.863181114196777,99411200.0
2014-09-09,12.784502582011267,12.792370148285762,12.666492089063514,12.69796085357666,82428900.0
2014-09-10,12.713695836467533,12.902512923078262,12.690093137921888,12.871044158935547,75656100.0
2014-09-11,12.839577799589339,13.083466423071402,12.823842662439459,13.036262512207031,106598100.0
2014-09-12,13.07559826697237,13.240812678906366,13.067730699653843,13.209343910217285,116306800.0
2014-09-15,13.217214486141675,13.319491395590344,13.075602727850931,13.170010566711426,87306900.0
2014-09-16,13.114936446918199,13.24868210896753,13.114936446918199,13.146405220031738,65017200.0
2014-09-17,13.146404782368581,13.319488280779185,13.122803578465458,13.193610191345215,82902700.0
2014-09-18,13.280148224861591,13.492568028069638,13.272282158596056,13.406027793884277,111923200.0
2014-09-19,13.492570056850843,13.508305192917776,13.280150221702744,13.335223197937012,88455000.0
2014-09-22,13.445364837458497,13.50830387500051,13.366690665384725,13.398160934448242,109276700.0
2014-09-23,13.413893699645998,13.531905700406135,13.398160066718246,13.413893699645996,91921900.0
2014-09-24,13.468970403358343,13.524041885345124,13.350958369860567,13.51617431640625,86396100.0
2014-09-25,13.500439428152662,13.516174566321354,13.256550788879395,13.256550788879395,104522500.0
2014-09-26,13.303751627842711,13.41389456839498,13.288016493310952,13.398160934448242,66785900.0
2014-09-29,13.303750190976622,13.413893119632949,13.280147491728183,13.382424354553223,68038300.0
2014-09-30,13.437496399915009,13.461099100184022,13.350954666180222,13.413893699645996,82217400.0
2014-10-01,13.429632064019831,13.44536720131802,13.217212212250152,13.23294734954834,91235900.0
2014-10-02,13.264413920170814,13.366689282878944,13.083462892941247,13.280147552490234,118018800.0
2014-10-03,13.461101314831499,13.610580606039774,13.42176347457787,13.602714538574219,110840600.0
2014-10-06,13.665653582394853,13.697122354012583,13.54764156221914,13.602714538574219,66212100.0
2014-10-07,13.516170044299937,13.531905177204223,13.280147552490234,13.280147552490234,91396300.0
2014-10-08,13.280149766261111,13.468968391418457,13.154271683212958,13.468968391418457,101266800.0
2014-10-09,13.406029275554527,13.461100749009569,13.020525960199016,13.051996231079102,121363100.0
2014-10-10,12.99692532749677,13.193610027365965,12.8710472396273,12.965455055236816,129552700.0
2014-10-13,12.965454452385227,13.11493523749929,12.902515411376953,12.902515411376953,92674100.0
2014-10-14,12.989056832825852,13.083464641700559,12.871046321439938,12.99692440032959,97451900.0
2014-10-15,12.76876970559654,12.77663727326117,12.13937929827731,12.399003028869629,216591800.0
2014-10-16,12.280994106774623,12.784507278942977,12.210188235167877,12.650761604309082,148199400.0
2014-10-17,12.784501038275465,12.910379082297867,12.713694450939784,12.753030776977539,94339200.0
2014-10-20,12.745166896750659,12.847442262329544,12.71369663005875,12.792370796203613,76510700.0
2014-10-21,12.92611839160627,13.067731612057303,12.831709077777202,13.059864044189453,78287300.0
2014-10-22,13.051996196491016,13.138537940596807,12.87891420886454,12.902515411376953,85199800.0
2014-10-23,13.044128908453752,13.162139425301234,12.996925001831785,13.059864044189453,68436600.0
2014-10-24,13.083459776801734,13.154266357421875,13.028388325338183,13.154266357421875,41951400.0
2014-10-27,13.122802839974186,13.130670407694208,12.981189622184017,13.051996231079102,51500000.0
2014-10-28,13.075600938094679,13.217212677001953,13.06773336916894,13.217212677001953,71850800.0
2014-10-29,13.19361336459861,13.390298114217842,13.146407944268395,13.366695404052734,99875700.0
2014-10-30,13.343087963587086,13.468967539256136,13.248680157566577,13.398160934448242,72579100.0
2014-10-31,13.508305304609749,13.547641644517164,13.453233828505297,13.50043773651123,82788900.0
2014-11-03,13.516171354331965,13.64991699581174,13.453232317199424,13.5869779586792,64050700.0
2014-11-04,13.547639600602956,13.610578635310398,13.390292764126825,13.539772033691406,53515400.0
2014-11-05,13.626312749434488,13.665650581048464,13.53977102046858,13.642047882080078,58608200.0
2014-11-06,13.64205028023772,13.6892541858877,13.59484637458774,13.657785415649414,57339200.0
2014-11-07,13.618447577120177,13.673519050476004,13.547640968352654,13.657785415649414,53907800.0
2014-11-10,13.657785660912635,13.689254431716028,13.610580253829847,13.665653228759766,54261100.0
2014-11-11,13.665653911758373,13.736459024751074,13.610580934075948,13.62631607055664,62236000.0
2014-11-12,13.56337669832059,13.610580606039774,13.429631042628596,13.602714538574219,48669100.0
2014-11-13,13.602714731285698,13.610580798862692,13.468969073698911,13.54764175415039,50586300.0
2014-11-14,13.508305769071942,13.571244815438973,13.453234291073942,13.484703063964844,41144600.0
2014-11-17,13.421763202088725,13.484702244631569,13.350956591654883,13.445365905761719,43393300.0
2014-11-18,13.429631585966844,13.547642110331875,13.42176401759781,13.484703063964844,39490700.0
2014-11-19,13.492565238161806,13.492565238161806,13.382422326199675,13.421758651733398,49441600.0
2014-11-20,13.343087227789082,13.382425061949215,13.24081186014262,13.374557495117188,49652100.0
2014-11-21,13.492569594124289,13.524039865178885,13.421762984836564,13.468968391418457,63000000.0
2014-11-24,13.5004391785285,13.594848505209654,13.437500127602846,13.51617431640625,52785700.0
2014-11-25,13.555511984922267,13.579114694044934,13.43750144047991,13.45323657989502,44786300.0
2014-11-26,13.46896719169665,13.492568392300251,13.406028155778744,13.461099624633789,27310300.0
2014-11-28,13.429628993850766,13.492568028069638,13.3981602270338,13.406027793884277,27834900.0
2014-12-01,13.311619284188087,13.327354418825143,13.162138506306118,13.209343910217285,61173100.0
2014-12-02,13.272283084879057,13.492568969726562,13.264415517479495,13.492568969726562,62945200.0
2014-12-03,13.492570610340243,13.650377547231928,13.461008319978204,13.642488479614258,70104200.0
2014-12-04,13.603032674565819,13.681936878432493,13.516237899815225,13.579360961914062,49412800.0
2014-12-05,13.737170606828467,13.97388173477438,13.689828682233815,13.950211524963379,131824000.0
2014-12-08,13.934432029724121,14.100131042860705,13.81607645175389,13.934432029724121,101035100.0
2014-12-09,13.555692712101498,13.879198640203994,13.547802140077934,13.8555269241333,95939400.0
2014-12-10,13.792407117852235,13.950215585734442,13.7056138149928,13.713502883911133,103611100.0
2014-12-11,13.760846118192141,13.92654365247525,13.760846118192141,13.784516334533691,80173200.0
2014-12-12,13.78451452676576,13.78451452676576,13.516241073608398,13.516241073608398,88886700.0
2014-12-15,13.65037869437011,13.658269267623721,13.224298273485877,13.29531192779541,101305300.0
2014-12-16,13.208510134429584,13.56357821800518,13.090154608228444,13.192728996276855,96112000.0
2014-12-17,13.311089714040083,13.626705039645499,13.27163685773154,13.618814468383789,92164100.0
2014-12-18,13.784512344998761,13.831855773925781,13.681937925602142,13.831855773925781,79334000.0
2014-12-19,13.800293301564652,13.965992290625758,13.800293301564652,13.90286922454834,105588200.0
2014-12-22,13.926538846503536,13.989661909919358,13.847634640990625,13.973880767822266,70969300.0
2014-12-23,14.068568164586111,14.194814309806103,14.02911680856965,14.147472381591797,94405200.0
2014-12-24,14.17903626781152,14.281612223854562,14.139584903163023,14.18692684173584,35091300.0
2014-12-26,14.218489137433112,14.242159354232973,14.163256624935977,14.18692684173584,34362500.0
2014-12-29,14.179029941136683,14.352619480069945,14.131688023687804,14.289496421813965,58370900.0
2014-12-30,14.234265691944492,14.344730681292175,14.2105939778103,14.305277824401855,41433500.0
2014-12-31,14.352623188440395,14.368402828352151,14.115910530090332,14.115910530090332,57819600.0
2015-01-02,14.194811045162535,14.22637332669495,13.95020938317597,14.123797416687012,48951100.0
2015-01-05,14.037010393566964,14.052790036376717,13.642490728834535,13.713502883911133,105605500.0
2015-01-06,13.745062230033028,13.760843374429514,13.240077649127535,13.303200721740723,144912400.0
2015-01-07,13.524130396299123,13.555692684328717,13.311090971990273,13.366323471069336,104603800.0
2015-01-08,13.539912540910466,13.68193983759397,13.492570610340243,13.642488479614258,73388500.0
2015-01-09,13.71349972703244,13.71349972703244,13.37421415764425,13.397884368896484,84144600.0
2015-01-12,13.429446290147684,13.437336862007013,13.14539172310263,13.161172866821289,92762500.0
2015-01-13,13.271637028354336,13.32686952292379,12.877117490032399,12.979693412780762,100845400.0
2015-01-14,12.624623821879332,12.798211857640096,12.443145215633201,12.6561861038208,164779800.0
2015-01-15,12.301120389083012,12.435257103911587,11.953942743943276,11.99339485168457,193241300.0
2015-01-16,11.961831055810647,12.15120023420406,11.811913977704085,12.135419845581055,149802000.0
2015-01-20,12.301121950102601,12.332683489803541,11.993396373653605,12.040739059448242,123402800.0
2015-01-21,12.056515834425706,12.285337116700953,11.95394067306284,12.159090995788574,101054200.0
2015-01-22,12.269559435610217,12.774544783191642,12.174874824029901,12.695640563964844,183042100.0
2015-01-23,12.65619195197829,12.774547554003531,12.411588668823242,12.411588668823242,103376900.0
2015-01-26,12.403698069832817,12.569396353775705,12.387916922558961,12.50627326965332,69969300.0
2015-01-27,12.269556688282428,12.458925869040614,12.214323446196614,12.332679748535156,86184200.0
2015-01-28,12.403695568215825,12.411585387774991,11.977614460079872,11.99339485168457,105359800.0
2015-01-29,12.080189698175664,12.22221623325663,11.993394910223904,12.174874305725098,76095800.0
2015-01-30,12.017066326640778,12.206436301359085,11.953943252563477,11.953943252563477,99844600.0
2015-02-02,12.048624578660704,12.22221259796058,11.930268290062262,12.198541641235352,101586700.0
2015-02-03,12.32479226767963,12.569394751844923,12.316901695048331,12.537833213806152,105159400.0
2015-02-04,12.458927154541016,12.624625392922576,12.427365621158161,12.458927154541016,83848100.0
2015-02-05,12.608843874532177,12.695638653115255,12.545720809646095,12.600954055786133,92264700.0
2015-02-06,12.861333635243387,13.216401746849145,12.798210582621508,13.011251449584961,160832300.0
2015-02-09,12.900792121887207,13.019147709157687,12.82188789538257,12.900792121887207,95532900.0
2015-02-10,13.066491103741843,13.113834547920796,12.900793564034842,12.956026077270508,100322800.0
2015-02-11,12.885007295800946,12.979692641560192,12.7903219500417,12.908679008483887,99924400.0
2015-02-12,12.94813275292162,13.20062504835158,12.91657196847927,13.15328311920166,116394100.0
2015-02-13,13.200624674404255,13.247968107185823,13.050708318847542,13.105940818786621,93632700.0
2015-02-17,13.034928926223834,13.161175087327504,12.916573338310766,13.121722221374512,93350600.0
2015-02-18,13.058593577859316,13.066484147688529,12.813991933042924,12.861333847045898,84057400.0
2015-02-19,12.790319442749023,12.924456111712443,12.687745051175687,12.790319442749023,83604300.0
2015-02-20,12.735092138354787,12.963914227518968,12.632517705090974,12.924461364746094,89763600.0
2015-02-23,12.877120237463737,12.877120237463737,12.703532145355885,12.78243637084961,87623700.0
2015-02-24,12.83766807659143,13.058598088228207,12.82188693148228,12.924461364746094,74109600.0
2015-02-25,12.916567623138285,13.019142019284232,12.87711477464193,13.011251449584961,57201000.0
2015-02-26,12.956020257402562,12.971801398373296,12.5457196219981,12.6561861038208,161100700.0
2015-02-27,12.451037794098966,12.529942011473718,12.324791648288471,12.474709510803223,130448200.0
2015-03-02,12.45892803879288,12.648298005016537,12.403695539574429,12.632516860961914,71402400.0
2015-03-03,12.648295533335434,12.742979369214964,12.593062292424083,12.6561861038208,65689800.0
2015-03-04,12.632442917505156,12.64827265392015,12.474141779158348,12.53746223449707,78441600.0
2015-03-05,12.600784948654677,12.687851156482452,12.466228768229485,12.664105415344238,69510000.0
2015-03-06,12.664102133231953,13.154836755153283,12.664102133231953,12.83823299407959,163207200.0
2015-03-09,12.909468782338454,12.925299272441887,12.759083655391727,12.79865837097168,72912700.0
2015-03-10,12.695763053785376,12.766997239047049,12.497885704040527,12.497885704040527,85633600.0
2015-03-11,12.600782558717775,12.790743922757292,12.561207085833036,12.751169204711914,85910100.0
2015-03-12,12.703679132736521,12.830320056065467,12.584953455825495,12.735340118408203,126376300.0
2015-03-13,12.727424871990282,12.782830087236835,12.61661368665773,12.735340118408203,88581900.0
2015-03-16,12.751170261966575,12.838234950821061,12.545378389774323,12.766999244689941,63406500.0
2015-03-17,12.719509625572362,12.759085857661963,12.632444179493572,12.735340118408203,67315000.0
2015-03-18,12.672017295498035,12.743252990306695,12.592866355746345,12.648271560668945,86387600.0
2015-03-19,12.63244485225206,12.640360099091518,12.355417251586914,12.355417251586914,109169200.0
2015-03-20,12.42665106023462,12.608697935462976,12.379161096150263,12.53746223449707,99867700.0
2015-03-23,12.521631229460654,12.569121946435763,12.44248104095459,12.44248104095459,73773500.0
2015-03-24,12.450397949141953,12.505803922178673,12.355417251586914,12.355417251586914,77011000.0
2015-03-25,12.371243682520483,12.387073416161392,12.189196839194986,12.197112083435059,88541500.0
2015-03-26,12.181283553707773,12.300009209685944,12.078387632935014,12.205028533935547,76741500.0
2015-03-27,12.25251822544934,12.260433470297963,12.086302612664046,12.117962837219238,73140800.0
2015-03-30,12.205031588170911,12.355417507032382,12.189201094164703,12.28418254852295,70835300.0
2015-03-31,12.268347463390588,12.284177951472627,12.173366799416012,12.181282043457031,61381700.0
2015-04-01,12.205027327675133,12.236687549796187,12.070471194950835,12.197112083435059,73153900.0
2015-04-02,12.2129461869323,12.36333209781155,12.2129461869323,12.30001163482666,50443500.0
2015-04-06,12.1812854078151,12.34750180438784,12.141709931518841,12.276266098022461,51189500.0
2015-04-07,12.292092860719286,12.387073527939538,12.228772415905787,12.236687660217285,50057800.0
2015-04-08,12.276267047710789,12.458313195981411,12.268351800871331,12.355417251586914,71732500.0
2015-04-09,12.37124699030452,12.474142928419743,12.292096036419135,12.43456745147705,44935600.0
2015-04-10,12.418735305047367,12.497886248392769,12.34750036184371,12.44248104095459,43817700.0
2015-04-13,12.489973568033879,12.55329403377797,12.458313335161835,12.505804061889648,49191200.0
2015-04-14,12.5691210005717,12.624526203840471,12.434564859913873,12.52163028717041,84385400.0
2015-04-15,12.426652758967386,12.54537919508701,12.339587309684571,12.379162788391113,124479100.0
2015-04-16,12.379160049032922,12.61661135904813,12.331669334126298,12.497885704040527,105591000.0
2015-04-17,12.434565424087102,12.466225649511337,12.268349051900046,12.315839767456055,88994300.0
2015-04-20,12.363330738004858,12.418735948312914,12.315840773409203,12.323755264282227,53649400.0
2015-04-21,12.347499632517875,12.379159857018104,12.21294348968208,12.268348693847656,64033100.0
2015-04-22,12.3079223642242,12.529543903333009,12.260431656995578,12.458308219909668,73092800.0
2015-04-23,12.442482195936144,12.505802654554493,12.410821966626969,12.418736457824707,50292200.0
2015-04-24,12.434568005676589,12.466228237673926,12.355417048263504,12.379162788391113,40766100.0
2015-04-27,12.371244973238635,12.474140894577225,12.315839767456055,12.315839767456055,73523400.0
2015-04-28,12.331668316393321,12.434564227832917,12.26834787163653,12.387073516845703,58080100.0
2015-04-29,12.347499801226851,12.695763030327125,12.323754066397763,12.648271560668945,134499400.0
2015-04-30,12.66410214288759,12.703676858212665,12.505801017069357,12.608696937561035,78313900.0
2015-05-01,12.664103013397614,12.782828677212473,12.600782558717775,12.751169204711914,78171400.0
2015-05-04,12.77491345708005,13.020281540421406,12.759084475637644,13.01236629486084,76592300.0
2015-05-05,12.996536805311885,13.146923463194659,12.925301099455774,12.941131591796875,106148700.0
2015-05-06,12.949043811405073,13.051938968214998,12.727421499465667,12.893638610839844,96426500.0
2015-05-07,12.846150648601215,12.925301603715827,12.735340217248101,12.854065895080566,73794800.0
2015-05-08,12.917383214817445,13.028193619213651,12.838232278957927,13.020279884338379,86333700.0
2015-05-11,13.020277640191553,13.13108802548872,13.004447153812452,13.051937103271484,56246000.0
2015-05-12,13.028195024578865,13.044025515394127,12.941130344452317,13.004450798034668,59627100.0
2015-05-13,13.012364746464545,13.075685193735575,12.949044299193513,13.03610897064209,47330600.0
2015-05-14,13.083602654406619,13.13109262048393,13.020282196410601,13.075687408447266,55395700.0
2015-05-15,13.075687757338548,13.075687757338548,12.901555360944123,12.941131591796875,54937800.0
2015-05-18,12.909467188465873,13.091514782821516,12.909467188465873,13.067769050598145,51059900.0
2015-05-19,13.131092927442863,13.281479584828466,13.123177681298479,13.273564338684082,89115500.0
2015-05-20,13.281478830986055,13.336884041173159,13.162751655237972,13.249817848205566,67684000.0
2015-05-21,13.2260737653578,13.257734752098253,13.107348084438977,13.241904258728027,52056600.0
2015-05-22,13.233987607496573,13.29730806457823,13.218158625485245,13.257733345031738,47032900.0
2015-05-26,13.24190253582977,13.24190253582977,13.004451204886815,13.059856414794922,100048200.0
2015-05-27,13.107346445050869,13.257733093900688,13.091517463339375,13.249817848205566,70026700.0
2015-05-28,13.23398790555744,13.241903151580765,13.12317748058852,13.194413185119629,60970000.0
2015-05-29,13.186497325921664,13.194412571576928,13.036110677829129,13.059856414794922,74266200.0
2015-06-01,13.123175819292458,13.170665779741718,13.03610963373663,13.099430084228516,62941600.0
2015-06-02,13.075682706627743,13.265644012308554,13.059852220401444,13.233983039855957,65513200.0
2015-06-03,13.233990026540194,13.5118485470235,13.233990026540194,13.440399169921875,89614900.0
2015-06-04,13.392763216246392,13.480089031902924,13.27367994308497,13.321313858032227,61025500.0
2015-06-05,13.527726831120445,13.773829405518809,13.472153914391772,13.646808624267578,119087400.0
2015-06-08,13.7103145488461,13.757946947747573,13.535659895862926,13.559476852416992,69749600.0
2015-06-09,13.53566203821546,13.773827098831651,13.495968618549545,13.742071151733398,82104900.0
2015-06-10,13.805580678830214,13.988174334950939,13.781765234184714,13.964357376098633,102643100.0
2015-06-11,13.988175023873122,14.035807429716836,13.845276292135097,13.884969711303711,77191500.0
2015-06-12,13.853215278810195,13.956419077172725,13.781765912941182,13.884969711303711,53149400.0
2015-06-15,13.75794825453971,13.892907992751855,13.694437878569687,13.869091033935547,68053400.0
2015-06-16,13.861154461375609,13.940542823714129,13.789706600898713,13.93260383605957,47291200.0
2015-06-17,13.96435941124713,13.97229839868825,13.734133318075735,13.789706230163574,88712100.0
2015-06-18,13.77382630939856,13.813519726789485,13.670621001451249,13.79764175415039,97599900.0
2015-06-19,13.718251538640775,13.805577338221594,13.591230817244638,13.630924224853516,83395400.0
2015-06-22,13.781765213356017,13.916724951568165,13.773826227083914,13.869091033935547,58477700.0
2015-06-23,13.940537141776877,14.067557864064094,13.940537141776877,14.027864456176758,63865700.0
2015-06-24,13.91672565800411,14.043746416391937,13.853215278810195,13.884969711303711,59079500.0
2015-06-25,13.94848143636489,13.98817637357049,13.773828255281334,13.789706230163574,59772200.0
2015-06-26,13.877031164482874,13.908787112189826,13.773827362849138,13.821459770202637,63080800.0
2015-06-29,13.59917102833293,13.69443734568431,13.384824464154129,13.408639907836914,98604200.0
2015-06-30,13.55947894862353,13.599172368143325,13.376886796101445,13.511846542358398,89039800.0
2015-07-01,13.694437877087656,13.742070280508319,13.56741712516136,13.670620918273926,62317400.0
2015-07-02,13.622990643958845,13.662684067311856,13.408642523755697,13.519786834716797,64736500.0
2015-07-06,13.321315837602574,13.50390799608041,13.265742928572546,13.448336601257324,58726900.0
2015-07-07,13.416581635950415,13.440398598707779,12.972008930595642,13.24986743927002,115450500.0
2015-07-08,13.035518220874769,13.099028602013222,12.876741510925171,12.900558471679688,83033000.0
2015-07-09,13.122842929249318,13.273679107803709,13.059332560856252,13.083148002624512,81534400.0
2015-07-10,13.337192668115376,13.368948617015201,13.22604987537996,13.257805824279785,72965300.0
2015-07-13,13.472151608631709,13.535661988387517,13.41658021562124,13.511846542358398,67934300.0
2015-07-14,13.440396454721675,13.615049611127525,13.384825064692851,13.59917163848877,69999800.0
2015-07-15,13.916721108403536,14.170762542128948,13.884965172084666,14.035802841186523,173099900.0
2015-07-16,14.218396647740647,14.345417379927424,14.178703236759743,14.250152587890625,117054300.0
2015-07-17,14.258092649591322,14.416869350779747,14.202521258437427,14.369236946105957,96894900.0
2015-07-20,14.40892915936742,14.472439531690428,14.353357772860624,14.385113716125488,71980100.0
2015-07-21,14.37717618226604,14.424808587767034,14.305726816911115,14.35335922241211,63732800.0
2015-07-22,14.313668608987289,14.67091399157462,14.313668608987289,14.647098541259766,110327000.0
2015-07-23,14.599462985006895,14.63121893416351,14.353360435871126,14.432748794555664,103650100.0
2015-07-24,14.432745811017272,14.472439225050616,14.162826355811815,14.210458755493164,86364300.0
2015-07-27,14.019925471758,14.115191770576638,13.892904749470784,14.027864456176758,93231900.0
2015-07-28,14.12313508588241,14.202521926001213,13.97229736408424,14.19458293914795,82166800.0
2015-07-29,14.250159705447977,14.44862988789596,14.226342738439584,14.416873931884766,96388600.0
2015-07-30,14.448625005375487,14.520074368048974,14.3295417247818,14.393052101135254,65667900.0
2015-07-31,14.313666227739983,14.337481674092858,14.178706479648339,14.19458293914795,67176900.0
2015-08-03,14.218393907993015,14.266026294833111,14.004045895903165,14.107251167297363,62376800.0
2015-08-04,14.123136478292281,14.234279276781782,14.059624577204493,14.131073951721191,69741500.0
2015-08-05,14.234278871740196,14.329543692246954,14.13107354961635,14.186646461486816,65228600.0
2015-08-06,14.218400695499977,14.273972092376189,14.10725790174755,14.139012336730957,47594700.0
2015-08-07,14.226337951193273,14.345419717748882,13.972296445419488,14.091378211975098,71020700.0
2015-08-10,14.186643095811196,14.329540292670037,14.178704110284594,14.321602821350098,65791200.0
2015-08-11,14.170767975245758,14.266032792314425,14.067562656846576,14.123135566711426,65868600.0
2015-08-12,13.988174167692277,14.01198961205301,13.511845595789353,13.908785820007324,141600100.0
2015-08-13,13.940541470846187,14.043746786132765,13.845276656650645,13.988175392150879,67456200.0
2015-08-14,13.948480967865185,14.05168628692627,13.924665520548762,14.05168628692627,52710300.0
2015-08-17,13.980230459586254,14.139005587122002,13.94053554204761,14.107251167297363,42310000.0
2015-08-18,14.067562394962518,14.210461132112258,14.011991000339162,14.043746948242188,50360700.0
2015-08-19,13.932602014267202,14.043746312691006,13.845276189899696,13.861152648925781,78540500.0
2015-08-20,13.646805470580755,13.654744456850203,13.273680686950684,13.273680686950684,149185400.0
2015-08-21,12.860865331189851,13.226049652131822,12.781476974487305,12.781476974487305,148874300.0
2015-08-24,11.924081419614128,12.686205713697628,11.590651662401005,12.138428688049316,214649500.0
2015-08-25,12.860864474613146,12.860864474613146,12.106677407480781,12.114616394042969,194377000.0
2015-08-26,12.55124932526508,12.74971866607666,12.178125329196092,12.74971866607666,174208500.0
2015-08-27,13.00376149759186,13.059334402704417,12.77353694752432,13.051395416259766,124185400.0
2015-08-28,13.019639907797059,13.051395854642312,12.860864716191454,12.987885475158691,75899300.0
2015-08-31,12.964070670782013,13.003764096732196,12.844988878724326,12.972009658813477,66695200.0
2015-09-01,12.662392782109693,12.741780371318075,12.273391550809496,12.368657112121582,119064000.0
2015-09-02,12.599628157307103,12.631485594435848,12.40051898536715,12.62352180480957,74820400.0
2015-09-03,12.719085969234001,12.89430214098141,12.63944204765589,12.695192337036133,77175800.0
2015-09-04,12.575730955210629,12.631481261175349,12.344764425375562,12.464229583740234,104539500.0
2015-09-08,12.711125689485087,12.870412826538086,12.663339168598696,12.870412826538086,73960200.0
2015-09-09,13.037663765601554,13.109341639808587,12.607587405868623,12.663337707519531,70466100.0
2015-09-10,12.639445349055432,12.830590658861551,12.591659591259598,12.774840354919434,71110200.0
2015-09-11,12.735017624188028,12.790767928130146,12.66333822795335,12.774840354919434,54287700.0
2015-09-14,12.719089920380451,12.798733107158748,12.663338854140585,12.711125373840332,50640900.0
2015-09-15,12.774841019988488,13.05359255421111,12.750947380305721,12.989877700805664,62327100.0
2015-09-16,13.021736016192419,13.053592683670114,12.81466236080058,13.005806922912598,83776400.0
2015-09-17,12.97394786998521,13.125269671074951,12.567764420983229,12.631479263305664,119088200.0
2015-09-18,12.488121782344672,12.512014659352996,12.344763001212993,12.392549514770508,136531200.0
2015-09-21,12.480157377544057,12.543872223311894,12.400513440563822,12.504050254821777,79096200.0
2015-09-22,12.336801648470864,12.408481057587393,12.304944217701413,12.400516510009766,92235200.0
2015-09-23,12.42440436809466,12.6235134075863,12.408475280355788,12.519976615905762,78117500.0
2015-09-24,12.376619881712287,12.440334723971382,12.265118527988454,12.384584426879883,99520100.0
2015-09-25,12.647409027703238,12.758910387480407,12.591658727585092,12.655373573303223,88655000.0
2015-09-28,12.575733678971842,12.599626563911514,12.249194799812232,12.320874214172363,91324300.0
2015-09-29,12.344762110141367,12.368654985425053,12.145653043848764,12.225296974182129,79829400.0
2015-09-30,12.384586809992202,12.424408783952114,12.201406033592994,12.408479690551758,71347100.0
2015-10-01,12.36069155091793,12.456263814306574,12.233261106858905,12.384584426879883,71516800.0
2015-10-02,12.010260224735068,12.249191284179688,11.651864015338589,12.249191284179688,181838400.0
2015-10-05,12.304944394268922,12.57573293946541,12.296979846577008,12.496088981628418,75315300.0
2015-10-06,12.488125193477577,12.59962582300008,12.40051668794867,12.496088981628418,67473700.0
2015-10-07,12.567766667182276,12.687232587544251,12.400514986308288,12.54387378692627,66655600.0
2015-10-08,12.519980906670263,12.567766667182276,12.352729225796272,12.54387378692627,79056900.0
2015-10-09,12.543873946290875,12.599624254110164,12.344764836032288,12.408479690551758,76667100.0
2015-10-12,12.424409744700284,12.44033807979136,12.289015478491471,12.360694885253906,50725800.0
2015-10-13,12.304943813582547,12.416445197384228,12.265121836543301,12.360694885253906,73689800.0
2015-10-14,12.559805156475988,12.679270338948983,12.384588897246635,12.456268310546875,122272400.0
2015-10-15,12.591659318063057,12.96598462386649,12.519979923383579,12.894305229187012,127028800.0
2015-10-16,12.973947656239668,12.973947656239668,12.766874042332871,12.838553428649902,66989500.0
2015-10-19,12.74298109857613,12.910231996335716,12.727052007623296,12.85448169708252,62953500.0
2015-10-20,12.870413083165142,12.973950673740287,12.822627320866918,12.902271270751953,50797800.0
2015-10-21,12.95005528067482,12.973948918131688,12.663337707519531,12.663337707519531,64440400.0
2015-10-22,12.742983116895687,12.902271013489669,12.742983116895687,12.870412826538086,74116600.0
2015-10-23,12.97394834553924,13.181020451366036,12.942090163669443,13.15712833404541,82285800.0
2015-10-26,13.157127791293686,13.181019907628725,13.01376901695681,13.149163246154785,67702800.0
2015-10-27,13.061558723449707,13.117309037220265,12.981914767028002,13.061558723449707,56159300.0
2015-10-28,13.101382177016493,13.786316593868554,13.101382177016493,13.76242446899414,147720100.0
2015-10-29,13.666847637232808,13.889850361984104,13.51552430547008,13.61109733581543,95542300.0
2015-10-30,13.682777711969743,13.682777711969743,13.348274360348205,13.364203453063965,87645800.0
2015-11-02,13.459771448260124,13.650915953573795,13.435879334521848,13.587201118469238,56948200.0
2015-11-03,13.547385046379604,13.746494171366226,13.531455951800977,13.682779312133789,66127100.0
2015-11-04,13.778347133975759,13.786311679121978,13.507558675330909,13.547381401062012,78728400.0
2015-11-05,13.563310908643107,13.83409937561903,13.563310908643107,13.786312103271484,85505500.0
2015-11-06,14.2084215786133,14.407530623695795,14.144706744950161,14.296030044555664,158037500.0
2015-11-09,14.35974470863492,14.39956590954856,13.985418736088365,14.080991744995117,129920700.0
2015-11-10,14.04117173871322,14.288068093155635,13.985421439026783,14.216388702392578,59905800.0
2015-11-11,14.327891930979373,14.327891930979373,14.080997050312694,14.136747360229492,59235000.0
2015-11-12,14.001353565938631,14.04117478318266,13.818173536084798,13.834102630615234,77850900.0
2015-11-13,13.64295290352453,13.786311677981312,13.611096242023944,13.698704719543457,103574900.0
2015-11-16,13.642956528972341,13.905780512291463,13.54738499999197,13.881888389587402,70384300.0
2015-11-17,13.937637200174269,14.0172811451345,13.810207495870655,13.873922348022461,70488600.0
2015-11-18,13.881883923547356,14.232316294926772,13.881883923547356,14.208422660827637,85708300.0
2015-11-19,14.16064100519385,14.216391315126257,14.033211291324918,14.088961601257324,51829700.0
2015-11-20,14.184529981631306,14.200459072103074,14.009314543686878,14.057100296020508,56288300.0
2015-11-23,14.033214500746729,14.120821499641242,13.905783238652019,13.913747787475586,50362900.0
2015-11-24,13.746496819427763,13.993391756628894,13.738532270604196,13.913747787475586,58724200.0
2015-11-25,13.9456037914002,13.99338955775033,13.8659598347619,13.889853477478027,34939000.0
2015-11-27,13.905775203854104,13.937633380740623,13.802239167135882,13.921704292297363,22937500.0
2015-11-30,13.921709606815547,14.0013535603539,13.873923842325361,13.881888389587402,61893700.0
2015-12-01,13.953566394453173,14.184532165527344,13.921708208604647,14.184532165527344,74351800.0
2015-12-02,14.280372763019978,14.288359731859524,14.01680888474916,14.072717666625977,76919000.0
2015-12-03,14.120641280488396,14.192522493607537,13.777209156332255,13.817142486572266,95810100.0
2015-12-04,13.928956958920473,14.240441164543629,13.881035140087121,14.216480255126953,103021700.0
2015-12-07,14.208494979588558,14.216480426131444,13.92895712646646,14.008825302124023,81633300.0
2015-12-08,13.889021971970754,13.944929236695762,13.681365329164496,13.729287147521973,84873500.0
2015-12-09,13.665393777177087,13.881035879986616,13.473711061702614,13.6574068069458,82418100.0
2015-12-10,13.697336468431688,13.904993068786117,13.545587121372991,13.737271308898926,68395000.0
2015-12-11,13.553573447941387,13.625454634021693,13.290009606766374,13.36189079284668,91503900.0
2015-12-14,13.385857403219246,13.489684981071017,13.17820072415673,13.417803764343262,121121200.0
2015-12-15,13.59351269882671,13.968891163144542,13.569551787903045,13.912983894348145,99737200.0
2015-12-16,14.09667887509742,14.200507960097292,13.761233757194058,14.176547050476074,171576700.0
2015-12-17,14.216481882407983,14.24044279456733,13.817142486572266,13.817142486572266,97265700.0
2015-12-18,13.729287771794569,13.793182009151105,13.385855674743652,13.385855674743652,136737800.0
2015-12-21,13.561563438917315,13.601498286396954,13.393841649578832,13.553576469421387,65150300.0
2015-12-22,13.617468043638576,13.665389851258885,13.457733254979324,13.64142894744873,56173500.0
2015-12-23,13.705325316464004,13.849087715148926,13.657405024688565,13.849087715148926,65770700.0
2015-12-24,13.833114744753352,13.881035039882049,13.753246570633047,13.793181419372559,29369400.0
2015-12-28,13.753248133009338,13.761235103664564,13.561565407360577,13.681366920471191,41777500.0
2015-12-29,13.777210388493126,13.857078579475038,13.705329168945308,13.80117130279541,45670400.0
2015-12-30,13.737271836568464,13.769218186810962,13.609483388881559,13.61746883392334,35066400.0
2015-12-31,13.585526302769743,13.633446603283812,13.441763877868652,13.441763877868652,47153000.0
2016-01-04,13.138261685547649,13.170208032796351,12.978525379229195,13.12228775024414,114888000.0
2016-01-05,13.194168935751614,13.250076185955578,12.962551443925685,13.12228775024414,66670000.0
2016-01-06,12.930609514843242,13.01047769529205,12.79483406508792,12.842754364013672,102760800.0
2016-01-07,12.56321422440505,12.698989649630676,12.33159745696356,12.379518508911133,116255900.0
2016-01-08,12.730934490945799,12.730934490945799,12.107965496916963,12.139912605285645,124782400.0
2016-01-11,12.1878348182973,12.275689184322426,11.932257165141921,12.227768898010254,104611700.0
2016-01-12,12.41146459833894,12.44341170977346,12.0280992611247,12.227768898010254,100023500.0
2016-01-13,12.35555881425427,12.39549289872001,11.860378147245306,11.900311470031738,119413000.0
2016-01-14,11.988167657813156,12.139916278054105,11.70064283382912,11.972193717956543,125920000.0
2016-01-15,11.508957940798014,11.70862758102471,11.2853281570143,11.5488920211792,172296100.0
2016-01-19,11.732588473439256,11.812456639299382,11.189487535299945,11.373183250427246,185727400.0
2016-01-20,11.013779500086802,11.18150206147612,10.59846696244811,10.933911323547363,250537600.0
2016-01-21,10.917936971379255,11.053712399890456,10.582491884666794,10.6703462600708,188976000.0
2016-01-22,10.901961412479363,10.9578694264066,10.75819979788735,10.83008098602295,169999800.0
2016-01-25,10.814107441122204,10.822094409354749,10.334900010678464,10.350873947143555,186419100.0
2016-01-26,10.438733348461234,10.662363996779916,10.414773193884084,10.630416870117188,124246900.0
2016-01-27,10.542557800690682,10.96585726280715,10.5345708315596,10.6703462600708,124095800.0
2016-01-28,10.854042879889228,10.949884225644626,10.590478988642058,10.806121826171875,110996200.0
2016-01-29,10.909950677575422,11.301303049071619,10.854043413555779,11.293316841125488,159984100.0
2016-02-01,11.221435454722013,11.253382571023199,11.021765787419769,11.149554252624512,105739400.0
2016-02-02,10.973848072686478,10.981835044612929,10.486654210366476,10.566521644592285,147101200.0
2016-02-03,10.606449860268159,10.614436827765081,9.999454802405667,10.406780242919922,257664600.0
2016-02-04,10.294966913597303,10.854041753315371,10.294966913597303,10.582490921020508,179394400.0
2016-02-05,10.638399854531567,10.694307880497462,10.294968537469346,10.342888832092285,125842800.0
2016-02-08,10.119259665374821,10.143219814230337,9.687973177578552,9.799788475036621,221363600.0
2016-02-09,9.576154897775838,9.927573859383282,9.552194756382336,9.743877410888672,247349000.0
2016-02-10,9.919589605224482,10.015430958695328,9.512263281713869,9.568170547485352,227530000.0
2016-02-11,9.152856556829772,9.224737750895017,8.77747741097752,8.913252830505371,375088700.0
2016-02-12,9.168827562256045,9.60810082960267,9.10493335191607,9.544206619262695,245388400.0
2016-02-16,9.887644683998104,9.895631655648202,9.672001019522696,9.78381633758545,194306700.0
2016-02-17,10.039392611981743,10.135233979823347,9.959525186286816,10.03140640258789,221859400.0
2016-02-18,10.151202660551382,10.175162799673252,9.664009102784856,9.775823593139648,161539400.0
2016-02-19,9.759854229555966,9.775827407977424,9.56817075674276,9.687973022460938,121045600.0
2016-02-22,9.687973241438758,10.01543140411377,9.687973241438758,10.01543140411377,88865500.0
2016-02-23,9.95952289691604,9.967509104474125,9.66401189024627,9.711932182312012,104498700.0
2016-02-24,9.552197578321302,9.703946200882395,9.304606838513912,9.687973022460938,159552800.0
2016-02-25,9.69596190615198,9.847710558662902,9.656027809697674,9.839723587036133,103054600.0
2016-02-26,9.975495504448867,10.342887689930919,9.903614308772925,10.143218040466309,160314400.0
2016-02-29,10.14321610046769,10.271004529815453,9.991467531037001,9.999454498291016,123661100.0
2016-03-01,10.095295319284201,10.55054176666204,10.079321385568937,10.534567832946777,153558200.0
2016-03-02,10.582674919929252,10.831207776993576,10.526554917995691,10.751035690307617,139622500.0
2016-03-03,10.726983696180469,10.86327577623706,10.62276029586792,10.823189735412598,105082700.0
2016-03-04,11.031635132746443,11.135858519801141,10.815170998576484,10.855257034301758,171410900.0
2016-03-07,10.783105936199917,10.91939804458916,10.718968563378835,10.847243309020996,97650300.0
2016-03-08,10.74301660407005,10.799137361571827,10.46241587487141,10.470433235168457,125894800.0
2016-03-09,10.558620098821088,10.638792158924305,10.422328055392073,10.534568786621094,92253800.0
2016-03-10,10.60672355342483,10.743015607521622,10.422328871162987,10.638792991638184,123016200.0
2016-03-11,10.775086381903986,11.095773945362419,10.718966383244258,11.05568790435791,120400600.0
2016-03-14,10.999566927129305,11.015600883358076,10.815171460744235,10.935429573059082,87746800.0
2016-03-15,10.83120796671814,10.90336269308386,10.735001919756408,10.879310607910156,80404000.0
2016-03-16,10.831212350089785,11.071727947119177,10.494490667164238,10.670868873596191,149645400.0
2016-03-17,10.598708526236138,10.807154553414357,10.462416451978685,10.743017196655273,122212300.0
2016-03-18,10.967499225810101,11.127842625250498,10.863275825029433,11.05568790435791,146616200.0
2016-03-21,11.06370596864747,11.248100698579046,10.99956860479495,11.09577465057373,104695700.0
2016-03-22,10.959481519478373,11.095773595854025,10.927412840600434,11.031636238098145,83252100.0
2016-03-23,11.039652601462466,11.087755233144206,10.90336053740163,10.919394493103027,95789700.0
2016-03-24,10.751034625431885,10.975515375509291,10.638794632681986,10.967498779296875,94836500.0
2016-03-28,11.007583160904579,11.015600521044052,10.855257141142346,10.919394493103027,54498500.0
2016-03-29,10.855257352753465,10.855257352753465,10.630776616515075,10.759051322937012,101606800.0
2016-03-30,10.815169153126112,10.95146119258928,10.791117841625967,10.807151794433594,85897000.0
2016-03-31,10.815172731333451,10.991550858036625,10.783104050530845,10.839224815368652,79592100.0
2016-04-01,10.799136453134928,10.943445103454568,10.67887835252815,10.871291160583496,73130900.0
2016-04-04,10.855257638659497,10.943446310502903,10.751034245802243,10.831206321716309,59709600.0
2016-04-05,10.662846887470222,10.694915568870739,10.550606120279578,10.574657440185547,78445900.0
2016-04-06,10.582672239342305,10.662844305720709,10.510517532517241,10.638792991638184,62558500.0
2016-04-07,10.542586242151586,10.590689635058379,10.22189950469794,10.302071571350098,105704500.0
2016-04-08,10.446384436234059,10.534573898053086,10.31009232667538,10.326127052307129,76548100.0
2016-04-11,10.358196950570381,10.494489076070877,10.326128260133668,10.398283004760742,79411500.0
2016-04-12,10.422328871162987,10.686895619803234,10.3662088834446,10.638792991638184,100791600.0
2016-04-13,10.863275825029433,11.103791306478849,10.847241102796575,11.05568790435791,138647200.0
2016-04-14,10.991549599558068,11.448528439817805,10.98353223913095,11.336288452148438,179383300.0
2016-04-15,11.440510832074194,11.456544786932682,11.183960673140843,11.22404670715332,87958700.0
2016-04-18,11.103790693467005,11.416460113969691,11.07973861144557,11.360340118408203,81998200.0
2016-04-19,11.432495660145396,11.656976423164712,11.416460937640904,11.584821701049805,107153600.0
2016-04-20,11.673010973108328,11.977663050413506,11.648958889707151,11.969646453857422,115628700.0
2016-04-21,11.969645916244225,12.138006669602392,11.825336480629339,11.94559383392334,121589000.0
2016-04-22,11.921545289232203,12.138009493005935,11.921545289232203,12.113957405090332,83456600.0
2016-04-25,12.041799608736893,12.138005636096027,11.873438869714022,11.993696212768555,70489500.0
2016-04-26,12.041799473260928,12.1380054995377,11.865421376131415,12.097919464111328,84812400.0
2016-04-27,12.041801452636719,12.266282217514965,12.00973200736217,12.041801452636719,115789000.0
2016-04-28,11.961630987399351,12.089905727546622,11.83335624725208,11.857407569885254,78639300.0
2016-04-29,11.809300211161286,11.905506998679172,11.568785536099085,11.673008918762207,122128100.0
2016-05-02,11.689043794162504,11.849387178357123,11.544734366098563,11.841370582580566,68882800.0
2016-05-03,11.632922897159009,11.632922897159009,11.34430406345189,11.512664794921875,110549000.0
2016-05-04,11.296203186522394,11.440512625761698,11.224048466902742,11.328271865844727,99269700.0
2016-05-05,11.344305722347618,11.480597799400075,11.224048367102567,11.264134407043457,73145900.0
2016-05-06,11.087756037736648,11.336288868052447,11.063704720150474,11.312236785888672,76595100.0
2016-05-09,11.288184834132078,11.376373503378677,11.151892767837984,11.21603012084961,55399600.0
2016-05-10,11.288187138030404,11.48861659824341,11.264135816886602,11.46456527709961,59870500.0
2016-05-11,11.42447782468766,11.624907260208497,11.376374423748507,11.384391784667969,68088900.0
2016-05-12,11.464563160672043,11.600855229622766,11.264133737459517,11.336288452148438,72567100.0
2016-05-13,11.344307278868484,11.520685420062184,11.119826494807782,11.127843856811523,86193900.0
2016-05-16,11.079737360033983,11.240081497089605,11.063703405074927,11.167926788330078,57848600.0
2016-05-17,11.135859168209732,11.328271233401598,11.079738409095585,11.232065200805664,76273800.0
2016-05-18,11.240082947794535,11.825336524019967,11.232065586991489,11.777233123779297,150748500.0
2016-05-19,11.705081841048573,11.921545280078313,11.56878973460927,11.648961067199707,106156900.0
2016-05-20,11.73714957729239,11.785252220038885,11.568788798524217,11.64094352722168,81214000.0
2016-05-23,11.656974865769902,11.705078262279015,11.544734116967003,11.600854873657227,66303200.0
2016-05-24,11.705078231675177,11.825335575767214,11.648957475131684,11.76921558380127,96183700.0
2016-05-25,11.889476089753122,12.14602556648367,11.889476089753122,11.961630821228027,123498700.0
2016-05-26,12.009733361291264,12.017750723513748,11.777235208883473,11.785252571105957,65356600.0
2016-05-27,11.833352727472896,11.929558753967285,11.777231971918019,11.929558753967285,62411300.0
2016-05-31,12.04981968010616,12.065854404913448,11.809304160041147,11.857407569885254,85635900.0
2016-06-01,11.74478442381384,11.98611499056209,11.624118373268553,11.953937530517578,62612100.0
2016-06-02,12.026338892476483,12.050471799499782,11.881540683165401,12.018294334411621,64327300.0
2016-06-03,11.63216449440113,11.664341958772964,11.414966034512805,11.599987030029297,148600900.0
2016-06-06,11.61607472002636,11.825228610170392,11.559764352361128,11.68043041229248,80949300.0
2016-06-07,11.696518170270071,11.74478474524337,11.535630865644377,11.543675422668457,67447100.0
2016-06-08,11.54367539750388,11.632163223062317,11.503453379642343,11.608030319213867,58292900.0
2016-06-09,11.519542576869142,11.519542576869142,11.326477797486934,11.414965629577637,74814900.0
2016-06-10,11.24603148185986,11.262120593807419,11.06101129748943,11.1253662109375,90725700.0
2016-06-13,10.972525133070883,11.18972280682222,10.924258557142142,10.940347671508789,71925000.0
2016-06-14,10.908169986288163,11.0449236197447,10.594439167112009,10.666838645935059,85377800.0
2016-06-15,10.763371003307064,10.98861322909323,10.682926967654986,10.731193542480469,100659100.0
2016-06-16,10.642708915794787,10.723152981424047,10.473777758881981,10.707064628601074,90152000.0
2016-06-17,10.763371605580161,10.884036898639023,10.682927565426773,10.779459953308105,89022300.0
2016-06-20,11.052967603169265,11.141456191436957,10.867947404375258,10.892080307006836,89874000.0
2016-06-21,10.956435203552246,10.980568106135545,10.819680810294988,10.956435203552246,73810800.0
2016-06-22,10.940346218075542,11.08514439228282,10.932301661960944,10.948390007019043,77980500.0
2016-06-23,11.133411826735843,11.302343682410953,11.11732271325671,11.294299125671387,82494600.0
2016-06-24,10.497907491209844,10.811637564337685,10.433552565072274,10.457685470581055,231499200.0
2016-06-27,10.272663220263816,10.272663220263816,9.693468232280061,9.79804515838623,250847700.0
2016-06-28,10.11177270116751,10.232438709759572,9.93479711603925,10.216349601745605,150136300.0
2016-06-29,10.513996550188304,10.634662620234954,10.393331247312943,10.610528945922852,118484000.0
2016-06-30,10.755325194235796,10.76336975029874,10.513993882545115,10.674881935119629,125773900.0
2016-07-01,10.61052468416452,10.6748803559768,10.473771087179989,10.538125991821289,88888100.0
2016-07-05,10.401372927201518,10.40941671590843,10.16004162105949,10.248529434204102,98246500.0
2016-07-06,10.071557033962394,10.393331700439559,10.015245891950402,10.345065116882324,94983300.0
2016-07-07,10.353107269088223,10.546172024102791,10.328974366504188,10.465728759765625,101100300.0
2016-07-08,10.682926373414631,10.715103832451348,10.546171980715801,10.594438552856445,92698900.0
2016-07-11,10.690970439412506,10.779458255910438,10.618570968109152,10.626615524291992,67267300.0
2016-07-12,10.787503372708471,10.940346879441135,10.779458816107564,10.892080307006836,89070600.0
2016-07-13,10.859901584213453,10.924256495190665,10.715102650929204,10.81163501739502,74595600.0
2016-07-14,11.044923808708921,11.085145827317781,10.972525095818407,10.980568885803223,97852100.0
2016-07-15,11.08514551025963,11.093190067185551,10.87599240038392,10.98861312866211,78652500.0
2016-07-18,11.133411176596725,11.447141199407882,11.117322064057122,11.350608825683594,187187100.0
2016-07-19,11.31038897387732,11.55976411163412,11.28625530209089,11.47127628326416,96940100.0
2016-07-20,11.54367633667453,11.608031263620306,11.47127685206772,11.583897590637207,79277900.0
2016-07-21,11.608031334474548,11.640208798143846,11.471276922087227,11.479321479797363,65376300.0
2016-07-22,11.471273878500797,11.583894587876909,11.406918968237008,11.567806243896484,46604800.0
2016-07-25,11.511498100004408,11.575853022627632,11.487364428642303,11.55976390838623,46420800.0
2016-07-26,11.519544658225074,11.704565680607791,11.511500866342555,11.6884765625,60205600.0
2016-07-27,11.720652410611999,11.825229362335824,11.62412001682953,11.768918991088867,100986000.0
2016-07-28,11.720648768842606,11.81718113263112,11.632160960495893,11.809137344360352,72049500.0
2016-07-29,11.712607864829831,11.825228600064042,11.648252172618712,11.656296730041504,63276500.0
2016-08-01,11.680429493735451,11.744784413769434,11.471275620039423,11.527585983276367,61460900.0
2016-08-02,11.48736450770625,11.624118911014639,11.33452175721692,11.36669921875,83776300.0
2016-08-03,11.35061261765354,11.64825439453125,11.34256882586761,11.64825439453125,65305400.0
2016-08-04,11.64825439453125,11.696520981103669,11.55172198855778,11.64825439453125,46176600.0
2016-08-05,11.865451541970952,12.114827471255875,11.865451541970952,12.106782913208008,120947800.0
2016-08-08,12.130916737318758,12.203316230880649,12.0022068675071,12.171138763427734,71960300.0
2016-08-09,12.15504833892185,12.219403266906738,12.122870874929406,12.219403266906738,49973300.0
2016-08-10,12.195266948231692,12.211356059311496,11.889580742254806,11.913714408874512,79080700.0
2016-08-11,11.929803051027024,12.042424529888045,11.865448139441028,11.970025062561035,68945400.0
2016-08-12,11.88153802577749,11.994158744812012,11.825226899089119,11.994158744812012,63031300.0
2016-08-15,12.042426259970183,12.090692067008286,12.026337146176703,12.082648277282715,48592100.0
2016-08-16,12.042424639733488,12.219400264623735,12.010247183646982,12.203311920166016,80307500.0
2016-08-17,12.195267990675788,12.259622906153936,12.13091307519764,12.187223434448242,93407300.0
2016-08-18,12.155046614902991,12.259623549838514,12.114825365995685,12.195268630981445,62804300.0
2016-08-19,12.17113651529443,12.267668899822656,12.106781592275615,12.243535995483398,59834800.0
2016-08-22,12.227442597208759,12.267664601796374,12.163087696736945,12.21135425567627,60877100.0
2016-08-23,12.275711682923035,12.39637695435213,12.275711682923035,12.348111152648926,67817900.0
2016-08-24,12.364199466152929,12.468776392472908,12.356154910165756,12.38833236694336,65484900.0
2016-08-25,12.404422563052448,12.500954941822094,12.388333449671931,12.492910385131836,67714400.0
2016-08-26,12.557263673872221,12.790550417401624,12.53313077410602,12.702062606811523,126886300.0
2016-08-29,12.718151874716897,12.879039153757846,12.694018207482458,12.742284774780273,120144900.0
2016-08-30,12.742285663549028,13.056015687768646,12.710108205496475,13.023838996887207,121280600.0
2016-08-31,13.10061214476055,13.1248581276117,12.83391327007046,13.044039726257324,127664300.0
2016-09-01,13.05212762980208,13.05212762980208,12.728855419508095,12.9147367477417,128812600.0
2016-09-02,12.882408407354603,12.979390062016023,12.785426752693184,12.930899620056152,100997300.0
2016-09-06,12.971307970240794,12.979389967422431,12.688445005558574,12.75309944152832,96542200.0
2016-09-07,12.704606221052344,12.809669849208108,12.648033023896778,12.68844223022461,63310300.0
2016-09-08,12.745017181623028,12.882407268861826,12.672280754369684,12.817752838134766,69292700.0
2016-09-09,12.858165545908031,13.05212889082405,12.72077465057373,12.72077465057373,135182500.0
2016-09-12,12.6480342558604,12.882406750500738,12.510643403408313,12.850079536437988,109724000.0
2016-09-13,12.664197801050834,12.817751869741041,12.567216162287302,12.704607009887695,89317600.0
2016-09-14,12.664199394111721,12.801590258994851,12.575299740080965,12.631872177124023,75528100.0
2016-09-15,12.63995365636489,12.728853306754607,12.59146244749856,12.664198875427246,67322600.0
2016-09-16,12.656117211747087,12.672281205374933,12.51064435206303,12.518726348876953,90926200.0
2016-09-19,12.56721730927486,12.753098607851298,12.56721730927486,12.599544525146484,66186400.0
2016-09-20,12.720769864220623,12.736933855585958,12.534888587968446,12.607625007629395,68210400.0
2016-09-21,12.696527216276486,12.79350887186219,12.437909468047947,12.648036003112793,95464600.0
2016-09-22,12.680360656548814,12.69652464791415,12.526806592285778,12.607625007629395,75611300.0
2016-09-23,12.551055699492263,12.664201361900831,12.52681047566963,12.542974472045898,51604400.0
2016-09-26,12.445988394739189,12.478315607294036,12.138880260838915,12.195452690124512,94972100.0
2016-09-27,12.130800421893408,12.397500165575984,11.96916433037998,12.357090950012207,81992600.0
2016-09-28,12.41366369520408,12.437909687584726,12.243945602248049,12.429827690124512,66076400.0
2016-09-29,12.42982760073426,12.526809257334296,12.17120984980083,12.25202751159668,78997700.0
2016-09-30,12.33284581514468,12.712690440169927,12.26010938076998,12.648036003112793,119428700.0
2016-10-03,12.599544960136326,12.712689834222445,12.526808529228592,12.631872177124023,69873100.0
2016-10-04,12.688447681164877,12.971310705494275,12.664202455249063,12.769266128540039,98501500.0
2016-10-05,12.89857159369521,13.116780110326461,12.89857159369521,13.01979923248291,86056900.0
2016-10-06,13.068292301936832,13.116782750619308,12.963229406210873,13.1087007522583,75886700.0
2016-10-07,13.084453129544112,13.132943566481982,12.914734288036774,13.035961151123047,99605400.0
2016-10-10,13.108695912632884,13.254168746456477,13.076369472607086,13.17335033416748,64158500.0
2016-10-11,13.141026100528979,13.197598536184927,12.947062803358616,13.01979923248291,77374000.0
2016-10-12,13.003633406943514,13.124860257910035,12.938978983662501,12.955142974853516,67165800.0
2016-10-13,13.003634860511198,13.003634860511198,12.607626280963121,12.79350757598877,78637000.0
2016-10-14,13.052126495697507,13.116780932138454,12.882408407354603,12.930899620056152,108865700.0
2016-10-17,13.068290177599991,13.092536168741669,12.850080881774856,12.971307754516602,101795500.0
2016-10-18,13.084454059524928,13.149108493865148,13.019799625184707,13.141026496887207,71433100.0
2016-10-19,13.173352471174965,13.359235312038845,13.157190019281662,13.31074333190918,97969000.0
2016-10-20,13.294582136688073,13.440053466378009,13.262254146879155,13.3834810256958,88081200.0
2016-10-21,13.302661784898135,13.472380638122559,13.254171344612573,13.472380638122559,77954900.0
2016-10-24,13.537038630917245,13.577447084863813,13.423893726679887,13.553202629089355,68244800.0
2016-10-25,13.504702963390566,13.593603361354674,13.480458521387868,13.512784957885742,49350300.0
2016-10-26,13.448132269037579,13.634015083312988,13.431969819456135,13.634015083312988,58730400.0
2016-10-27,13.698669764354657,13.819896616657703,13.625933344676216,13.666341781616211,97937300.0
2016-10-28,13.698670389600473,13.72291483627783,13.334988274608799,13.480461120605469,115123600.0
2016-10-31,13.48046337169283,13.52087181722494,13.334990501403809,13.334990501403809,70387600.0
2016-11-01,13.383478227669128,13.537033064191638,13.19759694957945,13.423888206481934,88587100.0
2016-11-02,13.302660775370123,13.383479197368352,13.157189465553133,13.318824768066406,119202000.0
2016-11-03,13.318824768066406,13.472379615714722,13.294580320505167,13.318824768066406,69690400.0
2016-11-04,13.35923427787349,13.504705582551502,13.213761431712346,13.375396728515625,82437400.0
2016-11-07,13.625937834013657,13.771410721299485,13.61785583566627,13.747164726257324,91581900.0
2016-11-08,13.593611340438228,13.82798469392069,13.50471089029195,13.739084243774414,95842800.0
2016-11-09,14.272479292015808,14.5876694540062,14.062352003527797,14.523015022277832,319516900.0
2016-11-10,14.757389337878326,15.347361261548677,14.749307340658868,15.161479949951172,304986400.0
2016-11-11,15.06450084537907,15.379692640480418,15.056418846378145,15.371610641479492,212952500.0
2016-11-14,15.686795781732998,16.325259621335338,15.67871378536653,16.2282772064209,320959900.0
2016-11-15,15.993902591496987,16.309092685494726,15.840347771210666,16.29292869567871,190293100.0
2016-11-16,15.985825314695001,16.13129664152526,15.905006883244834,15.961579322814941,126734500.0
2016-11-17,15.969659488626652,16.341422072585086,15.92116905191103,16.2282772064209,167979200.0
2016-11-18,16.212112336557947,16.276766762508487,16.05855903835236,16.16362190246582,120620200.0
2016-11-21,16.244443239121278,16.446488549206162,16.17170680417205,16.43032455444336,117479100.0
2016-11-22,16.430326240604128,16.54347113258846,16.260608902627624,16.40608024597168,104771800.0
2016-11-23,16.503060339536656,16.69702364460227,16.325261028597343,16.6162052154541,110801300.0
2016-11-25,16.664690791713127,16.874816468646724,16.567708405719927,16.858654022216797,62610400.0
2016-11-28,16.705108013837695,16.850580898665292,16.36567179640114,16.40608024597168,108651200.0
2016-11-29,16.470735622209215,16.600046059416055,16.36567272249047,16.398000717163086,114216800.0
2016-11-30,16.84819747990728,17.18889290942189,16.807637579249583,17.132110595703125,191699600.0
2016-12-01,17.37546671824029,17.797280472449465,17.31057241353136,17.44036102294922,199233900.0
2016-12-02,17.43224703223906,17.44035901279298,17.05099322941727,17.22134017944336,128468700.0
2016-12-05,17.416026484739124,17.74049958168561,17.407914502595222,17.716163635253906,130377300.0
2016-12-06,17.918958106331523,17.975740432739258,17.618820963201895,17.975740432739258,120789200.0
2016-12-07,18.00006972059318,18.308317184448242,17.805386867547597,18.308317184448242,168005200.0
2016-12-08,18.4867809271753,18.851810761602344,18.405662670457495,18.61656951904297,182693900.0
2016-12-09,18.61656843218696,18.795027348785858,18.478667867978096,18.730133056640625,130590400.0
2016-12-12,18.65713414169145,18.859929078014183,18.28399220151486,18.340774536132812,136986000.0
2016-12-13,18.494897573752233,18.559791891487404,18.081197265192127,18.340774536132812,118204100.0
2016-12-14,18.097421033365226,18.900488855406692,18.016302743348348,18.389446258544922,225340900.0
2016-12-15,18.576011767140095,18.97348956914065,18.494893501033356,18.78691864013672,162025800.0
2016-12-16,18.78691836004831,18.91670696500322,18.37321660155371,18.381328582763672,147497700.0
2016-12-19,18.33265754649655,18.429998222914968,18.113638703751874,18.235315322875977,97508900.0
2016-12-20,18.356995944626274,18.519232503634495,18.340773526487446,18.421890258789062,83879500.0
2016-12-21,18.429995175704406,18.429995175704406,18.227200328293566,18.35698890686035,61079100.0
2016-12-22,18.33266312034088,18.43811580972292,18.227208883756212,18.283992767333984,67123500.0
2016-12-23,18.25965058216911,18.37321521614088,18.194756284584944,18.332656860351562,38187800.0
2016-12-27,18.421891272899842,18.446227222251498,18.28399220151486,18.340774536132812,39988600.0
2016-12-28,18.34888071861864,18.389439074180444,18.056855607526977,18.113637924194336,52652900.0
2016-12-29,18.11363834868015,18.162308685935304,17.65937825749378,17.845949172973633,79188400.0
2016-12-30,17.86217250651895,18.056855395897646,17.805390190517087,17.927066802978516,72605900.0
2017-01-03,18.332661236791168,18.397555549867143,18.008189671411294,18.27587890625,99298100.0
2017-01-04,18.429997064431394,18.624679952232896,18.332656394131675,18.61656951904297,76875100.0
2017-01-05,18.511119051552512,18.60034930664419,18.12986517951034,18.397554397583008,86826400.0
2017-01-06,18.478672670647953,18.535454997632705,18.300212160464596,18.397554397583008,66281500.0
2017-01-09,18.259652620210918,18.421887608678063,18.17042237087251,18.292098999023438,75901500.0
2017-01-10,18.324550074733068,18.770698303706247,18.28399170744552,18.608463287353516,100977700.0
2017-01-11,18.60846029754107,18.713912963867188,18.42999979686293,18.713912963867188,92385600.0
2017-01-12,18.66524376415322,18.754474019954802,18.34077221651436,18.59223747253418,120474200.0
2017-01-13,18.827478143673442,18.989714685745504,18.49489462490781,18.66524314880371,161930900.0
2017-01-17,18.397552938384543,18.48678318639894,17.854062563319314,17.88650894165039,152495900.0
2017-01-18,18.089299770166118,18.373212865981674,17.927064820558588,18.35698890686035,124366000.0
2017-01-19,18.4381139153387,18.503008228414675,18.178536663034805,18.27587890625,75990800.0
2017-01-20,18.381332455828645,18.60035135303957,18.26776778936485,18.365108489990234,102564900.0
2017-01-23,18.348882841707123,18.46244748818203,18.18664630628388,18.30021095275879,61385600.0
2017-01-24,18.34076837452366,18.738246130518647,18.235314176629895,18.61656951904297,98508700.0
2017-01-25,18.9167078532761,18.99782612198255,18.73824889988375,18.95726776123047,99753300.0
2017-01-26,18.989721205596915,19.103285895716784,18.884268500086016,19.014057159423828,84146400.0
2017-01-27,19.005940044576537,19.022164009415174,18.884263402691648,18.94915771484375,54590200.0
2017-01-30,18.819364387236455,18.819364387236455,18.42188508403941,18.61656951904297,91561200.0
2017-01-31,18.470562720737366,18.681469635029085,18.251543823526436,18.365108489990234,91044300.0
2017-02-01,18.632792093123676,18.835586963063996,18.5111154805999,18.56789779663086,103630900.0
2017-02-02,18.44622235978491,18.486782264679324,18.25965143887714,18.42999839782715,88679100.0
2017-02-03,18.778804048355582,18.941040558016486,18.6165690858967,18.892370223999023,116035100.0
2017-02-06,18.778810949591854,18.96538192122554,18.713916631319155,18.75447654724121,92228400.0
2017-02-07,18.884260757664205,18.89237273894732,18.543565279784623,18.576011657714844,87982900.0
2017-02-08,18.438116613673973,18.438116613673973,18.210987258269938,18.389446258544922,102264500.0
2017-02-09,18.46245134141277,18.778810949591854,18.365109090402424,18.75447654724121,102634200.0
2017-02-10,18.811257084247995,18.851815449090672,18.624684583245323,18.722026824951172,90548300.0
2017-02-13,18.79503078446594,19.095167907503114,18.79503078446594,18.98160171508789,105342500.0
2017-02-14,18.981597137090642,19.60620562952289,18.92481482817896,19.51697540283203,139711400.0
2017-02-15,19.744108388237116,20.09291580726513,19.557537481799542,19.938791275024414,151233300.0
2017-02-16,19.906344900827555,19.971239196423323,19.711660466838207,19.938791275024414,98144500.0
2017-02-17,19.695432902046576,19.938786060081743,19.630538623423757,19.89011573791504,85789200.0
2017-02-21,19.94690390512167,20.117250856408642,19.9387919245077,20.101028442382812,78571500.0
2017-02-22,19.963125946166784,20.23892707170487,19.906343634532817,20.10913848876953,81531900.0
2017-02-23,20.10913976796458,20.190256477057755,19.882008959778375,19.938791275024414,85846000.0
2017-02-24,19.5656556208494,19.752226586014096,19.484537339020502,19.654884338378906,97074400.0
2017-02-27,19.630549419836395,20.003691340337856,19.62243743714691,19.93068504333496,69129100.0
2017-02-28,19.85767239751416,20.036132865221212,19.809002064140422,20.019908905029297,90242000.0
2017-03-01,20.642358594346767,20.837634951228903,20.520309513366715,20.748132705688477,143947500.0
2017-03-02,20.89459033617201,20.992227738536254,20.50403762287797,20.528446197509766,99824600.0
2017-03-03,20.58540364154184,20.870182271759898,20.58540364154184,20.699316024780273,92456100.0
2017-03-06,20.60980990179166,20.6260833180451,20.406396854378826,20.54471778869629,75660400.0
2017-03-07,20.520305591582183,20.634217941931713,20.42266820776057,20.512168884277344,64053700.0
2017-03-08,20.829500273195723,20.96782123346302,20.520311514048274,20.552858352661133,105314600.0
2017-03-09,20.62607765197754,20.772535254189222,20.528438733197095,20.62607765197754,78984600.0
2017-03-10,20.84576967179631,20.84576967179631,20.414533454864294,20.593536376953125,86998800.0
2017-03-13,20.585397720336914,20.674899948868596,20.4470767998417,20.585397720336914,56886200.0
2017-03-14,20.495895229644734,20.617942724710346,20.381982889254477,20.601669311523438,63182700.0
2017-03-15,20.658628666640308,20.788812893259607,20.30875797563154,20.487762451171875,114662700.0
2017-03-16,20.53658286591035,20.73999593100683,20.495900873658467,20.520309448242188,70306200.0
2017-03-17,20.52030590450512,20.56098944164972,20.202982074368514,20.227392196655273,105222400.0
2017-03-20,19.99956906444268,20.146026694473505,19.869384849286007,19.885658264160156,87287500.0
2017-03-21,19.934481125783094,19.98329982869679,18.67332069573568,18.730276107788086,259545800.0
2017-03-22,18.429224111294303,18.86046038492934,18.266494583975895,18.665184020996094,167984400.0
2017-03-23,18.746547466612625,19.112690026119623,18.640771811348213,18.77095603942871,111666800.0
2017-03-24,18.876735728413482,18.998783274329167,18.51872824873122,18.811643600463867,113499100.0
2017-03-27,18.128175482846103,18.754686632454266,18.030536514952544,18.738414764404297,119513500.0
2017-03-28,18.72213351022714,19.25914372913488,18.713996803647554,19.104549407958984,95761700.0
2017-03-29,19.128961605101505,19.242872405750187,18.96623055967345,18.998777389526367,67204500.0
2017-03-30,19.02319347317393,19.511385250350305,18.982511471708765,19.421884536743164,79189200.0
2017-03-31,19.389331899377844,19.503242710972245,19.194055557250977,19.194055557250977,77158300.0
2017-04-03,19.24287425480309,19.324239785335553,18.779092748261984,19.194055557250977,88076600.0
2017-04-04,18.876737453288108,19.12896927815088,18.876737453288108,19.07201385498047,75244400.0
2017-04-05,19.340517170916968,19.43001787614358,18.836052019623292,18.852325439453125,97453300.0
2017-04-06,18.852319738296515,19.08827804679767,18.681451985593096,18.925548553466797,82975200.0
2017-04-07,18.73840887542245,18.99064059799289,18.657043353068623,18.84418296813965,79519400.0
2017-04-10,18.81977680447676,18.94182588963887,18.64077385918083,18.730276107788086,63254700.0
2017-04-11,18.575679792452146,18.673318739971833,18.37226674104469,18.648908615112305,94206700.0
2017-04-12,18.616365594793468,18.665185854511424,18.396680633737628,18.42922592163086,76556300.0
2017-04-13,18.35599151054354,18.68145205024997,18.17698860168457,18.17698860168457,88061800.0
2017-04-17,18.193265590736708,18.57568160602803,18.111900051846185,18.55940818786621,85053200.0
2017-04-18,18.803504757283253,18.83605004160653,18.209537411218104,18.478042602539062,146488400.0
2017-04-19,18.64890858810135,18.836048222664736,18.45363224526324,18.502450942993164,101771800.0
2017-04-20,18.681453800653966,18.852321569958626,18.56754298906313,18.77095603942871,103802600.0
2017-04-21,18.73841263671813,18.77909463010187,18.38040519765066,18.478042602539062,127235400.0
2017-04-24,18.90928053990217,19.40560897295939,18.90928053990217,19.226604461669922,138638900.0
2017-04-25,19.519519766402606,19.812435110159058,19.45442764022547,19.511383056640625,131531100.0
2017-04-26,19.52764689538883,19.682241201181014,19.41373611844614,19.43814468383789,95172200.0
2017-04-27,19.446291049746186,19.470701179181855,19.088283577616597,19.242877960205078,80024200.0
2017-04-28,19.177780255746317,19.299827763589562,18.97436722536815,18.99064064025879,69384900.0
2017-05-01,19.137100233186004,19.34051328442671,18.99877929626559,19.210329055786133,72382900.0
2017-05-02,19.210327169574573,19.259145862541807,18.982504015863707,19.145235061645508,60262600.0
2017-05-03,19.01505265869516,19.348649937626792,18.990642533925133,19.340513229370117,64272800.0
2017-05-04,19.511379419513027,19.56833482531109,19.30796636913799,19.40560531616211,68133400.0
2017-05-05,19.511377396097565,19.519514103498963,19.202190274435672,19.31610107421875,56678800.0
2017-05-08,19.32424520018405,19.576477018786015,19.32424520018405,19.4951114654541,56016500.0
2017-05-09,19.552066605450523,19.77988827111114,19.421882353096255,19.511383056640625,61622000.0
2017-05-10,19.45442382456373,19.665973581127123,19.42187854381773,19.649700164794922,48495300.0
2017-05-11,19.609014383082528,19.714788464946068,19.397464667437347,19.584604263305664,68350800.0
2017-05-12,19.462558725762847,19.527650833129883,19.324237803618114,19.527650833129883,62589000.0
2017-05-15,19.576465606689453,19.64155770102579,19.511373512353114,19.576465606689453,50688800.0
2017-05-16,19.584608104798864,19.665973634763375,19.478834002187885,19.519515991210938,55774800.0
2017-05-17,19.0150467904836,19.080138884530594,18.27462208681186,18.364124298095703,190353300.0
2017-05-18,18.396676839258593,18.71400070238072,18.307174600155054,18.502450942993164,108444100.0
2017-05-19,18.640767938273207,18.958091734297845,18.608222663974367,18.75467872619629,89566700.0
2017-05-22,18.868591380790573,18.909273362322278,18.567539440934365,18.746543884277344,74839400.0
2017-05-23,18.738408773059927,19.12082470854016,18.58381443662398,19.031322479248047,79020000.0
2017-05-24,19.072010074485963,19.096418649909886,18.893005577811454,19.00691795349121,58823200.0
2017-05-25,19.047601780766854,19.18592274518604,18.89300739655277,18.917417526245117,60443500.0
2017-05-26,18.901140254041238,19.05573460674608,18.85232155652544,18.909276962280273,50399500.0
2017-05-30,18.819776717663576,18.884868838554432,18.61636364588982,18.64077377319336,61307900.0
2017-05-31,18.595869665511685,18.612194969541864,18.032605415568487,18.2938289642334,138636300.0
2017-06-01,18.350976533574354,18.48158834429608,18.20403785725851,18.473424911499023,69725100.0
2017-06-02,18.179544136755776,18.440767686653693,18.089747957597677,18.32648277282715,79722300.0
2017-06-05,18.318319255801423,18.530563778345456,18.27750210318805,18.2938289642334,51590300.0
2017-06-06,18.122411429159293,18.293838892121972,18.016288331787717,18.146900177001953,71735600.0
2017-06-07,18.20403626362783,18.46526141921853,18.179547524396067,18.44893455505371,66429700.0
2017-06-08,18.46526606023141,18.946896218021525,18.44893919196304,18.750978469848633,93685900.0
2017-06-09,18.955056268713186,19.322402954101562,18.946892836036156,19.322402954101562,108254300.0
2017-06-12,19.444855014963025,19.624447453858675,19.371385663963146,19.412202835083008,85829900.0
2017-06-13,19.550976163006407,19.681587983598888,19.314241265047713,19.404037475585938,68047300.0
2017-06-14,19.224445035940626,19.436689633452332,18.93873265180537,19.3958740234375,102352400.0
2017-06-15,19.22444185856192,19.55097291277502,19.15913595912239,19.216279983520508,69707500.0
2017-06-16,19.232605420662317,19.281586013334746,19.07750488157937,19.126483917236328,57745800.0
2017-06-19,19.27343087236151,19.59179707661128,19.265267436737652,19.518327713012695,58587800.0
2017-06-20,19.518317140841592,19.58362303344313,19.167297384227584,19.175460815429688,59693500.0
2017-06-21,19.18363071783023,19.24077319850549,18.832610842806975,18.881589889526367,72432800.0
2017-06-22,18.873424859120885,18.938730762840382,18.693832456130604,18.71832275390625,64763300.0
2017-06-23,18.865263495045838,18.865263495045838,18.563222684090622,18.628528594970703,85399600.0
2017-06-26,18.701993901412706,18.889748160028184,18.555055244403935,18.685667037963867,61307800.0
2017-06-27,18.857099156322004,19.265261468982583,18.775466382386753,18.995874404907227,88257800.0
2017-06-28,19.20811361917877,19.559131801945604,19.20811361917877,19.493825912475586,119049300.0
2017-06-29,20.06525471934522,20.138724043676433,19.624440330373247,19.853010177612305,150501200.0
2017-06-30,20.097910608386393,20.097910608386393,19.73056394717708,19.804033279418945,84005200.0
2017-07-03,19.96729256729859,20.334639142336833,19.950967263864197,20.14688491821289,58129700.0
2017-07-05,20.2448462409027,20.367296157061613,20.097909144139653,20.342805862426758,76172500.0
2017-07-06,20.326481191405506,20.497910158306183,20.15505378152036,20.17137908935547,84465400.0
2017-07-07,20.342806027926372,20.408111923801922,20.12239804546562,20.269336700439453,54478800.0
2017-07-10,20.17954217849149,20.39995017917904,20.114236277215422,20.318317413330078,54632800.0
2017-07-11,20.310154815772425,20.334645113638295,19.9672984307281,20.081584930419922,69410600.0
2017-07-12,19.934648734542762,20.08158742596697,19.836689087921368,19.877506256103516,68708700.0
2017-07-13,19.942809728629378,20.106073710339043,19.893830689818035,20.097911834716797,55533400.0
2017-07-14,19.755056050154774,19.853014130758336,19.44485182854039,19.76321792602539,92625400.0
2017-07-17,19.771378203172716,19.771378203172716,19.534644915319777,19.60811424255371,81522000.0
2017-07-18,19.518323880187793,19.64077227646812,19.273427087627137,19.510160446166992,107981400.0
2017-07-19,19.632608431994598,19.755058382730738,19.436690690638894,19.640771865844727,74140100.0
2017-07-20,19.608116342708833,19.689749110269414,19.453014240045285,19.542810440063477,62793500.0
2017-07-21,19.46117201562691,19.559130062613225,19.314233388132358,19.428518295288086,65922500.0
2017-07-24,19.379552421439385,19.616287383482852,19.37138898581553,19.518327713012695,51382700.0
2017-07-25,19.795863573925732,20.138719830064016,19.787700144373037,19.983617782592773,86154700.0
2017-07-26,20.138728053714022,20.138728053714022,19.70607545283738,19.76321792602539,65704700.0
2017-07-27,19.804035601661322,19.95913771647219,19.616281311478282,19.68158721923828,62902100.0
2017-07-28,19.632601091934415,19.763212870672927,19.5591317717671,19.616275787353516,50143400.0
2017-07-31,19.689746856689453,19.836683953062245,19.66525656211964,19.689746856689453,62272000.0
2017-08-01,19.828525152302035,19.991789137029972,19.812198286724563,19.959136962890625,52782500.0
2017-08-02,19.95096931166487,20.07341766357422,19.804030666567545,20.07341766357422,55317100.0
2017-08-03,20.040762609336568,20.08157976194107,19.853008378401356,19.89382553100586,53210600.0
2017-08-04,20.146887931950456,20.473417404709917,20.122397637612742,20.383621215820312,105206600.0
2017-08-07,20.416282565538047,20.448934746499436,20.32648634311636,20.375465393066406,41860900.0
2017-08-08,20.36729993812937,20.693829475468895,20.261176865359243,20.32648277282715,73399300.0
2017-08-09,20.08158829865307,20.22036356247161,19.96730177979227,20.195873260498047,56910400.0
2017-08-10,20.06525536466774,20.06525536466774,19.66525656211964,19.689746856689453,78023700.0
2017-08-11,19.648928294213224,19.787703506155946,19.428520329889736,19.477500915527344,68157400.0
2017-08-14,19.77954260543395,19.991787165968358,19.730563570546146,19.93464469909668,54989500.0
2017-08-15,20.204035332484704,20.285668109877687,19.95913855732148,19.9754638671875,45143200.0
2017-08-16,20.032604921598644,20.0979108223962,19.65709482425106,19.746891021728516,59188900.0
2017-08-17,19.648934358670438,19.730567136246385,19.281589195102274,19.297914505004883,78969300.0
2017-08-18,19.23260890650665,19.510159420560274,19.14281425102983,19.28158950805664,60461200.0
2017-08-21,19.248939878506704,19.29791893348568,18.889756508956683,19.085674285888672,70124800.0
2017-08-22,19.265261985949593,19.50199532399713,19.240771686007147,19.45301628112793,59228600.0
2017-08-23,19.273425636377286,19.567301453918652,19.257098769565065,19.3958740234375,39825500.0
2017-08-24,19.534645247060702,19.542808678782592,19.330564125059677,19.4611759185791,39178700.0
2017-08-25,19.50199556252244,19.648934249942908,19.38771060875795,19.404037475585938,43511900.0
2017-08-28,19.461176024326036,19.51015505790811,19.240768037683594,19.363216400146484,37155000.0
2017-08-29,18.95505831935917,19.34689534516938,18.873427097788802,19.24893569946289,60897200.0
2017-08-30,19.470467511311146,19.724823675810075,19.330982428030367,19.585338592529297,58412900.0
2017-08-31,19.716616676137814,19.724821864398436,19.51149166456119,19.60174560546875,62362400.0
2017-09-01,19.60994891305128,19.839689467376665,19.52789860329368,19.765844345092773,56233900.0
2017-09-05,19.552516816127394,19.552516816127394,19.060216455828222,19.125856399536133,108605400.0
2017-09-06,19.273544752872585,19.347389877843632,19.043804190187156,19.207904815673828,64188900.0
2017-09-07,19.183296402349086,19.20791197484066,18.6663818998671,18.846891403198242,103501200.0
2017-09-08,18.8140688501212,19.06021827122552,18.74842890016139,18.781248092651367,68365000.0
2017-09-11,19.05201238665499,19.207907848988395,18.937142869661844,19.16688346862793,73741000.0
2017-09-12,19.248931660818037,19.71661803400481,19.24072803697208,19.650978088378906,99658500.0
2017-09-13,19.626361743722008,19.979177024339613,19.58533736619983,19.962766647338867,86339800.0
2017-09-14,20.003787411268835,20.13506883857973,19.856098739880462,19.888917922973633,70051000.0
2017-09-15,19.864304835017926,20.028405465852458,19.815075271759405,20.0037899017334,85937600.0
2017-09-18,20.03661489571701,20.323790277983726,20.028409705940252,20.266355514526367,68076400.0
2017-09-19,20.266352710571976,20.504296921257353,20.20071276641949,20.397632598876953,56218100.0
2017-09-20,20.41403918169407,20.70941968061062,20.24173493397911,20.561729431152344,82289900.0
2017-09-21,20.553528052389815,20.742244275548053,20.446863721891535,20.643783569335938,57864000.0
2017-09-22,20.52070640229301,20.569935967012334,20.38942651972172,20.528911590576172,61446000.0
2017-09-25,20.463272540963743,20.578142051974073,20.167892009817507,20.315582275390625,62361700.0
2017-09-26,20.37302354170551,20.479687898162933,20.25815399398518,20.356613159179688,53012700.0
2017-09-27,20.766860947175736,21.037625967831065,20.660196602969712,20.84891128540039,92877400.0
2017-09-28,20.996592890913742,21.037617260556445,20.791467912741453,20.881723403930664,64991400.0
2017-09-29,20.848910059907755,20.906344823795003,20.766859726505995,20.791475296020508,66232600.0
2017-10-02,20.889935864832243,21.04583135239996,20.832501097038886,21.021217346191406,54001400.0
2017-10-03,21.12787651179134,21.275566772755948,21.021212192750045,21.21813201904297,55946900.0
2017-10-04,21.218134717605466,21.291979857479536,21.08685481671376,21.09505844116211,53402800.0
2017-10-05,21.144285897592205,21.52171515571976,21.054030394570574,21.439664840698242,62636900.0
2017-10-06,21.538123177612366,21.579147548149386,21.36581894338159,21.50530242919922,53900600.0
2017-10-09,21.546325687720216,21.55453087380406,21.136075773403334,21.20992088317871,55172500.0
2017-10-10,21.19351768479047,21.291978386145278,21.09505698343566,21.27556800842285,46133800.0
2017-10-11,21.27556800856947,21.27556800856947,21.04582741539317,21.193517684936523,51652300.0
2017-10-12,21.226333429859285,21.275562986426404,20.791467912741453,20.881723403930664,71770000.0
2017-10-13,20.824292011078146,21.333002765618605,20.610963360604146,21.193517684936523,104196900.0
2017-10-16,21.226332682685396,21.60376187804667,21.226332682685396,21.529916763305664,71927200.0
2017-10-17,21.636595492624352,21.68582507673712,21.423265208162004,21.49711036682129,48644400.0
2017-10-18,21.611969569299866,21.784273813677707,21.603764381713372,21.726839065551758,55382500.0
2017-10-19,21.49710572570978,21.81710030082803,21.456079776989537,21.808895111083984,54542700.0
2017-10-20,22.18632349886743,22.30119301230005,22.071452420455064,22.292987823486328,83764700.0
2017-10-23,22.33401006551132,22.50631588415265,22.22734575109876,22.284780502319336,69607700.0
2017-10-24,22.44067043939628,22.842715164283824,22.43246525338071,22.711435317993164,90346500.0
2017-10-25,22.88375185672871,22.90836742803568,22.432477337627965,22.670421600341797,81265300.0
2017-10-26,22.719649142252702,22.957593367256155,22.71144395311744,22.76067352294922,55342500.0
2017-10-27,22.7114392571593,22.941178245525226,22.662209697506523,22.809898376464844,58856700.0
2017-10-30,22.686820188016256,22.77707567091129,22.530924780737354,22.645795822143555,51357600.0
2017-10-31,22.678622417139373,22.74426236298572,22.432473011460512,22.47349739074707,50311200.0
2017-11-01,22.678623320528427,22.752468458169613,22.448884283404578,22.588369369506836,46527700.0
2017-11-02,22.571955764848514,22.924771024264945,22.383241135619127,22.86733627319336,59692000.0
2017-11-03,22.752462179489754,22.82630729675293,22.66220825337428,22.82630729675293,37816100.0
2017-11-06,22.760673747551344,22.826313696301394,22.662214606916187,22.768878936767578,37261000.0
2017-11-07,22.760678700590066,22.785294273595458,22.169919033282163,22.301198959350586,68342100.0
2017-11-08,22.120686623343904,22.120686623343904,21.735052058174745,21.981203079223633,83128200.0
2017-11-09,21.73504638671875,21.87453145942242,21.431462241115252,21.73504638671875,95448600.0
2017-11-10,21.81709715787188,21.940171856342698,21.710431271545396,21.75145721435547,61105300.0
2017-11-13,21.546333865585556,21.72684333300445,21.44787316018809,21.661203384399414,55902200.0
2017-11-14,21.54632713657685,21.620172251317854,21.398636907094847,21.529916763305664,61596800.0
2017-11-15,21.324801921406674,22.096072616725067,21.177111621773356,21.981203079223633,98274900.0
2017-11-16,22.07965964400815,22.194529168026513,21.94017455128019,21.956584930419922,54565200.0
2017-11-17,21.75146124044909,21.931970727285766,21.694026474863783,21.841716766357422,48420700.0
2017-11-20,21.940176010131836,22.02222634630633,21.776076902762846,21.940176010131836,46328800.0
2017-11-21,21.989407273899335,22.03863841837134,21.899153305660885,21.93197250366211,57749100.0
2017-11-22,21.96478821203363,22.0714525372168,21.817097942564814,21.87453269958496,38103200.0
2017-11-24,21.923759112689503,21.940169488042137,21.80068442750381,21.817094802856445,14273600.0
2017-11-27,21.759660054101754,22.08785973625678,21.75145486642544,21.817094802856445,44828600.0
2017-11-28,21.841714252296835,22.727854334280746,21.80068830661529,22.67862319946289,99765000.0
2017-11-29,22.990414660745802,23.37604916923103,22.84272438282129,23.203744888305664,119728400.0
2017-11-30,23.58278180082503,23.66518019797603,23.13782291229593,23.21198272705078,122131900.0
2017-12-01,23.27790176109366,23.49214104554581,22.659904369206217,23.1543025970459,137774800.0
2017-12-04,23.772298788929913,24.15133641576273,23.74757832870877,23.945337295532227,145661700.0
2017-12-05,23.978300073580545,24.143098441651464,23.772300934755368,23.838220596313477,91349800.0
2017-12-06,23.673420144304348,23.8711791246992,23.541580824041116,23.599260330200195,74593800.0
2017-12-07,23.80526296864958,23.871182638484424,23.376785900547528,23.714624404907227,80706100.0
2017-12-08,23.91238437658225,23.970063893552496,23.698145048086356,23.937103271484375,60991300.0
2017-12-11,23.920625896687994,24.03598493720932,23.813505440504713,23.846466064453125,54001900.0
2017-12-12,24.159578323364258,24.30789795216328,23.821739867388118,24.159578323364258,76017200.0
2017-12-13,24.15133297717574,24.258453384567346,23.755815099841353,23.764055252075195,79980600.0
2017-12-14,23.945338744687234,24.044219019907406,23.656939644581104,23.673419952392578,60615800.0
2017-12-15,23.821743080521042,24.04422255372813,23.68166358683312,23.928863525390625,129859400.0
2017-12-18,24.134856071513852,24.307894566579602,24.118375765798508,24.291414260864258,70548600.0
2017-12-19,24.39029992155196,24.423258968628666,24.20078107882669,24.266700744628906,67984100.0
2017-12-20,24.52213382593371,24.588053477146634,24.266695373939697,24.291414260864258,81271200.0
2017-12-21,24.382056348639157,24.7034144779162,24.373816195113005,24.571575164794922,72953200.0
2017-12-22,24.703413602048848,24.744614368218826,24.406775943867647,24.621013641357422,54203000.0
2017-12-26,24.50565747102395,24.670457411449554,24.373818147342952,24.538618087768555,42371200.0
2017-12-27,24.43973794198341,24.497417449951172,24.39029858824657,24.497417449951172,35111800.0
2017-12-28,24.497419973395438,24.571579797464153,24.43974045948619,24.555099487304688,37914900.0
2017-12-29,24.596293913430603,24.621012800640003,24.32437515258789,24.32437515258789,40672000.0
2018-01-02,24.51389777797709,24.637496948242188,24.398538761949496,24.637496948242188,57121600.0
2018-01-03,24.637499466453136,24.670460086772067,24.464460924725387,24.555099487304688,57865700.0
2018-01-04,24.69517696072469,25.082456359554985,24.621017142720966,24.87645721435547,76512500.0
2018-01-05,25.024770454169477,25.065969644019596,24.76109029552434,24.991809844970703,56445200.0
2018-01-08,24.909413722935707,24.9423743372015,24.76109410203681,24.818775177001953,42914800.0
2018-01-09,24.884693774894888,25.16485269763737,24.82701270238442,24.942373275756836,69479100.0
2018-01-10,25.024773841899737,25.321411506604292,24.975332921408512,25.173091888427734,63532800.0
2018-01-11,25.26373291015625,25.288453371288195,25.090694397178492,25.26373291015625,59318300.0
2018-01-12,25.445014631167762,25.70869486661383,25.354376072767955,25.700454711914062,66371600.0
2018-01-16,26.15364786418176,26.19484863082051,25.56861112274844,25.741649627685547,104467900.0
2018-01-17,25.543897218500913,25.782857011388064,25.0000595324841,25.692216873168945,124382900.0
2018-01-18,25.81581009620136,26.128928072420816,25.716929825388142,25.939409255981445,76463800.0
2018-01-19,26.021817470851627,26.153656825974505,25.922937168684925,26.137176513671875,66491000.0
2018-01-22,26.095965802609353,26.318445205688477,26.02180600158298,26.318445205688477,53848800.0
2018-01-23,26.25253398355865,26.475013458047865,26.194854469057493,26.301973342895508,56531400.0
2018-01-24,26.37612969726919,26.540929645393373,26.21957147536488,26.44205093383789,81585000.0
2018-01-25,26.565651680755415,26.573890263677722,26.310211603998056,26.44205093383789,62265800.0
2018-01-26,26.458532133579173,26.532691955566406,26.326692799301604,26.532691955566406,52699900.0
2018-01-29,26.573891031537666,26.738690984423787,26.516211519522173,26.598609924316406,59126500.0
2018-01-30,26.326691625189962,26.532690772267664,26.244291652029126,26.269010543823242,60555800.0
2018-01-31,26.409092423489255,26.60685300568275,26.326694014499026,26.36789321899414,65734100.0
2018-02-01,26.367891751802883,26.779890060424805,26.334931132721696,26.779890060424805,62367400.0
2018-02-02,26.730445290662857,26.919964108199544,26.252528955852338,26.326688766479492,96971900.0
2018-02-05,25.642774924418028,26.351410932826916,24.019500613974166,24.93413734436035,155908300.0
2018-02-06,24.23374339065838,25.78285810317944,24.143103248601047,25.708698272705078,165878400.0
2018-02-07,25.642774324337953,26.153651325074026,25.42853502441198,25.749893188476562,101180500.0
2018-02-08,25.79933353546796,25.85701304696445,24.49741894865851,24.505659103393555,128981300.0
2018-02-09,24.85997055147231,25.22252939441707,24.003013572084395,24.991809844970703,143071100.0
2018-02-12,25.230772533348055,25.90644938542102,25.16485287879578,25.642770767211914,95055100.0
2018-02-13,25.57685784027112,25.87349557795823,25.346138202826523,25.692216873168945,76727300.0
2018-02-14,25.683976051492436,26.392612113031646,25.593335915624493,26.36789321899414,97251500.0
2018-02-15,26.68924559811066,26.75516682557445,26.26076862113597,26.540925979614258,68117400.0
2018-02-16,26.36788681099714,26.582124508285787,26.301967156835588,26.34316635131836,62137800.0
2018-02-20,26.334930073308293,26.49973001878694,26.16189154503959,26.310211181640625,58573900.0
2018-02-21,26.203089718917845,26.672767501986097,26.17837082821869,26.260770797729492,72210300.0
2018-02-22,26.3596460430766,26.483245195291175,26.030047779954916,26.11244773864746,64749700.0
2018-02-23,26.203089812182817,26.417330676662665,26.170130767250402,26.392608642578125,53626300.0
2018-02-26,26.507971019511942,26.730450494707046,26.4090923005245,26.713970184326172,61796300.0
2018-02-27,26.631568836204146,27.068286011551436,26.631568836204146,26.63981056213379,69235500.0
2018-02-28,26.77164814634537,27.00236616461221,26.442048283137954,26.450286865234375,72044000.0
2018-03-01,26.524727402681943,26.75631116833854,25.937495336857186,26.036745071411133,90547100.0
2018-03-02,25.738994816435074,26.210435009070093,25.33372006315804,26.160808563232422,82739100.0
2018-03-05,25.929222718051285,26.75630957439818,25.780346547543207,26.574352264404297,70543100.0
2018-03-06,26.714957413252485,26.7314995615504,26.425477705769392,26.557811737060547,50832600.0
2018-03-07,26.21870342888187,26.65705927991074,26.11945212480128,26.615705490112305,52763900.0
2018-03-08,26.623980993968953,26.69014959665151,26.309688018958393,26.632253646850586,53139800.0
2018-03-09,26.855569527162853,27.07061118833866,26.7976735739581,27.062341690063477,73905800.0
2018-03-12,27.037527918998634,27.33528034977678,26.996174115855656,27.161592483520508,60322800.0
2018-03-13,27.26910806281127,27.285650210942002,26.71495714325429,26.764583587646484,63347500.0
2018-03-14,26.921724806200114,26.921724806200114,26.408930919393036,26.582618713378906,58011400.0
2018-03-15,26.706690318807688,26.748044115725996,26.408937932847934,26.549541473388672,41964200.0
2018-03-16,26.55781384005804,26.93827381576055,26.533002193192527,26.607437133789062,83447600.0
2018-03-19,26.57435713714981,26.648795236053022,26.202166642633763,26.450292587280273,57363200.0
2018-03-20,26.516461188568712,26.632253085730913,26.36758341321601,26.450292587280273,44784500.0
2018-03-21,26.46683478704576,26.839025282257104,26.202166691582708,26.35931396484375,64546300.0
2018-03-22,26.003661212601415,26.04501500392857,25.160030618140933,25.26755142211914,110271900.0
2018-03-23,25.38335200503597,25.399892579683797,24.026925498487184,24.126176834106445,115740200.0
2018-03-26,24.72167695251156,25.275826359755555,24.523175884213956,25.176576614379883,83297000.0
2018-03-27,25.35026057191704,25.36680271945952,24.159252767140735,24.415651321411133,85821800.0
2018-03-28,24.638968856280236,24.779572396446124,23.993839214269425,24.30813217163086,79396100.0
2018-03-29,24.45700699418189,24.92844719258803,24.24196379222457,24.804384231567383,65678300.0
2018-04-02,24.647239469298523,24.862282693036374,23.77879707664815,24.241966247558594,86644200.0
2018-04-03,24.432200807474732,24.52317949119294,24.068281339962425,24.473554611206055,69698700.0
2018-04-04,23.985564664259076,24.787839879940147,23.944210873442543,24.713401794433594,66640800.0
2018-04-05,24.96152822739944,25.26755005274599,24.91190336498707,25.077320098876953,55765500.0
2018-04-06,24.820930231965676,25.05251561867427,24.291594008113325,24.506635665893555,79687600.0
2018-04-09,24.663774259528218,25.333715379004783,24.614149400412206,24.705129623413086,65917500.0
2018-04-10,25.20965576171875,25.292364922832714,25.002883647706856,25.20965576171875,60540500.0
2018-04-11,24.936716340703192,25.011154427074672,24.721673155357365,24.729944229125977,62211500.0
2018-04-12,24.994619029907145,25.474330395221497,24.95326522744157,25.35026741027832,57989100.0
2018-04-13,25.747261484141102,25.780345777730986,24.44873293411125,24.647233963012695,99254500.0
2018-04-16,24.878819876306544,25.118676277891264,24.374295429901434,24.754756927490234,110588900.0
2018-04-17,24.953260175795418,25.118678507262615,24.71340375292259,24.845739364624023,83475900.0
2018-04-18,24.837463855008636,24.99460950653985,24.399106459181418,24.423919677734375,79743200.0
2018-04-19,24.440467792439655,25.01115937500495,24.432198294581116,24.96153450012207,80902600.0
2018-04-20,25.027698516845703,25.251012793290084,24.92017612705568,25.027698516845703,65554600.0
2018-04-23,25.035966309790965,25.143487107942093,24.91190336498707,25.077320098876953,50686300.0
2018-04-24,25.1931174822805,25.523954177534893,24.812657491302737,24.969804763793945,81486800.0
2018-04-25,24.887093928016625,25.09386605996921,24.647237497729467,24.928447723388672,65893500.0
2018-04-26,24.845736605608455,25.044237634798705,24.804381238560932,24.870548248291016,45936700.0
2018-04-27,24.804385850344655,24.986344766546818,24.78784370045003,24.93671989440918,47411200.0
2018-04-30,25.03596407957366,25.168298085915552,24.746482849121094,24.746482849121094,55153900.0
2018-05-01,24.746488046551026,24.779570766311867,24.498362126933287,24.77130126953125,52871700.0
2018-05-02,24.7712982129349,24.87054793751686,24.448732664178713,24.465274810791016,68234600.0
2018-05-03,24.407382720474686,24.415653795083912,23.514127170778746,24.150985717773438,110672700.0
2018-05-04,23.977295178545212,24.332943482286698,23.836690071892672,24.233692169189453,58281900.0
2018-05-07,24.349485364906727,24.638966649271847,24.25850512702298,24.514902114868164,46765200.0
2018-05-08,24.622422905080036,24.920173666729987,24.53971374668717,24.754756927490234,65119800.0
2018-05-09,24.895357771711993,25.46604913185602,24.87881562734939,25.408151626586914,72266500.0
2018-05-10,25.317175724520997,25.69763562071501,25.160028491179784,25.54875946044922,54773200.0
2018-05-11,25.56530299263827,25.664554297378395,25.482593834945828,25.57357406616211,42024800.0
2018-05-14,25.67282567959967,25.829971345804307,25.664554605976374,25.73899269104004,41791600.0
2018-05-15,25.573580810879065,25.937500254177497,25.515684858488804,25.821706771850586,64433500.0
2018-05-16,25.788622433717908,25.84651838248727,25.656288385803276,25.68937110900879,43590100.0
2018-05-17,25.672828913279076,25.705911634393274,25.36680546085524,25.48259735107422,45981500.0
2018-05-18,25.44951384650304,25.466055995323988,25.00288529361428,25.027698516845703,58641700.0
2018-05-21,25.242739778341257,25.37507380364337,25.20965548324272,25.26755142211914,34983300.0
2018-05-22,25.308904651445577,25.755531554697065,25.25927979053894,25.54875946044922,61103000.0
2018-05-23,25.399889330248275,25.441244705443356,24.878824223160343,25.176576614379883,73893100.0
2018-05-24,25.14349064399891,25.151761718488498,24.672050440915516,24.986343383789062,62146200.0
2018-05-25,24.820923397273678,24.96979956362419,24.71340102044455,24.94498634338379,44166700.0
2018-05-29,24.614153970611145,24.6472366903158,23.73744060156519,23.952482223510742,135895000.0
2018-05-30,24.22541808788723,24.48181503000869,24.11789572091817,24.39083480834961,79435300.0
2018-05-31,24.249661685144748,24.299489312280937,23.94238788582289,24.11678695678711,97509300.0
2018-06-01,24.490492724607332,24.631672299513163,24.34100828247275,24.41575050354004,64796600.0
2018-06-04,24.540320343988373,24.573539812903373,24.35761801693025,24.41575050354004,43777000.0
2018-06-05,24.34101147040249,24.36592607535179,24.133394514466627,24.183223724365234,47690800.0
2018-06-06,24.32440703267381,24.955561281198342,24.316102163089027,24.94725799560547,74995800.0
2018-06-07,25.08012721460734,25.171477591927225,24.822681066182646,24.9887752532959,68402700.0
2018-06-08,24.92233657836914,24.95555446364164,24.756242400032193,24.92233657836914,49572900.0
2018-06-11,25.02199586943533,25.254527439957442,24.963863372802734,24.963863372802734,46732800.0
2018-06-12,25.055212701158425,25.13825979501275,24.706416174163515,24.83098602294922,49644600.0
2018-06-13,24.897421512190117,25.21300012834782,24.664891567643863,24.781156539916992,68900200.0
2018-06-14,24.94724782649033,24.95555110869858,24.399137745261136,24.498794555664062,77863200.0
2018-06-15,24.291182655791392,24.4240573743687,23.97560559516818,24.316097259521484,105079500.0
2018-06-18,24.033736114966292,24.49879759183608,23.925774424984002,24.41575050354004,52644100.0
2018-06-19,24.116787614499106,24.390841947209697,24.042045379760605,24.299489974975586,65466200.0
2018-06-20,24.432359498646168,24.49879685047424,24.233047443161958,24.282875061035156,52256500.0
2018-06-21,24.25796101079238,24.457274654792702,24.083563552281408,24.324399948120117,68322600.0
2018-06-22,24.46558525396932,24.51541447186567,24.075265884399414,24.075265884399414,76079200.0
2018-06-25,23.967296731652905,24.00881948028918,23.469015828060968,23.651718139648438,73616400.0
2018-06-26,23.68494170145466,23.80951155289598,23.2614029393609,23.70155143737793,56369300.0
2018-06-27,23.6766325721987,23.95899169610919,23.45240592956543,23.45240592956543,61764400.0
2018-06-28,23.58528072639836,23.950686932557005,23.502233645363486,23.809507369995117,71292100.0
2018-06-29,24.158305468804215,24.224742821304538,23.402579990116266,23.410884857177734,102307600.0
2018-07-02,23.319533947370186,23.485628128051758,23.111917013513974,23.485628128051758,52534300.0
2018-07-03,23.52714725171765,23.61019432924685,23.03717123668576,23.070390701293945,40599000.0
2018-07-05,23.211571551749216,23.319531649761174,23.09530500313094,23.186656951904297,44506800.0
2018-07-06,23.0953055130919,23.3776646482703,22.945821078704352,23.27800941467285,39424900.0
2018-07-09,23.444102576357267,24.158305298700448,23.435797709354276,24.125085830688477,61758900.0
2018-07-10,24.26626856254392,24.35762052748441,23.875949266510986,23.942386627197266,58858400.0
2018-07-11,23.809507099534102,24.00881914135894,23.767984351483996,23.817811965942383,50218900.0
2018-07-12,24.000521084819788,24.058653582180874,23.801208986442454,23.892560958862305,51700700.0
2018-07-13,23.76799202429872,23.826124523931796,23.435803596695173,23.709857940673828,75178000.0
2018-07-16,23.900870471065904,24.78947100963158,23.859346119175132,24.731338500976562,129172000.0
2018-07-17,24.822679754568675,25.08012588939009,24.56523520373874,24.92233657836914,87778900.0
2018-07-18,24.847598056800997,25.15487185728587,24.781160692370715,25.021995544433594,59109200.0
2018-07-19,24.855907911922394,24.930650159900143,24.615071427551417,24.639986038208008,59260600.0
2018-07-20,24.59845833618537,25.046910150091843,24.465582023333095,25.021995544433594,80432700.0
2018-07-23,25.030296584226882,25.61992948934518,25.021991716944488,25.536882400512695,74080200.0
2018-07-24,25.619932719446993,25.835854544037783,25.45383852084126,25.603322982788086,64761500.0
2018-07-25,25.49536486781987,25.835856576150412,25.470450260871857,25.802637100219727,57644100.0
2018-07-26,25.902296251339365,25.91890440679233,25.653154911641654,25.694679260253906,46215000.0
2018-07-27,25.73619619867011,25.860766048322663,25.57840687764804,25.794328689575195,57198900.0
2018-07-30,25.86076780801027,26.11821397666717,25.852462939602784,26.0019474029541,58721000.0
2018-07-31,26.043473662828518,26.093301292951026,25.59502023975054,25.644847869873047,64066000.0
2018-08-01,25.927201410964248,26.201255692697362,25.885678658940712,25.952116012573242,69070700.0
2018-08-02,25.727888544104164,26.001942817252143,25.636538175715774,25.97702980041504,46427200.0
2018-08-03,25.893985024310147,26.168039321899414,25.87737528894315,26.168039321899414,50153800.0
2018-08-06,26.11820952554442,26.23447449545167,26.010247838637902,26.176342010498047,41261500.0
2018-08-07,26.20125720864186,26.408874148754684,26.151429586532416,26.168039321899414,43946200.0
2018-08-08,26.168045351417337,26.500232215340482,26.143130742626134,26.40888023376465,43689600.0
2018-08-09,26.350744624173057,26.400573835881257,26.201260157031903,26.24278450012207,38219100.0
2018-08-10,25.935510141355376,26.018557241764068,25.661455818800878,25.902292251586914,55679800.0
2018-08-13,25.810937364715837,25.844156834720405,25.287743384075977,25.31265640258789,63960600.0
2018-08-14,25.420618243744705,25.661453066710457,25.262828928289647,25.57010269165039,42521200.0
2018-08-15,25.312656493609733,25.428923055052298,25.046907068583625,25.213001251220703,59747900.0
2018-08-16,25.379092002481375,25.611623524448635,25.34587411876685,25.511966705322266,44015400.0
2018-08-17,25.462146156746044,25.628240373405177,25.370794179184333,25.528583526611328,39843500.0
2018-08-20,25.487051222302124,25.686363257277208,25.45383175781065,25.63653564453125,40011000.0
2018-08-21,25.66975644468691,25.952115589014706,25.60331909213869,25.7611083984375,53510600.0
2018-08-22,25.6780623941348,25.819241972249692,25.644842924464708,25.727890014648438,33062900.0
2018-08-23,25.694672763621693,25.72789065012076,25.52857857915175,25.61162567138672,38259100.0
2018-08-24,25.694669168729448,25.810934131197076,25.619926954574165,25.65314483642578,43585000.0
2018-08-27,25.76941742351133,26.151431866305415,25.7361979498814,26.0019474029541,47729300.0
2018-08-28,26.04346933658016,26.084992090786002,25.902289754692134,25.968727111816406,38539000.0
2018-08-29,25.943812549687117,26.00194503926331,25.802632967577125,25.86076545715332,46401800.0
2018-08-30,25.761110577608846,25.869070690635425,25.702978087210564,25.752805709838867,47358900.0
2018-08-31,25.644846506721343,25.70298058676459,25.428926259670448,25.686370849609375,49266000.0
2018-09-04,25.66975825311967,25.877375192458388,25.59501602823841,25.86076545715332,44745600.0
2018-09-05,25.80263378520993,25.943813371793613,25.719586690044544,25.893985748291016,48516700.0
2018-09-06,25.910673726998674,25.960743808954092,25.643639656497538,25.743778228759766,42666000.0
2018-09-07,25.868949885311856,25.969088456161025,25.560190750871467,25.75212287902832,49103800.0
2018-09-10,25.768810859321423,25.868949428401894,25.660328868495426,25.71874237060547,34156200.0
2018-09-11,25.6352946428383,25.78550170540734,25.618606207168437,25.743778228759766,53071000.0
2018-09-12,25.768813283604953,25.835571805389602,25.351572124538723,25.39329719543457,59482300.0
2018-09-13,25.476745802723368,25.593572818196375,25.10122812206197,25.151296615600586,59219500.0
2018-09-14,25.142954024419353,25.359919639527195,25.12626558606403,25.343231201171875,33743900.0
2018-09-17,25.318194028213142,25.443366059426314,25.159641939797133,25.268125534057617,35026600.0
2018-09-18,25.309849657334585,25.368263167275792,25.14295255037504,25.2097110748291,49921700.0
2018-09-19,25.142951482198235,26.035848897354416,25.142951482198235,25.86895179748535,92666300.0
2018-09-20,26.119294025950534,26.177709120966746,25.9857769920678,26.027502059936523,83357400.0
2018-09-21,26.152676736101757,26.17771177936535,25.84391756911246,25.89398765563965,85992100.0
2018-09-24,25.8522626474634,26.03584978188623,25.58522855191975,25.651987075805664,45587700.0
2018-09-25,25.743779687658417,25.902331772871833,25.53515910930081,25.59357261657715,40949900.0
2018-09-26,25.626953598339092,25.651988643194283,25.0845403596674,25.142953872680664,57882400.0
2018-09-27,25.234739988816624,25.293153484569117,24.97605096834912,24.98439598083496,45879700.0
2018-09-28,24.742395284435243,24.909292350118303,24.550464773053587,24.583843231201172,74707600.0
2018-10-01,24.767432347744435,24.984397914220725,24.650605347198933,24.74239730834961,53900900.0
2018-10-02,24.683984756469727,24.800811761503883,24.425295706044714,24.683984756469727,42940300.0
2018-10-03,24.875915622733373,25.18467475799019,24.800812092310053,25.034467697143555,61080300.0
2018-10-04,25.176331601722286,25.693711339289845,25.15129655918478,25.39329719543457,72325700.0
2018-10-05,25.535155675443036,25.576879148844284,25.076189509786875,25.226396560668945,51931000.0
2018-10-08,25.076193749825155,25.384952916806157,24.959366731229032,25.259780883789062,47471600.0
2018-10-09,25.05950346563599,25.193020503233267,24.92598642803872,25.017778396606445,58868600.0
2018-10-10,25.017777602491282,25.14294962230943,24.375225884669906,24.40026092529297,88454400.0
2018-10-11,24.10819877604878,24.40861298363662,23.58247550441911,23.665924072265625,111417300.0
2018-10-12,24.191642975828277,24.233368048042138,23.14019503077037,23.749366760253906,102279200.0
2018-10-15,23.774394931163034,23.882878495911175,23.06508482505392,23.29874038696289,114636100.0
2018-10-16,23.565778694151906,23.849502788231348,23.282054600072467,23.80777931213379,87887800.0
2018-10-17,23.674266257905217,24.35854156747176,23.499024127213207,24.116540908813477,79068700.0
2018-10-18,23.92460405285353,24.11653457136412,23.482327926519687,23.574121475219727,77369200.0
2018-10-19,23.48233456764923,23.799438775577126,23.340472493923357,23.63254165649414,64305400.0
2018-10-22,23.632537319513315,23.657572360276063,22.78971004695055,22.84812355041504,89942900.0
2018-10-23,22.0219875811087,22.69791939603298,21.788333553711485,22.547712326049805,102392500.0
2018-10-24,22.414194279485717,22.447572742625397,21.76329753595151,21.855091094970703,86386600.0
2018-10-25,22.013644514754436,22.47261077938338,21.84674899351113,22.188886642456055,73780400.0
2018-10-26,21.971917518489544,22.18053808041658,21.59639987036145,22.02198600769043,91103500.0
2018-10-29,22.272332554545493,22.68122868176995,21.938539960040693,22.20557403564453,89367000.0
2018-10-30,22.33074306481089,22.414191600157814,21.96357046427348,22.34743309020996,79004800.0
2018-10-31,22.61447056785255,23.265365740881087,22.581090511979976,22.94826316833496,92296300.0
2018-11-01,23.17356886949554,23.365499375225,23.040051857540405,23.206947326660156,49827300.0
2018-11-02,23.373844993544473,23.682602494829105,22.964948934872595,23.273706436157227,69010200.0
2018-11-05,23.323779248673777,23.56577827065818,23.2737091682782,23.415571212768555,41103100.0
2018-11-06,23.382196185909716,23.57412674734371,23.14854055134956,23.540746688842773,43514400.0
2018-11-07,23.71598729231654,23.92460786962698,23.48233167273532,23.816125869750977,56679200.0
2018-11-08,23.782747777760527,24.300127552549572,23.72433426595265,24.091506958007812,49421200.0
2018-11-09,23.99136520148142,24.10819220965673,23.682606062041312,23.799434661865234,43270600.0
2018-11-12,23.682606375133847,23.799434976502287,23.065089679738456,23.156883239746094,50307500.0
2018-11-13,23.156880969697134,23.482328517241044,23.106812483532337,23.165225982666016,57423400.0
2018-11-14,23.32377893110134,23.448950947088854,22.34743465976109,22.706260681152344,69213300.0
2018-11-15,22.647850043410426,23.34047031720846,22.430884445496147,23.28205680847168,66174800.0
2018-11-16,23.106814748673123,23.273710249465896,22.881504151371814,23.156883239746094,52456100.0
2018-11-19,23.181918281106896,23.382193837047403,22.981642725166385,23.156883239746094,46000000.0
2018-11-20,22.88150360476537,23.00667562528193,22.5059859515671,22.84812355041504,92330600.0
2018-11-21,23.02336840494226,23.16523046959385,22.73964427563908,22.75633430480957,40364400.0
2018-11-23,22.59778264525998,22.672886186321698,22.430885533645313,22.50598907470703,22974100.0
2018-11-26,22.681228505542695,23.140193120464676,22.61446998716043,22.99833106994629,53210700.0
2018-11-27,22.889849524614743,23.282055628867926,22.856469468942816,23.14853858947754,43617100.0
2018-11-28,23.26536657464432,23.757711274868335,22.998332484688667,23.724332809448242,61388100.0
2018-11-29,23.515710829075,23.657572879882533,23.34046872318399,23.398883819580078,46824600.0
2018-11-30,23.31543398164624,23.891225575094847,23.257020480135388,23.699295043945312,64284600.0
2018-12-03,24.19164195392055,24.23336702437185,23.665918799423668,23.816125869750977,59908700.0
2018-12-04,23.63253383009477,23.63253383009477,22.305707106902517,22.522672653198242,103565700.0
2018-12-06,22.01079709950479,22.086320360355277,21.423395915776766,22.05275535583496,133294200.0
2018-12-07,21.943663888580847,22.27093186189852,21.23038958845734,21.339479446411133,107477600.0
2018-12-10,21.12968771205749,21.171644354318264,20.38284859612119,20.777246475219727,110166900.0
2018-12-11,21.154868595040664,21.314306773420135,20.584250694473916,20.62620735168457,78545000.0
2018-12-12,20.869556603165883,20.970253202151834,20.449983706122723,20.575855255126953,87191800.0
2018-12-13,20.693338735037546,20.82760195728167,20.374463982343723,20.475160598754883,64860100.0
2018-12-14,20.290542854709255,20.869553823665754,20.240194561921886,20.542285919189453,92762600.0
2018-12-17,20.357681329976867,20.919909191294614,20.273766413256745,20.53390121459961,98602800.0
2018-12-18,20.701731048039857,21.05417241782925,20.399637988064974,20.53390121459961,89046300.0
2018-12-19,20.517121961314494,21.18004652141056,20.198245559814836,20.290552139282227,121887600.0
2018-12-20,20.01363336111388,20.500337999976097,19.93811008951939,20.2318115234375,112594000.0
2018-12-21,20.063983639171468,20.567471632234263,19.518538980246863,19.6108455657959,160800400.0
2018-12-24,19.09896455460218,19.47657932200602,19.01504962833107,19.073789596557617,64859100.0
2018-12-26,19.224835635873713,20.29055149011231,19.04022408338944,20.2318115234375,100877800.0
2018-12-27,19.95489117523708,20.449987411499023,19.6276231678754,20.449987411499023,91575400.0
2018-12-28,20.634601933229014,20.768865176020366,20.357683794903842,20.466772079467773,78693800.0
2018-12-31,20.617813771378824,20.95347179929557,20.449985557692315,20.67655372619629,56257300.0
2019-01-02,20.206632154215626,21.096126313676827,20.14789220036588,20.945079803466797,71836300.0
2019-01-03,20.928302893076676,21.012217818016783,20.51712152146863,20.609426498413086,66599600.0
2019-01-04,21.062559603196163,21.524089146472683,21.003819654111176,21.465349197387695,83829100.0
2019-01-07,21.448564529418945,21.633177615389055,21.22199639747736,21.448564529418945,57016300.0
2019-01-08,21.582832269409106,21.64157382767587,21.054171049358683,21.406612396240234,67339400.0
2019-01-09,21.540876501817202,21.691923028212095,21.305915060698045,21.61639976501465,69707200.0
2019-01-10,21.448566006973955,21.633179105661743,21.33108610820433,21.59122085571289,65235800.0
2019-01-11,21.42339691480462,21.85136154606654,21.36465535320311,21.84296989440918,63476000.0
2019-01-14,21.624790857513894,22.22058369562081,21.490527637643495,22.128278732299805,76715400.0
2019-01-15,21.994010070652113,22.49749785750435,21.859746874230655,22.279319763183594,80625500.0
2019-01-16,23.605176839409417,24.100273119274934,23.378608630412803,23.87370491027832,163131700.0
2019-01-17,23.78139493217314,24.335231098086076,23.571608457189637,24.326839447021484,107428800.0
2019-01-18,24.352017150832122,24.721240236116163,24.091880740078047,24.586977005004883,97928200.0
2019-01-22,24.318446693141322,24.586973112855812,24.24292343752866,24.41075325012207,84861400.0
2019-01-23,24.51984388123838,24.57019379021607,24.0163575958124,24.26810073852539,79425900.0
2019-01-24,24.12543908208519,24.50305529054389,24.11704743294795,24.40235710144043,59492300.0
2019-01-25,24.570194411951938,24.939417483868137,24.45271288857505,24.821937561035156,72182100.0
2019-01-28,24.603756828155564,24.897458204863387,24.57858347622364,24.8638916015625,59963800.0
2019-01-29,24.788373561668315,24.922636793372433,24.62054372176618,24.662500381469727,51451900.0
2019-01-30,24.687669937466175,24.729626587992176,24.293271980673474,24.39396858215332,66475800.0
2019-01-31,24.125443364774775,24.200966619873217,23.479300671396405,23.89048194885254,100201200.0
2019-02-01,23.9995755284201,24.20097037306793,23.756222424130673,23.81496238708496,64244100.0
2019-02-04,23.890483612986536,24.310056570295675,23.848526957473148,24.234533309936523,55195900.0
2019-02-05,24.20936137556312,24.234534730128836,23.974399929505015,24.15062141418457,46622600.0
2019-02-06,24.0583114417117,24.251314601943573,23.94922318609394,24.108659744262695,35606900.0
2019-02-07,23.949225897741595,24.033139211313095,23.4121714077296,23.697481155395508,62289200.0
2019-02-08,23.62195369681187,23.76460854530525,23.378602249701746,23.73943519592285,50031300.0
2019-02-11,23.781393713094932,23.8820903196206,23.67230385539114,23.840133666992188,47724400.0
2019-02-12,24.016354271223737,24.21774907762378,23.98278766988524,24.07509422302246,49178100.0
2019-02-13,24.226143334304172,24.326839948065714,24.049921859405742,24.08348846435547,48951200.0
2019-02-14,23.79818136510762,24.01635951985847,23.588394862525345,23.823354721069336,47756600.0
2019-02-15,24.133836529893056,24.595366139529684,24.058313270055237,24.42753791809082,65867000.0
2019-02-19,24.27649623850881,24.553414379609723,24.12544968871847,24.444324493408203,40841300.0
2019-02-20,24.41915022370372,24.71285165949151,24.34362695162846,24.679285049438477,42806300.0
2019-02-21,24.612147765455948,24.71284597189556,24.427536254284306,24.578582763671875,42754100.0
2019-02-22,24.377182154028713,24.56179523396115,24.301658912336972,24.40235710144043,47887800.0
2019-02-25,24.435932237788027,24.830330281810873,24.435932237788027,24.561803817749023,61227400.0
2019-02-26,24.35201299959052,24.863890880739437,24.301663096098867,24.578582763671875,53153200.0
2019-02-27,24.586973034431995,24.897457706576358,24.511449779060225,24.779977798461914,48128600.0
2019-02-28,24.881183854831615,24.92335470940466,24.467903366898856,24.52694320678711,62358100.0
2019-03-01,24.73781053560331,25.007707973128163,24.63659819217368,24.7209415435791,45771500.0
2019-03-04,24.737805848116636,24.91492701337747,24.26548542194661,24.484777450561523,56893200.0
2019-03-05,24.476337859556462,24.619721017305785,24.206440529373022,24.52694320678711,39932500.0
2019-03-06,24.467910942621963,24.594425154227242,24.290789759402184,24.324527740478516,41672000.0
2019-03-07,24.181147420429312,24.223318293085494,23.835341116758478,24.07993507385254,53908600.0
2019-03-08,23.66664654712335,24.181139387946185,23.62447568847547,24.164270401000977,40860700.0
2019-03-11,24.206449531453888,24.51008333647044,24.206449531453888,24.408872604370117,40709300.0
2019-03-12,24.459477970420277,24.560690311236183,24.366700125398662,24.408872604370117,34450000.0
2019-03-13,24.501642600150003,24.889621264291964,24.4426027533429,24.70406723022461,54683300.0
2019-03-14,24.72093606165216,24.999267933468357,24.66189621137528,24.847450256347656,45219100.0
2019-03-15,24.830586667873668,24.97396987274415,24.67876896757368,24.712505340576172,82346200.0
2019-03-18,24.779977090933954,25.269166513422846,24.7378062269341,25.151086807250977,58568600.0
2019-03-19,25.311341082310342,25.420986303019497,24.9149294582505,25.007705688476562,55455100.0
2019-03-20,24.98240272179252,25.016139092571727,24.122103549264736,24.155839920043945,81689900.0
2019-03-21,23.995590776334588,24.12210498956257,23.649784509444206,23.767864227294922,77444400.0
2019-03-22,23.540138552000805,23.675087265614977,22.52802159117894,22.781051635742188,118851600.0
2019-03-25,22.696706558890572,23.09311817385061,22.443678142314454,22.637666702270508,65568000.0
2019-03-26,22.899126472153103,23.06781313253714,22.671399963249225,22.949731826782227,59878500.0
2019-03-27,22.848521768424266,23.084682777946536,22.730442068020764,22.797916412353516,57621700.0
2019-03-28,22.941300073424067,23.118419627721863,22.7894823933315,23.050945281982422,45872300.0
2019-03-29,23.236502801424592,23.3461496350762,23.025645238403623,23.270240783691406,83446300.0
2019-04-01,23.531702444647475,24.24018394695647,23.489531577799625,24.07149887084961,91751100.0
2019-04-02,24.012459140758974,24.34983253479004,23.91124840952211,24.34983253479004,66694000.0
2019-04-03,24.51851630552098,24.661899507664426,24.20644802414232,24.324527740478516,63110600.0
2019-04-04,24.33296248001116,24.720939613990748,24.324527984657408,24.58599090576172,53712100.0
2019-04-05,24.729366204424686,24.881183854831615,24.44259988892604,24.52694320678711,46383400.0
2019-04-08,24.366700346185695,24.62816489203109,24.34983296315986,24.602861404418945,35272800.0
2019-04-09,24.4594751457085,24.518515000734713,24.240183106528715,24.366697311401367,40535300.0
2019-04-10,24.375131440815046,24.585988982013646,24.248617237838964,24.51851463317871,42669700.0
2019-04-11,24.670332320236163,24.87275536674097,24.451040284343772,24.51851463317871,50440100.0
2019-04-12,24.93179799724212,25.488461839298274,24.93179799724212,25.446290969848633,100192000.0
2019-04-15,25.387241655163766,25.42097801641727,25.016132029085536,25.167949676513672,57438800.0
2019-04-16,24.71250689127515,25.34507960974174,24.45947844737476,25.201696395874023,105168400.0
2019-04-17,25.15952034894963,25.404115855288396,24.847450497537288,25.32820701599121,94831600.0
2019-04-18,25.260732670917637,25.437852223467544,25.151085854726023,25.32820701599121,61796600.0
2019-04-22,25.24386108974488,25.38724425938916,25.117346906815246,25.34507179260254,34763400.0
2019-04-23,25.29447175364226,25.48002582032902,25.235431896456266,25.36194610595703,41889700.0
2019-04-24,25.260730966122793,25.446285000373646,25.17638763829416,25.31977081298828,40078100.0
2019-04-25,25.226997202980357,25.572803456964092,25.218562707917894,25.370380401611328,43243800.0
2019-04-26,25.446290589929056,25.63184466493889,25.34507825255927,25.598108291625977,40627500.0
2019-04-29,25.665584186869836,26.28972241340371,25.6487151948435,25.952350616455078,68408600.0
2019-04-30,25.977647326194894,26.045121672157144,25.648710090718353,25.79209327697754,47764200.0
2019-05-01,25.775224210455384,26.05355608779838,25.454721470281594,25.52219581604004,56161000.0
2019-05-02,25.522193981668067,25.775222357897352,25.42941615965025,25.72461700439453,40634100.0
2019-05-03,25.859568256492057,25.977647962640084,25.724619561261356,25.9017391204834,35256100.0
2019-05-06,25.395678495866203,25.817393507176025,25.36194052277817,25.699312210083008,39882000.0
2019-05-07,25.437850880983152,25.44628537476163,24.99083236301509,25.235427856445312,58528400.0
2019-05-08,25.07518026479038,25.395684651958817,25.024574901606336,25.134220123291016,39903400.0
2019-05-09,24.81371186505269,25.117347194534034,24.69563217412778,25.058305740356445,44173500.0
2019-05-10,24.847453285571845,25.058310838675673,24.61972835084346,24.948665618896484,59649900.0
2019-05-13,24.425735084944716,24.459473061350593,23.65821381757887,23.826900482177734,72547000.0
2019-05-14,23.91968118918262,24.451041511843872,23.793165371139768,24.138973236083984,52216100.0
2019-05-15,23.700387394167297,24.02932463589958,23.62447855242672,23.860639572143555,51973200.0
2019-05-16,24.00402351859176,24.316093410811217,23.978721641327677,24.113670349121094,42791500.0
2019-05-17,23.82689882435461,24.155836027848892,23.801595343810764,23.953413009643555,43772500.0
2019-05-20,23.953413009643555,24.054625323103796,23.818464330839998,23.953413009643555,41717600.0
2019-05-21,24.09679717334252,24.24861484542133,23.99558646443345,24.198009490966797,39258700.0
2019-05-22,24.046194474815938,24.147405194903836,23.911245775555148,24.029325485229492,29177600.0
2019-05-23,23.725688234249837,23.784729693140726,23.19432797395397,23.413619995117188,59772900.0
2019-05-24,23.557006669009787,23.835338581597547,23.49796681008443,23.767864227294922,35524400.0
2019-05-28,23.658220083924547,23.826906793203413,23.51483686365222,23.531705856323242,44273400.0
2019-05-29,23.219635437689995,23.489532861179516,23.093119612803182,23.405189514160156,49818900.0
2019-05-30,23.422055151155618,23.557003843575075,22.755744574708658,22.907562255859375,58649300.0
2019-05-31,22.350900264956532,22.66297014630204,22.334031274891277,22.435243606567383,68304200.0
2019-06-03,22.426805323348287,22.764177024089662,22.266553162227947,22.502714157104492,50109900.0
2019-06-04,22.92442878070011,23.573870298614604,22.89069080686371,23.548566818237305,58426400.0
2019-06-05,23.481094579153243,23.624477763350185,23.16059023390583,23.54013442993164,44874400.0
2019-06-06,23.540133882265753,23.777570971473843,23.35357720907873,23.641891479492188,38633600.0
2019-06-07,23.53165710209525,23.565577384183875,23.251821244496387,23.34510040283203,51317200.0
2019-06-10,23.624936219468093,24.142207581158154,23.607976078453188,23.80301284790039,48305800.0
2019-06-11,24.065888007109404,24.337245404844417,23.862371171864172,23.94717025756836,38691800.0
2019-06-12,23.913254638235216,23.972613520562984,23.624938680578992,23.701257705688477,33528900.0
2019-06-13,23.718210502241075,23.879328584934953,23.582532627575024,23.692771911621094,33404200.0
2019-06-14,23.667337137178215,23.88781413847997,23.557099445231447,23.777576446533203,37322100.0
2019-06-17,23.752128864113107,23.930205453723314,23.565572205844173,23.684289932250977,33410100.0
2019-06-18,23.760614358486617,24.422043690827266,23.599496251994985,24.269407272338867,60170700.0
2019-06-19,24.337247057820704,24.566202502142136,23.998050691965865,24.015010833740234,61953500.0
2019-06-20,24.243964325079176,24.26092446435584,23.61645372851377,23.97260856628418,60887200.0
2019-06-21,23.90476634788085,24.210040725950773,23.81148721206099,23.845407485961914,69444000.0
2019-06-24,23.811495109875153,24.06589077887951,23.650376990221346,23.726696014404297,40046400.0
2019-06-25,23.760609460382618,23.760609460382618,23.21789637602675,23.540132522583008,46901300.0
2019-06-26,23.692773812974686,23.896290641306063,23.616454800174424,23.667333602905273,42312300.0
2019-06-27,23.811494260856794,24.01501111228536,23.794534118885704,23.92173194885254,35575600.0
2019-06-28,24.600124358538746,24.82060136347768,24.36268721074107,24.591644287109375,101856900.0
2019-07-01,24.99868231724622,25.31243854454393,24.803645493000673,24.947803497314453,48029900.0
2019-07-02,24.87995775157338,24.95627676937762,24.532282944868747,24.718839645385742,32263500.0
2019-07-03,24.7527563714658,24.795155100862015,24.53227942030821,24.634037017822266,26642300.0
2019-07-05,24.89691761772014,25.07499424569095,24.71883937234126,24.812118530273438,33092000.0
2019-07-08,24.60012379419637,24.84603939037372,24.540764912960743,24.761241912841797,30924400.0
2019-07-09,24.56620106587726,24.947796146449896,24.540762472111115,24.888437271118164,28750100.0
2019-07-10,24.73580035057515,24.93083712611856,24.55772209916864,24.60860252380371,40574800.0
2019-07-11,24.676442255630956,25.01563701025447,24.617083375747864,24.89691925048828,37376800.0
2019-07-12,24.964754106984934,25.04107311643429,24.896915167186386,24.973234176635742,29632900.0
2019-07-15,25.01563343787197,25.04107364736378,24.659478592026286,24.778196334838867,46462100.0
2019-07-16,24.735800346804968,24.761240559118626,24.472924622529646,24.583162307739258,54920400.0
2019-07-17,24.676440915649646,25.117394881419592,24.59164182724649,24.75275993347168,84958300.0
2019-07-18,24.82907784088667,25.083473477310964,24.7442787562759,24.998674392700195,49468800.0
2019-07-19,25.049555090606596,25.1089139652674,24.913875583285854,24.930835723876953,44863200.0
2019-07-22,24.837561418690605,25.10891723383998,24.829081347291158,25.074996948242188,31224300.0
2019-07-23,25.227630883208978,25.67706488961369,25.18523215053652,25.65162467956543,64030300.0
2019-07-24,25.49898531532823,26.075617106883602,25.47354672402354,26.00777816772461,53171900.0
2019-07-25,26.06713426543926,26.194332060660685,25.617700330421997,25.72793960571289,43251900.0
2019-07-26,25.922986405519204,26.27914134097144,25.795788560873767,26.09258460998535,46978800.0
2019-07-29,26.050179364699815,26.160418662150978,25.85514259832689,25.880582809448242,39176700.0
2019-07-30,25.617702256557084,26.202814099458088,25.566823458124603,26.194334030151367,37598300.0
2019-07-31,26.143457965179174,26.338494727402527,25.939941132762453,26.016260147094727,60607600.0
2019-08-01,25.90602285578908,26.346976835503238,24.89691868584584,25.007156372070312,76913400.0
2019-08-02,24.89691515060294,25.01563289081935,24.515320103610332,24.91387367248535,57492300.0
2019-08-05,24.193093819486673,24.2863713826736,23.497742427406852,23.811498641967773,96207700.0
2019-08-06,24.091325762462315,24.159164700629372,23.4807753189588,24.09980583190918,65115800.0
2019-08-07,23.412937967886478,23.684293738949123,22.997424241270807,23.650373458862305,75388500.0
2019-08-08,23.83693580609544,24.159170434515474,23.803015520257407,24.06589126586914,53141900.0
2019-08-09,23.972612097844348,24.18460901780956,23.718214823441205,24.02349090576172,53499600.0
2019-08-12,23.599493561143152,23.616453700399624,23.285737454530008,23.43837547302246,55674700.0
2019-08-13,23.37902202478582,23.95565395396753,23.217903899300747,23.5062198638916,69919200.0
2019-08-14,22.844789292704586,22.96350705418282,22.285117535152622,22.40383529663086,106591700.0
2019-08-15,22.539509910192074,22.751506806118414,22.22575379256159,22.259674072265625,70192000.0
2019-08-16,22.497112521330536,22.9974253549843,22.42079350484721,22.921106338500977,70841700.0
2019-08-19,23.438380719099072,23.489261148256762,23.01438684723457,23.12462615966797,44964800.0
2019-08-20,22.91262709784086,22.94654576339066,22.641271303810015,22.65822982788086,47665000.0
2019-08-21,22.836307525634766,22.963505348830736,22.717589772972932,22.836307525634766,47785400.0
2019-08-22,22.97198839193839,23.15006504397424,22.861749078137667,23.056787490844727,49353700.0
2019-08-23,22.853269073035996,23.082224521914863,22.268157109438512,22.44623374938965,81880700.0
2019-08-26,22.64126940982827,22.726066875313364,22.46319117401201,22.709108352661133,41499100.0
2019-08-27,22.776950050940318,22.81086871775608,22.285117251550478,22.44623374938965,52517000.0
2019-08-28,22.234239453683493,22.963509476628595,22.225759381625018,22.76847267150879,45897900.0
2019-08-29,22.895663144224798,23.277258176925017,22.8278242070123,23.175498962402344,55432900.0
2019-08-30,23.31965828161271,23.48077637352353,23.192460469012772,23.32813835144043,41326200.0
2019-09-03,23.07374054697048,23.090700686212934,22.56494930896017,22.93806266784668,50743100.0
2019-09-04,23.167020255169216,23.387497218424645,23.031342372767096,23.31117820739746,40862500.0
2019-09-05,23.772110734914254,24.267185141511245,23.729430924304328,24.00257682800293,63413700.0
2019-09-06,23.917215719464068,23.97696581846678,23.53310561434934,23.669677734375,56054100.0
2019-09-09,23.900144200357552,24.625684617767746,23.874536316895504,24.437896728515625,68629300.0
2019-09-10,24.659830747876743,25.05247688293457,24.591544675875607,25.05247688293457,71066200.0
2019-09-11,25.06954382087654,25.15490017284677,24.66836180311702,25.146364212036133,53982200.0
2019-09-12,24.94151424341839,25.43658873685565,24.67690588349552,25.325624465942383,72943900.0
2019-09-13,25.60730277449367,25.88044707693065,25.496338512154324,25.752410888671875,79657000.0
2019-09-16,25.33415511226245,25.752407473409356,25.300011264951724,25.718263626098633,43391300.0
2019-09-17,25.479267360342163,25.624375478929018,25.25733720085235,25.556089401245117,48284900.0
2019-09-18,25.41097756358795,25.735335978097282,25.223189656389877,25.6072998046875,66640400.0
2019-09-19,25.607299299206076,25.69265728915041,25.39390513837936,25.453655242919922,43035700.0
2019-09-20,25.58169603691493,25.71826819427983,25.240265643502685,25.25733757019043,167269000.0
2019-09-23,25.018330307851812,25.282940232594196,24.898830101883124,25.197582244873047,52048300.0
2019-09-24,25.265871340999997,25.30001356334414,24.53179483781432,24.702510833740234,64806900.0
2019-09-25,24.56593311200009,25.103685609385884,24.56593311200009,24.967113494873047,45807700.0
2019-09-26,24.93297303245657,25.035402946261975,24.796400899428196,24.864686965942383,33198100.0
2019-09-27,25.103691029918327,25.3597633929055,24.932975035881295,25.05247688293457,41336600.0
2019-09-30,25.171978532038576,25.19758642101953,24.822012189641235,24.898834228515625,39191000.0
2019-10-01,25.129297253854066,25.189047359390983,24.250112710482682,24.275720596313477,49434400.0
2019-10-02,24.07086272210642,24.156219086569795,23.737966714039736,23.763574600219727,52293100.0
2019-10-03,23.695286451641906,23.79771473123328,23.183140169480573,23.737964630126953,53015800.0
2019-10-04,23.77211073117836,24.24157725133562,23.763574769057715,24.215970993041992,42641800.0
2019-10-07,24.181826791545777,24.42936480522589,24.053790617741846,24.16475486755371,36742400.0
2019-10-08,23.789183727043735,23.831861911501157,23.43921577660567,23.58432388305664,58201100.0
2019-10-09,23.755033577799725,23.959891739395328,23.686747523934525,23.80624771118164,37511400.0
2019-10-10,23.934295329995816,24.540334103781486,23.934295329995816,24.28426170349121,48239300.0
2019-10-11,24.74519266852202,25.04394489142314,24.634228394451185,24.67690658569336,70008600.0
2019-10-14,24.531792026419417,24.890294274324013,24.523256064794523,24.87322235107422,36040100.0
2019-10-15,25.043944242427614,25.81216306135936,24.847621962891346,25.37683868408203,78656000.0
2019-10-16,25.92312689172922,26.221877454976873,25.735338962752447,25.752410888671875,87131700.0
2019-10-17,25.863371573906655,26.068231400469152,25.607299232805893,25.8292293548584,55575900.0
2019-10-18,25.718267517949695,26.02555567797403,25.69266125666,25.906055450439453,48872900.0
2019-10-21,26.17919697728398,26.58891339508483,26.14505312843308,26.477949142456055,61087400.0
2019-10-22,26.43527171908384,26.776703726158424,26.247485417647596,26.631595611572266,58662100.0
2019-10-23,26.5718398938947,26.836449822582328,26.537697675138112,26.819377899169922,47771200.0
2019-10-24,26.844987620922385,26.904737728885465,26.631593447872348,26.768165588378906,39491000.0
2019-10-25,26.76816440865392,27.186416774030604,26.75109248482591,27.075450897216797,43702000.0
2019-10-28,27.28884166106847,27.510771758978553,27.092519445710035,27.17787742614746,58790300.0
2019-10-29,27.26323848083794,27.433952832894793,27.15227260533615,27.374202728271484,48266600.0
2019-10-30,27.322985961366598,27.322985961366598,26.913271205752157,26.990093231201172,45262400.0
2019-10-31,26.810837774645268,26.990089686507314,26.30722750865053,26.69133758544922,49430900.0
2019-11-01,27.058383328710665,27.177883551414816,26.77670306943058,27.143739700317383,41985300.0
2019-11-04,27.519311660114827,27.74124014860364,27.39980819816627,27.6558837890625,54228600.0
2019-11-05,27.749775291276954,28.24485130823375,27.74124095752854,28.014385223388672,68785600.0
2019-11-06,27.963169554381622,28.21924515367802,27.886347525820003,27.988779067993164,47524500.0
2019-11-07,28.26192298780413,28.680173716730827,28.176563370374673,28.364351272583008,68310700.0
2019-11-08,28.22778283255429,28.398498833603533,28.10828260866089,28.38996124267578,38724000.0
2019-11-11,28.19363844190009,28.381426365076415,28.142425921860607,28.32167625427246,27784000.0
2019-11-12,28.278992094914084,28.441170467673597,28.159491898550638,28.244848251342773,37282200.0
2019-11-13,27.929028963127074,28.074135430334294,27.724169134917254,27.988779067993164,48887800.0
2019-11-14,27.90342301080098,28.04853275266492,27.73271026433083,27.91196060180664,35554600.0
2019-11-15,28.09973496461694,28.133878803838677,27.911950361168827,28.108272552490234,36398300.0
2019-11-18,28.048528070943824,28.193634532450385,27.9546341223754,28.13388442993164,31133700.0
2019-11-19,28.270461552597038,28.29607106972697,28.01438917425635,28.116817474365234,33183700.0
2019-11-20,27.98878293961139,28.022926791725478,27.672957191761515,27.903423309326172,43612200.0
2019-11-21,27.98024784031469,28.20217964268359,27.852213267690086,28.031463623046875,42787600.0
2019-11-22,28.13388833109614,28.441176475880365,28.116816405704036,28.32167625427246,38783900.0
2019-11-25,28.4497079492293,28.60334873244788,28.38995459513702,28.5692081451416,50238800.0
2019-11-26,28.49238731323113,28.509459235664014,28.2704555777399,28.466777801513672,50626600.0
2019-11-27,28.586284583014727,28.68017528311031,28.43264051938684,28.526531219482422,32097700.0
2019-11-29,28.483853644704094,28.611891452506796,28.372891017820912,28.44117546081543,19503400.0
2019-12-02,28.55213661922349,28.80820893631909,28.45824267652333,28.535064697265625,47158800.0
2019-12-03,28.057069886344348,28.082679405779064,27.783925557380503,28.031463623046875,58745100.0
2019-12-04,28.23632189117314,28.424106571564938,28.039996363272763,28.296072006225586,46637900.0
2019-12-05,28.45912797151116,28.51062335054653,28.321810234663253,28.399051666259766,38304500.0
2019-12-06,28.90541571385107,29.00840321325481,28.811009141933653,28.896831512451172,50908500.0
2019-12-09,28.75092911390532,28.922577106681413,28.699433733898545,28.759510040283203,32974500.0
2019-12-10,28.665103961672923,28.862497988264003,28.579278336690166,28.77667236328125,41960100.0
2019-12-11,28.73376836026864,28.974073622379674,28.73376836026864,28.87108612060547,43107800.0
2019-12-12,28.9912383637579,29.87522450339253,28.905415992413307,29.763652801513672,64942500.0
2019-12-13,29.772237451759512,30.003961812060716,29.480436769222514,29.55767822265625,48539600.0
2019-12-16,29.995381990931634,30.115534639839588,29.78082275390625,29.78082275390625,50777100.0
2019-12-17,29.909547601950518,30.27000871737925,29.815144315301097,30.072614669799805,50840500.0
2019-12-18,30.132688522338867,30.270006251814195,30.081193146068276,30.132688522338867,48757900.0
2019-12-19,30.167026518656204,30.235683764065353,29.943883104770514,29.995378494262695,45409500.0
2019-12-20,30.244262433473548,30.244262433473548,29.961042753945456,30.00395393371582,109395500.0
2019-12-23,30.072620408013766,30.20135397287042,29.995378959534246,30.184188842773438,33995400.0
2019-12-24,30.20134913698646,30.27859057309797,30.141272828223432,30.22709846496582,13805400.0
2019-12-26,30.312915856095586,30.518894076581013,30.287169806252187,30.48456382751465,26992100.0
2019-12-27,30.63904788149215,30.656213006701588,30.261421674710256,30.33866310119629,28111300.0
2019-12-30,30.52747477379754,30.59613527141725,30.115521609817446,30.167016983032227,30705100.0
2019-12-31,30.064031392111925,30.261425445749488,30.012539283979777,30.22709846496582,29630100.0
2020-01-02,30.338663615406023,30.60471814979236,30.287171512817846,30.587553024291992,37614200.0
2020-01-03,30.021124209347075,30.167026174285837,29.83231105727823,29.95246696472168,50357900.0
2020-01-06,29.531930484677595,29.9524679903453,29.497600224232514,29.90955352783203,42185000.0
2020-01-07,29.78083019169173,29.969640141167886,29.634928171639974,29.712169647216797,34149000.0
2020-01-08,29.66923914398471,30.20134492186987,29.65207401903192,30.012535095214844,45311600.0
2020-01-09,30.295757832946233,30.32150716273807,29.986792066752297,30.06403350830078,39861600.0
2020-01-10,30.038281758972857,30.09835806057777,29.74648117664346,29.815141677856445,39730400.0
2020-01-13,29.90097147078676,30.09836555002277,29.74648857853011,30.089784622192383,37956100.0
2020-01-14,30.29576020884225,30.61330692726088,30.132696385635665,30.312925338745117,66719300.0
2020-01-15,29.840895381191196,29.85806051089623,29.47185327731726,29.755069732666016,74745500.0
2020-01-16,29.952467974913755,30.029709423918483,29.694994295622102,29.797985076904297,50368500.0
2020-01-17,29.969627133509228,29.995376463468872,29.694991622638916,29.789398193359375,54156100.0
2020-01-21,29.540510282754994,29.626335930584432,29.368865534923536,29.4031925201416,50811000.0
2020-01-22,29.497602230007374,29.566262755566314,29.377449584193283,29.48902130126953,38879700.0
2020-01-23,29.2572911306521,29.403189807632103,28.948325374796315,29.283037185668945,45717100.0
2020-01-24,29.28304646448137,29.30021159790279,28.553546300600466,28.78527069091797,47797200.0
2020-01-27,27.95276805298936,28.433381766333877,27.86694569563748,28.193073272705078,57096200.0
2020-01-28,28.338978837880198,28.742351171697113,28.278902525258125,28.52779197692871,38834600.0
2020-01-29,28.605033527225682,28.69943682319691,28.30464868905485,28.330394744873047,37414700.0
2020-01-30,28.064346651247686,28.768100631447766,28.038597318567472,28.7337703704834,50542800.0
2020-01-31,28.381889756060037,28.467712123597686,28.02143188370576,28.175914764404297,54845300.0
2020-02-03,28.321810429569375,28.66510641100819,28.253149923716368,28.296064376831055,48485500.0
2020-02-04,28.80242215894502,29.09422274083462,28.776672834072514,28.853914260864258,45061600.0
2020-02-05,29.265873227664866,29.875223836702304,29.240127171618752,29.789398193359375,54604800.0
2020-02-06,29.9867940728134,30.046870389824157,29.694993415655258,29.755069732666016,39511500.0
2020-02-07,29.45468568523182,29.746486317995736,29.38602844606508,29.703575134277344,31263000.0
2020-02-10,29.557669078242846,29.772228240966797,29.50617697449342,29.772228240966797,24373800.0
2020-02-11,29.90955385417076,30.072620956107194,29.832312404283464,29.840896606445312,32476300.0
2020-02-12,30.106950326939025,30.42449704534922,29.84947665231661,29.969629287719727,36656700.0
2020-02-13,29.83231128991282,30.06403563091876,29.652082338212782,29.961048126220703,31775100.0
2020-02-14,29.93530286012276,30.003960107099097,29.78081996203371,29.90955352783203,26447700.0
2020-02-18,29.84089592504329,29.892391315096905,29.188634080019355,29.41177749633789,40318000.0
2020-02-19,29.566260729890107,29.909553512422594,29.53193046946271,29.797985076904297,29632100.0
2020-02-20,29.574841673277035,30.106950888434348,29.574841673277035,29.90955352783203,42604100.0
2020-02-21,29.634920007211196,29.729326592897714,29.3002081298965,29.48902130126953,46675500.0
2020-02-24,28.476293141855678,28.502039194456597,27.90985706724372,28.090085983276367,79159600.0
2020-02-25,28.05575792068078,28.1158342307148,26.468021257358824,26.67399787902832,91586800.0
2020-02-26,26.94005040917126,27.120280973543526,26.227713989323377,26.287790298461914,80012800.0
2020-02-27,25.360894362532445,26.004571901042983,24.811623386829577,25.00043487548828,121148300.0
2020-02-28,24.030630814401725,24.67430842550177,23.773160424744432,24.459749221801758,171198800.0
2020-03-02,24.331011418912304,25.214994195749174,23.55001613211631,25.20641326904297,147776300.0
2020-03-03,25.206414855343315,25.532544110272383,23.70450049591553,23.816070556640625,138698500.0
2020-03-04,24.24518856348629,24.391088878727132,23.515686987282088,24.365341186523438,111239800.0
2020-03-05,23.52754093726112,23.622549890451864,22.802021915844993,23.130233764648438,110878700.0
2020-03-06,21.99876570842385,22.637913020083975,21.67919287629455,22.206056594848633,119121200.0
2020-03-09,19.20033827511203,20.288616778010105,18.578465550913858,18.941225051879883,145196000.0
2020-03-10,20.081328099502038,20.452724968797558,18.64756459064157,20.39226531982422,134863600.0
2020-03-11,19.727203118193586,20.694560660831222,19.22624969319154,19.580371856689453,127347000.0
2020-03-12,17.783854909374963,19.753121597286217,17.40382064032496,17.714757919311523,139552600.0
2020-03-13,19.16579000255985,20.945038142236104,18.552552977622845,20.8673038482666,128357400.0
2020-03-16,17.14470599545347,18.76848595835623,16.91150305449447,17.654296875,121688800.0
2020-03-17,18.189791563094445,19.597644384961107,17.30016841111145,18.984407424926758,120065700.0
2020-03-18,17.5074633016215,18.112061426864237,17.015147144063235,17.956594467163086,148272500.0
2020-03-19,17.498822285792208,18.785754216005067,16.41054391283201,18.310712814331055,122461300.0
2020-03-20,18.794393131868187,18.86349009881837,16.894224069635655,16.989233016967773,150910400.0
2020-03-23,16.6351131495455,16.989235359926845,15.503649541922227,15.615931510925293,181898500.0
2020-03-24,16.773303126532966,18.267525918329724,16.419181000093307,18.163881301879883,147882400.0
2020-03-25,18.75120608994854,19.08805523797866,17.62837998958575,18.224342346191406,146991300.0
2020-03-26,18.405724680042947,19.822215205802166,18.284805379910566,19.623559951782227,116111400.0
2020-03-27,18.725297380370794,19.174428518400763,18.224343925614825,18.656200408935547,91522800.0
2020-03-30,18.699382863075012,19.303982516714086,18.371172705106233,19.036231994628906,80449100.0
2020-03-31,18.84621683959241,19.42490459839079,18.103423154370137,18.336626052856445,95213700.0
2020-04-01,17.21380125525121,17.576560800148794,16.85104171035362,17.075607299804688,83961300.0
2020-04-02,16.971958891275474,17.95659276019369,16.920136576301363,17.76657485961914,70007400.0
2020-04-03,17.61974570843863,17.913408274196094,16.997872911929694,17.300172805786133,68293500.0
2020-04-06,18.16388177121573,18.656197830577096,17.973863890478697,18.474817276000977,97766200.0
2020-04-07,19.69265282661141,19.761749790489283,18.872126586486846,19.122602462768555,94560300.0
2020-04-08,19.355809804054235,20.383628820599302,19.355809804054235,20.254072189331055,81212300.0
2020-04-09,20.789570724155293,21.869211926260586,20.77229606954519,21.471904754638672,125275700.0
2020-04-13,21.402804864409127,21.46326449989648,20.5390920205292,20.660011291503906,83164700.0
2020-04-14,21.160970100199705,21.29052673051646,19.95177213824011,20.49591064453125,88991100.0
2020-04-15,19.13988048142343,19.563099665525623,18.923952225407913,19.16579246520996,99082200.0
2020-04-16,19.1312425129535,19.18306483138962,18.215707199373636,18.500732421875,89213300.0
2020-04-17,19.295348106975307,20.21088340459691,19.269436124508005,20.10723876953125,92800300.0
2020-04-20,19.494003810512368,19.977682670528885,19.15715623892611,19.433544158935547,74446300.0
2020-04-21,18.915313785464022,19.321259937245163,18.569828925630322,18.69074821472168,78871300.0
2020-04-22,19.13987659048688,19.20033622629612,18.785754454402905,18.82893943786621,49669500.0
2020-04-23,18.967131206750626,19.338527952981764,18.872123924445948,18.8893985748291,50614800.0
2020-04-24,19.0966944384784,19.26079871789182,18.716660267528102,19.157154083251953,47633500.0
2020-04-27,19.450816881207967,20.42681183259406,19.390357235644462,20.271343231201172,66916700.0
2020-04-28,21.117778402141532,21.428713886716146,20.599550397981965,20.634098052978516,65504900.0
2020-04-29,21.515091110360533,21.687834372630405,21.169606233222634,21.402809143066406,73493900.0
2020-04-30,20.910488933118632,21.05732019492788,20.59955340318266,20.772294998168945,55244100.0
2020-05-01,20.193609166316076,20.26270614025293,19.70129302109076,19.93449592590332,51772600.0
2020-05-04,19.60628567623416,19.856761588528368,19.373082771841702,19.80493927001953,45886100.0
2020-05-05,20.279977763545666,20.31452706904956,19.537185816629112,19.571733474731445,45691900.0
2020-05-06,19.865402633608916,19.93449962035147,19.2003431065855,19.30398941040039,53874600.0
2020-05-07,19.571729101866296,20.184965958333866,19.528544127036703,19.727197647094727,51884300.0
2020-05-08,20.27134207599996,20.400900334712098,20.08132582257142,20.35771369934082,45181000.0
2020-05-11,19.960406308411525,19.96904363538629,19.485363209209655,19.50263786315918,68951800.0
2020-05-12,19.614915769506887,19.7099246992129,18.872123924445948,18.8893985748291,69588700.0
2020-05-13,18.708020476345904,18.78575476578957,17.896129924046242,18.02568817138672,112113400.0
2020-05-14,17.524736544325126,18.820305969182616,17.3606306225707,18.75120735168457,88359100.0
2020-05-15,18.483454159928094,18.74256899635134,18.336622913508695,18.518003463745117,64484000.0
2020-05-18,19.36444544418993,19.917221234688974,19.062145565985087,19.80493927001953,86589400.0
2020-05-19,19.57173498702341,19.86539751689133,19.16579050039502,19.183063507080078,62179000.0
2020-05-20,19.589008933487065,19.86539679928415,19.554459626561616,19.787662506103516,59789500.0
2020-05-21,19.70129173496455,20.09860054471598,19.67538140105582,19.77902603149414,57726000.0
2020-05-22,19.804936344678048,19.822210997429995,19.3989902420151,19.571733474731445,48107000.0
2020-05-26,20.51318075670677,21.247337029058695,20.469995771969067,20.970949172973633,119485500.0
2020-05-27,22.516998602578408,22.60337023572646,21.566913932753614,22.43926429748535,117672700.0
2020-05-28,22.525633974828814,22.577456291257384,21.411445110905053,21.471904754638672,84340800.0
2020-05-29,21.09187311777319,21.5150923220268,20.780935887137094,20.832759857177734,113811100.0
2020-06-01,20.970950522412878,21.480541282636455,20.772295296592294,21.2559757232666,58375500.0
2020-06-02,21.558270696827204,21.929667464404194,21.21278590631422,21.454626083374023,71118100.0
2020-06-03,22.024681597901697,22.577457393190254,21.929672640310795,22.447900772094727,86744600.0
2020-06-04,22.36092634750353,23.335032032725643,22.239163758934833,23.291545867919922,94545300.0
2020-06-05,25.17887051846476,25.23105424020318,24.248251137267733,24.448291778564453,118767900.0
2020-06-08,24.86576895658427,25.135386831912964,24.474386832001585,24.822282791137695,79598500.0
2020-06-09,24.109096119097828,24.82228147026323,23.961240842000105,24.543964385986328,77773400.0
2020-06-10,24.326526734782245,24.43959339680199,23.056712375358078,23.13498878479004,90415300.0
2020-06-11,21.726016350188367,22.34353009877262,20.59535961691441,20.812793731689453,149875500.0
2020-06-12,21.769506664732077,21.786900135151654,20.908467670556625,21.552072525024414,73729700.0
2020-06-15,20.66493774458444,21.891265976316785,20.604056459999093,21.873870849609375,76538900.0
2020-06-16,22.769704094092358,22.821887824779388,21.62165206563239,22.4392032623291,96796500.0
2020-06-17,22.526174518685732,22.526174518685732,21.673833165720865,21.743412017822266,58349500.0
2020-06-18,21.482493405120042,22.16958441560756,21.37812428941911,21.7782039642334,53419000.0
2020-06-19,22.126098263356226,22.16958442723478,21.299847878537186,21.960847854614258,127563600.0
2020-06-22,21.647743808679678,21.769508062781505,21.40421861825791,21.41291618347168,55484300.0
2020-06-23,21.752113404320397,22.100007725964886,21.53467924593122,21.560771942138672,46108300.0
2020-06-24,21.343336391022753,21.343336391022753,20.595362404126764,20.70842742919922,75437100.0
2020-06-25,20.612755594943817,21.543373379166223,20.482293793581956,21.49988555908203,65031900.0
2020-06-26,20.951958133635227,20.96935326651458,20.021340090174935,20.1344051361084,118139200.0
2020-06-29,20.360538597475593,20.734525691346743,20.090920650758072,20.343143463134766,66269200.0
2020-06-30,20.17788981086311,20.79540200143115,20.090915818967225,20.6562442779541,61716200.0
2020-07-01,20.899769552174547,20.934558150982834,20.203979328210064,20.230072021484375,57379900.0
2020-07-02,20.734518978035695,20.864979125569565,20.195281600300717,20.25616455078125,56000200.0
2020-07-06,20.717126325935816,20.943258049509584,20.40402060731199,20.57796859741211,59589000.0
2020-07-07,20.334435808554666,20.34313337141043,19.916962744820808,20.01263427734375,60645800.0
2020-07-08,20.030030580555486,20.1691882766474,19.743017625004594,20.090911865234375,52922600.0
2020-07-09,19.951760795626008,20.14310227657908,19.473404604906623,19.803905487060547,79385900.0
2020-07-10,19.751717103063434,20.91716426285985,19.725626067132296,20.89107322692871,81142900.0
2020-07-13,21.19547991872029,21.317242501803563,20.75191409034309,21.03892707824707,73598100.0
2020-07-14,20.778001619386483,21.004133277601948,20.395318805997693,20.99543571472168,67423100.0
2020-07-15,21.534676970545988,21.630348520973545,21.117203828683415,21.395519256591797,57384400.0
2020-07-16,20.65624090362892,21.065016442205366,20.473597043485395,20.812793731689453,78067100.0
2020-07-17,20.769307969544844,20.856281955843343,20.177888512274823,20.195281982421875,66659100.0
2020-07-20,20.169193659250734,20.612759556003223,20.099614792636093,20.508390426635742,61114000.0
2020-07-21,20.621450341436276,21.291147803088876,20.604056873270583,21.238964080810547,75499300.0
2020-07-22,21.08241019065602,21.160686599566727,20.847580963923892,21.143291473388672,52193700.0
2020-07-23,21.325937164321402,21.430304604508375,20.9693453690499,21.343332290649414,61047600.0
2020-07-24,21.360729206405598,21.595558473071222,21.108506469494642,21.178085327148438,50217600.0
2020-07-27,21.065014558873322,21.10850237327466,20.769304056506215,20.99543571472168,54721300.0
2020-07-28,20.98674028080747,21.36072722814499,20.943254120885246,21.18678092956543,48406500.0
2020-07-29,21.18678275148793,21.99563800316653,21.038927472590867,21.978242874145508,71393500.0
2020-07-30,21.49988846022351,21.699929141822352,21.178086842630957,21.604257583618164,61755900.0
2020-07-31,21.682531629157673,21.699926757627384,21.273754404573264,21.6390438079834,61955800.0
2020-08-03,21.76950667404098,22.01303184892756,21.473796111200837,21.734716415405273,58284000.0
2020-08-04,21.708623611861384,21.795597599120835,21.62165128349276,21.752111434936523,37985300.0
2020-08-05,22.021725985044014,22.25655521760216,21.96084470080092,22.08260726928711,51322600.0
2020-08-06,22.13479578457786,22.326137227716057,21.986940505233086,22.152189254760742,51999700.0
2020-08-07,22.039124696965025,22.77840110923316,21.969545838098075,22.70882225036621,63354500.0
2020-08-10,22.88276842050656,23.31763670034305,22.795794432761095,23.100202560424805,64051100.0
2020-08-11,23.72641093520023,24.13518646918948,23.291542710530152,23.413305282592773,81441000.0
2020-08-12,23.900360752235052,23.978637176923513,22.969742879706548,23.248058319091797,61971300.0
2020-08-13,23.039319340022143,23.195872173094184,22.734911237814362,22.917556762695312,55955500.0
2020-08-14,22.66533501162679,23.187177296040034,22.543572420190362,23.021926879882812,50931900.0
2020-08-17,22.882766370090234,22.969740350042372,22.473990820873077,22.526174545288086,57518700.0
2020-08-18,22.500079069417268,22.604446497637763,22.143485656141216,22.204368591308594,45850100.0
2020-08-19,22.31743949783456,22.682728911221727,22.08261023375192,22.178281784057617,59856000.0
2020-08-20,21.882572754411914,22.030428042977842,21.760810161083825,21.83038902282715,49403700.0
2020-08-21,21.72601890563965,22.117401021826012,21.656440047083276,21.72601890563965,55010700.0
2020-08-24,21.934751574812104,22.35222631069049,21.77820041510957,22.343528747558594,54579500.0
2020-08-25,22.647939900201052,22.77840004713219,22.378320383133822,22.613149642944336,57304700.0
2020-08-26,22.560965741117283,22.560965741117283,22.213071465699937,22.230464935302734,39478000.0
2020-08-27,22.169585172615683,22.804492476377842,22.126099007275048,22.65663719177246,52934800.0
2020-08-28,22.961043195369374,23.02192448475369,22.604451364212053,22.874069213867188,46466400.0
2020-08-31,22.69142825593726,22.734914422820186,22.34353394420106,22.387020111083984,49416200.0
2020-09-01,22.24785875630798,22.52617416028549,22.091305926847966,22.360923767089844,46109200.0
2020-09-02,22.204379580770212,22.752312997338652,22.16958931488463,22.630550384521484,57300900.0
2020-09-03,22.945832457273156,23.313666468801696,22.297742608504198,22.472902297973633,86192500.0
2020-09-04,22.998381410583626,23.436278996458153,22.595514762946767,23.24360466003418,99621400.0
2020-09-08,22.893282639812284,23.050926019990534,22.236436336033922,22.315258026123047,74978600.0
2020-09-09,22.45539012537045,22.52545367995636,22.0963141993118,22.341537475585938,53822700.0
2020-09-10,22.507932992958942,22.67433284633509,21.964939338065076,22.017486572265625,56609600.0
2020-09-11,22.087548113071392,22.402834830690956,21.97369550417894,22.33277130126953,47708300.0
2020-09-14,22.481658038690725,22.761912175431736,22.367805422057096,22.551721572875977,47802400.0
2020-09-15,22.569237928503526,22.62178516165768,22.0612768868229,22.140098571777344,63820200.0
2020-09-16,22.140098795541174,22.691848925352243,21.938664670595966,22.420352935791016,64598600.0
2020-09-17,22.008730484673546,22.315259108730416,21.982457700333587,22.201406478881836,48862000.0
2020-09-18,22.026245336357764,22.402837477915178,21.982456251712417,22.078792572021484,94055800.0
2020-09-21,21.51828970070577,21.70220757761148,21.045361119492515,21.430709838867188,75218600.0
2020-09-22,21.255547890022992,21.54456021180868,20.852681267579737,20.966535568237305,68665300.0
2020-09-23,21.10666457406628,21.246791671899267,20.370996475219727,20.370996475219727,59950300.0
2020-09-24,20.47609196083881,20.861442333874773,20.09950141109675,20.44106101989746,53570700.0
2020-09-25,20.388513461348555,20.62497690281398,20.257142841099423,20.572429656982422,42111300.0
2020-09-28,20.91398447398611,21.290576602223304,20.835164458501676,21.097902297973633,47996900.0
2020-09-29,21.001567933928513,21.01032608614811,20.607461106727158,20.817651748657227,45695200.0
2020-09-30,20.826406307793086,21.299334752931898,20.817648157084495,21.097902297973633,56226100.0
2020-10-01,21.255544146026462,21.378154906263887,20.896468344948573,21.106658935546875,44782200.0
2020-10-02,20.7037905750851,21.395669336992587,20.642485200322906,21.202993392944336,51682100.0
2020-10-05,21.47449292339574,21.640892763874746,21.3518804925025,21.56207275390625,44396800.0
2020-10-06,21.824812910685534,22.061277977236525,21.26430460814674,21.34312629699707,67541100.0
2020-10-07,21.57082901688347,21.99121186502203,21.544556237306647,21.789777755737305,47648000.0
2020-10-08,21.851088495462925,22.15761544525994,21.728476045097526,22.10506820678711,52080600.0
2020-10-09,22.192646814458083,22.324015738542553,21.92990896628914,22.210163116455078,44511500.0
2020-10-12,22.15761630027195,22.621788324291987,22.105069059771438,22.490419387817383,48362900.0
2020-10-13,22.455388883349524,22.49042149392826,21.754753376242995,21.851091384887695,61186900.0
2020-10-14,21.325611232721013,21.53580185837303,20.660006749599653,20.686281204223633,127409500.0
2020-10-15,20.660005001126322,21.1942405068082,20.5636670127715,21.150449752807617,66832400.0
2020-10-16,21.194240003137082,21.325608921123987,20.966533099084785,21.229270935058594,58357700.0
2020-10-19,21.281820111645544,21.29933641442912,20.747586240319063,20.77385902404785,51377900.0
2020-10-20,20.92274434089948,21.439463581965555,20.913986189472496,21.141693115234375,62476400.0
2020-10-21,21.211757169955007,21.316853319177692,21.027840996873582,21.0628719329834,41564900.0
2020-10-22,21.06286970121893,21.816053957910725,21.01908061810978,21.781023025512695,55402000.0
2020-10-23,22.10506914162831,22.12258544534223,21.640897115889405,21.80729866027832,51007400.0
2020-10-26,21.430703063360063,21.527041047969085,21.15044893043898,21.49201011657715,59450200.0
2020-10-27,21.27306471462689,21.360642892113997,20.852681778634157,20.887714385986328,55009300.0
2020-10-28,20.502359615894548,20.721308353074498,20.248379949397886,20.554906845092773,81942500.0
2020-10-29,20.458578958655032,20.800138594720032,20.248388284888343,20.616222381591797,57490400.0
2020-10-30,20.572429788989165,20.878958454125996,20.353480981098116,20.75634765625,66453400.0
2020-11-02,20.922744125890823,21.246789043572974,20.554910121970316,21.08914566040039,59756400.0
2020-11-03,21.527042669146613,21.842329427649926,21.465737281759086,21.623380661010742,65106200.0
2020-11-04,20.922744832001477,21.14169361147557,20.37975279435583,20.738828659057617,88845500.0
2020-11-05,20.93149892715224,21.710957566926222,20.896467997857552,21.553314208984375,74722600.0
2020-11-06,21.833574506091466,21.859847292888592,21.22051720064144,21.29058074951172,55454500.0
2020-11-09,23.296150547412115,24.758728465968666,23.033411008903656,24.31207275390625,178378800.0
2020-11-10,24.07560589302195,24.312070959088746,23.804109893341465,24.224491119384766,77694600.0
2020-11-11,24.303314527508448,24.320830830777805,23.75156433809666,23.944238662719727,48360900.0
2020-11-12,23.50634223708035,23.55888947897549,23.042170200740934,23.37497329711914,67912600.0
2020-11-13,23.541369165177187,23.8303814520445,23.43627469928712,23.646465301513672,52421000.0
2020-11-16,24.39965170827809,24.522262486166017,23.80411078062832,24.154428482055664,57396700.0
2020-11-17,23.865418774846592,24.171947423475256,23.655228131044673,24.128156661987305,46402300.0
2020-11-18,24.198216569137994,24.46095608719454,23.61143381705882,23.628950119018555,54416700.0
2020-11-19,23.585161034565715,23.65522457195816,23.339937818468904,23.628950119018555,46423000.0
2020-11-20,23.41876471409168,23.602682584670738,23.322426702338507,23.480070114135742,40538000.0
2020-11-23,23.74280412261461,24.1018799561906,23.699013368247737,23.988025665283203,45421200.0
2020-11-24,24.460954849864162,25.389297090966533,24.452196699327317,25.380538940429688,80387800.0
2020-11-25,25.144075837462417,25.433089816255197,24.94264337083097,25.424331665039062,57249900.0
2020-11-27,25.371783090038516,25.48563738689287,25.231656009638208,25.389299392700195,25971600.0
2020-11-30,25.15283843155377,25.27545089979077,24.609846323814338,24.66239356994629,63567900.0
2020-12-01,25.17034738441032,25.433086879213242,25.109042003423543,25.126558303833008,50255100.0
2020-12-02,25.12656213766985,25.555701540502174,24.986435053906096,25.450605392456055,45257500.0
2020-12-03,25.503479457411206,25.64447989785216,25.230289633306242,25.477041244506836,54013700.0
2020-12-04,25.732609104686336,25.935297055370775,25.55635768965583,25.811922073364258,66188200.0
2020-12-07,25.46823103826421,25.688544458458292,25.283168572113023,25.635669708251953,42197800.0
2020-12-08,25.43298147256372,25.68854416300336,25.353668507737424,25.49466896057129,33869100.0
2020-12-09,25.77666693665364,25.77666693665364,25.336040151411694,25.380102157592773,54886300.0
2020-12-10,25.230290591375745,25.670917404700113,25.08929014558058,25.65329360961914,58859600.0
2020-12-11,25.27435428459715,25.336041769533534,24.9394769651455,25.17741584777832,40538400.0
2020-12-14,25.4858528457351,25.521102113844666,24.79847446859205,24.868974685668945,40267100.0
2020-12-15,24.98354063970108,25.397729238918828,24.89541494090682,25.239103317260742,43672700.0
2020-12-16,25.380104870716234,25.39773034741594,25.062854694411413,25.30960464477539,42463200.0
2020-12-17,25.30079254966063,25.485856697996567,25.14216829790442,25.406543731689453,43182700.0
2020-12-18,25.459412421864275,25.644476526147173,25.17741157805949,25.26553726196289,82817200.0
2020-12-21,25.644480957246373,26.42879614970712,25.31841637472052,26.20848274230957,93397400.0
2020-12-22,26.243730952103896,26.243730952103896,25.7061657563494,25.74141502380371,39054300.0
2020-12-23,25.90004312993732,26.746047471867023,25.8471683838348,26.481670379638672,52537200.0
2020-12-24,26.675546928198745,26.675546928198745,26.208481914165564,26.40235710144043,22632300.0
2020-12-28,26.64029549455369,26.92229637306424,26.428794835670775,26.552169799804688,32861200.0
2020-12-29,26.587426863276985,26.657927099114694,26.375926155763853,26.446426391601562,33291900.0
2020-12-30,26.437606477198276,26.631481652922275,26.384731734884053,26.419981002807617,26370100.0
2020-12-31,26.44642472339801,26.781300402289094,26.34948627491407,26.710800170898438,28716000.0
2021-01-04,26.842984118147747,26.939922552993554,26.217294862690274,26.464046478271484,51483900.0
2021-01-05,26.58742173530712,26.91348631370418,26.358295592812034,26.66673469543457,48507000.0
2021-01-06,28.11199460208723,28.746496704048713,27.636118445830654,28.33230972290039,107002800.0
2021-01-07,29.354559261991685,29.627745732410432,28.940368985271945,28.95799446105957,74358500.0
2021-01-08,29.01087134112145,29.0813732535417,28.297057967305623,28.66718292236328,44641400.0
2021-01-11,28.279432429186137,29.19593711840707,28.111993749259604,29.1430606842041,51868200.0
2021-01-12,29.45149205342375,29.93618419572482,29.25761855821883,29.662994384765625,68166200.0
2021-01-13,29.460309301037046,29.680622709892113,29.160682930525518,29.486745834350586,43172800.0
2021-01-14,29.504372301140243,30.288687525124892,29.45149587102188,29.953813552856445,48483500.0
2021-01-15,29.336930810291275,29.636557144855505,28.816991093303795,29.090177536010742,57684300.0
2021-01-19,28.640738521655248,29.61011601924054,28.3763631461061,28.878677368164062,78130200.0
2021-01-20,28.869869350760997,28.896309247378007,28.341118482445285,28.499744415283203,53920000.0
2021-01-21,28.499741264577178,28.623116229430416,27.962176036246078,27.997426986694336,49626600.0
2021-01-22,27.636113744550226,27.979802114539343,27.539175309585968,27.803550720214844,45314500.0
2021-01-25,27.556804016399262,27.583240552047283,26.939925744788518,27.45986557006836,48078400.0
2021-01-26,27.671365189186734,27.69780340467016,27.23955108810544,27.265989303588867,36373000.0
2021-01-27,26.71079348832698,26.81654464938493,26.14679177830507,26.287792205810547,63809200.0
2021-01-28,26.80773591479539,27.09854955004941,26.367109092843368,26.7196102142334,51223300.0
2021-01-29,26.7901135894742,26.87823930040124,26.07629852459562,26.129173278808594,64019100.0
2021-02-01,26.32304582367269,26.472859003203496,26.058668734634757,26.40235710144043,40985300.0
2021-02-02,26.948737749292267,27.495115776189824,26.913488475769405,27.34530258178711,53527000.0
2021-02-03,27.239552237139403,27.96218001558867,27.213114020540743,27.829992294311523,49404900.0
2021-02-04,28.023863169960812,28.667177879916,28.006239375813813,28.6407413482666,51751900.0
2021-02-05,28.98443063971679,29.002056115289047,28.482116351912577,28.52617835998535,42008800.0
2021-02-08,28.57905541834624,29.328119657286116,28.55261888526143,29.160682678222656,46014100.0
2021-02-09,29.054925581212938,29.09898757872962,28.720048348999292,29.03730010986328,35868600.0
2021-02-10,29.18711855856628,29.45149396864928,28.95799409961854,29.063743591308594,45031900.0
2021-02-11,29.054933230873115,29.354559599273873,28.684804958511798,28.97562026977539,29479900.0
2021-02-12,29.081367769636632,29.47793254792934,29.00205481397809,29.40743064880371,37468300.0
2021-02-16,29.94499717052683,30.45612587634817,29.698247236249344,30.2005615234375,52802600.0
2021-02-17,29.997871682468222,30.456123932388223,29.77755829472104,30.32393455505371,45455300.0
2021-02-18,30.0154977451357,30.53543748487742,29.980246795593583,30.13005828857422,37541700.0
2021-02-19,30.138880653400133,30.605944091977182,30.12125517398184,30.438507080078125,54514100.0
2021-02-22,30.359192111750556,31.064194433646083,30.32394115522672,30.976070404052734,56783400.0
2021-02-23,31.21399665837899,31.628186869865896,30.967246759645633,31.3021240234375,67440700.0
2021-02-24,31.495999704555018,32.18337631811262,31.372621398018293,32.060001373291016,58139500.0
2021-02-25,32.57113275812843,32.63282024215507,31.513627749261243,31.663442611694336,74762000.0
2021-02-26,31.48719123914279,31.751566651119948,30.561875616364862,30.58831214904785,70933300.0
2021-03-01,31.302126900426693,31.76919021216142,31.05537697901447,31.54006576538086,45901700.0
2021-03-02,31.416702211749282,31.6722632824111,31.284512784872966,31.310949325561523,41167400.0
2021-03-03,31.69869534628719,32.579949009632706,31.584131428771812,32.09525680541992,66047000.0
2021-03-04,32.006699533114045,32.65320967152764,31.811859657992734,32.32552719116211,96512800.0
2021-03-05,32.79489485504185,33.299703947004815,32.03325211884172,32.70633316040039,74292300.0
2021-03-08,33.104880141904296,33.41484956952723,32.60892567929423,32.88347244262695,65335500.0
2021-03-09,32.36980183600988,32.91003711067724,31.714437001282267,32.166107177734375,63946000.0
2021-03-10,32.360955448790065,33.237728189926735,32.21039643179438,33.09602737426758,53365600.0
2021-03-11,33.00745620629466,33.46798457028915,32.63548955989363,32.98088836669922,45834000.0
2021-03-12,33.583109432005756,33.81337527101452,33.281998282923134,33.60082244873047,46069600.0
2021-03-15,33.680527803694694,33.715953835533675,32.96316924022313,33.432552337646484,50131600.0
2021-03-16,33.140307970845434,33.40599995411492,32.74177675276903,33.335147857666016,50300400.0
2021-03-17,33.653957208043735,33.97278471161324,33.060586426276544,33.609676361083984,63796000.0
2021-03-18,34.10564013061243,35.398663647595995,34.02593322462312,34.4864616394043,95439700.0
2021-03-19,33.91079876967382,34.46874365281015,33.237717576411626,34.123348236083984,106252700.0
2021-03-22,33.72482623115633,33.99051482498133,33.122596949998986,33.35285949707031,54701300.0
2021-03-23,33.08716842464223,33.494557796550076,32.573500920434796,32.679779052734375,49838000.0
2021-03-24,32.95432244847451,33.46798995268194,32.670920852502654,32.679779052734375,43896800.0
2021-03-25,32.653210276547256,33.43256641305919,32.44066075285276,33.35285949707031,47517900.0
2021-03-26,33.96393910365665,34.327047588769375,33.72482176576452,34.25619888305664,66846000.0
2021-03-29,33.69825049329647,34.21191796718211,33.529981861375305,33.92851638793945,45680000.0
2021-03-30,34.211915051187084,34.94698677894097,34.211915051187084,34.53074264526367,56705900.0
2021-03-31,34.20305129705996,34.53073703686846,34.06135054253093,34.265045166015625,49270000.0
2021-04-01,34.38904416454308,35.000128175061775,34.29162424002272,34.97356033325195,65587000.0
2021-04-05,35.42522325803715,35.67319873975139,35.07096967409176,35.24809646606445,50328500.0
2021-04-06,35.008979768050466,35.558073223185964,34.94698589060177,35.15068054199219,42590100.0
2021-04-07,35.22153739602012,35.55807804668877,35.06212358140936,35.469512939453125,43136400.0
2021-04-08,35.24810380896953,35.29238467158419,34.73443972149573,35.159542083740234,45285900.0
2021-04-09,35.34551831978429,35.58463899537244,34.99126471630272,35.4163703918457,45872900.0
2021-04-12,35.41637297344038,35.7617684038847,35.292381838294865,35.47836685180664,45544600.0
2021-04-13,35.2569547040862,35.2658095234093,34.716719508237674,34.822994232177734,46770400.0
2021-04-14,34.521889187803815,35.717492829804144,34.468750122021525,35.3189582824707,52023800.0
2021-04-15,35.18611410108387,35.28353403744465,33.69825396746043,34.30934143066406,118128900.0
2021-04-16,34.81413650672711,34.91155302479961,34.45988295194832,34.67243576049805,60633400.0
2021-04-19,34.88499487636321,34.92042091735949,34.566167264223104,34.690155029296875,42321100.0
2021-04-20,34.539597817929156,34.539597817929156,33.556547185642,33.72481918334961,50834100.0
2021-04-21,33.43256301146695,34.344761662872955,33.13144840152515,34.2916259765625,37851800.0
2021-04-22,34.31820056576056,34.3359135908171,33.804532974363326,33.97280502319336,48093400.0
2021-04-23,33.93737350832765,34.84071737026579,33.84881177571969,34.69901657104492,48674100.0
2021-04-26,34.84956708741112,35.29238244241463,34.78757320798367,34.902706146240234,34699800.0
2021-04-27,35.13297324143944,35.35438094791207,34.99127244443349,35.3189582824707,34304800.0
2021-04-28,35.36323195743849,35.620065655542255,35.31895110083058,35.4517936706543,34084400.0
2021-04-29,35.91233252526669,36.42600007185108,35.83262560867304,36.408287048339844,44008700.0
2021-04-30,36.16915809316186,36.22229715164035,35.841475678577126,35.89461135864258,39203400.0
2021-05-03,36.19572791090202,36.3551417166347,35.79719339657035,35.92118453979492,41940500.0
2021-05-04,35.63778556049439,36.381715581867354,35.23039281710403,36.31086349487305,53880000.0
2021-05-05,36.48798899657069,36.806816619532356,36.09830928921163,36.65625762939453,37471100.0
2021-05-06,36.73596571869709,37.249633211887655,36.5234162154836,37.20534896850586,39044400.0
2021-05-07,36.425992055486304,37.417897504927545,36.40827903587322,37.35590362548828,39249200.0
2021-05-10,37.63930675927173,38.028983071844856,37.22305922695933,37.24077224731445,41271500.0
2021-05-11,36.797949367291345,37.49759832573849,36.61196775912059,36.8156623840332,42964700.0
2021-05-12,37.53303349316006,37.6924473042188,36.34628810995242,36.47027587890625,47533000.0
2021-05-13,36.18687649769647,37.276202020512365,36.11602440918151,37.05479431152344,42026100.0
2021-05-14,37.249627482166,37.621590744781095,37.125636349548046,37.515316009521484,30932600.0
2021-05-17,37.40904466781998,37.94927659180429,37.338192585610955,37.85186004638672,32656400.0
2021-05-18,37.81643339807627,38.03784108380457,37.32047896581614,37.338191986083984,37880300.0
2021-05-19,36.88652410448419,37.19649353255681,36.58540949789362,37.169925689697266,42672800.0
2021-05-20,37.10792726660784,37.31162191992157,36.71824760077899,37.081356048583984,36871100.0
2021-05-21,37.21420249042944,37.72786654063496,37.09906955325408,37.550743103027344,40243800.0
2021-05-24,37.710159445226104,37.887282894790424,37.41789967230113,37.75444030761719,31390800.0
2021-05-25,37.80757819163314,38.31238748478198,37.13450026023918,37.20534896850586,52657700.0
2021-05-26,37.21419768840868,37.41789231810364,36.8953701363948,37.231910705566406,41332800.0
2021-05-27,37.62159604945903,37.94927850012054,37.302768420312304,37.683589935302734,52981100.0
2021-05-28,37.781006073848054,37.825286933806545,37.240770798480575,37.54188537597656,38509700.0
2021-06-01,38.03783983445828,38.330096213245675,37.87842603569677,38.011268615722656,42890700.0
2021-06-02,38.170677200147985,38.23267107137396,37.727861903726726,38.02897644042969,34180500.0
2021-06-03,38.0378756463175,38.67821505724054,37.95783321995213,38.46476745605469,46981200.0
2021-06-04,38.455875711251,38.58927749465208,38.09123874173941,38.4825553894043,37192600.0
2021-06-07,38.482556792226845,38.58927890136501,38.295792253076385,38.349151611328125,28401900.0
2021-06-08,38.11791645846225,38.45587373243029,37.73549192564867,38.135704040527344,41871400.0
2021-06-09,37.771069974280785,38.002301773516976,37.45090025792712,37.637664794921875,42366300.0
2021-06-10,38.028983399703094,38.20685585041183,37.015114841088575,37.077369689941406,40123600.0
2021-06-11,37.184094138113736,37.25524108079232,36.917283773323604,37.22856140136719,31203600.0
2021-06-14,37.21966993244275,37.2730326896903,36.517078954842965,36.78388595581055,36050700.0
2021-06-15,36.71272450868123,36.961747241215285,36.374770659569535,36.81055450439453,39247900.0
2021-06-16,36.71272790687269,37.344175194206166,36.170218529617216,37.01511001586914,63859100.0
2021-06-17,37.370854210182465,37.44200114435259,35.325329811435346,35.39647674560547,80728200.0
2021-06-18,34.69388622883354,34.951801102006186,34.23142262590734,34.48933410644531,102774200.0
2021-06-21,34.79171563504167,35.37869231288655,34.711673206579434,35.352012634277344,48119400.0
2021-06-22,35.46762603802778,35.805579902589784,34.93400878045994,35.54766845703125,44113200.0
2021-06-23,35.716648802741254,35.94788059494212,35.63660637608816,35.75222396850586,32039900.0
2021-06-24,35.96566253594621,36.47259669434899,35.734430780018315,36.31251525878906,37161800.0
2021-06-25,36.703835812182085,37.201877930715746,36.32141128043263,37.01511001586914,53178800.0
2021-06-28,36.87281592747845,36.97954142876212,36.552646208896746,36.961753845214844,34416500.0
2021-06-29,37.02400214854921,37.30859664974371,36.241365573947284,36.365875244140625,38519600.0
2021-06-30,36.25025899379575,36.78387624752967,36.21468722432083,36.66825866699219,29159800.0
2021-07-01,36.961757311778044,37.08626701565183,36.65047965945859,36.9439697265625,28045100.0
2021-07-02,36.792775019528364,36.8817129409431,36.55264772066077,36.59711837768555,28980800.0
2021-07-06,36.29473515216224,36.35698999898614,35.458735678867576,35.6366081237793,47578700.0
2021-07-07,35.191927777352866,35.57435233637972,35.005163241819176,35.352012634277344,43499900.0
2021-07-08,34.34703683032156,34.89844174385645,34.2225271377926,34.48933410644531,52793100.0
2021-07-09,35.26308251006815,35.78780440820176,35.04074278022569,35.60993194580078,43887200.0
2021-07-12,35.38758213943525,36.29472838600113,35.25417698246254,36.1346435546875,42624500.0
2021-07-13,36.00124202426047,36.00124202426047,35.200821179696874,35.4498405456543,54338100.0
2021-07-14,34.782814037111514,35.174130584556224,33.60886100214371,34.56047439575195,105651700.0
2021-07-15,34.14248578105221,34.97848527311058,34.08023093283103,34.53380584716797,54697300.0
2021-07-16,34.88064867882234,34.94290351530357,33.43099307368635,33.72447967529297,60469700.0
2021-07-19,32.68393598766571,33.12861538885844,32.470488382333976,32.84402084350586,83251500.0
2021-07-20,32.78176575684994,33.90235634682746,32.55942605789424,33.51993179321289,59462900.0
2021-07-21,33.840101644828096,34.480441066156196,33.77784680026949,34.20473861694336,49907400.0
2021-07-22,34.11580808993301,34.15138326031463,33.511043763985306,33.76006317138672,52715600.0
2021-07-23,33.97351480084974,34.03576966002956,33.404325578271234,33.52883529663086,48659400.0
2021-07-26,33.49325135788412,34.00908107626588,33.49325135788412,33.911251068115234,32258000.0
2021-07-27,33.546615491559216,34.00908248115354,33.315380300444744,33.77784729003906,39121400.0
2021-07-28,33.96461042337232,34.24031286519372,33.57329378340424,33.911251068115234,43331100.0
2021-07-29,34.284776859928336,34.667201368473584,34.124692024135705,34.400394439697266,43039100.0
2021-07-30,34.249208373662626,34.53380633148119,33.84010411029036,34.115806579589844,46210100.0
2021-08-02,34.15138326031463,34.640529978839545,33.71559590472718,33.76006317138672,49894000.0
2021-08-03,33.84900224661658,34.355936567544255,33.39542729043807,34.284786224365234,39680600.0
2021-08-04,33.82231896595836,34.48044606582232,33.671129576574856,34.0357666015625,42289800.0
2021-08-05,34.30256952840756,34.738356844395,34.28478194483311,34.702781677246094,34754500.0
2021-08-06,35.10299555637506,35.938991669774126,35.10299555637506,35.707759857177734,58022300.0
2021-08-09,35.61881793584594,36.42813427802019,35.396478244120765,36.17021942138672,56340100.0
2021-08-10,36.2057985328771,37.01511496327019,36.090184323274386,36.84613800048828,44987300.0
2021-08-11,36.99732755468616,37.52204942255325,36.89060544045543,37.3086051940918,58458200.0
2021-08-12,37.55762384204916,37.6109865944171,37.148519585132654,37.48647689819336,37400100.0
2021-08-13,37.43310624577261,37.55761591571927,36.84612966414264,37.02400207519531,41344900.0
2021-08-16,36.60601248854942,36.7305221927491,36.116865768064265,36.72163009643555,38599100.0
2021-08-17,36.508179410090264,36.97064641029001,36.12575484055268,36.54375457763672,43526900.0
2021-08-18,36.25915943799791,36.935070647310525,36.16132942513964,36.276947021484375,50342500.0
2021-08-19,35.68107325138439,36.17021990114082,35.58324324290621,35.74332809448242,51883900.0
2021-08-20,35.65439250033866,35.992349776007416,35.49430765358159,35.903411865234375,40415000.0
2021-08-23,36.13464383468791,36.552640104015516,36.10796076750616,36.383663177490234,35364500.0
2021-08-24,36.55264482250568,37.068474547908075,36.49928546652235,36.890602111816406,35579300.0
2021-08-25,37.050689568775496,37.75328387476348,36.9439674566744,37.48647689819336,51219900.0
2021-08-26,37.79774941032803,38.10013154131604,37.37085758880989,37.38864517211914,41184500.0
2021-08-27,37.459787529641225,37.931149948080176,37.29970269207844,37.78885269165039,46468600.0
2021-08-30,37.91336106367889,37.91336106367889,37.02400239340581,37.050682067871094,44855600.0
2021-08-31,37.05958315064645,37.41532806209553,36.78388406727658,37.130733489990234,54654600.0
2021-09-01,37.13073261545896,37.157412295767045,36.49039314698634,36.6326904296875,52361900.0
2021-09-02,36.74889818738192,37.088587322773144,36.32875645176698,36.6684455871582,44538900.0
2021-09-03,36.66845032343448,36.820414471252185,36.36451861777869,36.69526672363281,41812400.0
2021-09-07,36.87404494086388,37.41039332145033,36.811471076796124,36.93661880493164,43748600.0
2021-09-08,36.722084641182285,37.08859020175793,36.36451674353864,36.45390701293945,36064400.0
2021-09-09,36.3466320274338,36.96343296886376,36.257241772740635,36.587989807128906,36266400.0
2021-09-10,36.847233774190954,36.96344044679748,35.971196142895465,35.99801254272461,40514700.0
2021-09-13,36.292999784407854,36.61481019241081,36.069520713296924,36.59693145751953,42036300.0
2021-09-14,36.76678132543073,36.92768654514975,35.452723167732145,35.61362838745117,53820400.0
2021-09-15,35.51529603953674,36.060585556540204,35.46165983113599,35.88180160522461,52358200.0
2021-09-16,36.18573287226234,36.480726899953545,35.93543738938753,36.15891647338867,42922000.0
2021-09-17,36.06058679728044,36.35557742858374,35.82817003958755,36.20361328125,92746000.0
2021-09-20,35.202421169989165,35.27393269330545,34.29062623007356,34.961063385009766,67566200.0
2021-09-21,35.10409059710521,35.399081178415116,34.80909660577552,34.97894287109375,38271100.0
2021-09-22,35.533174775670325,36.22149077172222,35.533174775670325,35.88180160522461,46261400.0
2021-09-23,36.43602590721748,37.43721459149322,36.33769798128001,37.26736831665039,49779800.0
2021-09-24,37.294184975911556,37.84841206541374,37.23161111467839,37.66962814331055,39042300.0
2021-09-27,38.15234487524724,38.822782046096215,38.11658740773054,38.670814514160156,49755400.0
2021-09-28,38.822790183828864,39.36807974268857,38.49204206502005,38.5814323425293,60781200.0
2021-09-29,38.59930790568585,38.72445564791503,38.20598594296268,38.5009765625,44260200.0
2021-09-30,38.75126943339312,38.75126943339312,37.750084153064016,37.946746826171875,47410800.0
2021-10-01,37.973562592273545,38.822783727464966,37.89310999188657,38.50991439819336,40987100.0
2021-10-04,38.53673211933482,39.39489094627407,38.50097464904067,38.742332458496094,48273400.0
2021-10-05,39.12672101015442,40.00275866786841,39.03732732466089,39.52898406982422,54070700.0
2021-10-06,39.19822572877466,39.59155105647411,38.9300515389922,39.54685592651367,47031700.0
2021-10-07,40.03850846764246,40.11001999230981,39.359130228193905,39.43958282470703,46258800.0
2021-10-08,39.39489172799161,40.056391301479366,39.260802916737845,39.63624954223633,39389400.0
2021-10-11,39.868653882848086,40.05637884221682,39.10882661546945,39.135643005371094,36283500.0
2021-10-12,39.03732636319024,39.33232040302267,38.67976186008406,38.921119689941406,36898300.0
2021-10-13,38.93005844315159,39.010511055356396,37.83948275662243,38.56355285644531,43908000.0
2021-10-14,39.663061074863975,40.315619495538975,38.867476197739926,40.28880310058594,82201000.0
2021-10-15,40.9145412786621,41.719063741772466,40.548035805351745,41.450889587402344,64264900.0
2021-10-18,41.37939013959318,41.91573860476439,41.1469699706707,41.37044906616211,49542500.0
2021-10-19,41.5671074031801,41.68331747545697,41.29893319871198,41.54922866821289,32515500.0
2021-10-20,41.55816459690264,42.22860173010054,41.16483929634733,42.094512939453125,40411000.0
2021-10-21,42.103456911856384,42.44314606506602,41.6654398287888,41.86210250854492,36848600.0
2021-10-22,42.005128041383735,42.56829284985976,42.005128041383735,42.523597717285156,36225600.0
2021-10-25,42.72919195025854,42.890097132553976,42.19284361595344,42.46995544433594,31679500.0
2021-10-26,42.60404870508771,43.29236463271113,42.40738603718962,42.872222900390625,35674800.0
2021-10-27,42.443145707161754,43.059946729350045,42.04088268833457,42.04982376098633,45790800.0
2021-10-28,42.54147990285639,42.907985475727415,42.282243338868994,42.71132278442383,37209600.0
2021-10-29,42.684506384707994,43.024195557863194,42.478906030172574,42.71132278442383,31756200.0
2021-11-01,42.99736284352777,43.05993669743158,42.26435191778089,42.77388381958008,36937200.0
2021-11-02,42.52360110010694,43.28342864438076,42.326938409109815,42.800716400146484,36283400.0
2021-11-03,42.729203125122226,43.524788173417335,42.55936023717825,43.23873519897461,42553000.0
2021-11-04,43.04206633862438,43.04206633862438,41.90679235688281,42.30905532836914,47646300.0
2021-11-05,42.55041225084683,42.74707491758404,41.85315866517112,41.987247467041016,38271200.0
2021-11-08,42.32693082567911,42.72919379882052,42.237540569434216,42.3179931640625,33815500.0
2021-11-09,41.701198965728814,42.33587875390963,41.486657541967,41.90679931640625,36900300.0
2021-11-10,41.790586121819445,42.47890206714593,41.70119585775938,42.21966552734375,39385600.0
2021-11-11,42.29118219245332,42.80965188319573,42.02300456928917,42.45208740234375,31194800.0
2021-11-12,42.46996123086891,42.48783996578433,41.79952401663068,41.93361282348633,44268500.0
2021-11-15,42.24648703462158,42.36269711997223,41.92467999906811,42.05876541137695,35335500.0
2021-11-16,42.17496917994111,42.26435944142518,41.736948714621406,42.08557891845703,35120800.0
2021-11-17,42.08558528428222,42.19285429629249,41.52241700369257,41.5760498046875,32963700.0
2021-11-18,41.75483104749438,41.84422472670259,41.30787288151387,41.40620422363281,30639000.0
2021-11-19,40.851983156579685,40.91455703636491,40.074276786377155,40.58380889892578,48429500.0
2021-11-22,41.76377445664002,41.897859867922634,41.039700959640534,41.37044906616211,53697100.0
2021-11-23,41.89785323702473,42.59511022342148,41.719069306922485,42.461021423339844,49362900.0
2021-11-24,42.38951495063557,42.89010937286484,42.201793321057295,42.577239990234375,40060000.0
2021-11-26,40.691074919262675,41.1559118562602,40.002758882363686,40.90561294555664,55110100.0
2021-11-29,41.49558400121955,41.74588282969766,40.37818886878663,40.75363540649414,50231100.0
2021-11-30,40.01169362508238,40.42289773049858,39.65412913735463,39.75246047973633,77193600.0
2021-12-01,40.422902359897975,40.85198184032336,39.162480320516956,39.18929672241211,60601600.0
2021-12-02,39.8180483097639,40.86896285271716,39.521634407023186,40.321048736572266,57821400.0
2021-12-03,40.41984974770564,40.48272479542076,39.162341940537104,39.40486145019531,74605300.0
2021-12-06,40.02463404018775,40.31206380418205,39.48570066287362,39.65636444091797,48193100.0
2021-12-07,40.02464343094568,40.33901873831424,39.9078739911657,40.15937423706055,40740800.0
2021-12-08,40.132418450974406,40.24020375346268,39.60246919296034,39.66534423828125,50560300.0
2021-12-09,39.44080038343573,40.17733976832362,39.207264926017054,39.961769104003906,37316700.0
2021-12-10,40.159372695894085,40.267161448370096,39.584513055090326,39.988712310791016,37700200.0
2021-12-13,39.76415230281709,39.88092172270889,38.97371868778786,39.14438247680664,38653900.0
2021-12-14,39.15336953900222,40.258178587898804,39.09947516109244,39.63840866088867,47099400.0
2021-12-15,39.85396582060966,39.925824966816414,39.180301743868434,39.46773147583008,60057100.0
2021-12-16,40.15038441840022,40.74320873914726,39.60247035613963,40.41984939575195,69487200.0
2021-12-17,39.97073593489073,40.15038037718803,39.18030244464229,39.413841247558594,124242400.0
2021-12-20,38.8659287945614,38.946768625506046,38.3539443407229,38.76712417602539,56455200.0
2021-12-21,39.10844728230211,39.952771718799184,39.10844728230211,39.69228744506836,47845600.0
2021-12-22,39.59348368804217,40.04259305786243,39.41383925482755,39.77312469482422,35715700.0
2021-12-23,40.13242266365762,40.48272750334059,39.88092245597413,39.89888381958008,34053500.0
2021-12-27,40.0156529260114,40.25817244997914,39.80008230010673,40.096492767333984,33879200.0
2021-12-28,39.94379307274223,40.49170711558659,39.89887938941429,40.15038299560547,32492400.0
2021-12-29,40.28511114333457,40.527630626496574,40.06055644704745,40.08750534057617,25294900.0
2021-12-30,40.19530139021861,40.50967667856306,39.95278184216704,39.9976921081543,23852200.0
2021-12-31,39.988714580435385,40.1683590849911,39.773140489681744,39.961769104003906,24253900.0
2022-01-03,40.500689064935756,41.75819685597981,40.401884440812324,41.4797477722168,58587900.0
2022-01-04,42.27018587073945,43.5007448975896,42.252221080206105,43.10552978515625,74606700.0
2022-01-05,43.24025326092948,43.44684317747059,42.35999923228057,42.37796401977539,57791600.0
2022-01-06,43.09654325759975,43.25822293689113,42.38694949031351,43.23127746582031,52040900.0
2022-01-07,43.24923607311747,44.29116973159394,43.16839624502737,44.174400329589844,59082600.0
2022-01-10,44.83010611937359,44.98280511738002,43.419902690370705,43.949851989746094,66839500.0
2022-01-11,44.00373774282096,44.23727310845353,43.689359126799815,44.20134353637695,40454400.0
2022-01-12,44.165419990219846,44.354048556142004,43.725294664745256,43.8869743347168,41378000.0
2022-01-13,43.94085688284708,44.45284469094359,43.6803760655746,43.797142028808594,46337500.0
2022-01-14,42.68336746952926,43.32110213985005,42.386953553602545,43.03367233276367,72953300.0
2022-01-18,42.979773427042005,43.042648476560224,41.36298007605472,41.551605224609375,65877400.0
2022-01-19,43.46480706460558,43.635470829054675,41.632439895285415,41.713279724121094,84451800.0
2022-01-20,41.937834103805166,42.26119341668284,41.01266984585284,41.093509674072266,46265300.0
2022-01-21,40.931831737718746,41.33603089580157,40.1144527408992,40.34798812866211,71303600.0
2022-01-24,39.431807708964634,40.14139797520205,38.25513981705944,40.015647888183594,90672700.0
2022-01-25,39.78211471209071,40.93183377320439,39.36893485280711,40.80608367919922,73555300.0
2022-01-26,41.12046366662699,41.73125284504263,40.653389387460116,41.22825241088867,63735800.0
2022-01-27,41.65041315378682,41.99173732567497,40.50069395555326,40.842018127441406,63402400.0
2022-01-28,40.71625841448646,41.21925873185164,39.92582493892773,41.2012939453125,51048300.0
2022-01-31,40.88692993864893,41.56059419931694,40.61746491966845,41.443824768066406,44793700.0
2022-02-01,41.5067035781864,42.306118024903355,41.22825785151605,42.16240310668945,40326600.0
2022-02-02,41.96479707482905,42.18036773810673,41.58754327444225,42.11749267578125,41125600.0
2022-02-03,42.41390137338783,42.47677642793442,41.63244839299425,41.704307556152344,35879900.0
2022-02-04,42.28814506593093,43.73427453497023,41.92885615567002,43.366004943847656,60297100.0
2022-02-07,43.617511189986246,43.79715222955003,43.105526689076434,43.57259750366211,44824800.0
2022-02-08,44.14746354632122,44.92891308728406,43.95883495938528,44.35405349731445,49560500.0
2022-02-09,44.21033787664356,44.72232240473745,44.039674082990004,44.26422882080078,33861100.0
2022-02-10,44.62351898981302,45.009753423503994,43.7971557503695,44.057640075683594,47082800.0
2022-02-11,43.68039021376814,44.407945398930835,42.66540180099571,43.04265213012695,61056000.0
2022-02-14,43.13246974476958,43.285165305136125,42.16239173855976,42.593536376953125,44791900.0
2022-02-15,43.11450557166099,43.44684559270796,42.72827118513355,42.925880432128906,42397600.0
2022-02-16,42.61150192200998,43.33007975852786,42.494735936043924,42.82707595825195,36664600.0
2022-02-17,42.21627934282213,42.47676359089823,41.27315038321579,41.38093566894531,49442400.0
2022-02-18,41.380947273132875,41.80311128140416,41.06657200725005,41.282142639160156,37856500.0
2022-02-22,40.57254333687964,41.30010183041476,40.45577735477247,40.9228515625,51905600.0
2022-02-23,41.27316615063894,41.41688106199196,40.03362289869808,40.22224807739258,45704900.0
2022-02-24,38.623408348132784,39.23419740542718,37.770099803992125,39.16233825683594,80484800.0
2022-02-25,39.350965113111975,40.734219399563635,39.18928546218095,40.437808990478516,68530700.0
2022-02-28,39.27013399722953,39.75516963116429,39.01863035864969,39.70127868652344,69955300.0
2022-03-01,39.261151388653346,39.28810028843666,37.662322676473885,38.147361755371094,74895600.0
2022-03-02,38.3898739159056,39.108448287395355,38.28208519035748,38.76712417602539,70834600.0
2022-03-03,38.893489864664616,39.263560063164704,38.09919159354757,38.351924896240234,48733800.0
2022-03-04,37.39515526813895,37.40417985861448,36.393257009242724,36.9619026184082,75572800.0
2022-03-07,36.04124153754459,36.203711721017925,34.488750203548854,34.6060905456543,109779000.0
2022-03-08,35.264997846852054,35.797538268484324,34.452646883959986,34.83174514770508,76553800.0
2022-03-09,36.38423132973699,37.55762431803475,36.24883837435476,37.04313659667969,78207900.0
2022-03-10,36.36618552675485,37.440291008316265,36.20371532709863,36.70917510986328,48804400.0
2022-03-11,37.04313533638646,37.35002304071739,36.36617746887875,36.40228271484375,43946600.0
2022-03-14,36.916782304307276,38.072123001670896,36.916782304307276,37.187564849853516,54262400.0
2022-03-15,37.24171163336793,37.711069555933506,36.889694052240294,37.45833969116211,41395300.0
2022-03-16,38.1262732089762,38.857385590377746,37.8374346496239,38.63173294067383,59477600.0
2022-03-17,38.2797149789351,38.848360614649415,37.75620262726352,38.839332580566406,50260200.0
2022-03-18,38.59562412822818,38.74906970632162,38.14431887047292,38.72199249267578,74470600.0
2022-03-21,39.12817281102697,39.20038332039008,38.3699796786473,38.667842864990234,47106400.0
2022-03-22,39.55240181124835,40.28351774021202,39.444089488019664,39.877342224121094,52360600.0
2022-03-23,39.462147075738464,39.72390160284207,38.83934339172351,38.89350128173828,48539300.0
2022-03-24,39.155249218781776,39.20037906063634,38.71296850496015,38.87543869018555,30360800.0
2022-03-25,39.2455082400219,39.949543401990255,39.11011871674361,39.471160888671875,38968100.0
2022-03-28,39.4531104977154,39.48921574990862,38.65881560858285,39.308692932128906,37428600.0
2022-03-29,39.940519831552656,40.06688476711557,38.91154427832754,39.20940399169922,46355800.0
2022-03-30,39.20940328443553,39.39895412754701,38.586603209029796,38.812255859375,36601800.0
2022-03-31,38.66784443959532,38.71297428819171,37.187563369238546,37.20561599731445,67902500.0
2022-04-01,37.629838392078085,37.674971681085964,36.42033993085871,36.916778564453125,61929200.0
2022-04-04,36.53767992958913,37.133402840928596,36.24884478731463,36.85359573364258,53761700.0
2022-04-05,36.50157552102023,36.79041066998127,36.14053330641222,36.23079299926758,51781700.0
2022-04-06,35.86974630215093,36.11344813104321,35.51772528035801,35.833641052246094,54159800.0
2022-04-07,36.00513833351347,36.0863734298671,35.066422429690725,35.5538330078125,54585000.0
2022-04-08,35.64409377759926,36.194683346203725,35.49064818656911,35.80656051635742,41018900.0
2022-04-11,35.63506059547609,36.46546401024788,35.55382551623956,35.73434829711914,34198700.0
2022-04-12,35.7162930326095,36.17662626195867,35.06641244679203,35.355247497558594,42855300.0
2022-04-13,34.75050587485002,35.21083573637218,34.62414094985123,35.03934097290039,45484200.0
2022-04-14,34.7414907517074,35.1747435168471,33.77569404063239,33.91108703613281,79032000.0
2022-04-18,33.77568436144121,35.48162115448654,33.595165010088444,35.0664176940918,80080300.0
2022-04-19,35.39136437927701,35.996115332901056,35.30110468742221,35.716304779052734,53714200.0
2022-04-20,36.23981949720207,36.43839150169792,35.75240891281091,35.79753875732422,47064300.0
2022-04-21,36.10442447041541,36.293971872520395,34.858820862093935,35.12057876586914,46245900.0
2022-04-22,35.0303249149734,35.0664267286337,33.84790357713168,33.902061462402344,50409800.0
2022-04-25,33.29730248785612,33.757635794456384,32.43079719014336,33.658348083496094,64301100.0
2022-04-26,33.28828463188227,33.88400757497751,32.87308107994154,32.90016174316406,44809900.0
2022-04-27,32.73769145216913,33.31536176602219,32.647428313637924,32.71963882446289,39824900.0
2022-04-28,33.152894767832244,33.351470248629035,32.638406879574205,33.22510528564453,39567800.0
2022-04-29,33.170943794370714,33.51393683035034,32.07878565498888,32.20515060424805,47385200.0
2022-05-02,32.521058353837695,32.74671100062965,31.95241616301597,32.62034606933594,46652200.0
2022-05-03,32.80086810102128,33.96523655734325,32.791843510364565,33.51393127441406,48926000.0
2022-05-04,33.73055857160917,34.976162215906534,33.649323476477036,34.858821868896484,57860300.0
2022-05-05,34.34432870914268,34.48874625088028,33.279248047633146,33.88399887084961,48860600.0
2022-05-06,33.73056201085408,33.9562146933196,33.044579371161035,33.802772521972656,50440100.0
2022-05-09,33.279258731841566,33.450756984904224,32.54814619846718,32.82795333862305,51242000.0
2022-05-10,33.17094124885897,33.513934258517594,31.75384280973678,32.2773551940918,60235300.0
2022-05-11,32.40372484142728,33.32438470650494,32.051703783384056,32.10586166381836,54969300.0
2022-05-12,31.600392681807012,31.97949088936334,30.923434794129015,31.654550552368164,61231500.0
2022-05-13,32.069752366984545,32.25027516915288,31.374741816707388,31.74481201171875,49117900.0
2022-05-16,31.59136895463382,31.74481109396992,31.058828597385407,31.41987419128418,39076500.0
2022-05-17,32.150986455251044,32.692554844902254,31.979491692280437,32.484954833984375,42635600.0
2022-05-18,32.15099079810868,32.21417326895792,31.230327510208596,31.483060836791992,47396900.0
2022-05-19,30.950515013217878,31.446950101855993,30.914409766687807,31.094932556152344,47002700.0
2022-05-20,31.410847809976364,31.57331799145857,29.750044188414176,30.562395095825195,62406500.0
2022-05-23,31.37474203194352,32.72865789271504,31.284482351833187,32.37664031982422,69081900.0
2022-05-24,32.01560747173271,32.457884853422684,31.555274016943606,32.178077697753906,46146700.0
2022-05-25,32.04267208260012,32.73768256630641,31.853124707912695,32.34955978393555,49343400.0
2022-05-26,32.94528603469117,33.252173768358205,32.800868480211754,33.09872817993164,60201200.0
2022-05-27,33.29729819933903,33.44171573035761,33.01749116978241,33.41463851928711,43365600.0
2022-05-31,33.234124898090734,33.87497765329081,33.04457748202082,33.577117919921875,71609200.0
2022-06-01,33.8117913615677,33.820819395514846,32.64742289178519,33.09872817993164,35237900.0
2022-06-02,33.053335280942676,33.32567736850503,32.74467999156733,33.31660079956055,35341900.0
2022-06-03,33.11688800564534,33.298450586523145,32.79915608637283,32.85362243652344,25235200.0
2022-06-06,33.31660092479879,33.779582129093406,32.771913284609056,32.81730651855469,40394000.0
2022-06-07,32.59036315075221,33.053344482189196,32.44511376608389,32.99887466430664,29152200.0
2022-06-08,32.608509111375085,32.78099509850232,32.24538746119437,32.581275939941406,33590600.0
2022-06-09,32.445105402106655,32.53588494549049,31.319420363852053,31.3284969329834,49419000.0
2022-06-10,30.575020478722436,30.901832412633258,29.975866420891922,30.112035751342773,49318200.0
2022-06-13,29.403946529323754,29.74891507821225,28.813870753235495,29.068058013916016,61216600.0
2022-06-14,28.97727413453218,29.594583029826133,28.350885206569412,28.559680938720703,49349800.0
2022-06-15,29.03174665869585,29.494731431252898,28.523373836401955,29.095293045043945,51540100.0
2022-06-16,28.595996975310406,29.049901689204223,28.014999495609224,28.91373062133789,61363400.0
2022-06-17,29.077133704035987,29.576431639817578,28.723088595403954,28.977275848388672,80470300.0
2022-06-21,29.857852134146565,30.220977297866828,29.612743168088123,29.8215389251709,53537200.0
2022-06-22,29.403951958667566,29.903246538740966,29.340405564641067,29.59459114074707,38305600.0
2022-06-23,29.394870211628625,29.42210338626886,28.378122891672554,29.122528076171875,44091500.0
2022-06-24,28.369040701672862,29.748911256964348,28.35088410006167,29.33131980895996,79504700.0
2022-06-27,29.43117829147504,29.59458425610655,28.96819703369772,29.367631912231445,47900300.0
2022-06-28,29.803387134707847,30.411617829039827,29.222386153814643,29.285932540893555,49863800.0
2022-06-29,29.258698127333638,29.44933728050986,28.74124701841634,28.922809600830078,35149700.0
2022-06-30,28.296424068645216,28.641390939754043,27.815284378260667,28.26011085510254,46312300.0
2022-07-01,28.12393374126313,28.750322688584326,27.80620011688229,28.650463104248047,40236100.0
2022-07-05,27.960529645565504,28.359966278076172,27.642797731475383,28.359966278076172,47411800.0
2022-07-06,28.151170605680615,28.369044660895202,27.815280355031625,28.12393569946289,35933700.0
2022-07-07,28.595997645089,29.058978940376708,28.568762738274206,28.922809600830078,40137900.0
2022-07-08,29.05898010572719,29.276855905964773,28.650466876177376,28.859264373779297,31153800.0
2022-07-11,28.641383917651016,28.859259682471116,28.405355013528887,28.559680938720703,29311900.0
2022-07-12,28.16025103484229,29.077137103811577,28.123937823809065,28.46890640258789,39527000.0
2022-07-13,28.205641015745076,28.278265706813734,27.59740857872909,27.996845245361328,44153700.0
2022-07-14,27.31598535311834,27.43399981484684,26.934705330713047,27.352296829223633,51707800.0
2022-07-15,27.824356341968485,29.62182017807107,27.78804486820857,29.276851654052734,77801700.0
2022-07-18,30.030339506566353,30.30268166019289,29.140683161424846,29.285932540893555,56382900.0
2022-07-19,29.866926900351334,30.520547231545073,29.667207749227288,30.27543830871582,46874900.0
2022-07-20,30.12111513944933,30.366224084633245,29.912319400148498,30.284521102905273,35514900.0
2022-07-21,30.03941221831171,30.56593985260672,29.912319460482497,30.547786712646484,31244000.0
2022-07-22,30.502396088671222,30.811051439725244,30.039414793599295,30.34807014465332,27115400.0
2022-07-25,30.665800696990154,30.847363271211034,30.357145359720082,30.620410919189453,30381000.0
2022-07-26,30.329911373774205,30.665799876130045,29.921396458466848,30.00309944152832,30645700.0
2022-07-27,30.175580983507952,30.656718777679412,29.91231546997292,30.49331283569336,30344800.0
2022-07-28,30.411614969046227,30.6385673195615,29.866930713016796,30.24820899963379,40176500.0
2022-07-29,30.384379810669984,30.811047846919664,30.275440196164784,30.693035125732422,48152500.0
2022-08-01,30.52054427180593,30.765653170865676,30.157422670360482,30.60224723815918,32336700.0
2022-08-02,30.502399218493792,30.611338856880387,29.95771487863513,29.994028091430664,37884100.0
2022-08-03,30.338994241147105,30.63857306222674,30.112041848093575,30.538713455200195,30065800.0
2022-08-04,30.429773185249278,30.56594252496379,30.112037799878962,30.320837020874023,28404500.0
2022-08-05,30.21189766531235,31.165100366981527,30.17558791887272,30.829208374023438,35874500.0
2022-08-08,31.01984550497142,31.12878512623631,30.366225092472252,30.402538299560547,33454300.0
2022-08-09,30.547794539984825,30.82921330071017,30.32991871143793,30.79290008544922,40196900.0
2022-08-10,31.319428578576563,32.163691712953586,31.27403879497943,31.83687973022461,61415800.0
2022-08-11,32.472352542396784,32.73561817969363,32.363416350867396,32.59944534301758,50420800.0
2022-08-12,32.82638320787683,32.96255598417787,32.39971174094996,32.95347595214844,31821700.0
2022-08-15,32.535890763520726,32.953482278587764,32.38156135655008,32.9080924987793,24908000.0
2022-08-16,32.85361587763993,33.534472822742025,32.771912905706984,33.26213073730469,31870200.0
2022-08-17,32.86270176439631,33.21674688484377,32.75376560341666,33.053340911865234,27125600.0
2022-08-18,32.908092447319746,33.04426524955042,32.68114008561409,32.935325622558594,23138300.0
2022-08-19,32.644827874666426,32.70837426084535,32.05475379400234,32.20907974243164,36485400.0
2022-08-22,31.546381050557923,31.609927440380872,31.274038885171198,31.519147872924805,31210300.0
2022-08-23,31.473751325293378,31.746096925135724,31.19233261788291,31.237722396850586,26588000.0
2022-08-24,31.09247456767225,31.5917690871042,30.91091197978291,31.337583541870117,31389400.0
2022-08-25,31.410203244971257,32.02751390202776,31.274033915425772,31.900421142578125,40576700.0
2022-08-26,32.17276475082938,32.209077958926095,30.883677030559102,30.89275360107422,36152600.0
2022-08-29,30.738427011786676,31.001692570398728,30.511474660504163,30.77474021911621,34931000.0
2022-08-30,31.02892473831476,31.119704290677138,30.44792729195249,30.947221755981445,48194900.0
2022-08-31,30.99261635997342,31.201412133345972,30.50239838961084,30.511478424072266,44917600.0
2022-09-01,30.46578378672607,30.602853793750384,29.844405796996668,30.584577560424805,32848900.0
2022-09-02,31.0049263150484,31.50751062583586,30.4018244449363,30.548030853271484,44000800.0
2022-09-06,30.73992348294674,30.82216479846997,29.798720027608468,30.20992660522461,40762400.0
2022-09-07,29.98147725526159,30.767334411290136,29.816994633204736,30.67595672607422,40742600.0
2022-09-08,30.57543993651146,31.735954693779192,30.401820935976104,31.662853240966797,44361800.0
2022-09-09,31.964399374435303,32.21112329027806,31.83646922973943,31.927846908569336,37295100.0
2022-09-12,32.16543936733792,32.558369720868775,32.01009310658045,32.22940444946289,30534000.0
2022-09-13,31.59889581602543,31.726826003809144,30.895276297378803,31.06889533996582,40959600.0
2022-09-14,31.251643016183134,31.4526746022535,30.648541286302184,30.950090408325195,32004400.0
2022-09-15,30.87698711452232,31.891295300799626,30.794745816017816,31.534914016723633,44863300.0
2022-09-16,31.242504349473442,31.27905681591226,30.75819636958184,31.178539276123047,54281800.0
2022-09-19,30.81302899662783,31.863886396921735,30.730787679575652,31.699403762817383,29782000.0
2022-09-20,31.525776671065238,31.78163693147927,30.9592274576479,31.224224090576172,33591100.0
2022-09-21,31.352164895854784,31.434406210679803,30.264751568075607,30.29216766357422,51667800.0
2022-09-22,30.438370054550337,30.538884105373068,29.59768078182376,29.698198318481445,47527500.0
2022-09-23,29.17734391564996,29.32355032121764,28.51941334767757,28.994585037231445,55316100.0
2022-09-26,28.619929319501363,29.076824747316945,28.03510372963109,28.354930877685547,40360200.0
2022-09-27,28.574237902486757,28.66561732841017,27.68785973682248,27.93458366394043,43396600.0
2022-09-28,27.89803149899629,28.610787149981956,27.77009961214137,28.391477584838867,38372900.0
2022-09-29,28.04423907269704,28.23613429679334,27.605618180772865,28.01682472229004,35220900.0
2022-09-30,28.108207540214945,28.50113789555636,27.569070784223385,27.596485137939453,42294100.0
2022-10-03,27.952858436620765,28.5833745253261,27.59648061135655,28.409753799438477,34591700.0
2022-10-04,28.985445096583966,29.71647882137708,28.93061813367274,29.58854866027832,39758700.0
2022-10-05,28.82096360547794,29.268719159965293,28.738722291371126,29.168203353881836,35791100.0
2022-10-06,28.87578803023937,29.131648324609603,28.6564784595288,28.74785614013672,40891900.0
2022-10-07,28.482861835136276,28.546826917949872,27.8980362289345,28.099069595336914,52304600.0
2022-10-10,28.23613429679334,28.373202562993214,27.733550073087965,28.01682472229004,37669100.0
2022-10-11,27.751825123078262,27.84320280136921,27.02079149632824,27.203550338745117,58124000.0
2022-10-12,27.084758216964172,27.69699811053538,26.938551831297996,27.28579330444336,36137900.0
2022-10-13,26.874587066452563,29.031133894362704,26.783207638624273,28.958030700683594,67671000.0
2022-10-14,29.067682695967626,29.816992560234215,28.848373129444784,28.967166900634766,58108500.0
2022-10-17,30.484063176411098,30.95009497404415,30.03630412816053,30.721647262573242,88896800.0
2022-10-18,31.964405497848784,32.31164701842641,31.324751165995988,31.873027801513672,81937900.0
2022-10-19,31.598892026964872,31.827339759424124,30.858720118896024,30.995786666870117,43139900.0
2022-10-20,31.050612441666516,31.64457788423431,30.694234570460015,30.79475212097168,39549100.0
2022-10-21,30.66682202078062,32.01923205341905,30.66682202078062,31.93699073791504,54870300.0
2022-10-24,32.083194771184814,32.220261296374616,31.717677065674998,32.0466423034668,33765600.0
2022-10-25,31.74508846661263,32.51267274604573,31.553189782378354,32.33905029296875,37132300.0
2022-10-26,32.36646215273124,32.97870368200482,32.3024970880685,32.6223258972168,41104600.0
2022-10-27,33.0335394277816,33.23457103714686,32.686297941299294,32.77767562866211,35261900.0
2022-10-28,32.93301727944264,33.1706013248967,32.56749960938348,33.06094741821289,31659100.0
2022-10-31,32.89646145557582,33.19801402545249,32.722842497238474,32.933013916015625,32565500.0
2022-11-01,33.29853528605204,33.59094806133189,32.9969861365976,33.079227447509766,29913200.0
2022-11-02,32.96043394022533,34.066119973741344,32.85078002004931,32.97871017456055,57380600.0
2022-11-03,32.622329048541744,33.024395706095085,32.357328906005826,32.79594802856445,30046500.0
2022-11-04,33.35335848883659,33.81025381060148,33.097498224115355,33.61835861206055,39369400.0
2022-11-07,33.819400787353516,34.12095346747092,33.56354044240718,33.819400787353516,37533700.0
2022-11-08,33.89249799822772,34.19404712367394,33.58180901349936,33.91077423095703,32664300.0
2022-11-09,33.70060448578508,33.77370593456025,33.252845475884804,33.371639251708984,30164400.0
2022-11-10,34.08439784174287,34.92508723228071,33.93819144588874,34.84284591674805,45702800.0
2022-11-11,34.89767019568038,35.272324292820365,34.69663858544805,35.09870529174805,35688700.0
2022-11-14,34.806290480540696,34.961633237846215,34.49560148009452,34.504737854003906,35541400.0
2022-11-15,34.89767241829541,34.998189972731154,34.084399093621535,34.44991683959961,46082800.0
2022-11-16,34.36768038762441,34.48647419476422,33.993026213570616,34.13923263549805,23813000.0
2022-11-17,33.70060997293175,33.993022787313464,33.40819715855003,33.965606689453125,23689700.0
2022-11-18,34.53215954503983,34.586984769053544,33.737158938483894,33.983882904052734,32041800.0
2022-11-21,33.89251265989107,34.2854431189628,33.865100041856074,34.09354782104492,27935700.0
2022-11-22,34.34940000383819,34.5412952558656,34.20319359955508,34.25802230834961,23499300.0
2022-11-23,34.25802565348664,34.41336844815286,34.14836822519003,34.367679595947266,18934700.0
2022-11-25,34.46819307548207,34.605259615847174,34.32198667425796,34.44991683959961,16118500.0
2022-11-28,34.17577897782388,34.41336306362066,33.654918475338064,33.68233108520508,35428300.0
2022-11-29,33.791976912500495,33.94732313146862,33.55439288363905,33.81025314331055,27048800.0
2022-11-30,33.71887675904819,34.58697509765625,33.079222599678,34.58697509765625,51747900.0
2022-12-01,34.46750347523625,34.64213756393977,33.45645810911563,33.59432601928711,46213200.0
2022-12-02,33.143939915818294,33.35534010212535,32.91415664728265,33.162322998046875,42295300.0
2022-12-05,32.91416042087473,32.98768925200468,31.3792061878434,31.68252182006836,71386600.0
2022-12-06,31.774436968426347,31.875542189454958,29.789109238912882,30.331398010253906,84085700.0
2022-12-07,29.95455490020175,30.257867071163833,29.7339613616895,30.092426300048828,49234100.0
2022-12-08,30.303818091888825,30.322201173823448,29.57770213343586,29.816675186157227,45491100.0
2022-12-09,29.513365463165268,29.96373873487858,29.485792591162518,29.761531829833984,36985500.0
2022-12-12,29.697192922980268,30.129183113206455,29.467409638697205,30.083227157592773,41060500.0
2022-12-13,30.836912082896777,30.947207063424955,29.93616214511918,30.101606369018555,54804800.0
2022-12-14,30.14756635376339,30.331393683390512,29.55932170392835,29.66961669921875,48819500.0
2022-12-15,29.182481705483042,29.40307348280512,28.94350684177389,29.200864791870117,49027600.0
2022-12-16,29.062989806820422,29.347920581003844,28.81482344554424,29.136520385742188,61795200.0
2022-12-19,29.19166814563059,29.623660081563948,29.164093520870345,29.467409133911133,38374100.0
2022-12-20,29.77991177664958,29.945356003669858,29.540935223747283,29.586891174316406,35561100.0
2022-12-21,29.89021223449425,30.211907453619965,29.789107020993335,30.037273406982422,32544000.0
2022-12-22,29.89020780884519,29.945357055193263,29.292771664932047,29.770719528198242,30234400.0
2022-12-23,29.779910695637675,29.94535491665232,29.586890100311155,29.844249725341797,21378600.0
2022-12-27,29.8718278381208,30.02807879306019,29.669617419997103,29.89940071105957,22776100.0
2022-12-28,29.936163986161937,30.30381861881853,29.89939782165339,30.119991302490234,30541000.0
2022-12-29,30.230290172698304,30.478456555684804,30.10161208660491,30.460073471069336,22252900.0
2022-12-30,30.4233073602955,30.607134700588517,30.20271735691579,30.44169044494629,28198900.0
2023-01-03,30.542791869490017,31.33324688036705,30.524408787119103,30.800148010253906,35221500.0
2023-01-04,31.15861381359354,32.00421459132498,31.094274776427653,31.37920379638672,41998500.0
2023-01-05,31.176988044990306,31.37919841639369,30.864486207314467,31.31485939025879,34177000.0
2023-01-06,31.333250403125692,31.783627206312257,30.827727852840873,31.62737274169922,34068700.0
2023-01-09,31.939880668298052,31.949070458129814,30.983981239899087,31.149425506591797,43818800.0
2023-01-10,31.011550826399663,31.498690223686193,30.919635417147443,31.36081886291504,35096000.0
2023-01-11,31.36082162363591,31.654943946706158,31.250526629038234,31.59979820251465,36783700.0
2023-01-12,31.80200660893138,32.05017298814776,31.581416609326705,31.68252182006836,44230400.0
2023-01-13,31.43435549927786,32.52812272270314,30.414117107119196,32.38106155395508,89667800.0
2023-01-17,31.884732267569706,32.01341387217858,31.38840296036776,31.72848129272461,56458400.0
2023-01-18,31.55384931354968,31.563039104234797,30.800156747398486,30.99317741394043,54517800.0
2023-01-19,30.58875113907752,30.836917518672095,30.230289759512523,30.542795181274414,42707100.0
2023-01-20,30.60713123342063,31.149419897436523,30.414114125774592,31.112653732299805,45004400.0
2023-01-23,31.075896522898415,31.71928699454457,31.02074726552227,31.544652938842773,33683300.0
2023-01-24,31.452736043672047,31.976641634167272,31.20456968403517,31.774431228637695,26716700.0
2023-01-25,31.526265300767154,32.13289301944938,31.480309346030467,32.0501708984375,28859700.0
2023-01-26,32.215609263342266,32.49134844767367,31.976636238578774,32.48215866088867,30035500.0
2023-01-27,32.57407773158655,32.886583144349245,32.417826778312566,32.58327102661133,29964900.0
2023-01-30,32.362674307419525,32.68437298320492,32.33510143751755,32.445396423339844,27353500.0
2023-01-31,32.32591112043348,32.610843658447266,32.16966016831331,32.610843658447266,38917400.0
2023-02-01,32.353489089142485,33.3277680295733,32.27076696153846,33.015262603759766,44438700.0
2023-02-02,33.18070609132985,33.43806576359659,32.5740783383397,33.208282470703125,33729100.0
2023-02-03,33.10717201803683,33.787328493812694,32.99687703665425,33.48401641845703,37411700.0
2023-02-06,33.31857996238165,33.49321401580912,33.07041356674362,33.42887496948242,29463200.0
2023-02-07,33.2450458440774,34.00792807578767,33.2082831811512,33.79652786254883,44100200.0
2023-02-08,33.46564440667822,33.86087201909467,33.40130535407233,33.54836654663086,28032800.0
2023-02-09,33.336962545245896,33.41049138013265,32.68437879593532,32.83143997192383,35257100.0
2023-02-10,32.67518622212982,32.71195239349303,32.19723651305338,32.702762603759766,32898900.0
2023-02-13,32.610846814385276,32.88658608412703,32.528124682841245,32.7671012878418,29163900.0
2023-02-14,32.74871813713687,33.079606662653944,32.592463663991566,32.739524841308594,33625200.0
2023-02-15,32.46377847736839,32.730327898695066,32.31671733219062,32.68437194824219,23500100.0
2023-02-16,32.55569146526696,32.77628494350609,32.37186765731781,32.4270133972168,22681100.0
2023-02-17,32.24319302755872,32.528122063992285,31.930687612020627,32.491355895996094,28562700.0
2023-02-21,32.08694271145415,32.21562080984781,31.498697972388726,31.72848129272461,37068900.0
2023-02-22,31.581415532184433,31.75604956809982,31.31486607772302,31.51707649230957,38550400.0
2023-02-23,31.61818354660648,31.802007382007346,31.12185077610836,31.489501953125,28488000.0
2023-02-24,31.121849186086436,31.517076723192876,31.103466102242564,31.443544387817383,27046600.0
2023-02-27,31.66413788772913,31.88472788142614,31.406778220129638,31.443544387817383,30137500.0
2023-02-28,31.57222205392131,31.700903639138648,31.415971102622287,31.52626609802246,32620600.0
2023-03-01,31.388397090961593,31.700902488430724,31.232142639119747,31.37920379638672,29281600.0
2023-03-02,31.138682992151253,31.17568762179024,30.528120718930865,30.98141860961914,44607200.0
2023-03-03,31.129432060754134,31.721491989894503,31.129432060754134,31.601228713989258,39109100.0
2023-03-06,31.67523599436501,31.971265940474982,31.443962378406887,31.536470413208008,36646700.0
2023-03-07,31.314450950478204,31.3607085038675,30.34310232155258,30.528121948242188,52855300.0
2023-03-08,30.213586530552533,30.500367098840268,30.010064609254428,30.121078491210938,40045600.0
2023-03-09,29.86205051828617,29.963811481965866,28.039614916023663,28.25238800048828,112457900.0
2023-03-10,28.0488651798536,28.71493435439516,26.753733222490638,28.00261116027832,165330900.0
2023-03-13,26.753735508146367,27.493810471444206,25.782386898258213,26.374446868896484,218403300.0
2023-03-14,27.743584449041446,27.836094253956933,26.337440354863755,26.6057186126709,154255800.0
2023-03-15,25.791635436207073,26.420700016391265,25.606617583756204,26.35594367980957,131104400.0
2023-03-16,26.254178144260152,27.262531175604646,26.004403998703165,26.799983978271484,108348800.0
2023-03-17,26.513209313696574,26.513209313696574,25.551111911858353,25.736129760742188,130665500.0
2023-03-20,26.1246694780941,26.30043793394207,25.57886356083812,25.67137336730957,81441200.0
2023-03-21,26.48545294844354,26.80923635420965,26.37444260413823,26.448450088500977,84854800.0
2023-03-22,26.559461396655855,26.58721486597817,25.569610595703125,25.569610595703125,76925900.0
2023-03-23,25.902648555552894,25.9859072099254,24.783284947065894,24.949800491333008,105335900.0
2023-03-24,24.607515067732177,25.24583079311067,24.348487961837677,25.107065200805664,96872700.0
2023-03-27,25.837891222678167,26.5039586675614,25.81938890808973,26.35594367980957,102469800.0
2023-03-28,26.25417961960002,26.503955543670564,25.88414219383494,26.013656616210938,63416500.0
2023-03-29,26.35594174006643,26.61496883180719,26.124668118165733,26.522459030151367,62666400.0
2023-03-30,26.753731296168578,26.88324395323638,26.004405293240033,26.180171966552734,67427100.0
2023-03-31,26.476204949902364,26.53171012497551,26.143170370508088,26.45770263671875,56482100.0
2023-04-03,26.494704104548585,26.80923635420965,26.20792532320266,26.448450088500977,51996800.0
2023-04-04,26.41144546873422,26.503955265323352,25.588111984493942,25.88414192199707,56233300.0
2023-04-05,25.58811290858467,25.81938652617092,25.403093308724596,25.569610595703125,47799400.0
2023-04-06,25.64361892601836,25.91189717818978,25.551110887523958,25.75463104248047,41216600.0
2023-04-10,25.59736721204178,25.995158165512162,25.57886489688551,25.847143173217773,40572700.0
2023-04-11,25.92114953628847,26.596468129671543,25.865642593246,26.559463500976562,58761200.0
2023-04-12,26.531710738752743,26.836991855433883,26.244931935683248,26.346691131591797,44313300.0
2023-04-13,26.420696258544922,26.494703741894668,26.124666325145945,26.420696258544922,52261400.0
2023-04-14,27.105268286574468,27.632573636505338,27.05901426712262,27.30879020690918,81110800.0
2023-04-17,27.540060578749237,28.132120427263075,27.197774876028717,28.095117568969727,83704400.0
2023-04-18,28.492907920411746,28.613171185188243,27.56781348449607,28.270885467529297,114498800.0
2023-04-19,27.873098316865022,27.937856418227422,27.55856778977973,27.80834197998047,65594200.0
2023-04-20,27.604820826462856,27.96560712735506,27.54006449189018,27.66032600402832,43193800.0
2023-04-21,27.521563862366186,27.734335193121552,27.207031562780916,27.63257598876953,44759000.0
2023-04-24,27.558568597337445,27.660327802075983,27.373548974121725,27.53081512451172,28020300.0
2023-04-25,27.244035806958003,27.31804330201873,26.661225239436643,26.67972755432129,49718800.0
2023-04-26,26.60572046016749,26.77223776768275,26.180176033797615,26.309690475463867,45848400.0
2023-04-27,26.383696766171557,26.901749215733137,26.383696766171557,26.725980758666992,33060100.0
2023-04-28,26.392946331864206,27.225531016717948,26.374444018661794,27.086767196655273,45592500.0
2023-05-01,27.2902867945536,27.32729142020736,26.827739560747606,26.864744186401367,34076800.0
2023-05-02,26.68897678874097,26.69822794551672,25.634367854516082,26.050661087036133,70797700.0
2023-05-03,26.05065995754742,26.365192216374663,25.726876542345533,25.77313232421875,51139500.0
2023-05-04,25.514103802398687,25.726875093600825,24.820282993670137,24.968297958374023,82173800.0
2023-05-05,25.551112011073933,25.80088619626088,25.412346418274975,25.634368896484375,50087100.0
2023-05-08,25.976653910968032,26.041410244702455,25.58811414408373,25.615867614746094,34245500.0
2023-05-09,25.366089425242933,25.745378001641694,25.199572144974674,25.588111877441406,32188800.0
2023-05-10,25.865642397308292,25.902647025722956,24.996054803297323,25.273582458496094,44446400.0
2023-05-11,24.98680182268443,25.430846744387672,24.86653855359126,25.338336944580078,34897300.0
2023-05-12,25.458604880770316,25.486356590665697,24.866543112150964,25.060813903808594,38142000.0
2023-05-15,25.0700581245204,25.736125444864587,25.005301800046627,25.578859329223633,38722800.0
2023-05-16,25.699124766238995,25.810135113470718,25.2828315529259,25.310585021972656,33347500.0
2023-05-17,25.662118612946042,26.52245669291766,25.652867457147927,26.429946899414062,61750400.0
2023-05-18,26.309683068222704,26.365188233608208,25.902641071615083,26.337434768676758,51146100.0
2023-05-19,26.328187626504175,26.522458381679265,25.930398488722158,26.004405975341797,50062500.0
2023-05-22,26.180171813016937,26.31893738989306,25.911895344310157,26.21717643737793,36473700.0
2023-05-23,26.198676567643226,26.901748615749533,26.180174253737796,26.43920135498047,51400400.0
2023-05-24,26.207926642163944,26.374443931479803,25.902645533244105,25.995155334472656,50606900.0
2023-05-25,25.893394438193784,26.124668059575807,25.791633480152832,26.059911727905273,40517800.0
2023-05-26,26.0876653207273,26.272683160018946,25.708376721030064,26.189424514770508,57879100.0
2023-05-30,26.19867648749351,26.355942626252975,25.856392503679107,26.143171310424805,41819600.0
2023-05-31,25.995154719783468,26.050659893417027,25.421595377311146,25.708375930786133,61905200.0
2023-06-01,25.885547736101756,26.09069192489115,25.49390753673454,25.904197692871094,57426100.0
2023-06-02,26.25853906911073,26.995196385069995,26.221240932580983,26.771400451660156,66578100.0
2023-06-05,26.873971067776996,26.873971067776996,26.389082885780194,26.612878799438477,34757800.0
2023-06-06,26.53827745971849,27.442780704953297,26.528954260859905,27.256284713745117,46297900.0
2023-06-07,27.321560532390787,27.64792766063937,27.051143274281575,27.48940658569336,44502600.0
2023-06-08,27.302909600825956,27.396155817872458,27.032490591429855,27.256284713745117,41483100.0
2023-06-09,27.228315565348385,27.414809805432345,27.116417598451733,27.293588638305664,32692000.0
2023-06-12,27.32155740322598,27.564001477055918,26.95789218175986,27.163036346435547,41011300.0
2023-06-13,27.163037305954695,27.787796577897154,27.069791086890326,27.414806365966797,42718800.0
2023-06-14,27.573330407819896,27.72252650871357,27.032494097440882,27.153717041015625,38322800.0
2023-06-15,26.948570012819758,27.480081323754423,26.752750805026036,27.3868350982666,42044900.0
2023-06-16,27.53602862831808,27.675899732078477,27.191011579055356,27.21898651123047,53050200.0
2023-06-20,27.05114513260908,27.079120069600553,26.650179928520746,26.92059898376465,39040900.0
2023-06-21,26.83667103307571,27.04181519774339,26.612876913831638,26.640850067138672,39553400.0
2023-06-22,26.57557869204996,26.603553625690772,26.01609246913737,26.072040557861328,50742900.0
2023-06-23,25.866897632142027,26.006768750000603,25.72702651428345,25.876222610473633,55181100.0
2023-06-26,25.922844979388167,26.370435033667185,25.913521779881968,26.19326400756836,47519300.0
2023-06-27,26.20258756878945,26.482329781349442,26.062716462509453,26.333133697509766,39081800.0
2023-06-28,26.342460000038052,26.361109956095465,26.016092883264093,26.17461395263672,37803800.0
2023-06-29,26.57557732568424,27.041815524380453,26.48232933023348,26.724773406982422,68376400.0
2023-06-30,26.985865666067806,27.14438671435496,26.734096628454534,26.75274658203125,50479000.0
2023-07-03,26.762075214287698,27.36818455986055,26.715450323977354,27.228313446044922,30995800.0
2023-07-05,27.172365023944938,27.433459087906712,26.995195767008756,27.116416931152344,37492000.0
2023-07-06,26.855322136663798,26.873972093273277,26.202589662351894,26.37043571472168,52098000.0
2023-07-07,26.389082836662467,26.87397101775675,26.379759637288604,26.603553771972656,34288000.0
2023-07-10,26.659500343734166,26.901944420483108,26.54760239348174,26.724773406982422,36086000.0
2023-07-11,26.724770910815018,27.116411032281874,26.500976809770734,27.060462951660156,40978700.0
2023-07-12,27.51737927024563,27.8717195260263,27.293585143664533,27.37750816345215,41855500.0
2023-07-13,27.526705273492922,27.853072387210002,27.424132294695575,27.666576385498047,39589000.0
2023-07-14,27.97429357993409,28.067541580912074,27.08844023847977,27.144390106201172,58720300.0
2023-07-17,27.18168726119062,27.56400245073894,27.15371410689436,27.414806365966797,49477200.0
2023-07-18,27.97429142621338,28.776221682903248,27.89969338688578,28.627025604248047,98253800.0
2023-07-19,28.804195790130542,29.55950296421769,28.61770157491309,29.400981903076172,70619800.0
2023-07-20,29.214484558631344,29.652747811615672,29.149211497395118,29.5501766204834,42128800.0
2023-07-21,29.71802549400286,29.941819630458113,29.298410376550695,29.82059669494629,70872400.0
2023-07-24,29.839247145870512,30.631850725336516,29.82059718955049,30.445358276367188,64548600.0
2023-07-25,30.547925975795707,30.575902687253976,29.90451852609959,29.97911834716797,51208800.0
2023-07-26,30.06304024634943,30.34278245069457,29.979117229334378,30.221559524536133,41814600.0
2023-07-27,30.240213728517258,30.529282729326304,29.67140248405319,29.792625427246094,45529500.0
2023-07-28,29.979119273495005,29.988442472859006,29.568827359171795,29.74599838256836,33296500.0
2023-07-31,29.74599874807302,30.07236586511135,29.634102568753292,29.83924674987793,29093400.0
2023-08-01,29.69004941545632,29.783297413357452,29.298409247117654,29.484905242919922,32712000.0
2023-08-02,29.055963667136353,29.16786161456465,28.70162342763556,29.083938598632812,38855100.0
2023-08-03,28.850818335816925,29.4196276913969,28.794868475091707,29.289081573486328,27933400.0
2023-08-04,29.242463771629332,29.531530990239407,29.065292737648672,29.186513900756836,30768100.0
2023-08-07,29.289085038124664,29.745998283417915,29.289085038124664,29.72734832763672,31745200.0
2023-08-08,29.186513882569038,29.195838861041974,28.421883433365963,29.158540725708008,45951800.0
2023-08-09,29.111912523069893,29.167862387545544,28.748247296766078,28.776222229003906,30732100.0
2023-08-10,28.916095516990946,29.205162724383527,28.72027453365179,28.85082244873047,26062600.0
2023-08-11,28.720277604199683,29.2797639011247,28.673654487188394,29.17719268798828,35720700.0
2023-08-14,28.95339168661182,29.009341551517316,28.673649476314715,28.841495513916016,32563700.0
2023-08-15,28.440534680649385,28.487157796571566,27.825100301975702,27.91834831237793,43406100.0
2023-08-16,27.741175110357926,27.82509813532934,27.237636960529432,27.312236785888672,47220400.0
2023-08-17,27.452107851756498,27.545355854729458,27.14439068693614,27.30291175842285,37202200.0
2023-08-18,27.07911703908389,27.368184241413722,27.023167171362484,27.144390106201172,31430400.0
2023-08-21,27.246963287928285,27.32156133842378,26.855323078187485,27.181690216064453,34959000.0
2023-08-22,27.163041801942835,27.265614794160527,26.500984288503332,26.519634246826172,37564200.0
2023-08-23,26.52895736694336,26.584905459433337,26.277188282901776,26.52895736694336,44686600.0
2023-08-24,26.482329259313968,26.845996262742272,26.45435610574396,26.687475204467773,31934800.0
2023-08-25,26.706122906053473,26.84599578564807,26.3890807951388,26.575576782226562,34253200.0
2023-08-28,26.75275061284495,27.041817822607694,26.640852653082547,26.818023681640625,33075200.0
2023-08-29,26.93924431500531,27.28426138719109,26.78072324592931,27.20033836364746,30428200.0
2023-08-30,27.246961087430254,27.29358597682309,26.976543843182494,27.079116821289062,33366400.0
2023-08-31,27.20135076960232,27.238959723644076,26.825252262289048,26.956886291503906,37243000.0
2023-09-01,27.04150786309445,27.389398299334804,27.04150786309445,27.248361587524414,35228600.0
2023-09-05,27.210754288333124,27.37999907014296,26.797045020951213,26.938081741333008,46543600.0
2023-09-06,26.703017646050707,26.85345704063518,26.4397496022174,26.693614959716797,45022600.0
2023-09-07,26.712417992249243,26.84405200263413,26.383331172908143,26.449148178100586,35023600.0
2023-09-08,26.439749992923442,26.684212667701406,26.28930880273682,26.665409088134766,36513900.0
2023-09-11,26.80644635651458,27.041508143092177,26.703018596539124,26.77823829650879,34168300.0
2023-09-12,26.75942836590926,27.398796603453423,26.703014048884423,27.238954544067383,42284000.0
2023-09-13,27.37999782371437,27.44581483733772,26.985093948595154,27.15433692932129,37215700.0
2023-09-14,27.42700930147334,27.680876461127706,27.361192288239792,27.455217361450195,44634800.0
2023-09-15,27.220155588901235,27.351789615435013,27.032105442385173,27.116727828979492,61661100.0
2023-09-18,27.07911858365678,27.07911858365678,26.787642454437933,27.0415096282959,25752300.0
2023-09-19,27.041509506523287,27.210754288333124,26.80644770809389,26.938081741333008,34888100.0
2023-09-20,27.08851964780687,27.238959046995078,26.82525159591705,26.84405517578125,26641100.0
2023-09-21,26.665407864563527,26.881664263378838,26.34572371267177,26.373929977416992,39906000.0
2023-09-22,26.39273270080654,26.505563128601075,25.950817261483788,25.988426208496094,41284400.0
2023-09-25,25.85679775242463,25.969628204431146,25.71576103245088,25.950822830200195,32749200.0
2023-09-26,25.706356594425948,25.856795991268456,25.39607511426589,25.5465145111084,42237400.0
2023-09-27,25.602926519466568,25.960221399665972,25.452487136239107,25.64053726196289,38296300.0
2023-09-28,25.546512234854713,25.988427699531506,25.546512234854713,25.9132080078125,36734300.0
2023-09-29,26.223489448588264,26.317514511539663,25.640537286371632,25.74396324157715,40645900.0
2023-10-02,25.640541522343067,25.725163913641563,24.991770453514338,25.10460090637207,50388600.0
2023-10-03,24.907146319817066,24.935354379402984,24.277180669430898,24.36180305480957,62144500.0
2023-10-04,24.33359471521758,24.455827845304274,24.051521296120544,24.390010833740234,55696400.0
2023-10-05,24.239570103006468,24.53104619247366,24.03271459990546,24.502838134765625,49044100.0
2023-10-06,24.230169839113888,24.662682673596645,23.94809461397461,24.512243270874023,58177300.0
2023-10-09,24.220766479303904,24.7849151205286,24.183155732978683,24.73790168762207,39953700.0
2023-10-10,25.019973935967684,25.668743092680764,24.98236319410548,25.396072387695312,51960100.0
2023-10-11,25.546518068508068,25.800385258548427,25.292650878467708,25.405481338500977,38508200.0
2023-10-12,25.358463417559484,25.461891171527878,25.019975684044848,25.292646408081055,44249800.0
2023-10-13,25.790980234334622,26.063650981862924,24.935355450640227,25.161014556884766,55089700.0
2023-10-16,25.537111828213003,25.55591720116572,25.17041602253037,25.377269744873047,56817500.0
2023-10-17,25.433681256098186,26.204685321435843,25.123399810227486,25.969623565673828,95344200.0
2023-10-18,25.894410316410564,26.36453394487078,25.58412699998268,25.678152084350586,68371100.0
2023-10-19,25.62173642450224,26.12006809048523,25.273844168367095,25.349063873291016,58611000.0
2023-10-20,25.198622569831496,25.330258388590682,24.672084674932023,24.73790168762207,62058400.0
2023-10-23,24.568659844877903,24.6438795531166,23.995110242075086,24.04212188720703,59857200.0
2023-10-24,24.201958638632984,24.3241917583486,23.882274500978326,23.948091506958008,55975700.0
2023-10-25,23.86346954339214,24.11733667946775,23.675421207816044,24.023311614990234,45522400.0
2023-10-26,23.966895186514503,24.784910844157324,23.919883555098423,24.55925178527832,60921000.0
2023-10-27,24.512241466049904,24.512241466049904,23.46856661730021,23.666019439697266,64709300.0
2023-10-30,23.807056962249877,24.239571573109824,23.769448009737182,24.154949188232422,41891900.0
2023-10-31,24.201958967823675,24.803716508827367,24.183153596322576,24.7661075592041,50106700.0
2023-11-01,24.860133861941513,25.029378627125848,24.58746134172697,24.82252311706543,44046300.0
2023-11-02,25.113997124791542,26.007232514038737,25.001168486317944,25.969623565673828,63278300.0
2023-11-03,26.47735827666516,27.201348976376707,26.449150217959076,26.72182273864746,62613600.0
2023-11-06,26.853457720219737,27.05091055147073,26.345725198992636,26.6372013092041,45548000.0
2023-11-07,26.37393201067845,26.571384846012293,26.2799087297738,26.477359771728516,33081900.0
2023-11-08,26.47735882214898,26.514969567865275,26.01663794739873,26.223491668701172,31896000.0
2023-11-09,26.39273655943825,26.402139245910707,25.762770912816237,25.8850040435791,32267900.0
2023-11-10,26.101258817223684,26.110661503107117,25.706354977014186,26.026039123535156,32858500.0
2023-11-13,25.894406187406148,26.185882288427813,25.781575745480225,26.044845581054688,28521800.0
2023-11-14,26.79704458868143,27.652669377691804,26.768836527708423,27.474021911621094,66676300.0
2023-11-15,27.45521668143423,27.95354650836217,27.45521668143423,27.850120544433594,46968900.0
2023-11-16,27.67147458086657,27.925341747919088,27.474021742032665,27.77490234375,36952800.0
2023-11-17,27.934741017263736,28.20741354232819,27.784301621841646,28.188608169555664,38493300.0
2023-11-20,28.188609795049558,28.442476961980717,27.972353375832274,28.21681785583496,46783400.0
2023-11-21,28.198009196396118,28.198009196396118,27.784299986643987,27.887727737426758,41611900.0
2023-11-22,27.962949624742656,28.009963057595847,27.75609590032589,27.859521865844727,41422700.0
2023-11-24,27.718484743401543,28.10398592019116,27.718484743401543,27.95354652404785,15815600.0
2023-11-27,27.83131573303526,27.915938119197897,27.746693346872622,27.793704986572266,42039500.0
2023-11-28,27.7654972076416,27.8783258541263,27.568044386224877,27.7654972076416,29705800.0
2023-11-29,28.09458337146175,28.780965137281264,28.02876635949884,28.498889923095703,57954900.0
2023-11-30,28.631574855643983,28.953810542991423,28.470458819662973,28.89694595336914,52547700.0
2023-12-01,28.811647772549556,29.427685940193822,28.76426091645872,29.342388153076172,46133300.0
2023-12-04,28.934856426867178,29.380299019293552,28.925378694131382,29.20970344543457,37811300.0
2023-12-05,29.077020015195114,29.181273271944153,28.745306586378614,28.98224449157715,45723100.0
2023-12-06,29.171792387045677,29.873128293736748,28.849556726175106,28.93485450744629,49803100.0
2023-12-07,28.991719282240002,29.313954945220637,28.944332429086852,29.058061599731445,32699600.0
2023-12-08,29.067541133902502,29.51298372731147,29.010676545054967,29.342388153076172,34794300.0
2023-12-11,29.304480523839263,29.456120640292568,29.105451741186315,29.23813819885254,32254000.0
2023-12-12,29.162315719942633,29.24761350432888,28.859035512210475,29.133882522583008,34566700.0
2023-12-13,29.143360685688243,30.451258860475797,29.029629702261765,30.3659610748291,60311100.0
2023-12-14,30.915655227481697,32.28989572823181,30.86826837201831,32.16668701171875,107190000.0
2023-12-15,32.05296225021322,32.24251331355912,31.55065500542452,31.84445571899414,83771800.0
2023-12-18,31.94870362552565,32.02452548429998,31.664378885892354,31.683334350585938,40694700.0
2023-12-19,31.304233048538745,31.91079347193891,31.08625062234089,31.759153366088867,44534800.0
2023-12-20,31.63594946832133,31.948705616795568,31.228415990471987,31.256847381591797,44711400.0
2023-12-21,31.503267762069637,31.702294749249884,31.17155250138345,31.465356826782227,32325700.0
2023-12-22,31.474827854341754,31.910792696138486,31.46535192968757,31.683334350585938,37265900.0
2023-12-26,31.702295658880757,32.18564744381381,31.626473786130383,32.09087371826172,24845400.0
2023-12-27,32.03400755089293,32.17617175565959,31.901322887983206,32.07191848754883,24498600.0
2023-12-28,32.05295873689094,32.195122922664225,32.005571880095,32.109825134277344,21799600.0
2023-12-29,32.1666885822506,32.214079055413144,31.79706603005,31.910795211791992,28060700.0
2024-01-02,31.64542502920608,32.28989639999469,31.531695850650856,32.128780364990234,36668600.0
2024-01-03,31.891841386889208,32.005570561591384,31.503263392553613,31.778108596801758,45988700.0
2024-01-04,31.816017982718062,32.517355692678514,31.787586594268685,32.034000396728516,39834600.0
2024-01-05,32.034007474477825,32.877505928436904,31.948709674898485,32.6310920715332,49242400.0
2024-01-08,32.507879195255335,32.507879195255335,31.882363283133163,32.37519454956055,40253900.0
2024-01-09,32.05295623830811,32.07191170262597,31.759151964459083,31.87288475036621,39268800.0
2024-01-10,31.7496819950141,31.872890728496813,31.5032681434345,31.84445571899414,34904000.0
2024-01-11,31.6169938100498,31.749678454982085,31.067296149175554,31.417966842651367,48790600.0
2024-01-12,30.564991423327548,31.455876693507385,30.29014257074304,31.086254119873047,74344300.0
2024-01-16,30.716626994842542,30.811400701849404,30.15745344657764,30.4417781829834,58420800.0
2024-01-17,30.06267635268756,30.318569686626237,29.636189270482262,30.13849639892578,48811300.0
2024-01-18,30.091110462838323,30.110065926897345,29.75939707257561,30.072154998779297,35484400.0
2024-01-19,30.13850059347883,30.546034076612784,29.92051815616761,30.536558151245117,49493600.0
2024-01-22,30.669236545561173,31.266320952778443,30.63132562104918,30.849308013916016,43903400.0
2024-01-23,30.839835045353944,31.105204311594363,30.697670872505093,31.057817459106445,30003400.0
2024-01-24,31.304234238586627,31.598038536571288,31.190505058721946,31.256847381591797,36403900.0
2024-01-25,31.474826422714017,31.70228837330571,31.114683456072665,31.645421981811523,46204000.0
2024-01-26,31.654902961238175,31.910792696138486,31.579081102463846,31.683334350585938,30839800.0
2024-01-29,31.654906356796577,31.891844267804377,31.503266238367008,31.853933334350586,30269300.0
2024-01-30,32.128783977714114,33.06705613322326,32.071917574349456,32.97228240966797,60315700.0
2024-01-31,32.76377445540819,33.266081676114474,32.22355630077314,32.2330322265625,54716000.0
2024-02-01,32.15721621622336,32.460496478028084,31.209464494237142,31.797069549560547,57084800.0
2024-02-02,31.626471293241636,31.94870699625942,31.436920241692537,31.721248626708984,40416000.0
2024-02-05,31.380056084096356,31.550651661488295,31.143118183872595,31.266326904296875,43573000.0
2024-02-06,31.199980281042702,31.616993290127127,31.16207296553214,31.31371307373047,27188000.0
2024-02-07,31.33266860383498,31.52221602793501,30.925135134326247,31.44639778137207,29660100.0
2024-02-08,31.323189766232716,31.541172201147166,31.086251865405863,31.3895320892334,36852200.0
2024-02-09,31.37057158436294,31.51273574817784,31.124157797853297,31.342140197753906,36176000.0
2024-02-12,31.275805911555526,32.19512621193986,31.25685044382344,31.86341094970703,34160400.0
2024-02-13,31.389527349005444,31.56960244028685,30.65975829081713,31.038860321044922,43801500.0
2024-02-14,31.256845526656633,31.446396558772506,31.15259227822364,31.399009704589844,27833900.0
2024-02-15,31.57907673092968,32.45100990920547,31.57907673092968,32.28989028930664,41683100.0
2024-02-16,32.147733492622265,32.36571954864391,30.792451990473594,32.30885314941406,33290700.0
2024-02-20,32.01504667169839,32.30885095804683,32.0055707468289,32.18564224243164,30372900.0
2024-02-21,31.616996161449883,31.97714280689743,31.436921031033265,31.939231872558594,37847100.0
2024-02-22,31.62647134901343,32.28989822291239,31.62647134901343,31.853933334350586,42756900.0
2024-02-23,31.967660282777068,32.27094049841785,31.740201928739157,32.14773178100586,30586000.0
2024-02-26,32.02452891950705,32.43206241567132,31.778111467442997,31.853933334350586,31129200.0
2024-02-27,31.967663240931405,32.631090129805884,31.948707773776626,32.48892593383789,40536300.0
2024-02-28,32.43205908873036,32.79220207344045,32.32780584011973,32.517356872558594,39548600.0
2024-02-29,32.765513635883806,33.070930292015674,32.59371631170291,32.94685363769531,43863400.0
2024-03-01,32.95639663002057,33.07093060780399,32.479182645150985,32.78459930419922,38432300.0
2024-03-04,32.727325476419544,33.8058261154593,32.68914749605019,33.548133850097656,49136400.0
2024-03-05,33.338159118277346,34.09215785848156,33.280892146831185,33.77719497680664,47591600.0
2024-03-06,34.0253496740309,34.15896897229323,33.47177984882659,33.80582809448242,49149700.0
2024-03-07,33.97763223444713,34.26396352092875,33.643583921356644,34.00626754760742,35900700.0
2024-03-08,34.235330419904145,34.48348373210898,33.882193088839806,33.97763442993164,42769900.0
2024-03-11,33.777203460086,34.292595409986255,33.66267312928158,34.254417419433594,34131500.0
2024-03-12,34.26395706412661,34.50256399732845,34.14942311477566,34.32122039794922,29260400.0
2024-03-13,34.3212189242194,34.788890095188805,34.3212189242194,34.435752868652344,38289600.0
2024-03-14,34.28304794531736,34.56937922403236,33.86310098584398,34.06352996826172,40178100.0
2024-03-15,33.672207105117614,34.36893886881731,33.63403276528331,33.79628372192383,69646400.0
2024-03-18,34.03489777651574,34.445302052823955,33.77720181412313,34.36894607543945,50617900.0
2024-03-19,34.25441170208082,34.73162558177736,34.21623371790039,34.388031005859375,46113800.0
2024-03-20,34.20669285396746,35.19929865011225,34.1017052123373,35.07522201538086,40519000.0
2024-03-21,35.24702420182437,35.88648917558132,35.19930353287818,35.80059051513672,43219500.0
2024-03-22,35.705147820864475,35.89603413025143,35.31383252500532,35.36155319213867,29001100.0
2024-03-25,35.409266912471175,35.58106419312986,35.16111730754907,35.180206298828125,30480200.0
2024-03-26,35.31383202640441,35.542896322605266,35.12294571971261,35.39973068237305,33673400.0
2024-03-27,35.55243321883861,36.12508840494855,35.54289054343969,36.0869140625,36350200.0
2024-03-28,36.0010195041908,36.26825813590865,35.71468823780363,36.19190216064453,42262500.0
2024-04-01,36.21098899668815,36.60230424446552,35.733775102283886,35.81013107299805,33908000.0
2024-04-02,35.495167240109865,35.86739712646666,35.46653557225664,35.600154876708984,34806800.0
2024-04-03,35.69560174696741,36.2873459729881,35.571525111545064,35.7337760925293,33338500.0
2024-04-04,35.981928691969436,36.23007831733061,35.1897518724779,35.23747253417969,42888200.0
2024-04-05,35.13249178989735,35.63833740433989,35.05613581141741,35.418819427490234,30823500.0
2024-04-08,35.50471093324867,35.86739447628769,35.437901285958944,35.791038513183594,29470300.0
2024-04-09,35.80058760143018,36.048740885119734,35.50471729353166,36.010562896728516,30967300.0
2024-04-10,35.4856315689951,35.53335223845445,34.88434093941707,34.97978591918945,37610700.0
2024-04-11,35.07522352447818,35.07522352447818,34.407123300603175,34.693450927734375,38604000.0
2024-04-12,34.178066504617384,34.44530516792439,33.91082420045665,34.15897750854492,47126100.0
2024-04-15,34.674363420375954,35.08476402122572,34.13033622951732,34.31167984008789,44392000.0
2024-04-16,34.45484168018467,34.52165133405651,32.593710406822105,33.09955596923828,95566100.0
2024-04-17,33.299990809219395,34.12079943408646,33.166371477888234,33.62449645996094,65951400.0
2024-04-18,33.92037076826139,34.349864080914564,33.576776118138845,34.139888763427734,44506200.0
2024-04-19,34.45484709904708,35.42836403252836,34.416672748582954,35.28520202636719,56273700.0
2024-04-22,35.31383099242894,36.182360203635625,35.18975435058417,36.010562896728516,43867100.0
2024-04-23,36.210994621574606,36.66911959446382,36.10601060681441,36.62139892578125,39180300.0
2024-04-24,36.28734563455486,36.73592786861516,36.26825664152537,36.573673248291016,28670600.0
2024-04-25,36.20145059771697,36.525956229884,35.67651598002564,36.1823616027832,41116000.0
2024-04-26,36.201455598708904,36.56413927084583,36.05828993735501,36.106014251708984,28668700.0
2024-04-29,36.115545290266,36.325520555017,35.74331905973674,35.83876037597656,26438800.0
2024-04-30,35.6478813401977,35.95329798319695,35.29474402938986,35.3233757019043,30283800.0
2024-05-01,35.51425910333181,35.80058672757021,35.09431216383904,35.266109466552734,32272000.0
2024-05-02,35.66696644940715,35.78150040869303,34.97978089795773,35.19929885864258,34860300.0
2024-05-03,35.55243682861328,35.81967545715129,35.39018584438756,35.55243682861328,34082700.0
2024-05-06,35.9437499235699,36.067826553975195,35.657422318741,35.972381591796875,28422300.0
2024-05-07,35.98192787410667,36.41142110136669,35.98192787410667,36.11554718017578,29119500.0
2024-05-08,35.98193528856002,36.09646562581185,35.81013796225537,35.991477966308594,32803300.0
2024-05-09,35.819671153617364,36.66911124157477,35.75286150450967,36.535491943359375,26855400.0
2024-05-10,36.72638176083347,37.01270937620028,36.583219773576644,36.697750091552734,27359100.0
2024-05-13,36.860000400215576,37.01270870168515,36.44005348138753,36.468685150146484,24060600.0
2024-05-14,36.6500327400291,37.02225903771749,36.62139742730834,36.735931396484375,27594800.0
2024-05-15,37.031799768749785,37.45175035195376,37.012710774890216,37.13678741455078,34084400.0
2024-05-16,37.14633168454397,37.56628228576284,36.9459027017005,37.43266296386719,32554200.0
2024-05-17,37.65217423174418,37.690352214297725,37.3753893195102,37.49946594238281,25537300.0
2024-05-20,37.47083113799348,37.67126372866349,37.02225257995311,37.05088424682617,28369800.0
2024-05-21,37.0031621492732,37.93850085289508,37.0031621492732,37.84305953979492,31799200.0
2024-05-22,37.613999365056095,37.99577194051117,37.54718971047942,37.94804763793945,42837600.0
2024-05-23,37.95759618317876,38.02440584167764,37.16541931690159,37.38493728637695,39033900.0
2024-05-24,37.37538955739315,37.96713372732813,37.28949091652736,37.89078140258789,22166300.0
2024-05-28,37.84306581373849,37.92896446611073,37.327673899505086,37.52810287475586,31217900.0
2024-05-29,37.06997464863977,37.127241625417405,36.80273603871681,36.9554443359375,26677500.0
2024-05-30,36.96498630151972,37.33721254129115,35.87693924961774,36.869544982910156,50989100.0
2024-05-31,36.936355507020714,38.25346685190693,36.89817752233346,38.16756820678711,58188400.0
2024-06-03,38.21529606469423,38.35845807295507,37.56628476618805,38.06258773803711,31898600.0
2024-06-04,37.81442568290349,38.31072853992744,37.6235394085323,37.8716926574707,26974200.0
2024-06-05,38.00531957721439,38.16757421725991,37.718991928676296,38.138938903808594,34140300.0
2024-06-06,38.09121035099046,38.177108991856244,37.62353916386497,37.89078140258789,38676400.0
2024-06-07,37.71793892194066,38.37089744471535,37.71793892194066,38.198055267333984,25928700.0
2024-06-10,38.00601649276008,38.255675412394794,37.65072771462946,38.09243392944336,37176200.0
2024-06-11,37.765954407696015,37.78515583854254,36.93054930898473,37.31464385986328,44629000.0
2024-06-12,38.21726363289132,38.29408401297022,37.54509995919025,37.8427734375,38964700.0
2024-06-13,37.727543755356464,37.78515537318072,37.381859396422634,37.698734283447266,40018700.0
2024-06-14,37.545099249512404,37.909988721995376,37.36265634476955,37.679534912109375,32347900.0
2024-06-17,37.53550097207218,37.95800209297463,37.429874776097186,37.93879699707031,26135400.0
2024-06-18,37.986807434671505,38.428513603412576,37.890781965599245,38.39970779418945,30804500.0
2024-06-20,38.19805614063626,38.70698196922647,38.16925033141314,38.39970779418945,29383300.0
2024-06-21,38.26527068286594,38.3228859621191,37.80435943783157,37.91958999633789,72244900.0
2024-06-24,38.18845819235987,38.73579058524153,38.073231284120936,38.42851638793945,31064900.0
2024-06-25,38.198051873442765,38.47652020814831,37.78515156005088,37.813961029052734,30596000.0
2024-06-26,37.61231541701515,37.78515760669894,36.94015541601962,37.44907760620117,44310200.0
2024-06-27,37.161009210266045,37.78515831764808,36.815324824394224,37.68913650512695,29464200.0
2024-06-28,38.15965549005364,38.466929712390446,37.75635578386303,38.18846130371094,52028200.0
2024-07-01,38.32288536459952,38.73578570198358,38.09242791417708,38.418907165527344,26770500.0
2024-07-02,38.409309464307654,39.33113201233171,38.370899275724014,39.30232620239258,35626100.0
2024-07-03,39.38874832911813,39.56159051928421,39.12948504386902,39.273521423339844,17100700.0
2024-07-05,39.302326687261605,39.331132497556105,38.68777831433061,38.80300521850586,23489000.0
2024-07-08,38.98544502296472,39.40794974301656,38.82220722694247,39.0046501159668,26728500.0
2024-07-09,39.1390888804194,40.166541387437725,38.98545177279941,39.77284240722656,34697200.0
2024-07-10,39.63841019933041,40.0993215199043,39.43676218339137,40.08012008666992,25333400.0
2024-07-11,40.10892104997324,40.2337523288888,39.744031591680056,40.14733123779297,33824600.0
2024-07-12,39.840059121100325,40.25295584102069,39.455964549038235,39.93608093261719,31856600.0
2024-07-15,40.185737608958,40.55062706585596,40.04170489968043,40.22414779663086,36648100.0
2024-07-16,40.82910083403899,42.63433960054429,40.541031714372664,42.37507629394531,75953300.0
2024-07-17,41.9141622278886,42.67274333868472,41.9141622278886,42.23103713989258,65713600.0
2024-07-18,41.88535271814346,42.480699677398505,41.222793420517824,41.29961013793945,48549200.0
2024-07-19,41.15557860872911,41.82774230483431,40.99233712711905,41.19398880004883,43903000.0
2024-07-22,40.944322901697326,41.165175989393504,40.29136435416205,40.61784362792969,42838300.0
2024-07-23,40.54103348087326,41.07876155088155,40.47381747212222,40.72347640991211,36705100.0
2024-07-24,40.598639569514255,41.049950134970125,40.3969915707776,40.5122184753418,36567200.0
2024-07-25,40.34898603944375,40.61785007356642,40.00330161671589,40.02250671386719,41593900.0
2024-07-26,39.92647625277053,40.291362030706665,39.763234793801665,40.01289367675781,52049300.0
2024-07-29,40.11852628043164,40.21455176078782,39.350340752569856,39.45596694946289,37133100.0
2024-07-30,39.41755935073236,40.224155123805225,39.187105508710275,39.63841247558594,44163200.0
2024-07-31,39.5903939893359,39.734430360291086,38.62056056896186,38.70698165893555,50851600.0
2024-08-01,38.831809007233346,38.84141338549634,37.42987014659418,37.92919158935547,60107800.0
2024-08-02,36.48884053916551,36.9977626692633,35.701450062675896,36.08554458618164,76728000.0
2024-08-05,34.23230255086289,35.49020523942574,33.74258174632507,35.192535400390625,76075200.0
2024-08-06,35.19253024797971,35.82628368936257,35.08690406391639,35.45178985595703,40614100.0
2024-08-07,36.58486637701499,37.05538203709821,35.78787509780932,35.816680908203125,44952400.0
2024-08-08,36.316004330121814,36.89214254694021,36.16236722810375,36.690494537353516,36557800.0
2024-08-09,36.642478792922496,36.920947148258705,36.40242062376996,36.75770568847656,26411200.0
2024-08-12,36.96895908629551,37.1898121685501,36.49844344984213,36.65208053588867,33040600.0
2024-08-13,36.84412853005271,36.949754715588234,36.60407034947092,36.93054962158203,21553500.0
2024-08-14,36.98816750658444,37.372258424746796,36.90174640897336,37.26663589477539,25658900.0
2024-08-15,37.86197694353413,38.10203512670998,37.4202707656099,37.477882385253906,37379800.0
2024-08-16,37.44907539166342,37.85237136841198,37.43947467635863,37.77555465698242,26886600.0
2024-08-19,37.90999101367175,38.15965359630394,37.88118520144399,38.09243392944336,27268900.0
2024-08-20,37.564301870208155,37.67953243055941,36.81532154291013,37.15140151977539,44440800.0
2024-08-21,37.324245610536124,37.43947617679407,36.86333433449599,37.20901870727539,33751100.0
2024-08-22,37.237825060999555,37.72754581725252,37.03617706159999,37.679534912109375,35421600.0
2024-08-23,37.70834487343496,38.57255225013312,37.70834487343496,38.18846130371094,45616600.0
2024-08-26,38.40931321303403,38.601360511698715,38.08283390420334,38.33249282836914,44659500.0
2024-08-27,38.409312515938645,38.53414380725474,38.03482230498784,38.09243392944336,32323900.0
2024-08-28,37.775555066557814,38.66857178246579,37.76595435114893,38.361297607421875,40700500.0
2024-08-29,38.457321007928186,38.73578938529355,37.95799953703083,38.572547912597656,34810800.0
2024-08-30,38.57254930909014,39.23511227667103,38.53414278147468,39.129486083984375,49098200.0
2024-09-03,38.966243594481924,39.273517756533295,38.630159961427836,39.08147048950195,48489300.0
2024-09-04,39.04306811150659,39.32153652124157,38.67817859747447,38.88943099975586,39629600.0
2024-09-05,39.17749662068103,39.31192862355879,38.41891184673099,38.54374313354492,34214500.0
2024-09-06,38.437429433791266,38.543744260278444,37.26797371618917,37.46126937866211,47007600.0
2024-09-09,37.93485037050983,38.379436267071405,37.789874945297996,38.14748001098633,37610200.0
2024-09-10,38.50508558193499,38.50508558193499,37.045682610636625,37.96384811401367,53983900.0
2024-09-11,37.68356636683352,37.722223287549774,36.73639991515516,37.69322967529297,41190000.0
2024-09-12,37.741552009717964,38.012172564661704,37.238975192683384,37.48059844970703,39921600.0
2024-09-13,37.57724670059662,37.78020933401588,37.15198744557188,37.35495376586914,31887300.0
2024-09-16,37.50959864742697,37.89619367642479,37.49026834294529,37.789878845214844,26336400.0
2024-09-17,37.96384653902435,38.46642337691283,37.89619231920075,38.22480010986328,27769400.0
2024-09-18,38.29245376586914,38.775700292852925,38.09915441769995,38.29245376586914,42527800.0
2024-09-19,38.69838484389444,39.67454125859677,38.66938754364088,39.500572204589844,57977800.0
2024-09-20,39.2589482918796,39.36526312170293,38.891683572153525,38.920677185058594,70725000.0
2024-09-23,38.86268447360971,39.08497743164305,38.41809855754304,38.53407669067383,31714800.0
2024-09-24,38.51474594152864,38.64039106831169,37.93485159570863,38.128150939941406,32534900.0
2024-09-25,37.93485641479492,38.08949517245014,37.63524220882845,37.93485641479492,28866000.0
2024-09-26,38.07016327315989,38.38910777134121,37.79954638031174,38.19580841064453,39601400.0
2024-09-27,38.32145728710103,38.563080589827074,38.03150637432658,38.079833984375,27861100.0
2024-09-30,37.915525952145366,38.45676344513572,37.71256327485353,38.35044860839844,35055200.0
2024-10-01,38.186137257454796,38.23446485752647,37.63523653591763,37.90585708618164,26291200.0
2024-10-02,37.934850016661954,38.21513386978869,37.7415506804753,37.91551971435547,23302700.0
2024-10-03,37.67390281996196,37.954186720361676,37.432279530695745,37.93485641479492,26030200.0
2024-10-04,38.59207174020602,38.901349252981284,38.29245753669552,38.76604080200195,34209900.0
2024-10-07,38.86268650642884,39.08497947608981,38.37943995841491,38.621063232421875,27177500.0
2024-10-08,38.70804202582943,38.80469353324514,38.47608578178776,38.592063903808594,26023600.0
2024-10-09,38.534075799039684,39.036652613481884,38.38910405770027,38.843353271484375,27421000.0
2024-10-10,38.66938659655325,38.78536842096966,38.43743032147747,38.63072967529297,26182300.0
2024-10-11,39.142968349107264,40.757009965652784,39.04632051929292,40.54438400268555,50660700.0
2024-10-14,40.554049778443165,40.766679441226316,40.32209349802391,40.5057258605957,28098900.0
2024-10-15,41.78149736851403,41.90714250714176,40.64103518559453,40.72801971435547,61490000.0
2024-10-16,40.795670898055825,41.65584912565793,40.73768367445558,41.365901947021484,42437800.0
2024-10-17,41.394900259350145,41.55920231274537,41.04696216171497,41.172603607177734,31708600.0
2024-10-18,41.00830381739779,41.22093348588477,40.69902631062328,40.9019889831543,30593500.0
2024-10-21,40.83433150944636,40.98897025052771,40.341421674399065,40.360748291015625,26589500.0
2024-10-22,40.25443781444198,40.9889709249445,40.17711659918989,40.88265609741211,37104400.0
2024-10-23,40.78600580784169,41.04695936327717,40.6120367708847,40.92131423950195,28569400.0
2024-10-24,40.90198373036824,41.23059149997494,40.56371265292526,41.22092819213867,28392000.0
2024-10-25,41.481879629182224,41.5398705390291,40.38974514532042,40.486392974853516,27466900.0
2024-10-28,40.66036223913654,41.317577806803214,40.602371328973575,41.191932678222656,24527600.0
2024-10-29,41.162937043787835,41.37556668372478,41.04695891603959,41.10494613647461,22313500.0
2024-10-30,40.312428254963294,41.46255745888071,40.24477402965977,40.89232635498047,38100500.0
2024-10-31,40.872992235102245,41.12427880750958,40.39940901529657,40.418739318847656,28138200.0
2024-11-01,40.73768367884992,41.008300554022675,40.35108498270735,40.360748291015625,31220000.0
2024-11-04,40.2157767889227,40.61203879577583,39.732530259254084,39.945159912109375,31110100.0
2024-11-05,40.119125260266884,40.602371789807876,39.993483817138696,40.47673034667969,30851400.0
2024-11-06,43.29888925376086,44.023759063880334,42.52569552700912,43.888450622558594,110086700.0
2024-11-07,43.530851045980725,43.71448341165766,43.01860718487573,43.2698974609375,48339700.0
2024-11-08,43.6274954920682,43.97543357841332,43.44386314066532,43.61783218383789,38331800.0
2024-11-11,44.072083187682665,44.9612587427858,44.052756570441716,44.53600311279297,43293500.0
2024-11-12,44.59398876155435,44.89360293449488,44.304041583771024,44.32337188720703,38155900.0
2024-11-13,44.65198282900581,44.92259972248725,44.294381407351246,44.333038330078125,36903900.0
2024-11-14,44.41035776061544,44.61332042255198,44.19772810322753,44.36203384399414,35733100.0
2024-11-15,44.09141729088478,45.27054013562062,44.09141729088478,45.183555603027344,40488900.0
2024-11-18,45.18355752027701,45.44451112912976,44.9322709081664,45.154563903808594,32360300.0
2024-11-19,44.44901701030927,45.057904977511384,44.41035640344229,44.854942321777344,28534100.0
2024-11-20,45.009580049437545,45.077234266493015,44.381358106061526,44.51667022705078,28021000.0
2024-11-21,44.83561268715108,45.47349796245788,44.74862816384204,44.90326690673828,45336500.0
2024-11-22,44.816286804600985,45.63780820286991,44.72930227271083,45.42517852783203,37996200.0
2024-11-25,45.67646819588845,46.1403881883889,45.579820348130305,45.90842819213867,42718600.0
2024-11-26,45.918087327086695,46.237031832071025,45.6281401232965,46.150047302246094,30301500.0
2024-11-27,46.217696472794564,46.37233521036416,46.053394427136126,46.16937255859375,23278400.0
2024-11-29,46.19836706031544,46.468987621437805,45.90841988264285,45.91808319091797,23262000.0
2024-12-02,46.14038645413433,46.21770399205894,45.280204419150216,45.46384048461914,35891500.0
2024-12-03,45.78277589783182,45.88909072590669,45.086903391404576,45.25120544433594,38123800.0
2024-12-04,45.12556167787597,45.21254620467139,44.584327899485444,44.8162841796875,24941300.0
2024-12-05,44.99992286463509,45.657138508498704,44.941931947748714,45.42517852783203,31572100.0
2024-12-06,45.73617157117553,45.73617157117553,45.094737967747676,45.43489074707031,28931700.0
2024-12-09,45.250239217719354,45.434893063424596,44.60880558159003,44.61852264404297,34660900.0
2024-12-10,44.6185230919242,44.98783449442927,44.30752518688439,44.4630241394043,35665800.0
2024-12-11,44.70598967051547,44.86148861672612,44.190900106327824,44.78374099731445,36790500.0
2024-12-12,44.84205078502637,45.1627694469912,44.62823834371649,44.78374099731445,24017300.0
2024-12-13,44.79346004878427,44.80317711137202,44.1034336760416,44.38527297973633,32902300.0
2024-12-16,44.30752599964329,44.39499439375194,43.88962186194504,44.19090270996094,27330400.0
2024-12-17,43.91877596381843,43.91877596381843,43.364810713604115,43.78271484375,33054600.0
2024-12-18,43.870186728623366,44.152029761137314,42.13053950951863,42.27632141113281,41771900.0
2024-12-19,42.733097753162916,43.22874950487962,42.091664111736165,42.15969467163086,38583600.0
2024-12-20,41.984756599115066,43.15100055886025,41.887567439827016,42.927467346191406,74222200.0
2024-12-23,42.665066686553246,42.869158363813426,41.576570326390794,42.65534591674805,35374800.0
2024-12-24,42.69421934564834,43.170433234320015,42.69421934564834,43.131561279296875,12054400.0
2024-12-26,42.96634389892661,43.32593823465177,42.86915844501503,43.29677963256836,16077400.0
2024-12-27,42.99550405673208,43.520310717186256,42.82056726745151,43.092689514160156,17972500.0
2024-12-30,42.655343967981466,42.89831129858732,42.32490825006202,42.674781799316406,16109800.0
2024-12-31,42.801129588803306,42.985783441537414,42.480410904836745,42.713661193847656,16110400.0
2025-01-02,42.89831220130723,43.3356541470783,42.567876476434336,43.04409408569336,25610600.0
2025-01-03,43.49115168609869,43.58833713428593,42.908031582200856,43.54946517944336,23455700.0
2025-01-06,43.88962111613712,44.85177343498257,43.831307618593094,44.12287139892578,30518500.0
2025-01-07,44.978111899537275,45.337706224901595,44.36583688423821,44.78374099731445,41111200.0
2025-01-08,44.60880284247636,44.958672680110496,44.404707469622444,44.91007995605469,40246000.0
2025-01-10,44.70599331129925,44.75458604081227,43.481439473588125,43.84103012084961,40741300.0
2025-01-13,43.83130664916495,44.06455692679476,43.43284035989572,43.79243469238281,34353600.0
2025-01-14,44.317243082309474,44.62824099319401,43.95765244298439,44.49217987060547,36379000.0
2025-01-15,45.79448895146892,46.12492472362782,45.52236668288672,45.77505111694336,57154800.0
2025-01-16,45.67785739967853,46.17350911468,44.531051321563716,45.32798385620117,56339300.0
2025-01-17,45.29883210948525,45.56123728531793,44.7837425276956,45.2210807800293,44486100.0
2025-01-21,45.30854788983892,45.82364116443998,45.230800269970494,45.3474235534668,52089100.0
2025-01-22,45.289111542882154,45.41545560012143,44.4727411168677,44.50189971923828,40296200.0
2025-01-23,44.75458622029985,45.570956684510506,44.75458622029985,45.08502197265625,35324100.0
2025-01-24,44.92952173148519,45.54180048902404,44.85177410764793,45.21136474609375,24655100.0
2025-01-27,45.24051711926883,45.81392017922577,45.07530111070891,45.76532745361328,44260000.0
2025-01-28,45.75561203704211,46.10548189846747,45.39601769832481,45.522361755371094,27156600.0
2025-01-29,45.43489074707031,46.05688651919584,45.32798452860113,45.43489074707031,23681500.0
2025-01-30,45.784767297342434,45.84307708768491,45.09474092411492,45.405738830566406,31199900.0
2025-01-31,45.38630019422908,45.512644250046115,44.86148984611593,44.99755096435547,30388900.0
2025-02-03,44.142302310856444,45.17248511482069,43.841025197278114,44.91007995605469,36497700.0
2025-02-04,45.046141617930985,45.80420221055498,44.968393999967155,45.39601516723633,32894000.0
2025-02-05,45.658419289058045,45.80420116707659,45.327983578618216,45.78476333618164,27696600.0
2025-02-06,46.1054813599678,46.63029170705736,45.84307618642301,46.39704513549805,39793400.0
2025-02-07,46.494229606030665,46.62057365892992,46.04717059717155,46.06660842895508,26504700.0
2025-02-10,46.14435895568206,46.22211028771431,45.09474192495969,45.35714340209961,26725200.0
2025-02-11,45.24051985421856,45.60983126449684,44.978114671183015,45.47377014160156,20314900.0
2025-02-12,45.259953501076026,45.269674270319506,44.64767479728869,44.91007995605469,29777100.0
2025-02-13,45.211360528910255,45.25995325269939,44.67683315245534,45.02670669555664,26815400.0
2025-02-14,45.172487827924805,45.76532873621899,45.172487827924805,45.63898468017578,25960500.0
2025-02-18,45.250239382269,45.33770777421323,44.86149014976411,45.2210807800293,37824100.0
2025-02-19,44.5893655290476,44.76430230358923,44.14230282333716,44.71570587158203,38967800.0
2025-02-20,44.60880437282815,44.890643664975514,43.772996143801066,44.02568054199219,40001100.0
2025-02-21,43.97708634180929,44.22977073152843,43.28706002047317,43.54946517944336,43485900.0
2025-02-24,43.763281561474095,44.11315516796332,43.18987841914739,43.20931625366211,35512200.0
2025-02-25,43.2773405902936,43.578621420815686,42.13053447074156,42.70393753051758,38119000.0
2025-02-26,42.80112668909921,43.29677842200993,42.62618991103959,42.70393753051758,32251700.0
2025-02-27,42.8497170254694,43.520305499048874,42.70393514941916,42.87887191772461,28477700.0
2025-02-28,43.07325057197671,44.900366042195635,42.956627284588784,44.80317687988281,62621100.0
2025-03-03,44.910082770655,45.63898479933539,43.94793416893384,44.27836990356445,46946000.0
2025-03-04,43.47171382757108,43.57862004494196,40.84766594691109,41.469661712646484,78278100.0
2025-03-05,41.450230626375514,41.52797824909613,40.536671034542834,41.10035705566406,52588900.0
2025-03-06,40.420049048372704,40.711609130891894,39.80777027991108,40.293704986572266,58103500.0
2025-03-07,40.40128702409125,40.81204630777705,39.71668448716457,40.48930740356445,50651400.0
2025-03-10,39.511303301033415,39.726461318504526,38.31813903276094,38.95384216308594,77498400.0
2025-03-11,38.826702172377736,39.76558372961364,38.406160775343885,38.73868179321289,50608400.0
2025-03-12,39.42328411614433,39.60910325748002,38.337700689199124,39.032081604003906,42290700.0
2025-03-13,39.090763216927044,39.30592124154224,38.46484218025802,38.797359466552734,37766100.0
2025-03-14,39.374381631329264,40.11766567008092,39.28636125123456,39.99052429199219,35979900.0
2025-03-17,40.01985778159685,40.851162088407854,39.69711891860111,40.528419494628906,37242800.0
2025-03-18,40.8022664883133,40.909847362860695,40.38172510460088,40.73380661010742,37644500.0
2025-03-19,40.802271124040374,41.76071325859907,40.391508077352945,41.281490325927734,42471100.0
2025-03-20,40.841384462127145,41.78026973668757,40.733807316497746,41.54554748535156,41018100.0
2025-03-21,41.232592062786395,41.72159339357408,40.96853089646696,41.53577423095703,65011000.0
2025-03-24,41.985646473818996,42.20080821177818,41.809605730176635,42.12256622314453,30646100.0
2025-03-25,42.39640940453528,42.57245016346931,42.09323099920285,42.32794952392578,25445300.0
2025-03-26,42.50398802363793,42.758270764486134,41.790046641813106,41.87806701660156,30012100.0
2025-03-27,41.878073605737285,42.14213477165029,41.58467355387308,41.62379455566406,25619200.0
2025-03-28,41.50642336912799,41.68246411170465,40.088322776169726,40.34260177612305,34253000.0
2025-03-31,39.88294288038307,40.978308424888205,39.706902122544165,40.81204605102539,36390000.0
2025-04-01,40.4110653535871,40.78270736983718,40.06876595097759,40.577327728271484,25578500.0
2025-04-02,39.980749002411926,41.046772030165634,39.92206750087891,40.92940902709961,28216100.0
2025-04-03,37.78024398404765,37.9856236482577,36.20565909686904,36.40126037597656,115497900.0
2025-04-04,34.51370663924175,35.00270785408807,32.92934001697574,33.63350296020508,107761200.0
2025-04-07,34.200754356361294,35.82423862948529,32.80221024827918,34.79733657836914,137329100.0
2025-04-08,36.04917246891704,36.508834834222874,33.5748273568497,34.25942611694336,79116300.0
2025-04-09,33.30098771220245,37.01739683805053,32.34254561395842,36.33279800415039,161173500.0
2025-04-10,35.52105231541906,35.59929431019055,33.86822934909974,35.0613899230957,90451800.0
2025-04-11,34.42569298105682,35.43303448612491,34.04427255606148,35.15919494628906,63671900.0
2025-04-14,35.6873128967227,36.17631414713622,35.47215115269005,35.86334991455078,46830600.0
2025-04-15,36.96849308912613,37.89759619357695,36.96849308912613,37.15431594848633,84677800.0
2025-04-16,37.02717883494207,37.320578867216504,36.15675712252161,36.50883865356445,52872700.0
2025-04-17,36.68487686478235,37.036958407116416,36.42081943881575,36.58707809448242,47144400.0
2025-04-21,36.25455481296325,36.45993445637741,35.68731526485028,36.107852935791016,34928300.0
2025-04-22,36.74355647870741,37.64332078855783,36.577297831577866,37.47705841064453,42288900.0
2025-04-23,38.54307979107234,39.24724281077994,37.81935627295245,37.89759826660156,54428400.0
2025-04-24,37.809574939004015,38.82669839237868,37.75089344834587,38.7093391418457,42457100.0
2025-04-25,38.67022308493215,38.91472373104712,38.455061322500164,38.81692123413086,32694200.0
2025-04-28,38.92449824157722,39.19834147490605,38.591977246722024,38.904937744140625,37428000.0
2025-04-29,38.75824333349877,39.257023008313446,38.611541454020696,39.11032485961914,33792500.0
2025-04-30,38.494184758222474,39.12010585497666,37.966062433792125,39.00274658203125,40994600.0
2025-05-01,38.94406228498677,39.550422837598326,38.709343755942704,39.28636169433594,33569100.0
2025-05-02,40.01008468064541,40.32304520216709,39.80470503791876,40.16656494140625,41613000.0
2025-05-05,39.95140439807275,40.577329190923734,39.72646424956634,40.2154655456543,32829200.0
2025-05-06,39.75580834608411,40.36216893121461,39.66778796027614,39.941627502441406,29541800.0
2025-05-07,40.13722871305885,40.43062875504293,39.961187941711614,40.02964782714844,30925900.0
2025-05-08,40.38172759249288,41.22281041173628,40.342606593741145,40.684906005859375,41861700.0
2025-05-09,40.81204223364652,41.05654284879953,40.77292123983404,40.870723724365234,27222800.0
2025-05-12,42.36706796948531,42.99298897208643,41.99542597514711,42.40618896484375,44875100.0
2025-05-13,42.464871145686125,43.51133736110295,42.464871145686125,43.30595397949219,43232500.0
2025-05-14,43.21792832256583,43.93186968650167,43.15925056136612,43.75583267211914,42419500.0
2025-05-15,43.61890938327826,43.99055137257754,43.04188776730703,43.403751373291016,47379400.0
2025-05-16,43.36463267198061,43.80473456011381,42.69959064786457,43.706932067871094,49488100.0
2025-05-19,43.139693779217055,44.1470352282536,43.139693779217055,43.78517532348633,37915700.0
2025-05-20,43.609133306411984,43.92209382002146,43.43309255115871,43.706932067871094,33424300.0
2025-05-21,43.39396859550609,43.51133157819512,42.20080811776775,42.298606872558594,55594100.0
2025-05-22,42.23015079799777,42.61157119909968,42.014989041157236,42.35729217529297,29026200.0
2025-05-23,41.54554706687622,42.47465021743128,41.418405693233886,42.24971008300781,34875100.0
2025-05-27,42.82673111072261,43.24727249145508,42.347508235893685,43.24727249145508,36322000.0
2025-05-28,43.2374955810386,43.462435739306486,42.9929949223843,43.090797424316406,35673800.0
2025-05-29,43.39397190379741,43.48199228213305,42.934313244296746,43.2668342590332,28545100.0
2025-05-30,43.21793375001397,43.325514633434985,42.758275062829426,43.15925598144531,66537500.0
2025-06-02,42.91475411567563,43.17881525911228,42.40619232803287,43.110355377197266,28582600.0
2025-06-03,43.04189138460784,43.74605442755724,42.97343150329706,43.667816162109375,31320200.0
2025-06-04,43.61890810624225,44.09813095189659,43.36462910887156,43.38418960571289,30591700.0
2025-06-05,43.47221124884833,43.59935261664766,43.04188776730703,43.403751373291016,32020900.0
2025-06-06,43.96449509370882,44.43670225790907,43.91530755108214,44.239952087402344,37013000.0
2025-06-09,44.37768032671662,44.662973338235105,44.05303577855371,44.14157485961914,32414000.0
2025-06-10,44.07271250595482,44.46622037542417,44.02352496046344,44.35800552368164,32229100.0
2025-06-11,44.466220211548105,44.672810153512025,43.82677086420933,44.003849029541016,47873500.0
2025-06-12,43.679207749961506,43.92514922658793,43.305375654713984,43.895633697509766,30165400.0
2025-06-13,43.28570178965453,43.73823322588175,42.9512212166237,43.37424087524414,43281700.0
2025-06-16,43.91530683228976,44.161248294166626,43.63001383584806,43.68904113769531,34103600.0
2025-06-17,43.551318243251764,43.944822364239165,43.34472829827569,43.511966705322266,27489600.0
2025-06-18,43.541475517023436,44.466217831541776,43.49228797434605,44.3284912109375,37684700.0
2025-06-20,44.57443455321641,44.90891511137738,44.53508301631062,44.761348724365234,64591600.0
2025-06-23,44.662975628644006,45.61722604820825,44.37768260249511,45.548362731933594,42683600.0
2025-06-24,45.9910544899175,46.42391012235519,45.81397633283641,45.90251541137695,45437600.0
2025-06-25,45.82381826724046,46.21732238282595,45.70576365507257,46.08943176269531,33532400.0
2025-06-26,46.18781045358133,46.80758403072319,46.13862290839178,46.68952941894531,40127000.0
2025-06-27,46.67969752987908,46.89612349836362,46.14846298831165,46.35505294799805,56705000.0
2025-06-30,46.846932617829964,46.846932617829964,46.26651056800317,46.55180358886719,47921200.0
2025-07-01,46.25667533688568,47.6339454127693,46.1779722596967,47.36833190917969,48540900.0
2025-07-02,47.574922459058236,47.93891481373542,47.27979342140729,47.91923904418945,48003600.0
2025-07-03,48.15534547818699,48.50950183147887,48.01761884141112,48.13566970825195,21620300.0
2025-07-07,47.94875159624396,48.41111901715872,47.58475551140943,47.87004852294922,35567900.0
2025-07-08,46.72888000815528,47.01417301834333,46.00089159470458,46.38456344604492,88086500.0
2025-07-09,46.39440227846036,46.679695306018246,45.95170684824457,46.07959747314453,46227900.0
2025-07-10,46.138621886680355,46.45342667224526,46.020567277516726,46.20748519897461,44225000.0
2025-07-11,45.882839248637644,46.050081396782986,45.499171162521044,45.971378326416016,31653000.0
2025-07-14,46.05008114033022,46.30585861206055,45.79429991583096,46.30585861206055,36381200.0
2025-07-15,46.11894747027501,46.2468343381305,45.20404486267006,45.40079879760742,55145000.0
2025-07-16,45.4991750706585,45.80414386537229,44.27930364457264,45.282745361328125,61296600.0
2025-07-17,44.899073946869954,46.45342583112534,44.7023200212622,46.25667190551758,56480700.0
2025-07-18,46.24683479903643,46.61083089576743,46.13862369887313,46.55180358886719,48314200.0
2025-07-21,46.76823293388622,47.26011589595207,46.43375236957066,46.709205627441406,32199700.0
2025-07-22,46.82725704600614,47.388003329226926,46.68953041542829,46.99449920654297,34749400.0
2025-07-23,47.230599372014325,47.525732145255844,47.03384919354544,47.358489990234375,31380100.0
2025-07-24,47.70280999369891,48.20452894991844,47.42735299067355,47.60443115234375,42967600.0
2025-07-25,47.60443247138339,47.76183486914392,47.16173705494152,47.66345977783203,24461200.0
2025-07-28,47.663458813600336,47.75199789509756,47.29946647978689,47.44702911376953,20590400.0
2025-07-29,47.604433115115754,47.72248397684021,47.11255014636644,47.17157745361328,26216500.0
2025-07-30,47.47654076310959,47.712646230727465,46.964985796680864,47.18141174316406,32265900.0
2025-07-31,46.98465624177919,47.25027347668244,46.42390999679534,46.50261306762695,40016300.0
2025-08-01,45.607387642252256,45.65657518660979,44.58427020743147,44.91875076293945,52310400.0
2025-08-04,45.21388196873994,45.36144836171907,44.89907716630244,45.10566711425781,31038900.0
2025-08-05,45.20404546406264,45.25323301025907,44.023525591502036,44.820377349853516,36798300.0
2025-08-06,44.96794073160929,45.19420645006768,44.653135927426376,44.682647705078125,27916800.0
2025-08-07,44.96793751269306,45.017125056181435,44.05303494328706,44.19076156616211,30609900.0
2025-08-08,44.41703359854042,45.54836217549566,44.24979143765272,45.26306915283203,37131600.0
2025-08-11,45.312261806230175,45.764793250537465,45.06632031439761,45.41063690185547,35559400.0
2025-08-12,45.7254438663309,46.88628806271559,45.607392995462654,46.728885650634766,35481200.0
2025-08-13,46.90596206297016,46.9846613896555,46.22716489013541,46.473106384277344,29465100.0
2025-08-14,46.325536768726586,46.95514634955161,46.12878283652648,46.93547058105469,21073800.0
2025-08-15,46.97482263160645,47.043685945713975,46.138623101575575,46.17797088623047,26276900.0
2025-08-18,46.15829344287678,47.260113934160984,46.03040658004212,47.142059326171875,43125100.0
2025-08-19,47.04368774387661,47.338816780299524,46.8567735631216,47.299468994140625,33783400.0
2025-08-20,47.38800057695915,47.71264511826824,47.092871563894796,47.56507873535156,30822200.0
2025-08-21,47.48638318763301,47.70281289902688,47.0338517481452,47.47654342651367,28713200.0
2025-08-22,47.732320587315996,48.85381308160011,47.6732932839651,48.676734924316406,45078900.0
2025-08-25,48.588195845674555,48.85381308160011,48.41111768839086,48.676734924316406,34715700.0
2025-08-26,48.450472494856044,49.444074442009246,48.450472494856044,49.43423843383789,40609300.0
2025-08-27,49.21780963768467,49.808071463664504,49.17846185150145,49.562129974365234,42428200.0
2025-08-28,49.729365043391645,49.81790412369934,49.46374780246855,49.67034149169922,32949400.0
2025-08-29,49.69001699523764,50.09336088878252,49.69001699523764,49.91628646850586,32496500.0
2025-09-02,49.404724584633165,49.6506660590644,48.863650338669174,49.60147476196289,52719800.0
2025-09-03,49.58180263711927,49.74904103803459,48.8931657596764,49.24732208251953,38344200.0
2025-09-04,49.42440087444294,50.004822910335996,49.306346263476506,49.7982292175293,34796900.0
2025-09-05,49.897154906954405,50.24339041247463,48.70017803544364,49.23436737060547,40063300.0
2025-09-08,49.26404104127354,49.37285780163389,48.353944088519185,48.92770004272461,48033100.0
2025-09-09,48.96726911676068,50.01586250080264,48.92769870068908,49.7487678527832,40060100.0
2025-09-10,49.82790720862575,50.0851111513071,49.432214350593846,49.590492248535156,31706300.0
2025-09-11,49.600383602002445,50.41155831105525,49.452000193454424,50.203819274902344,28055200.0
2025-09-12,50.15435582203101,50.381880056875936,49.916937096220906,50.035648345947266,27851100.0
2025-09-15,50.30274385478834,50.54016260245612,49.91694169176579,50.0455436706543,29043600.0
2025-09-16,50.095002846086,50.3324215844503,49.66963027951361,50.11478805541992,31624400.0
2025-09-17,50.31263532604691,51.074348888127915,50.243388981643434,50.846824645996094,38337900.0
2025-09-18,50.93585811187686,51.62832158191247,50.747900506887575,51.5689697265625,35246900.0
2025-09-19,51.58875320471587,52.09326282647187,51.202947289675684,51.68767547607422,98970700.0
2025-09-22,51.20294722999929,51.78659768707593,51.20294722999929,51.36122512817383,27468000.0
2025-09-23,51.440367243925536,52.31089759236581,50.96553353758798,51.14359664916992,28278200.0
2025-09-24,51.291980059726306,51.68767670182903,50.90617790917972,51.14359664916992,27010400.0
2025-09-25,50.92596000997654,51.76681437970585,50.886389593453195,51.29197692871094,22957900.0
2025-09-26,51.54918334890072,52.05369297615879,51.420581375818145,51.64810562133789,20025800.0
2025-09-29,51.79649454902413,51.98444838244537,51.5491850859548,51.8558464050293,23701000.0
2025-09-30,51.915203519594385,52.004235079791606,50.47091711963323,51.03478240966797,29945000.0
2025-10-01,50.74790130480146,51.12381274704764,50.01586740392743,50.13457489013672,27709100.0
2025-10-02,50.104898011233125,50.302742559946765,49.531138253763515,49.93672561645508,22757200.0
2025-10-03,50.07521601201115,50.5797293995498,50.00596966841058,50.095001220703125,24565700.0
2025-10-06,50.38188373885271,50.767685894551775,49.35307547455992,49.847694396972656,25386300.0
2025-10-07,50.00596800996345,50.362094207322706,49.59048996213937,49.7487678527832,24107300.0
2025-10-08,49.857586277977134,49.96639926535014,49.24425612927815,49.303611755371094,24014200.0
2025-10-09,49.461889420516925,49.73887479370616,49.13543913899302,49.254150390625,21816900.0
2025-10-10,49.39264612172827,49.600385164425,48.02749683295574,48.12642288208008,31831900.0
2025-10-13,48.67050085638094,48.86834917249833,48.28469871545556,48.33415985107422,34462800.0
2025-10-14,48.32426956084294,49.95651359365729,48.0077137369924,49.550926208496094,42462600.0
2025-10-15,51.01499584984654,52.281219095920996,50.67865482840265,51.71735382080078,69992200.0
2025-10-16,52.03390538727227,52.1921832801189,49.461888685103915,49.897151947021484,49027700.0
2025-10-17,50.40166855781997,51.21284328239635,49.788342155403335,50.72811508178711,48915400.0
2025-10-20,50.88639353419249,51.71735347732078,50.817147186735376,51.47993850708008,25786000.0
2025-10-21,51.52939947977521,51.80638486871691,50.886393371282935,50.96553421020508,27303400.0
2025-10-22,50.94574929241469,51.02489013179035,49.8971558125448,50.550052642822266,34955000.0
2025-10-23,50.92596033906045,51.242516126007565,50.559943417960845,51.202945709228516,26028800.0
2025-10-24,51.29198184287585,52.251543780465965,51.29198184287585,52.004234313964844,38923900.0
2025-10-27,52.231756880331815,52.49885154834825,51.96466221231539,52.44939041137695,27345800.0
2025-10-28,52.429604475699904,52.70658985781714,51.77670766525011,52.301002502441406,29575200.0
2025-10-29,52.09326288642381,52.439494610219256,51.75692188031848,52.01412582397461,29158800.0
2025-10-30,52.103151903187005,52.864865444313324,51.99433891757694,52.45927810668945,37548600.0
2025-10-31,52.22186666301801,53.06271732051941,52.20208145331125,52.87476348876953,39295700.0
2025-11-03,52.68680716379787,53.062718610076125,52.14272709138959,52.98358154296875,31252300.0
2025-11-04,52.44939058008159,53.41884320768012,52.152619983656386,52.96379470825195,47226600.0
2025-11-05,52.39003438082039,52.49885114550797,51.183166798681434,51.88552474975586,54353600.0
2025-11-06,52.84508226875824,53.171532559074116,52.20207995315976,52.71648406982422,55296000.0
2025-11-07,52.57799171400305,53.0033642790733,52.14272465747936,52.6274528503418,40537700.0
2025-11-10,52.835194425757116,53.40895420105422,52.76594807682719,52.84508514404297,26094600.0
2025-11-11,53.171533410822256,53.39905765909189,52.70659042273401,53.052825927734375,22244300.0
2025-11-12,53.31002303732911,54.101412501804326,53.191315561068485,53.52765655517578,40536700.0
2025-11-13,53.21110325940819,53.62658133258406,52.202080229868905,52.301002502441406,37716100.0
2025-11-14,52.29110979969018,52.33068021667423,51.47004062866325,52.043800354003906,32363100.0
2025-11-17,52.01412826085764,52.01412826085764,50.83693279751551,50.92596435546875,35546800.0
2025-11-18,50.728113743949834,51.61842928336724,50.599515545533926,51.0842399597168,35189500.0
2025-11-19,51.113916172367645,51.92509465373092,51.113916172367645,51.46015167236328,28112300.0
2025-11-20,51.9349827485926,52.38014049830906,50.42145017319925,50.45112609863281,36661600.0
2025-11-21,50.738009397000766,51.22273382228192,50.15435892416224,51.005104064941406,43867200.0
2025-11-24,51.09413506999255,51.67778553653779,50.84682561423003,51.37112045288086,52852100.0
2025-11-25,51.68767503867215,52.310895909155526,51.301872900539536,51.915199279785156,41310100.0
2025-11-26,52.132832202345995,52.67691223122637,51.984445024631945,52.41971206665039,32045600.0
2025-11-28,52.538423411732744,53.35948887422843,52.47906778154971,53.07261276245117,18920800.0
2025-12-01,52.924222875472,53.319919509231696,52.63734300467835,52.667022705078125,30536500.0
2025-12-02,52.95389853051185,53.06271529291954,52.39992777446213,52.617557525634766,46073500.0
2025-12-03,52.67691737551932,53.65626454205868,52.60767102546173,53.507877349853516,37134400.0
2025-12-04,53.62658287232553,54.10141658686414,53.41884382977294,53.57712173461914,38529600.0
2025-12-05,53.62684048758677,54.521782783039725,53.43790991110381,53.646728515625,33986500.0
2025-12-08,53.597007751464844,53.90526268802375,53.18931267952138,53.597007751464844,34386600.0
2025-12-09,53.666615859599375,53.97487080712905,52.970550060147666,53.23903274536133,47189300.0
2025-12-10,53.28874997291621,54.24335253012895,53.04015531989705,53.775997161865234,54424400.0
2025-12-11,53.646728138618656,54.34279394205114,53.44785165288745,54.253299713134766,35686900.0
2025-12-12,54.47205925540681,54.989136589823374,54.04447614797107,54.83003616333008,40539400.0
2025-12-15,55.09851880606676,55.7548085390532,54.76042992584626,55.01897048950195,32881300.0
2025-12-16,54.83003505329456,55.03885364760446,54.38256392744954,54.50189208984375,32931900.0
2025-12-17,54.8101503264773,55.25762147926561,54.15386056680562,54.24335479736328,35304100.0
2025-12-18,54.49194812777897,54.83998292399107,53.467739353426225,53.95498275756836,87452700.0
2025-12-19,54.21352463427648,54.99908468078129,54.074312229732044,54.95930862426758,73001900.0
2025-12-22,55.05874458790202,55.79458645525413,55.02891444235176,55.565879821777344,33408800.0
2025-12-23,55.49627219203215,55.90396727482717,55.49627219203215,55.655372619628906,22274600.0
2025-12-24,55.8144715597509,56.18239057752821,55.575819028089235,55.93379592895508,13634400.0
2025-12-26,55.96362648527636,56.23210916290389,55.7150318348716,55.854244232177734,15259400.0
2025-12-29,55.79458640108404,55.9337988045214,54.95930818720638,55.038856506347656,21040100.0
2025-12-30,55.178072121550684,55.327226640838795,54.859867468578436,54.9692497253418,17427600.0
2025-12-31,55.00902344753849,55.108459789512295,54.621216403286034,54.69082260131836,16293000.0
2026-01-02,54.7206562660983,55.67526265943332,54.571501743540686,55.6354866027832,25503600.0
2026-01-05,55.85424425182346,57.226487784651276,55.82441410760546,56.57019805908203,36096600.0
2026-01-06,56.689524338341734,57.08727730982571,56.43098756215458,56.92817687988281,31791900.0
2026-01-07,56.37132150344318,56.49064966665969,55.12834825267112,55.32722473144531,49695500.0
2026-01-08,55.168127147722544,56.26194594067546,55.158185030235906,55.864192962646484,30933700.0
2026-01-09,55.85424593321147,56.29177495893085,55.47638478423094,55.53604507446289,30768800.0
2026-01-12,54.97919706952873,55.13829750353676,54.42234365387384,54.879756927490234,45860600.0
2026-01-13,54.95930580610407,55.20790045668718,53.99475734800054,54.2334098815918,43542200.0
2026-01-14,52.58274289760112,53.17936855695054,51.3695997579034,52.18498992919922,84750000.0
2026-01-15,52.42364284323547,52.74184370292782,51.936395643126495,52.29437255859375,51018300.0
2026-01-16,52.39380879962812,53.07993248398119,51.95628356674258,52.672237396240234,52178400.0
2026-01-20,52.025889603934104,53.17936866268901,51.6679126903113,51.807125091552734,49172700.0
2026-01-21,51.93639458554194,52.562854174852994,51.757406131453074,51.77729415893555,36340000.0
2026-01-22,52.17504702402713,52.83133675670185,52.03583462516482,52.15515899658203,31229200.0
2026-01-23,51.817071128221194,51.90656535684477,51.09117518194261,51.429264068603516,34553500.0
2026-01-26,51.508812695248196,51.986113986348734,51.37954241018342,51.727577209472656,27728400.0
2026-01-27,51.916507928573566,51.95628398458854,51.51875874818431,51.876731872558594,26494300.0
2026-01-28,51.65796926416924,51.84689983345942,51.021567564188295,51.51875686645508,35030200.0
2026-01-29,51.687801245813795,52.79156214300204,51.65797110045848,52.781620025634766,35200500.0
2026-01-30,52.57279698817722,53.10976235755474,52.47336064270142,52.900943756103516,34549100.0
2026-02-02,52.900944103723,53.78594048133467,52.652349445146534,53.72627639770508,34624500.0
2026-02-03,53.895322426600245,54.810148944113756,53.37824508455866,54.143917083740234,41208400.0
2026-02-04,54.47206178170184,55.72498101754092,54.402455578961174,55.06869125366211,54522500.0
2026-02-05,54.710712847492395,54.97919553361559,53.94504084482701,54.631160736083984,32959700.0
2026-02-06,55.23773244534418,56.55031194079071,54.97919566913648,56.212223052978516,42468000.0
2026-02-09,56.073011294380414,56.40115806863437,55.86419268890254,56.092899322509766,31968400.0
2026-02-10,56.122729169830706,56.5105400264118,53.96492933818589,55.07863235473633,48304700.0
2026-02-11,55.65537238566653,55.7945847850718,52.94071921750365,53.54728698730469,48973500.0
2026-02-12,53.606951457760495,53.63678160263365,51.49886983739844,52.22476577758789,55481600.0
2026-02-13,51.61819498829466,52.52307939787106,51.1508358142183,52.25459671020508,31772100.0
2026-02-17,52.74184386912185,53.248975305462835,52.32420286867622,52.44353103637695,35542400.0
2026-02-18,52.69212431068929,53.30863798792215,52.49324782966965,53.06004333496094,30698900.0
2026-02-19,51.618195720575166,52.513138025491195,51.53864740083459,52.47336196899414,47148600.0
2026-02-20,52.23470695355785,52.79156033842742,51.538644964037566,52.7617301940918,33552000.0
2026-02-23,52.54296767698131,52.960604886511184,50.60392856340556,50.78291702270508,50602500.0
2026-02-24,50.45477181971012,50.59398421675283,49.191910542853144,50.126625061035156,53062700.0
2026-02-25,50.047077589182564,51.478981431370656,50.02718956166216,51.39942932128906,41375000.0
2026-02-26,51.58836332356563,52.373919542207126,51.44915092515456,52.00600051879883,52418500.0
2026-02-27,50.79286188974006,51.12100486287794,49.04275338882664,49.549888610839844,77728700.0
2026-03-02,48.50578999118731,50.13657039238987,48.30691729309221,49.53000259399414,40595200.0
2026-03-03,48.48590112787358,50.226063759017634,48.227364348849434,49.68910217285156,51242900.0
2026-03-04,49.60954736054731,50.12662468370891,48.93336961435548,50.017242431640625,34208500.0
2026-03-05,49.539944711597464,50.14651630324676,49.05270129070951,49.53000259399414,39073900.0
2026-03-06,48.54999923706055,48.70000076293945,47.619998931884766,48.63999938964844,47016000.0
2026-03-09,47.939998626708984,48.150001525878906,46.77000045776367,47.900001525878906,62752800.0
2026-03-10,48.279998779296875,49.150001525878906,47.599998474121094,48.560001373291016,50271100.0
2026-03-11,48.36000061035156,48.650001525878906,47.779998779296875,48.52000045776367,42185800.0
2026-03-12,47.70000076293945,47.779998779296875,46.790000915527344,47.130001068115234,58354500.0
2026-03-13,47.52000045776367,47.81999969482422,46.65999984741211,46.720001220703125,45473100.0
2026-03-16,47.119998931884766,47.68000030517578,46.900001525878906,47.060001373291016,38055600.0
2026-03-17,47.65999984741211,48.08000183105469,47.20000076293945,47.279998779296875,33427800.0
2026-03-18,47.220001220703125,47.880001068115234,46.689998626708984,46.83000183105469,40251800.0
2026-03-19,46.41999816894531,47.189998626708984,46.119998931884766,47.0099983215332,38601400.0
2026-03-20,47.130001068115234,47.459999084472656,46.689998626708984,47.15999984741211,78060900.0
2026-03-23,48.34000015258789,48.38999938964844,47.47999954223633,47.52000045776367,42333200.0
2026-03-24,47.04999923706055,48.459999084472656,47.02000045776367,48.13999938964844,39804100.0
2026-03-25,48.52000045776367,49.11000061035156,48.18000030517578,48.75,29988300.0
2026-03-26,48.709999084472656,48.869998931884766,48.029998779296875,48.2400016784668,32502600.0
2026-03-27,48.06999969482422,48.25,46.84000015258789,46.970001220703125,36781900.0
2026-03-30,47.54999923706055,47.86000061035156,46.93000030517578,47.22999954223633,43375900.0
2026-03-31,47.68000030517578,48.77000045776367,47.369998931884766,48.75,49060600.0
2026-04-01,49.70000076293945,50.04999923706055,48.779998779296875,49.27000045776367,32947000.0
2026-04-02,48.75,49.56999969482422,48.15999984741211,49.380001068115234,27548200.0
2026-04-06,49.43000030517578,50.119998931884766,49.25,50.060001373291016,28507200.0
2026-04-07,49.79999923706055,50.47999954223633,49.619998931884766,50.279998779296875,28473200.0
2026-04-08,51.939998626708984,52.2599983215332,51.369998931884766,51.880001068115234,36473500.0
2026-04-09,51.630001068115234,52.84000015258789,51.630001068115234,52.709999084472656,32008000.0
2026-04-10,52.79999923706055,52.83000183105469,52.20000076293945,52.540000915527344,25223900.0
