Date,Open,High,Low,Close,Volume
2012-03-02,22.010000228881836,26.0,22.0,24.579999923706055,4809400.0
2012-03-05,24.850000381469727,24.860000610351562,20.899999618530273,20.989999771118164,2988200.0
2012-03-06,19.829999923706055,20.5,19.360000610351562,20.5,1154300.0
2012-03-07,20.450000762939453,20.6299991607666,19.950000762939453,20.25,444800.0
2012-03-08,20.299999237060547,20.389999389648438,19.959999084472656,20.0,436900.0
2012-03-09,20.0,20.100000381469727,19.5,19.799999237060547,668200.0
2012-03-12,19.799999237060547,22.489999771118164,19.520000457763672,22.489999771118164,1358200.0
2012-03-13,22.549999237060547,24.399999618530273,22.200000762939453,23.299999237060547,2053900.0
2012-03-14,23.270000457763672,23.350000381469727,22.200000762939453,22.31999969482422,589600.0
2012-03-15,22.450000762939453,23.290000915527344,21.360000610351562,21.75,875600.0
2012-03-16,21.93000030517578,22.170000076293945,21.059999465942383,21.739999771118164,433600.0
2012-03-19,22.200000762939453,23.93000030517578,21.700000762939453,22.989999771118164,858400.0
2012-03-20,23.149999618530273,23.469999313354492,22.100000381469727,22.899999618530273,782200.0
2012-03-21,23.0,24.100000381469727,22.68000030517578,23.1200008392334,1375000.0
2012-03-22,23.31999969482422,23.31999969482422,22.440000534057617,23.219999313354492,370800.0
2012-03-23,23.219999313354492,23.25,22.299999237060547,23.18000030517578,307000.0
2012-03-26,23.260000228881836,24.8799991607666,23.010000228881836,24.600000381469727,1052000.0
2012-03-27,24.799999237060547,27.75,24.25,27.649999618530273,3141300.0
2012-03-28,27.520000457763672,31.959999084472656,27.100000381469727,28.09000015258789,5267300.0
2012-03-29,27.989999771118164,29.780000686645508,27.579999923706055,28.010000228881836,1425200.0
2012-03-30,28.579999923706055,29.270000457763672,25.81999969482422,26.889999389648438,1887200.0
2012-04-02,26.899999618530273,27.799999237060547,25.270000457763672,27.1200008392334,1166500.0
2012-04-03,27.200000762939453,28.399999618530273,25.920000076293945,26.700000762939453,1384800.0
2012-04-04,25.940000534057617,27.0,25.940000534057617,26.15999984741211,440700.0
2012-04-05,25.959999084472656,26.399999618530273,24.020000457763672,24.170000076293945,1352200.0
2012-04-09,23.860000610351562,25.579999923706055,22.739999771118164,25.219999313354492,1397800.0
2012-04-10,25.450000762939453,26.510000228881836,24.5,25.809999465942383,1027500.0
2012-04-11,25.469999313354492,26.25,24.56999969482422,25.43000030517578,1004200.0
2012-04-12,25.209999084472656,26.440000534057617,25.170000076293945,26.200000762939453,728000.0
2012-04-13,26.0,26.969999313354492,25.440000534057617,26.329999923706055,508200.0
2012-04-16,27.0,27.440000534057617,25.020000457763672,25.8700008392334,631800.0
2012-04-17,25.8700008392334,26.239999771118164,25.100000381469727,25.56999969482422,387100.0
2012-04-18,25.549999237060547,25.739999771118164,24.549999237060547,24.989999771118164,343900.0
2012-04-19,24.719999313354492,24.920000076293945,23.299999237060547,24.270000457763672,604700.0
2012-04-20,24.290000915527344,24.5,22.75,23.100000381469727,439900.0
2012-04-23,22.639999389648438,22.829999923706055,22.0,22.270000457763672,593000.0
2012-04-24,22.149999618530273,22.149999618530273,20.270000457763672,21.18000030517578,905500.0
2012-04-25,21.540000915527344,21.780000686645508,20.559999465942383,21.1299991607666,567800.0
2012-04-26,20.729999542236328,21.950000762939453,20.5,21.200000762939453,734700.0
2012-04-27,21.489999771118164,22.520000457763672,21.489999771118164,21.899999618530273,655000.0
2012-04-30,21.940000534057617,23.520000457763672,21.600000381469727,22.860000610351562,614800.0
2012-05-01,23.290000915527344,23.520000457763672,22.1299991607666,22.56999969482422,368400.0
2012-05-02,22.989999771118164,23.5,22.389999389648438,23.15999984741211,872200.0
2012-05-03,23.239999771118164,23.690000534057617,20.299999237060547,20.639999389648438,1779800.0
2012-05-04,20.690000534057617,21.530000686645508,20.110000610351562,21.299999237060547,389800.0
2012-05-07,21.399999618530273,21.860000610351562,20.6200008392334,21.40999984741211,450000.0
2012-05-08,21.600000381469727,21.829999923706055,20.260000228881836,20.809999465942383,505600.0
2012-05-09,20.579999923706055,20.989999771118164,19.8700008392334,20.979999542236328,557300.0
2012-05-10,21.100000381469727,21.299999237060547,19.860000610351562,20.049999237060547,509700.0
2012-05-11,19.860000610351562,20.43000030517578,19.6200008392334,20.270000457763672,460700.0
2012-05-14,19.809999465942383,20.1299991607666,19.600000381469727,20.040000915527344,779200.0
2012-05-15,20.059999465942383,21.709999084472656,20.059999465942383,20.799999237060547,743900.0
2012-05-16,21.290000915527344,21.75,20.8700008392334,21.600000381469727,452900.0
2012-05-17,21.6299991607666,21.829999923706055,20.3700008392334,21.270000457763672,557500.0
2012-05-18,21.260000228881836,21.889999389648438,17.700000762939453,18.639999389648438,1458900.0
2012-05-21,17.950000762939453,20.829999923706055,16.209999084472656,19.299999237060547,1661800.0
2012-05-22,19.15999984741211,20.0,17.350000381469727,18.0,791700.0
2012-05-23,17.799999237060547,18.530000686645508,17.5,18.31999969482422,426000.0
2012-05-24,18.139999389648438,18.889999389648438,17.520000457763672,18.889999389648438,315300.0
2012-05-25,18.65999984741211,18.65999984741211,18.010000228881836,18.190000534057617,327400.0
2012-05-29,18.399999618530273,18.399999618530273,16.799999237060547,17.06999969482422,664000.0
2012-05-30,16.899999618530273,17.0,16.030000686645508,16.610000610351562,792000.0
2012-05-31,16.469999313354492,16.8799991607666,15.65999984741211,16.709999084472656,470800.0
2012-06-01,16.280000686645508,16.280000686645508,15.420000076293945,15.6899995803833,522100.0
2012-06-04,15.649999618530273,15.649999618530273,14.100000381469727,15.220000267028809,555400.0
2012-06-05,15.170000076293945,15.260000228881836,14.529999732971191,15.220000267028809,647600.0
2012-06-06,15.380000114440918,16.59000015258789,15.170000076293945,16.459999084472656,528100.0
2012-06-07,16.520000457763672,17.8799991607666,16.209999084472656,17.520000457763672,737100.0
2012-06-08,17.399999618530273,20.1200008392334,17.139999389648438,19.639999389648438,1129600.0
2012-06-11,19.540000915527344,20.389999389648438,18.329999923706055,18.850000381469727,1040100.0
2012-06-12,18.760000228881836,19.799999237060547,18.040000915527344,19.649999618530273,394400.0
2012-06-13,19.6200008392334,19.889999389648438,18.81999969482422,19.780000686645508,307500.0
2012-06-14,19.239999771118164,19.899999618530273,19.020000457763672,19.850000381469727,253900.0
2012-06-15,19.75,21.200000762939453,19.18000030517578,21.1299991607666,726000.0
2012-06-18,20.6200008392334,22.0,20.299999237060547,21.149999618530273,847300.0
2012-06-19,21.549999237060547,21.65999984741211,20.670000076293945,21.389999389648438,369500.0
2012-06-20,21.139999389648438,21.389999389648438,20.709999084472656,21.06999969482422,276600.0
2012-06-21,21.06999969482422,21.25,20.579999923706055,21.0,520600.0
2012-06-22,21.31999969482422,21.670000076293945,21.0,21.639999389648438,1356400.0
2012-06-25,21.799999237060547,22.479999542236328,21.200000762939453,21.950000762939453,466300.0
2012-06-26,21.979999542236328,22.360000610351562,21.75,22.040000915527344,401100.0
2012-06-27,22.139999389648438,23.479999542236328,21.139999389648438,22.790000915527344,758100.0
2012-06-28,22.639999389648438,22.700000762939453,22.010000228881836,22.510000228881836,446500.0
2012-06-29,23.3700008392334,23.479999542236328,22.56999969482422,22.729999542236328,479800.0
2012-07-02,23.399999618530273,23.739999771118164,22.969999313354492,23.739999771118164,336800.0
2012-07-03,24.100000381469727,25.0,23.979999542236328,24.719999313354492,340800.0
2012-07-05,24.979999542236328,27.739999771118164,24.979999542236328,26.15999984741211,1601800.0
2012-07-06,26.0,26.5,25.030000686645508,25.299999237060547,344600.0
2012-07-09,26.31999969482422,27.520000457763672,24.399999618530273,24.790000915527344,490800.0
2012-07-10,24.899999618530273,25.0,22.520000457763672,22.6299991607666,744600.0
2012-07-11,22.600000381469727,23.1299991607666,20.770000457763672,21.360000610351562,363500.0
2012-07-12,21.010000228881836,22.170000076293945,20.520000457763672,22.139999389648438,379700.0
2012-07-13,22.3799991607666,22.889999389648438,21.5,21.639999389648438,318600.0
2012-07-16,21.56999969482422,21.68000030517578,21.0,21.43000030517578,244200.0
2012-07-17,21.950000762939453,23.329999923706055,21.43000030517578,23.020000457763672,404400.0
2012-07-18,22.940000534057617,23.219999313354492,22.5,22.700000762939453,271700.0
2012-07-19,22.739999771118164,24.3799991607666,22.559999465942383,24.0,423600.0
2012-07-20,24.0,24.729999542236328,23.790000915527344,24.049999237060547,333200.0
2012-07-23,23.729999542236328,24.260000228881836,23.110000610351562,23.290000915527344,440900.0
2012-07-24,24.09000015258789,24.09000015258789,22.15999984741211,22.510000228881836,226800.0
2012-07-25,22.729999542236328,22.729999542236328,21.0,21.5,436900.0
2012-07-26,21.420000076293945,21.739999771118164,19.239999771118164,19.68000030517578,754900.0
2012-07-27,19.06999969482422,19.729999542236328,18.8799991607666,19.510000228881836,464400.0
2012-07-30,19.709999084472656,22.200000762939453,19.610000610351562,20.6200008392334,440400.0
2012-07-31,20.520000457763672,20.90999984741211,19.639999389648438,19.959999084472656,309700.0
2012-08-01,20.049999237060547,20.670000076293945,18.530000686645508,18.81999969482422,896900.0
2012-08-02,21.0,23.469999313354492,20.690000534057617,22.0,2671600.0
2012-08-03,22.469999313354492,23.399999618530273,21.5,23.399999618530273,702000.0
2012-08-06,23.399999618530273,26.489999771118164,23.329999923706055,25.43000030517578,1264600.0
2012-08-07,25.829999923706055,26.100000381469727,24.510000228881836,25.84000015258789,664500.0
2012-08-08,25.739999771118164,26.489999771118164,24.670000076293945,26.459999084472656,674000.0
2012-08-09,26.450000762939453,28.93000030517578,24.920000076293945,25.729999542236328,1810200.0
2012-08-10,25.639999389648438,26.389999389648438,24.799999237060547,25.850000381469727,547100.0
2012-08-13,25.790000915527344,25.850000381469727,23.75,23.8700008392334,694300.0
2012-08-14,23.790000915527344,24.690000534057617,22.030000686645508,22.290000915527344,1040400.0
2012-08-15,22.270000457763672,22.770000457763672,21.549999237060547,22.110000610351562,778500.0
2012-08-16,22.1200008392334,22.5,21.399999618530273,21.760000228881836,890900.0
2012-08-17,21.81999969482422,23.0,21.200000762939453,21.5,906300.0
2012-08-20,21.469999313354492,21.5,19.93000030517578,20.219999313354492,1242500.0
2012-08-21,20.1200008392334,20.219999313354492,18.790000915527344,19.0,1098700.0
2012-08-22,18.959999084472656,19.1299991607666,17.610000610351562,17.8700008392334,1232900.0
2012-08-23,17.920000076293945,18.389999389648438,17.799999237060547,18.190000534057617,923000.0
2012-08-24,18.200000762939453,20.290000915527344,18.200000762939453,19.479999542236328,1745000.0
2012-08-27,19.5,19.739999771118164,18.709999084472656,19.110000610351562,931500.0
2012-08-28,18.8700008392334,19.0,18.09000015258789,18.260000228881836,1352500.0
2012-08-29,17.510000228881836,22.889999389648438,17.5,22.3700008392334,8652400.0
2012-08-30,22.350000381469727,22.350000381469727,21.420000076293945,21.690000534057617,2238300.0
2012-08-31,21.81999969482422,22.219999313354492,21.43000030517578,22.0,1377200.0
2012-09-04,21.989999771118164,24.40999984741211,21.700000762939453,24.25,2335300.0
2012-09-05,24.040000915527344,26.360000610351562,24.030000686645508,25.770000457763672,3174300.0
2012-09-06,25.889999389648438,26.600000381469727,24.389999389648438,25.549999237060547,1642900.0
2012-09-07,25.469999313354492,25.969999313354492,24.270000457763672,24.81999969482422,1095100.0
2012-09-10,24.739999771118164,25.709999084472656,24.5,25.06999969482422,852100.0
2012-09-11,24.8700008392334,26.299999237060547,24.829999923706055,26.200000762939453,1536500.0
2012-09-12,26.299999237060547,26.5,25.5,25.799999237060547,1757900.0
2012-09-13,25.729999542236328,26.0,23.790000915527344,23.950000762939453,1635100.0
2012-09-14,24.3799991607666,26.5,24.059999465942383,26.18000030517578,1726200.0
2012-09-17,25.579999923706055,26.25,25.15999984741211,25.700000762939453,500000.0
2012-09-18,24.940000534057617,25.729999542236328,24.299999237060547,24.770000457763672,1103900.0
2012-09-19,24.950000762939453,27.100000381469727,24.950000762939453,25.709999084472656,2073000.0
2012-09-20,25.489999771118164,27.399999618530273,25.200000762939453,26.309999465942383,1815800.0
2012-09-21,26.639999389648438,26.899999618530273,26.0,26.780000686645508,1248100.0
2012-09-24,26.350000381469727,26.600000381469727,25.469999313354492,25.670000076293945,853600.0
2012-09-25,26.0,26.770000457763672,25.389999389648438,25.5,1134400.0
2012-09-26,25.200000762939453,26.549999237060547,24.639999389648438,25.68000030517578,1086100.0
2012-09-27,25.899999618530273,26.420000076293945,25.440000534057617,26.239999771118164,672000.0
2012-09-28,26.09000015258789,27.079999923706055,25.889999389648438,27.049999237060547,1074100.0
2012-10-01,26.670000076293945,28.479999542236328,26.520000457763672,27.760000228881836,1327200.0
2012-10-02,27.81999969482422,28.299999237060547,27.0,27.59000015258789,621300.0
2012-10-03,27.559999465942383,28.579999923706055,27.239999771118164,28.09000015258789,718100.0
2012-10-04,28.239999771118164,29.479999542236328,28.110000610351562,28.889999389648438,1432200.0
2012-10-05,29.0,29.440000534057617,27.75,28.399999618530273,961400.0
2012-10-08,28.270000457763672,28.639999389648438,27.829999923706055,28.270000457763672,526200.0
2012-10-09,28.239999771118164,28.6299991607666,26.389999389648438,27.43000030517578,611400.0
2012-10-10,27.5,27.5,25.350000381469727,25.610000610351562,1473100.0
2012-10-11,25.780000686645508,26.43000030517578,25.540000915527344,25.729999542236328,790700.0
2012-10-12,25.729999542236328,26.010000228881836,25.0,25.239999771118164,417100.0
2012-10-15,25.239999771118164,25.65999984741211,25.0,25.309999465942383,228900.0
2012-10-16,25.030000686645508,25.3700008392334,24.579999923706055,24.850000381469727,762400.0
2012-10-17,24.719999313354492,25.84000015258789,24.5,25.700000762939453,483400.0
2012-10-18,25.6200008392334,25.950000762939453,24.309999465942383,24.760000228881836,669700.0
2012-10-19,24.670000076293945,25.09000015258789,24.059999465942383,24.610000610351562,700400.0
2012-10-22,24.15999984741211,24.700000762939453,24.0,24.270000457763672,484800.0
2012-10-23,23.969999313354492,24.25,23.719999313354492,24.0,732900.0
2012-10-24,25.579999923706055,27.649999618530273,25.549999237060547,25.770000457763672,1654800.0
2012-10-25,25.940000534057617,26.15999984741211,23.700000762939453,24.030000686645508,862200.0
2012-10-26,24.079999923706055,24.360000610351562,22.700000762939453,23.170000076293945,711100.0
2012-10-31,23.190000534057617,24.5,23.0,24.100000381469727,628300.0
2012-11-01,24.190000534057617,24.510000228881836,23.579999923706055,24.030000686645508,724400.0
2012-11-02,24.15999984741211,24.15999984741211,20.31999969482422,20.510000228881836,2532600.0
2012-11-05,20.510000228881836,20.530000686645508,18.950000762939453,19.110000610351562,1819700.0
2012-11-06,19.0,19.3799991607666,18.18000030517578,18.25,2010000.0
2012-11-07,18.110000610351562,19.200000762939453,17.600000381469727,18.399999618530273,2057300.0
2012-11-08,18.649999618530273,18.649999618530273,17.6200008392334,17.770000457763672,1150500.0
2012-11-09,17.65999984741211,18.18000030517578,17.600000381469727,17.719999313354492,1086000.0
2012-11-12,17.75,17.780000686645508,17.010000228881836,17.06999969482422,1013800.0
2012-11-13,17.059999465942383,17.540000915527344,16.850000381469727,17.209999084472656,852800.0
2012-11-14,17.299999237060547,17.479999542236328,16.649999618530273,16.770000457763672,795100.0
2012-11-15,16.940000534057617,17.309999465942383,16.31999969482422,17.209999084472656,907800.0
2012-11-16,17.030000686645508,17.75,16.940000534057617,17.31999969482422,985000.0
2012-11-19,17.739999771118164,18.8799991607666,17.510000228881836,18.799999237060547,1374200.0
2012-11-20,19.739999771118164,19.760000228881836,18.549999237060547,18.809999465942383,716800.0
2012-11-21,18.90999984741211,18.989999771118164,18.3700008392334,18.709999084472656,411100.0
2012-11-23,18.389999389648438,19.110000610351562,18.389999389648438,18.979999542236328,259400.0
2012-11-26,18.940000534057617,19.56999969482422,18.56999969482422,18.989999771118164,664200.0
2012-11-27,19.739999771118164,20.329999923706055,19.350000381469727,20.239999771118164,1466400.0
2012-11-28,20.1299991607666,20.479999542236328,19.700000762939453,20.200000762939453,872500.0
2012-11-29,20.360000610351562,20.600000381469727,19.260000228881836,19.450000762939453,700500.0
2012-11-30,19.530000686645508,19.739999771118164,18.75,18.90999984741211,1587900.0
2012-12-03,18.899999618530273,19.93000030517578,18.860000610351562,19.270000457763672,937200.0
2012-12-04,19.1299991607666,19.5,18.75,19.049999237060547,678300.0
2012-12-05,19.030000686645508,19.440000534057617,18.700000762939453,18.84000015258789,597100.0
2012-12-06,18.469999313354492,18.989999771118164,17.479999542236328,18.09000015258789,1579500.0
2012-12-07,18.270000457763672,19.25,18.149999618530273,19.049999237060547,1282800.0
2012-12-10,19.219999313354492,19.25,18.299999237060547,18.81999969482422,530700.0
2012-12-11,18.8700008392334,19.59000015258789,18.829999923706055,19.299999237060547,1140800.0
2012-12-12,19.68000030517578,20.200000762939453,19.010000228881836,19.6200008392334,1603000.0
2012-12-13,19.190000534057617,19.829999923706055,18.799999237060547,19.65999984741211,868000.0
2012-12-14,19.65999984741211,19.959999084472656,19.270000457763672,19.459999084472656,467100.0
2012-12-17,19.309999465942383,19.719999313354492,18.600000381469727,18.93000030517578,1027100.0
2012-12-18,19.209999084472656,19.209999084472656,17.899999618530273,18.059999465942383,1543000.0
2012-12-19,18.170000076293945,18.59000015258789,18.0,18.450000762939453,1455300.0
2012-12-20,18.459999084472656,19.09000015258789,18.270000457763672,18.90999984741211,1101000.0
2012-12-21,18.65999984741211,19.049999237060547,18.31999969482422,19.0,1056800.0
2012-12-24,18.860000610351562,18.989999771118164,18.31999969482422,18.440000534057617,541100.0
2012-12-26,18.440000534057617,18.780000686645508,18.260000228881836,18.6299991607666,387900.0
2012-12-27,18.639999389648438,18.950000762939453,18.399999618530273,18.829999923706055,713200.0
2012-12-28,18.68000030517578,19.229999542236328,18.6299991607666,18.8700008392334,545700.0
2012-12-31,18.739999771118164,19.09000015258789,18.65999984741211,18.850000381469727,666600.0
2013-01-02,19.170000076293945,20.59000015258789,19.1299991607666,19.700000762939453,1587100.0
2013-01-03,20.0,20.360000610351562,19.709999084472656,20.149999618530273,1195100.0
2013-01-04,20.290000915527344,21.6200008392334,20.110000610351562,21.520000457763672,1966800.0
2013-01-07,21.329999923706055,21.360000610351562,20.520000457763672,21.079999923706055,1079800.0
2013-01-08,21.0,21.190000534057617,20.020000457763672,20.829999923706055,918300.0
2013-01-09,20.899999618530273,21.0,20.25,20.760000228881836,536300.0
2013-01-10,20.75,22.290000915527344,20.739999771118164,22.190000534057617,1346300.0
2013-01-11,22.239999771118164,22.440000534057617,21.920000076293945,22.1200008392334,766700.0
2013-01-14,22.1299991607666,22.1299991607666,21.420000076293945,21.969999313354492,858400.0
2013-01-15,22.270000457763672,22.290000915527344,20.049999237060547,20.610000610351562,3383500.0
2013-01-16,20.170000076293945,20.549999237060547,19.450000762939453,20.360000610351562,1822800.0
2013-01-17,20.350000381469727,20.5,20.100000381469727,20.270000457763672,854300.0
2013-01-18,20.3799991607666,20.559999465942383,20.190000534057617,20.299999237060547,1294200.0
2013-01-22,20.299999237060547,20.440000534057617,19.81999969482422,19.899999618530273,1476100.0
2013-01-23,20.1200008392334,20.450000762939453,19.93000030517578,20.34000015258789,791900.0
2013-01-24,20.40999984741211,21.299999237060547,20.40999984741211,20.829999923706055,741700.0
2013-01-25,21.100000381469727,21.170000076293945,20.799999237060547,21.170000076293945,841800.0
2013-01-28,21.209999084472656,21.239999771118164,20.709999084472656,21.030000686645508,700800.0
2013-01-29,21.0,21.06999969482422,20.579999923706055,20.84000015258789,995400.0
2013-01-30,20.93000030517578,21.200000762939453,20.31999969482422,20.459999084472656,546000.0
2013-01-31,20.479999542236328,21.520000457763672,20.100000381469727,21.239999771118164,925500.0
2013-02-01,21.440000534057617,21.670000076293945,20.34000015258789,20.469999313354492,602700.0
2013-02-04,20.5,20.600000381469727,20.100000381469727,20.34000015258789,597400.0
2013-02-05,20.469999313354492,21.299999237060547,20.3700008392334,21.18000030517578,674400.0
2013-02-06,21.440000534057617,22.6299991607666,20.799999237060547,22.3799991607666,2118500.0
2013-02-07,21.360000610351562,22.350000381469727,20.139999389648438,21.350000381469727,2962300.0
2013-02-08,21.520000457763672,22.959999084472656,21.520000457763672,21.850000381469727,1707800.0
2013-02-11,21.719999313354492,22.219999313354492,21.049999237060547,21.6299991607666,1505200.0
2013-02-12,21.719999313354492,22.170000076293945,21.18000030517578,21.65999984741211,1623100.0
2013-02-13,21.670000076293945,21.850000381469727,21.43000030517578,21.790000915527344,459800.0
2013-02-14,21.770000457763672,21.780000686645508,21.049999237060547,21.440000534057617,866600.0
2013-02-15,21.530000686645508,22.059999465942383,21.190000534057617,21.959999084472656,732100.0
2013-02-19,21.940000534057617,22.579999923706055,21.760000228881836,21.8799991607666,1107800.0
2013-02-20,22.09000015258789,22.1299991607666,21.709999084472656,21.889999389648438,684100.0
2013-02-21,21.610000610351562,22.059999465942383,21.360000610351562,22.0,706000.0
2013-02-22,22.0,22.299999237060547,21.729999542236328,22.18000030517578,682800.0
2013-02-25,22.219999313354492,22.469999313354492,21.530000686645508,21.6200008392334,835900.0
2013-02-26,21.639999389648438,21.889999389648438,20.940000534057617,21.290000915527344,830600.0
2013-02-27,21.110000610351562,22.059999465942383,20.959999084472656,21.860000610351562,1269400.0
2013-02-28,21.770000457763672,22.3799991607666,21.649999618530273,22.190000534057617,1310700.0
2013-03-01,21.889999389648438,23.1200008392334,21.770000457763672,23.010000228881836,1750400.0
2013-03-04,22.899999618530273,23.3799991607666,22.510000228881836,23.18000030517578,957400.0
2013-03-05,23.25,24.34000015258789,22.850000381469727,23.020000457763672,2403200.0
2013-03-06,23.209999084472656,23.290000915527344,22.75,23.020000457763672,1110300.0
2013-03-07,22.84000015258789,24.1299991607666,22.75,23.459999084472656,1383900.0
2013-03-08,23.479999542236328,25.200000762939453,23.059999465942383,25.010000228881836,2637400.0
2013-03-11,24.850000381469727,25.459999084472656,24.389999389648438,25.1299991607666,1324300.0
2013-03-12,25.049999237060547,25.059999465942383,23.510000228881836,23.729999542236328,1361800.0
2013-03-13,23.790000915527344,25.229999542236328,23.75,25.020000457763672,1344700.0
2013-03-14,25.010000228881836,25.350000381469727,24.649999618530273,25.049999237060547,603000.0
2013-03-15,25.0,25.399999618530273,24.8799991607666,25.100000381469727,947900.0
2013-03-18,24.770000457763672,25.010000228881836,24.350000381469727,24.5,889600.0
2013-03-19,24.5,24.760000228881836,24.06999969482422,24.280000686645508,685800.0
2013-03-20,24.889999389648438,25.1200008392334,24.010000228881836,24.1200008392334,1164100.0
2013-03-21,24.020000457763672,24.270000457763672,23.860000610351562,24.0,747400.0
2013-03-22,24.0,24.030000686645508,23.610000610351562,23.790000915527344,409000.0
2013-03-25,23.93000030517578,24.459999084472656,23.40999984741211,23.489999771118164,765300.0
2013-03-26,23.579999923706055,23.829999923706055,23.389999389648438,23.68000030517578,476500.0
2013-03-27,23.549999237060547,24.049999237060547,23.1299991607666,23.719999313354492,1180700.0
2013-03-28,23.989999771118164,24.100000381469727,23.559999465942383,23.709999084472656,757500.0
2013-04-01,23.649999618530273,23.68000030517578,22.75,22.889999389648438,1065100.0
2013-04-02,23.459999084472656,23.760000228881836,22.670000076293945,22.770000457763672,885500.0
2013-04-03,23.020000457763672,23.389999389648438,22.479999542236328,23.049999237060547,1050800.0
2013-04-04,23.049999237060547,23.790000915527344,22.739999771118164,23.670000076293945,704100.0
2013-04-05,23.5,25.8799991607666,23.110000610351562,25.700000762939453,2074600.0
2013-04-08,25.459999084472656,26.270000457763672,24.75,25.0,1757400.0
2013-04-09,24.959999084472656,25.229999542236328,24.600000381469727,24.6200008392334,744900.0
2013-04-10,24.200000762939453,25.889999389648438,24.100000381469727,25.75,1192700.0
2013-04-11,25.799999237060547,27.100000381469727,25.709999084472656,26.350000381469727,1026600.0
2013-04-12,26.190000534057617,27.299999237060547,25.809999465942383,26.959999084472656,586500.0
2013-04-15,26.75,27.0,25.260000228881836,25.829999923706055,1074500.0
2013-04-16,25.90999984741211,26.239999771118164,25.450000762939453,25.709999084472656,760200.0
2013-04-17,25.690000534057617,26.260000228881836,25.030000686645508,26.100000381469727,693600.0
2013-04-18,26.200000762939453,26.360000610351562,25.190000534057617,25.329999923706055,696800.0
2013-04-19,25.459999084472656,25.959999084472656,25.09000015258789,25.5,452100.0
2013-04-22,25.610000610351562,25.610000610351562,24.75,25.31999969482422,640000.0
2013-04-23,25.5,26.239999771118164,25.059999465942383,25.290000915527344,570300.0
2013-04-24,25.3700008392334,25.59000015258789,24.760000228881836,24.969999313354492,709800.0
2013-04-25,25.15999984741211,25.959999084472656,24.940000534057617,25.420000076293945,784500.0
2013-04-26,25.5,25.719999313354492,25.020000457763672,25.450000762939453,621500.0
2013-04-29,25.600000381469727,26.729999542236328,25.579999923706055,26.6200008392334,1084400.0
2013-04-30,26.639999389648438,27.170000076293945,25.799999237060547,26.030000686645508,1549900.0
2013-05-01,26.059999465942383,26.329999923706055,25.170000076293945,25.299999237060547,1380900.0
2013-05-02,29.5,32.38999938964844,28.780000686645508,32.220001220703125,10145800.0
2013-05-03,32.369998931884766,32.79999923706055,31.020000457763672,31.1200008392334,2727200.0
2013-05-06,30.790000915527344,31.600000381469727,30.110000610351562,30.690000534057617,2412500.0
2013-05-07,30.700000762939453,31.219999313354492,30.200000762939453,30.670000076293945,1309400.0
2013-05-08,30.719999313354492,30.90999984741211,29.299999237060547,29.90999984741211,2513900.0
2013-05-09,30.09000015258789,31.049999237060547,29.780000686645508,30.670000076293945,1371400.0
2013-05-10,30.780000686645508,31.229999542236328,30.450000762939453,30.93000030517578,909400.0
2013-05-13,31.010000228881836,31.649999618530273,29.8700008392334,30.920000076293945,1491900.0
2013-05-14,31.030000686645508,31.489999771118164,30.610000610351562,30.969999313354492,2233100.0
2013-05-15,30.770000457763672,31.989999771118164,29.75,30.010000228881836,2729300.0
2013-05-16,30.219999313354492,31.360000610351562,30.100000381469727,30.43000030517578,2690700.0
2013-05-17,30.420000076293945,31.040000915527344,30.030000686645508,30.790000915527344,1735500.0
2013-05-20,30.799999237060547,32.880001068115234,30.579999923706055,30.969999313354492,2728900.0
2013-05-21,30.850000381469727,32.61000061035156,30.850000381469727,31.579999923706055,2390700.0
2013-05-22,31.600000381469727,32.220001220703125,29.049999237060547,29.399999618530273,2588300.0
2013-05-23,28.90999984741211,29.780000686645508,28.149999618530273,29.459999084472656,1672500.0
2013-05-24,29.34000015258789,29.719999313354492,29.0,29.34000015258789,1151300.0
2013-05-28,29.469999313354492,30.5,29.469999313354492,29.950000762939453,981400.0
2013-05-29,29.93000030517578,30.549999237060547,29.639999389648438,30.09000015258789,824900.0
2013-05-30,30.010000228881836,30.420000076293945,29.809999465942383,29.989999771118164,799500.0
2013-05-31,29.899999618530273,30.170000076293945,29.6200008392334,29.809999465942383,579400.0
2013-06-03,29.6299991607666,29.760000228881836,26.75,28.149999618530273,2646100.0
2013-06-04,28.09000015258789,28.559999465942383,27.329999923706055,27.459999084472656,1057200.0
2013-06-05,27.399999618530273,28.8799991607666,27.200000762939453,28.200000762939453,1079700.0
2013-06-06,28.200000762939453,29.139999389648438,27.700000762939453,29.09000015258789,796400.0
2013-06-07,29.0,30.18000030517578,28.719999313354492,30.110000610351562,878200.0
2013-06-10,30.040000915527344,30.110000610351562,29.40999984741211,29.920000076293945,760900.0
2013-06-11,29.229999542236328,29.899999618530273,28.850000381469727,29.520000457763672,698000.0
2013-06-12,29.56999969482422,29.989999771118164,29.139999389648438,29.389999389648438,665500.0
2013-06-13,29.360000610351562,29.989999771118164,29.06999969482422,29.479999542236328,603300.0
2013-06-14,30.0,31.100000381469727,29.43000030517578,30.84000015258789,1013100.0
2013-06-17,31.329999923706055,31.809999465942383,30.8700008392334,31.75,1254800.0
2013-06-18,31.950000762939453,32.11000061035156,31.399999618530273,31.549999237060547,721700.0
2013-06-19,31.280000686645508,33.0,30.969999313354492,32.93000030517578,1611200.0
2013-06-20,32.36000061035156,32.470001220703125,30.850000381469727,31.0,1444100.0
2013-06-21,31.18000030517578,31.75,30.229999542236328,31.239999771118164,1504000.0
2013-06-24,30.3799991607666,31.440000534057617,29.260000228881836,30.940000534057617,1498300.0
2013-06-25,31.399999618530273,31.790000915527344,30.719999313354492,31.110000610351562,900600.0
2013-06-26,31.43000030517578,34.959999084472656,31.399999618530273,34.869998931884766,2864100.0
2013-06-27,35.31999969482422,36.13999938964844,34.209999084472656,34.33000183105469,2749300.0
2013-06-28,33.97999954223633,35.20000076293945,33.20000076293945,34.77000045776367,2832800.0
2013-07-01,34.709999084472656,35.4900016784668,33.93000030517578,34.02000045776367,1060100.0
2013-07-02,34.88999938964844,36.0099983215332,34.08000183105469,34.5099983215332,1879500.0
2013-07-03,34.40999984741211,35.43000030517578,34.04999923706055,34.45000076293945,586600.0
2013-07-05,35.119998931884766,35.52000045776367,34.5,34.9900016784668,881000.0
2013-07-08,35.209999084472656,35.61000061035156,34.720001220703125,34.90999984741211,824700.0
2013-07-09,35.04999923706055,37.65999984741211,34.619998931884766,37.2400016784668,2356000.0
2013-07-10,37.0,37.400001525878906,35.58000183105469,36.900001525878906,2187100.0
2013-07-11,37.83000183105469,37.90999984741211,37.0,37.45000076293945,1590200.0
2013-07-12,38.119998931884766,40.59000015258789,37.869998931884766,39.400001525878906,2329300.0
2013-07-15,39.02000045776367,39.470001220703125,38.20000076293945,38.66999816894531,1372300.0
2013-07-16,38.81999969482422,39.459999084472656,38.52000045776367,38.970001220703125,1111800.0
2013-07-17,39.029998779296875,41.09000015258789,39.0,39.970001220703125,1815900.0
2013-07-18,40.13999938964844,41.04999923706055,39.45000076293945,39.75,1964500.0
2013-07-19,40.02000045776367,42.29999923706055,39.880001068115234,42.130001068115234,2513100.0
2013-07-22,42.22999954223633,42.84000015258789,40.81999969482422,40.9900016784668,2042100.0
2013-07-23,41.0,41.5,39.29999923706055,39.939998626708984,1644000.0
2013-07-24,40.310001373291016,40.790000915527344,39.2400016784668,39.90999984741211,847400.0
2013-07-25,41.349998474121094,41.95000076293945,40.02000045776367,41.52000045776367,2068900.0
2013-07-26,41.119998931884766,42.4900016784668,41.11000061035156,42.099998474121094,1507000.0
2013-07-29,42.0,42.119998931884766,40.310001373291016,42.119998931884766,497600.0
2013-07-30,42.119998931884766,42.650001525878906,41.540000915527344,41.790000915527344,1697400.0
2013-07-31,42.20000076293945,42.5,40.380001068115234,41.79999923706055,4252500.0
2013-08-01,49.599998474121094,52.77000045776367,49.220001220703125,51.5,12343200.0
2013-08-02,52.9900016784668,59.349998474121094,52.599998474121094,57.02000045776367,12402600.0
2013-08-05,57.02000045776367,57.040000915527344,53.54999923706055,54.0099983215332,7293500.0
2013-08-06,53.689998626708984,53.959999084472656,51.75,51.9900016784668,4269100.0
2013-08-07,51.7599983215332,53.150001525878906,50.61000061035156,52.08000183105469,5535000.0
2013-08-08,53.0,53.0,50.560001373291016,51.2599983215332,3485000.0
2013-08-09,51.22999954223633,51.9900016784668,50.54999923706055,51.849998474121094,2693900.0
2013-08-12,51.40999984741211,53.36000061035156,50.61000061035156,50.75,3549800.0
2013-08-13,50.75,51.77000045776367,49.90999984741211,51.290000915527344,3003400.0
2013-08-14,51.45000076293945,52.0,50.02000045776367,50.81999969482422,2490600.0
2013-08-15,49.459999084472656,49.65999984741211,47.439998626708984,47.75,4568000.0
2013-08-16,47.540000915527344,50.400001525878906,46.959999084472656,50.130001068115234,3847500.0
2013-08-19,49.72999954223633,50.25,49.0,49.22999954223633,1812500.0
2013-08-20,49.56999969482422,50.2400016784668,49.0099983215332,49.63999938964844,1149200.0
2013-08-21,49.5099983215332,52.540000915527344,49.5,51.45000076293945,3648700.0
2013-08-22,52.119998931884766,52.560001373291016,51.63999938964844,52.099998474121094,1725300.0
2013-08-23,52.709999084472656,52.97999954223633,51.06999969482422,51.83000183105469,1822700.0
2013-08-26,51.599998474121094,52.13999938964844,50.29999923706055,51.2599983215332,1465400.0
2013-08-27,50.209999084472656,52.77000045776367,50.20000076293945,51.470001220703125,2428800.0
2013-08-28,50.970001220703125,52.22999954223633,50.61000061035156,51.66999816894531,2013000.0
2013-08-29,51.900001525878906,54.689998626708984,51.88999938964844,53.79999923706055,4883100.0
2013-08-30,54.20000076293945,54.5099983215332,51.66999816894531,51.97999954223633,2378000.0
2013-09-03,52.650001525878906,53.599998474121094,51.619998931884766,52.369998931884766,1824200.0
2013-09-04,52.310001373291016,55.959999084472656,52.310001373291016,55.95000076293945,3616600.0
2013-09-05,56.5099983215332,59.0,56.11000061035156,58.90999984741211,5877400.0
2013-09-06,61.0,64.38999938964844,60.0,62.400001525878906,8792700.0
2013-09-09,62.75,63.09000015258789,60.95000076293945,61.90999984741211,3833500.0
2013-09-10,62.79999923706055,64.25,62.18000030517578,63.20000076293945,2920200.0
2013-09-11,63.130001068115234,66.23999786376953,62.619998931884766,64.58000183105469,3554000.0
2013-09-12,65.23999786376953,65.94999694824219,63.349998474121094,63.77000045776367,3566200.0
2013-09-13,64.19999694824219,64.58999633789062,61.619998931884766,62.90999984741211,2436300.0
2013-09-16,64.29000091552734,64.5999984741211,62.58000183105469,62.7599983215332,2406700.0
2013-09-17,62.97999954223633,65.9800033569336,61.38999938964844,65.91999816894531,3019400.0
2013-09-18,66.0,69.7699966430664,65.26000213623047,69.08999633789062,4971300.0
2013-09-19,70.12000274658203,71.08000183105469,67.33000183105469,70.58999633789062,4768600.0
2013-09-20,70.72000122070312,71.5,67.83000183105469,70.0199966430664,4647800.0
2013-09-23,69.12999725341797,69.47000122070312,63.5,65.80000305175781,6079800.0
2013-09-24,65.69999694824219,68.72000122070312,65.58999633789062,67.36000061035156,3110200.0
2013-09-25,67.68000030517578,69.94000244140625,66.9000015258789,68.93000030517578,2425500.0
2013-09-26,69.41999816894531,69.83000183105469,68.05000305175781,68.44999694824219,1978900.0
2013-09-27,67.75,69.16000366210938,67.18000030517578,68.05000305175781,2144000.0
2013-09-30,66.5,67.48999786376953,65.02999877929688,66.18000030517578,2405300.0
2013-10-01,67.36000061035156,71.18000030517578,66.26000213623047,71.12000274658203,3792000.0
2013-10-02,70.87999725341797,73.19999694824219,69.68000030517578,70.69000244140625,3729400.0
2013-10-03,72.11000061035156,72.76000213623047,68.72000122070312,71.0199966430664,4468300.0
2013-10-04,71.05000305175781,73.44999694824219,70.51000213623047,73.22000122070312,3423400.0
2013-10-07,72.06999969482422,72.2699966430664,69.66000366210938,69.93000030517578,2856900.0
2013-10-08,70.0999984741211,70.93000030517578,62.75,64.5999984741211,6796100.0
2013-10-09,64.80999755859375,65.25,60.83000183105469,63.470001220703125,4700200.0
2013-10-10,65.16999816894531,66.86000061035156,64.81999969482422,66.25,3235300.0
2013-10-11,66.33000183105469,68.22000122070312,65.94000244140625,67.33000183105469,2115100.0
2013-10-14,65.94999694824219,68.44000244140625,65.51000213623047,68.33000183105469,2452900.0
2013-10-15,68.31999969482422,69.73999786376953,67.12000274658203,67.81999969482422,2510400.0
2013-10-16,68.19000244140625,70.98999786376953,68.19000244140625,70.1500015258789,2599000.0
2013-10-17,70.20999908447266,70.9800033569336,68.25,68.9000015258789,2797500.0
2013-10-18,71.13999938964844,74.94999694824219,71.0,74.88999938964844,4324200.0
2013-10-21,75.0,75.37000274658203,70.56999969482422,71.05999755859375,3569600.0
2013-10-22,71.6500015258789,73.27999877929688,67.19999694824219,69.41000366210938,4202500.0
2013-10-23,68.16999816894531,68.94000244140625,65.02999877929688,66.01000213623047,3555200.0
2013-10-24,66.69000244140625,69.12000274658203,66.48999786376953,68.5199966430664,2356400.0
2013-10-25,69.12999725341797,69.68000030517578,66.83999633789062,68.0,1969600.0
2013-10-28,69.5,69.5,65.0199966430664,67.58999633789062,2912100.0
2013-10-29,68.41999816894531,69.30000305175781,65.54000091552734,68.83000183105469,6240800.0
2013-10-30,62.97999954223633,67.5,62.68000030517578,67.05000305175781,10213800.0
2013-10-31,66.5999984741211,68.0,64.08999633789062,67.75,7639800.0
2013-11-01,67.83000183105469,69.93000030517578,66.9000015258789,67.1500015258789,3985900.0
2013-11-04,67.3499984741211,69.4000015258789,65.79000091552734,69.2300033569336,3174700.0
2013-11-05,68.6500015258789,71.38999938964844,68.11000061035156,71.12999725341797,3097300.0
2013-11-06,71.18000030517578,71.87000274658203,66.08999633789062,66.61000061035156,4888100.0
2013-11-07,66.62000274658203,67.55000305175781,61.400001525878906,61.83000183105469,6139500.0
2013-11-08,60.45000076293945,64.02999877929688,60.41999816894531,63.380001068115234,4877000.0
2013-11-11,62.400001525878906,63.52000045776367,61.209999084472656,62.77000045776367,2742800.0
2013-11-12,63.93000030517578,66.69999694824219,63.790000915527344,65.12999725341797,3682100.0
2013-11-13,64.73999786376953,66.87999725341797,64.30999755859375,66.80999755859375,2072800.0
2013-11-14,66.48999786376953,68.27999877929688,66.0,67.25,2361100.0
2013-11-15,68.38999938964844,71.0,67.61000061035156,70.7699966430664,3776400.0
2013-11-18,70.44000244140625,71.0,64.0199966430664,64.43000030517578,4613000.0
2013-11-19,64.5,66.19999694824219,62.75,63.060001373291016,3920500.0
2013-11-20,63.849998474121094,64.94999694824219,61.939998626708984,62.33000183105469,2897100.0
2013-11-21,62.599998474121094,64.29000091552734,62.439998626708984,63.93000030517578,1775000.0
2013-11-22,64.06999969482422,64.9000015258789,60.75,62.38999938964844,3025200.0
2013-11-25,62.599998474121094,62.599998474121094,56.650001525878906,58.20000076293945,6520400.0
2013-11-26,58.099998474121094,62.09000015258789,57.04999923706055,61.91999816894531,4608900.0
2013-11-27,61.790000915527344,62.970001220703125,60.599998474121094,61.540000915527344,2455000.0
2013-11-29,61.650001525878906,61.689998626708984,59.59000015258789,60.689998626708984,1516100.0
2013-12-02,60.060001373291016,60.61000061035156,58.41999816894531,59.959999084472656,3125200.0
2013-12-03,59.15999984741211,60.369998931884766,59.11000061035156,60.27000045776367,2115200.0
2013-12-04,59.20000076293945,63.310001373291016,59.18000030517578,63.06999969482422,3353300.0
2013-12-05,62.5099983215332,63.720001220703125,61.68000030517578,62.619998931884766,2155400.0
2013-12-06,63.2400016784668,63.68000030517578,61.5,62.86000061035156,2342500.0
2013-12-09,63.20000076293945,64.19000244140625,62.25,63.790000915527344,1884100.0
2013-12-10,62.65999984741211,65.80000305175781,62.52000045776367,65.52999877929688,2935100.0
2013-12-11,65.75,65.98999786376953,62.529998779296875,63.099998474121094,2213200.0
2013-12-12,62.900001525878906,65.38999938964844,62.59000015258789,64.37999725341797,2297500.0
2013-12-13,64.81999969482422,65.98999786376953,63.16999816894531,64.05000305175781,1893800.0
2013-12-16,64.3499984741211,65.37000274658203,63.61000061035156,64.13999938964844,1493400.0
2013-12-17,64.05999755859375,67.4800033569336,63.29999923706055,66.80000305175781,2842100.0
2013-12-18,66.2300033569336,66.77999877929688,63.029998779296875,65.79000091552734,3220700.0
2013-12-19,65.06999969482422,67.69000244140625,64.68000030517578,65.48999786376953,1906200.0
2013-12-20,65.95999908447266,68.45999908447266,65.41000366210938,68.01000213623047,3353700.0
2013-12-23,68.0,68.97000122070312,67.0199966430664,68.30000305175781,1600200.0
2013-12-24,68.0999984741211,68.75,66.7699966430664,67.83000183105469,1006900.0
2013-12-26,68.44000244140625,69.23999786376953,67.66999816894531,68.16000366210938,1153300.0
2013-12-27,68.0199966430664,68.36000061035156,65.80000305175781,65.91999816894531,1804800.0
2013-12-30,65.5999984741211,66.37000274658203,63.630001068115234,66.01000213623047,1618300.0
2013-12-31,66.02999877929688,69.13999938964844,65.91999816894531,68.94999694824219,2532500.0
2014-01-02,68.75,69.48999786376953,66.72000122070312,67.91999816894531,1910400.0
2014-01-03,68.0,68.62999725341797,66.47000122070312,67.66000366210938,1621500.0
2014-01-06,68.37000274658203,72.38999938964844,68.11000061035156,71.72000122070312,3804500.0
2014-01-07,72.0,73.87999725341797,71.13999938964844,72.66000366210938,2778300.0
2014-01-08,74.11000061035156,79.88999938964844,74.11000061035156,78.41999816894531,5579400.0
2014-01-09,79.33999633789062,81.41999816894531,77.58000183105469,78.41999816894531,4287300.0
2014-01-10,78.37999725341797,82.43000030517578,77.12000274658203,82.20999908447266,3722800.0
2014-01-13,81.94000244140625,82.08000183105469,75.2699966430664,75.83999633789062,4423300.0
2014-01-14,77.25,81.56999969482422,76.33999633789062,81.4000015258789,3747400.0
2014-01-15,81.73999786376953,83.47000122070312,79.01000213623047,80.93000030517578,2843500.0
2014-01-16,80.20999908447266,82.11000061035156,80.0999984741211,81.1500015258789,1971100.0
2014-01-17,81.16999816894531,83.44999694824219,81.05999755859375,82.36000061035156,2604700.0
2014-01-21,83.69000244140625,83.95999908447266,81.08000183105469,82.20999908447266,2037600.0
2014-01-22,82.41000366210938,82.98999786376953,80.4000015258789,81.27999877929688,2285200.0
2014-01-23,80.23999786376953,80.3499984741211,77.11000061035156,79.44999694824219,2646600.0
2014-01-24,77.69999694824219,78.48999786376953,75.62999725341797,75.98999786376953,2621600.0
2014-01-27,76.04000091552734,76.04000091552734,69.80000305175781,72.44000244140625,5578700.0
2014-01-28,73.02999877929688,76.25,72.88999938964844,76.08999633789062,2391000.0
2014-01-29,74.0199966430664,75.37000274658203,71.41000366210938,71.94999694824219,2921300.0
2014-01-30,75.5999984741211,76.25,73.61000061035156,75.47000122070312,2738100.0
2014-01-31,74.20999908447266,77.58999633789062,73.44999694824219,75.94999694824219,2230100.0
2014-02-03,76.75,77.83000183105469,73.1500015258789,74.48999786376953,2827300.0
2014-02-04,75.3499984741211,78.20999908447266,75.19000244140625,77.79000091552734,2942300.0
2014-02-05,77.55000305175781,78.5,73.8499984741211,75.2300033569336,6329800.0
2014-02-06,82.63999938964844,91.48999786376953,82.37999725341797,89.45999908447266,13768500.0
2014-02-07,89.56999969482422,90.52999877929688,87.58000183105469,89.41000366210938,4658300.0
2014-02-10,96.95999908447266,96.95999908447266,90.55000305175781,91.11000061035156,6833500.0
2014-02-11,91.16000366210938,94.02999877929688,88.77999877929688,92.77999877929688,4614000.0
2014-02-12,92.55999755859375,93.37999725341797,90.2699966430664,90.76000213623047,3392600.0
2014-02-13,89.58000183105469,93.18000030517578,89.0,91.97000122070312,2661400.0
2014-02-14,92.19999694824219,92.79000091552734,89.66999816894531,89.77999877929688,2193200.0
2014-02-18,89.62999725341797,92.25,89.61000061035156,91.73999786376953,2511200.0
2014-02-19,91.33000183105469,94.25,89.5,90.0,3135200.0
2014-02-20,91.01000213623047,92.9000015258789,90.12999725341797,91.37000274658203,2702500.0
2014-02-21,92.31999969482422,93.05000305175781,91.0,91.81999969482422,2784300.0
2014-02-24,92.0,97.2300033569336,91.31999969482422,94.66999816894531,4089300.0
2014-02-25,94.8499984741211,96.31999969482422,93.70999908447266,94.69999694824219,2643000.0
2014-02-26,95.16999816894531,98.86000061035156,94.30000305175781,95.44999694824219,4187600.0
2014-02-27,95.63999938964844,99.25,95.4000015258789,97.38999938964844,3274700.0
2014-02-28,98.73999786376953,99.98999786376953,91.0,94.41999816894531,4856400.0
2014-03-03,91.81999969482422,95.5,91.6500015258789,94.97000122070312,2955200.0
2014-03-04,96.80000305175781,99.6500015258789,95.76000213623047,98.04000091552734,3243500.0
2014-03-05,98.22000122070312,101.75,97.25,97.7699966430664,3585100.0
2014-03-06,98.69999694824219,99.5,96.76000213623047,97.80000305175781,2296100.0
2014-03-07,99.80000305175781,101.23999786376953,95.83000183105469,97.25,3042500.0
2014-03-10,97.48999786376953,97.48999786376953,91.79000091552734,92.72000122070312,3508000.0
2014-03-11,93.94999694824219,94.0,89.55999755859375,90.0,3425700.0
2014-03-12,89.8499984741211,93.4800033569336,87.55000305175781,92.79000091552734,3066900.0
2014-03-13,94.01000213623047,94.55000305175781,85.08000183105469,87.37000274658203,5389300.0
2014-03-14,86.6500015258789,88.13999938964844,85.30000305175781,86.79000091552734,2957800.0
2014-03-17,88.2699966430664,89.87000274658203,86.5,89.01000213623047,2775200.0
2014-03-18,89.16000366210938,91.48999786376953,88.6500015258789,90.11000061035156,2300200.0
2014-03-19,90.19999694824219,91.38999938964844,86.69999694824219,87.81999969482422,2411600.0
2014-03-20,87.58999633789062,88.20999908447266,84.0199966430664,84.30999755859375,3207900.0
2014-03-21,86.69000244140625,86.83999633789062,82.63999938964844,83.43000030517578,3238900.0
2014-03-24,86.06999969482422,86.55000305175781,80.02999877929688,81.16999816894531,5451300.0
2014-03-25,81.12000274658203,81.9800033569336,76.63999938964844,78.95999908447266,5722600.0
2014-03-26,80.0199966430664,82.2699966430664,77.1500015258789,77.30000305175781,4463700.0
2014-03-27,78.80999755859375,80.0,74.25,78.18000030517578,5016700.0
2014-03-28,78.75,79.31999969482422,75.16999816894531,76.44000244140625,3296500.0
2014-03-31,77.38999938964844,79.58999633789062,76.31999969482422,76.93000030517578,3704500.0
2014-04-01,77.52999877929688,80.7300033569336,77.30000305175781,80.18000030517578,3803000.0
2014-04-02,81.37999725341797,81.4000015258789,74.83999633789062,75.62999725341797,5468500.0
2014-04-03,75.91000366210938,78.0,70.26000213623047,70.61000061035156,8115100.0
2014-04-04,71.04000091552734,71.62000274658203,64.75,65.76000213623047,12353100.0
2014-04-07,65.5199966430664,69.5,63.70000076293945,66.0,8681300.0
2014-04-08,67.2300033569336,69.63999938964844,65.5999984741211,67.25,7116200.0
2014-04-09,69.19999694824219,71.37000274658203,67.62999725341797,71.25,6356500.0
2014-04-10,70.87000274658203,71.25,63.40999984741211,63.470001220703125,7874300.0
2014-04-11,61.810001373291016,65.27999877929688,61.0,61.720001220703125,6575600.0
2014-04-14,63.0,64.63999938964844,60.720001220703125,61.939998626708984,4571400.0
2014-04-15,62.08000183105469,63.79999923706055,58.810001373291016,63.060001373291016,7158900.0
2014-04-16,65.81999969482422,66.95999908447266,63.20000076293945,65.80000305175781,5940700.0
2014-04-17,64.80999755859375,66.27999877929688,63.79999923706055,64.87000274658203,4200300.0
2014-04-21,65.12999725341797,67.41999816894531,64.79000091552734,67.05000305175781,4235900.0
2014-04-22,67.05999755859375,68.95999908447266,66.58000183105469,68.30999755859375,4091900.0
2014-04-23,68.33000183105469,68.5,64.30000305175781,64.5,4953500.0
2014-04-24,65.44999694824219,65.6500015258789,61.02000045776367,62.70000076293945,5891800.0
2014-04-25,61.06999969482422,62.75,57.40999984741211,57.630001068115234,6991500.0
2014-04-28,57.83000183105469,57.91999816894531,52.400001525878906,55.54999923706055,10971600.0
2014-04-29,55.20000076293945,59.720001220703125,55.0099983215332,58.91999816894531,7810600.0
2014-04-30,57.33000183105469,58.880001068115234,54.68000030517578,58.31999969482422,13784000.0
2014-05-01,63.25,66.69000244140625,61.70000076293945,64.0199966430664,22419300.0
2014-05-02,64.0,65.13999938964844,59.720001220703125,59.7599983215332,9532500.0
2014-05-05,58.400001525878906,60.650001525878906,57.099998474121094,60.189998626708984,8915800.0
2014-05-06,59.70000076293945,59.91999816894531,51.79999923706055,52.130001068115234,13888800.0
2014-05-07,52.45000076293945,53.439998626708984,49.11000061035156,52.7400016784668,10975000.0
2014-05-08,53.77000045776367,56.2400016784668,52.529998779296875,53.290000915527344,9051600.0
2014-05-09,53.41999816894531,55.119998931884766,52.5,54.220001220703125,6376000.0
2014-05-12,55.0,56.63999938964844,54.04999923706055,56.599998474121094,6586200.0
2014-05-13,56.31999969482422,57.619998931884766,55.470001220703125,55.529998779296875,6042800.0
2014-05-14,54.75,56.630001068115234,54.5,54.61000061035156,3963500.0
2014-05-15,54.470001220703125,55.310001373291016,52.54999923706055,55.20000076293945,5853700.0
2014-05-16,54.54999923706055,55.099998474121094,53.349998474121094,54.720001220703125,4086700.0
2014-05-19,53.959999084472656,57.5,53.900001525878906,57.310001373291016,5753600.0
2014-05-20,57.5,58.72999954223633,56.70000076293945,57.380001068115234,5966000.0
2014-05-21,57.40999984741211,57.97999954223633,56.45000076293945,57.720001220703125,4500800.0
2014-05-22,58.04999923706055,61.540000915527344,58.04999923706055,60.5,6854000.0
2014-05-23,59.790000915527344,61.630001068115234,59.65999984741211,61.540000915527344,3738500.0
2014-05-27,62.209999084472656,63.599998474121094,61.77000045776367,63.560001373291016,4157400.0
2014-05-28,63.5,63.689998626708984,62.04999923706055,63.41999816894531,3785600.0
2014-05-29,63.9900016784668,68.87000274658203,63.779998779296875,68.55999755859375,8615200.0
2014-05-30,67.94999694824219,68.0199966430664,64.91999816894531,66.1500015258789,8238100.0
2014-06-02,66.12999725341797,66.7300033569336,62.81999969482422,64.61000061035156,5864700.0
2014-06-03,64.0,65.08999633789062,63.33000183105469,64.66999816894531,3335400.0
2014-06-04,64.01000213623047,66.27999877929688,62.529998779296875,64.58000183105469,4409000.0
2014-06-05,65.0,66.19000244140625,63.70000076293945,65.0,4783800.0
2014-06-06,65.5199966430664,66.0,64.08000183105469,65.2300033569336,4388200.0
2014-06-09,64.9000015258789,67.1500015258789,64.58999633789062,65.48999786376953,4155500.0
2014-06-10,65.58000183105469,66.33000183105469,64.3499984741211,65.0,3402400.0
2014-06-11,64.58000183105469,66.55000305175781,64.25,65.7699966430664,4359500.0
2014-06-12,65.93000030517578,67.98999786376953,65.33000183105469,65.83999633789062,5671700.0
2014-06-13,73.0,75.68000030517578,71.83000183105469,74.91999816894531,18678600.0
2014-06-16,73.91000366210938,74.19999694824219,71.62999725341797,73.4800033569336,6740500.0
2014-06-17,73.16000366210938,74.88999938964844,73.0199966430664,74.63999938964844,3811900.0
2014-06-18,74.5,77.6500015258789,73.93000030517578,77.01000213623047,5596000.0
2014-06-19,77.16999816894531,77.69999694824219,75.30000305175781,76.0199966430664,2948500.0
2014-06-20,76.23999786376953,76.37999725341797,73.69000244140625,74.93000030517578,3699400.0
2014-06-23,75.08999633789062,78.19999694824219,74.8499984741211,77.63999938964844,4447100.0
2014-06-24,77.30999755859375,79.30000305175781,75.44000244140625,75.83000183105469,4495700.0
2014-06-25,75.44000244140625,78.12999725341797,75.01000213623047,78.0,3103900.0
2014-06-26,78.54000091552734,78.62000274658203,75.81999969482422,76.9000015258789,3279900.0
2014-06-27,76.54000091552734,78.19999694824219,76.0999984741211,77.27999877929688,6105900.0
2014-06-30,77.80999755859375,78.0999984741211,76.19999694824219,76.68000030517578,2587600.0
2014-07-01,77.3499984741211,78.25,76.25,77.62999725341797,2897100.0
2014-07-02,78.30999755859375,82.80999755859375,77.77999877929688,79.37000274658203,5118800.0
2014-07-03,79.9000015258789,80.51000213623047,77.08000183105469,78.88999938964844,2162900.0
2014-07-07,79.0,79.01000213623047,75.56999969482422,75.76000213623047,2306400.0
2014-07-08,75.83999633789062,75.9000015258789,68.20999908447266,70.70999908447266,6698000.0
2014-07-09,70.69000244140625,71.52999877929688,68.2300033569336,71.36000061035156,4718900.0
2014-07-10,68.61000061035156,71.4000015258789,67.54000091552734,70.91000366210938,4103900.0
2014-07-11,71.69000244140625,71.7300033569336,69.52999877929688,70.62000274658203,2247000.0
2014-07-14,71.16999816894531,72.58000183105469,69.62999725341797,71.11000061035156,3018800.0
2014-07-15,70.52999877929688,70.9800033569336,67.33000183105469,69.0199966430664,4126700.0
2014-07-16,69.11000061035156,70.05000305175781,67.75,68.06999969482422,3051900.0
2014-07-17,67.56999969482422,68.93000030517578,66.1500015258789,66.52999877929688,2878200.0
2014-07-18,67.20999908447266,69.0,67.1500015258789,68.3499984741211,3345600.0
2014-07-21,67.47000122070312,68.94000244140625,67.23999786376953,68.31999969482422,2030000.0
2014-07-22,68.69999694824219,70.30999755859375,68.12000274658203,68.56999969482422,2595700.0
2014-07-23,69.18000030517578,69.75,68.27999877929688,68.69999694824219,1566900.0
2014-07-24,70.12000274658203,71.3499984741211,68.05000305175781,69.7699966430664,3093400.0
2014-07-25,68.8499984741211,69.44000244140625,68.04000091552734,68.68000030517578,2468700.0
2014-07-28,69.93000030517578,70.30999755859375,68.25,69.33000183105469,3058500.0
2014-07-29,69.37999725341797,70.30000305175781,68.55000305175781,69.4800033569336,2775000.0
2014-07-30,71.3499984741211,76.48999786376953,70.86000061035156,75.5999984741211,14646700.0
2014-07-31,71.56999969482422,71.66000366210938,66.36000061035156,67.16000366210938,17569500.0
2014-08-01,67.87000274658203,68.69999694824219,64.69999694824219,66.30999755859375,6969700.0
2014-08-04,66.56999969482422,68.80000305175781,65.4000015258789,68.56999969482422,5696100.0
2014-08-05,68.1500015258789,69.0999984741211,67.1500015258789,68.2300033569336,4151800.0
2014-08-06,67.6500015258789,68.80999755859375,67.41000366210938,67.77999877929688,3280900.0
2014-08-07,68.06999969482422,69.9000015258789,68.01000213623047,68.62000274658203,3797200.0
2014-08-08,68.69999694824219,68.87000274658203,67.0,68.0,2216700.0
2014-08-11,69.02999877929688,70.27999877929688,68.47000122070312,70.16000366210938,2980000.0
2014-08-12,70.52999877929688,71.19999694824219,69.51000213623047,69.91999816894531,2261400.0
2014-08-13,70.31999969482422,75.87000274658203,70.16999816894531,74.45999908447266,6598400.0
2014-08-14,74.23999786376953,74.94999694824219,70.11000061035156,74.9000015258789,4570600.0
2014-08-15,74.94999694824219,77.5199966430664,74.38999938964844,76.52999877929688,5303800.0
2014-08-18,76.73999786376953,78.5999984741211,75.80000305175781,77.8499984741211,4615500.0
2014-08-19,77.56999969482422,79.30000305175781,77.5,79.1500015258789,2914200.0
2014-08-20,78.29000091552734,80.69999694824219,77.69999694824219,80.30000305175781,4909200.0
2014-08-21,80.0199966430664,81.25,79.69000244140625,80.31999969482422,2796500.0
2014-08-22,79.98999786376953,82.19999694824219,79.5,81.5999984741211,3015900.0
2014-08-25,82.06999969482422,83.36000061035156,81.77999877929688,82.5999984741211,3181500.0
2014-08-26,82.58999633789062,83.19000244140625,81.37999725341797,82.38999938964844,2795300.0
2014-08-27,83.05000305175781,83.18000030517578,81.69999694824219,82.86000061035156,2353300.0
2014-08-28,82.02999877929688,82.55999755859375,81.43000030517578,82.31999969482422,1909600.0
2014-08-29,82.62999725341797,83.19999694824219,81.83999633789062,82.41999816894531,1887800.0
2014-09-02,82.86000061035156,85.43000030517578,82.26000213623047,84.95999908447266,3065400.0
2014-09-03,85.3499984741211,86.87999725341797,83.05000305175781,83.29000091552734,3207200.0
2014-09-04,83.27999877929688,84.23999786376953,81.56999969482422,81.91000366210938,2280100.0
2014-09-05,81.88999938964844,83.5,80.68000030517578,83.27999877929688,2475500.0
2014-09-08,83.20999908447266,83.30999755859375,82.33999633789062,82.43000030517578,1618800.0
2014-09-09,82.72000122070312,82.8499984741211,80.62000274658203,80.87999725341797,1701500.0
2014-09-10,80.95999908447266,83.18000030517578,80.1500015258789,82.63999938964844,2197300.0
2014-09-11,82.22000122070312,83.0,81.0,81.94999694824219,1878300.0
2014-09-12,81.75,82.16999816894531,80.69000244140625,81.77999877929688,1562600.0
2014-09-15,81.62000274658203,81.69999694824219,75.5,76.62000274658203,3720000.0
2014-09-16,75.41999816894531,76.83999633789062,75.05000305175781,76.54000091552734,3952200.0
2014-09-17,77.08000183105469,77.44000244140625,75.8499984741211,76.04000091552734,1978400.0
2014-09-18,76.23999786376953,77.47000122070312,75.68000030517578,76.06999969482422,1756400.0
2014-09-19,76.55999755859375,76.94999694824219,74.69999694824219,75.88999938964844,2127700.0
2014-09-22,75.80000305175781,75.88999938964844,71.12999725341797,71.68000030517578,3163700.0
2014-09-23,71.20999908447266,72.45999908447266,69.47000122070312,71.7300033569336,2797500.0
2014-09-24,72.22000122070312,73.80999755859375,71.19999694824219,72.97000122070312,3478100.0
2014-09-25,72.9000015258789,73.37999725341797,70.41000366210938,70.41999816894531,2456000.0
2014-09-26,70.7699966430664,71.5199966430664,70.1500015258789,70.9000015258789,1841300.0
2014-09-29,69.75,71.9800033569336,69.16999816894531,69.54000091552734,3003800.0
2014-09-30,70.2300033569336,70.48999786376953,67.31999969482422,68.25,3420400.0
2014-10-01,68.20999908447266,68.37000274658203,66.08000183105469,67.11000061035156,2748500.0
2014-10-02,66.94000244140625,69.68000030517578,66.26000213623047,69.06999969482422,2957600.0
2014-10-03,70.05000305175781,71.31999969482422,69.41999816894531,69.44000244140625,2613300.0
2014-10-06,69.80999755859375,70.77999877929688,68.97000122070312,69.16000366210938,1944200.0
2014-10-07,68.83999633789062,70.12999725341797,68.2300033569336,68.31999969482422,2131900.0
2014-10-08,68.16000366210938,70.4000015258789,66.30000305175781,70.1500015258789,2747900.0
2014-10-09,70.0,72.41000366210938,69.01000213623047,69.62000274658203,4304900.0
2014-10-10,70.79000091552734,70.94000244140625,65.6500015258789,66.05999755859375,3961400.0
2014-10-13,66.45999908447266,66.8499984741211,61.900001525878906,62.119998931884766,4224100.0
2014-10-14,62.619998931884766,66.61000061035156,62.619998931884766,65.19000244140625,3928500.0
2014-10-15,63.41999816894531,67.13999938964844,62.5099983215332,66.70999908447266,4252600.0
2014-10-16,64.5999984741211,68.22000122070312,64.52999877929688,67.0,2953100.0
2014-10-17,68.37999725341797,68.54000091552734,66.41000366210938,67.08999633789062,2199500.0
2014-10-20,67.12999725341797,68.93000030517578,66.5199966430664,68.77999877929688,2473800.0
2014-10-21,69.87999725341797,71.55000305175781,69.5,71.27999877929688,3085900.0
2014-10-22,72.5,73.41000366210938,69.69999694824219,70.2300033569336,8743100.0
2014-10-23,61.4900016784668,62.2599983215332,56.41999816894531,57.16999816894531,27129400.0
2014-10-24,57.77000045776367,59.540000915527344,57.0,59.41999816894531,7388300.0
2014-10-27,59.45000076293945,59.880001068115234,57.040000915527344,57.209999084472656,4968600.0
2014-10-28,57.59000015258789,59.56999969482422,57.36000061035156,59.11000061035156,3417900.0
2014-10-29,58.970001220703125,59.439998626708984,56.0,56.68000030517578,4084000.0
2014-10-30,56.16999816894531,57.79999923706055,54.63999938964844,57.279998779296875,3272000.0
2014-10-31,58.75,60.0099983215332,57.63999938964844,60.0,4378500.0
2014-11-03,60.27000045776367,63.7599983215332,59.720001220703125,61.31999969482422,6988900.0
2014-11-04,60.849998474121094,62.04999923706055,60.04999923706055,60.099998474121094,2515800.0
2014-11-05,60.790000915527344,60.97999954223633,57.5099983215332,57.650001525878906,3177800.0
2014-11-06,57.66999816894531,58.88999938964844,57.20000076293945,58.779998779296875,2123900.0
2014-11-07,58.790000915527344,59.2400016784668,57.83000183105469,58.40999984741211,1556900.0
2014-11-10,58.5099983215332,59.59000015258789,58.099998474121094,59.06999969482422,1215200.0
2014-11-11,59.0,62.380001068115234,58.81999969482422,62.310001373291016,3409200.0
2014-11-12,61.59000015258789,61.900001525878906,59.52000045776367,60.58000183105469,3528000.0
2014-11-13,60.77000045776367,61.5,57.18000030517578,58.099998474121094,4310900.0
2014-11-14,58.11000061035156,59.88999938964844,57.54999923706055,59.81999969482422,2454300.0
2014-11-17,58.939998626708984,60.0,57.720001220703125,58.0,2037400.0
2014-11-18,58.20000076293945,58.88999938964844,57.0099983215332,57.459999084472656,2451000.0
2014-11-19,57.290000915527344,57.68000030517578,55.5,55.77000045776367,3063800.0
2014-11-20,55.599998474121094,58.369998931884766,55.16999816894531,57.880001068115234,2619100.0
2014-11-21,58.599998474121094,58.849998474121094,58.0,58.09000015258789,1924200.0
2014-11-24,58.099998474121094,58.900001525878906,57.720001220703125,58.84000015258789,1449700.0
2014-11-25,58.790000915527344,59.349998474121094,58.119998931884766,58.81999969482422,1360000.0
2014-11-26,58.4900016784668,59.369998931884766,58.11000061035156,58.400001525878906,1212800.0
2014-11-28,58.25,58.349998474121094,56.880001068115234,57.09000015258789,1069100.0
2014-12-01,56.880001068115234,57.0,54.709999084472656,55.130001068115234,2218100.0
2014-12-02,55.45000076293945,55.619998931884766,54.119998931884766,55.16999816894531,1709600.0
2014-12-03,54.93000030517578,55.93000030517578,54.58000183105469,54.77000045776367,1610700.0
2014-12-04,54.939998626708984,56.2400016784668,54.61000061035156,55.13999938964844,1594400.0
2014-12-05,55.02000045776367,55.619998931884766,53.04999923706055,53.84000015258789,2678300.0
2014-12-08,53.279998779296875,53.93000030517578,51.02000045776367,51.52000045776367,2893100.0
2014-12-09,50.060001373291016,52.939998626708984,50.02000045776367,52.72999954223633,2668700.0
2014-12-10,52.72999954223633,53.400001525878906,51.650001525878906,51.959999084472656,2122900.0
2014-12-11,52.2400016784668,53.380001068115234,52.02000045776367,52.45000076293945,2009200.0
2014-12-12,51.66999816894531,53.34000015258789,51.529998779296875,52.70000076293945,2056400.0
2014-12-15,53.09000015258789,54.34000015258789,53.04999923706055,53.2599983215332,2213300.0
2014-12-16,52.529998779296875,53.09000015258789,49.849998474121094,50.040000915527344,2921200.0
2014-12-17,50.099998474121094,52.33000183105469,49.16999816894531,51.900001525878906,2188700.0
2014-12-18,52.95000076293945,52.95000076293945,51.970001220703125,52.4900016784668,2239500.0
2014-12-19,52.4900016784668,54.79999923706055,52.290000915527344,54.59000015258789,2935200.0
2014-12-22,54.29999923706055,55.63999938964844,52.959999084472656,53.0,2931700.0
2014-12-23,53.0,54.04999923706055,52.88999938964844,53.36000061035156,1236700.0
2014-12-24,53.400001525878906,53.95000076293945,52.97999954223633,53.0,588300.0
2014-12-26,53.0,53.459999084472656,52.65999984741211,52.939998626708984,763000.0
2014-12-29,52.77000045776367,53.86000061035156,52.52000045776367,53.0099983215332,1181500.0
2014-12-30,53.09000015258789,54.95000076293945,52.849998474121094,54.2400016784668,2336800.0
2014-12-31,54.709999084472656,55.56999969482422,54.15999984741211,54.72999954223633,1858000.0
2015-01-02,55.459999084472656,55.599998474121094,54.2400016784668,55.150001525878906,1664500.0
2015-01-05,54.540000915527344,54.95000076293945,52.33000183105469,52.529998779296875,2023000.0
2015-01-06,52.54999923706055,53.93000030517578,50.75,52.439998626708984,3762800.0
2015-01-07,53.31999969482422,53.75,51.7599983215332,52.209999084472656,1548200.0
2015-01-08,52.59000015258789,54.13999938964844,51.7599983215332,53.83000183105469,2015300.0
2015-01-09,55.959999084472656,56.9900016784668,54.720001220703125,56.06999969482422,6224200.0
2015-01-12,56.0,56.060001373291016,53.43000030517578,54.02000045776367,2407700.0
2015-01-13,54.470001220703125,54.79999923706055,52.52000045776367,53.18000030517578,1958400.0
2015-01-14,52.79999923706055,53.68000030517578,51.459999084472656,52.20000076293945,1854600.0
2015-01-15,53.0,53.61000061035156,50.029998779296875,50.119998931884766,2647800.0
2015-01-16,50.18000030517578,51.4900016784668,50.029998779296875,51.38999938964844,2183300.0
2015-01-20,51.650001525878906,51.779998779296875,50.689998626708984,51.40999984741211,1235000.0
2015-01-21,51.20000076293945,53.5,51.20000076293945,53.40999984741211,3248100.0
2015-01-22,53.869998931884766,55.279998779296875,53.119998931884766,54.79999923706055,2295400.0
2015-01-23,54.65999984741211,55.63999938964844,54.29999923706055,55.189998626708984,1636400.0
2015-01-26,55.119998931884766,55.790000915527344,54.83000183105469,55.40999984741211,1450300.0
2015-01-27,56.060001373291016,56.15999984741211,54.56999969482422,55.630001068115234,2410400.0
2015-01-28,56.150001525878906,56.150001525878906,52.91999816894531,53.0,2013100.0
2015-01-29,52.849998474121094,53.310001373291016,51.40999984741211,52.93000030517578,1844100.0
2015-01-30,52.59000015258789,53.41999816894531,52.04999923706055,52.470001220703125,1875400.0
2015-02-02,52.939998626708984,53.5,51.209999084472656,53.470001220703125,2105500.0
2015-02-03,53.83000183105469,55.93000030517578,53.40999984741211,55.779998779296875,2885400.0
2015-02-04,55.529998779296875,57.06999969482422,55.25,56.7400016784668,2498600.0
2015-02-05,57.599998474121094,57.70000076293945,56.08000183105469,57.470001220703125,4657300.0
2015-02-06,47.70000076293945,48.16999816894531,44.86000061035156,45.11000061035156,25180900.0
2015-02-09,44.90999984741211,45.040000915527344,42.099998474121094,42.16999816894531,13079300.0
2015-02-10,43.83000183105469,45.54999923706055,43.310001373291016,44.65999984741211,11267700.0
2015-02-11,45.38999938964844,46.43000030517578,44.810001373291016,46.18000030517578,6359400.0
2015-02-12,46.45000076293945,47.84000015258789,45.95000076293945,47.630001068115234,4375000.0
2015-02-13,48.5099983215332,49.04999923706055,47.220001220703125,47.529998779296875,4713100.0
2015-02-17,47.439998626708984,48.619998931884766,47.029998779296875,48.189998626708984,2390100.0
2015-02-18,47.939998626708984,48.689998626708984,47.20000076293945,47.540000915527344,2541300.0
2015-02-19,47.15999984741211,47.790000915527344,46.869998931884766,47.34000015258789,1642200.0
2015-02-20,47.400001525878906,47.91999816894531,47.099998474121094,47.790000915527344,1688500.0
2015-02-23,47.54999923706055,47.7400016784668,46.529998779296875,47.349998474121094,2086000.0
2015-02-24,46.97999954223633,47.72999954223633,46.619998931884766,47.290000915527344,1506500.0
2015-02-25,46.939998626708984,47.45000076293945,46.5,47.150001525878906,1924600.0
2015-02-26,48.630001068115234,48.810001373291016,47.560001373291016,47.75,3059400.0
2015-02-27,48.31999969482422,48.439998626708984,47.04999923706055,48.0,2118400.0
2015-03-02,48.02000045776367,48.459999084472656,47.189998626708984,47.86000061035156,1933700.0
2015-03-03,47.75,48.97999954223633,47.33000183105469,48.58000183105469,2352100.0
2015-03-04,48.68000030517578,48.869998931884766,47.310001373291016,47.790000915527344,2218800.0
2015-03-05,47.689998626708984,48.70000076293945,47.40999984741211,47.939998626708984,1696900.0
2015-03-06,47.75,48.58000183105469,46.91999816894531,47.04999923706055,1994800.0
2015-03-09,46.959999084472656,46.959999084472656,45.34000015258789,45.81999969482422,2554800.0
2015-03-10,45.040000915527344,45.900001525878906,44.25,45.22999954223633,2379500.0
2015-03-11,45.08000183105469,46.72999954223633,44.72999954223633,45.72999954223633,2227300.0
2015-03-12,45.900001525878906,46.81999969482422,45.540000915527344,46.79999923706055,1657400.0
2015-03-13,46.7599983215332,47.5,46.130001068115234,46.45000076293945,2259400.0
2015-03-16,46.349998474121094,46.75,45.599998474121094,46.709999084472656,1607800.0
2015-03-17,46.599998474121094,47.59000015258789,46.310001373291016,47.220001220703125,1723000.0
2015-03-18,47.040000915527344,47.56999969482422,46.599998474121094,46.81999969482422,2514800.0
2015-03-19,46.66999816894531,47.2400016784668,44.34000015258789,45.18000030517578,9280900.0
2015-03-20,45.31999969482422,46.400001525878906,44.86000061035156,44.939998626708984,4240400.0
2015-03-23,44.86000061035156,47.150001525878906,44.7400016784668,47.029998779296875,3681700.0
2015-03-24,46.970001220703125,47.36000061035156,46.529998779296875,47.040000915527344,2266600.0
2015-03-25,47.040000915527344,47.2400016784668,45.72999954223633,45.7599983215332,2524700.0
2015-03-26,45.650001525878906,46.599998474121094,45.310001373291016,45.709999084472656,1692000.0
2015-03-27,45.81999969482422,47.349998474121094,45.7599983215332,47.15999984741211,1889500.0
2015-03-30,47.099998474121094,48.2400016784668,46.709999084472656,47.38999938964844,3333800.0
2015-03-31,47.029998779296875,47.91999816894531,46.790000915527344,47.349998474121094,1922500.0
2015-04-01,47.25,47.369998931884766,45.09000015258789,45.5,3670000.0
2015-04-02,45.400001525878906,47.5,45.31999969482422,47.13999938964844,2594600.0
2015-04-06,46.25,47.81999969482422,46.08000183105469,47.310001373291016,1560500.0
2015-04-07,47.279998779296875,48.16999816894531,46.959999084472656,46.9900016784668,1434800.0
2015-04-08,46.81999969482422,47.779998779296875,46.369998931884766,47.43000030517578,1856500.0
2015-04-09,47.400001525878906,48.099998474121094,46.779998779296875,47.0,1184400.0
2015-04-10,47.04999923706055,47.720001220703125,46.54999923706055,47.650001525878906,1407400.0
2015-04-13,47.720001220703125,48.34000015258789,47.27000045776367,47.400001525878906,1485900.0
2015-04-14,47.36000061035156,47.95000076293945,46.709999084472656,47.599998474121094,1692500.0
2015-04-15,47.619998931884766,50.20000076293945,47.58000183105469,49.56999969482422,5395300.0
2015-04-16,49.33000183105469,50.0,48.529998779296875,49.369998931884766,2694500.0
2015-04-17,48.90999984741211,49.0099983215332,47.939998626708984,48.29999923706055,2068500.0
2015-04-20,48.45000076293945,48.4900016784668,47.83000183105469,48.25,1112200.0
2015-04-21,48.41999816894531,49.75,48.150001525878906,49.310001373291016,1686900.0
2015-04-22,49.959999084472656,51.150001525878906,49.790000915527344,50.45000076293945,2499300.0
2015-04-23,50.5099983215332,50.75,49.70000076293945,50.31999969482422,1457100.0
2015-04-24,50.83000183105469,51.220001220703125,50.27000045776367,50.61000061035156,1433500.0
2015-04-27,50.97999954223633,52.5099983215332,50.880001068115234,51.02000045776367,2388300.0
2015-04-28,51.29999923706055,52.25,51.060001373291016,51.220001220703125,2433700.0
2015-04-29,51.0,51.72999954223633,50.380001068115234,51.279998779296875,6480400.0
2015-04-30,41.25,42.290000915527344,38.75,39.38999938964844,25307400.0
2015-05-01,39.310001373291016,39.88999938964844,38.540000915527344,39.7599983215332,5876800.0
2015-05-04,39.689998626708984,39.709999084472656,38.68000030517578,39.61000061035156,5171100.0
2015-05-05,39.540000915527344,39.9900016784668,38.689998626708984,38.880001068115234,2500500.0
2015-05-06,38.79999923706055,39.09000015258789,37.90999984741211,38.220001220703125,2689200.0
2015-05-07,38.220001220703125,48.72999954223633,38.220001220703125,47.0099983215332,33831600.0
2015-05-08,47.25,50.9900016784668,47.20000076293945,49.93000030517578,24155600.0
2015-05-11,49.36000061035156,50.290000915527344,47.880001068115234,48.619998931884766,10430300.0
2015-05-12,48.220001220703125,49.86000061035156,48.150001525878906,48.83000183105469,7587400.0
2015-05-13,48.83000183105469,49.349998474121094,47.25,47.84000015258789,5577100.0
2015-05-14,47.849998474121094,48.470001220703125,47.2599983215332,47.349998474121094,3539400.0
2015-05-15,47.36000061035156,47.56999969482422,46.68000030517578,46.88999938964844,3567700.0
2015-05-18,45.70000076293945,46.619998931884766,45.5,46.560001373291016,2893600.0
2015-05-19,46.52000045776367,48.560001373291016,46.0,46.459999084472656,4677600.0
2015-05-20,46.54999923706055,46.93000030517578,45.75,46.43000030517578,1605000.0
2015-05-21,46.099998474121094,46.880001068115234,45.849998474121094,46.13999938964844,1929800.0
2015-05-22,46.0,46.83000183105469,46.0,46.47999954223633,1373800.0
2015-05-26,46.130001068115234,46.810001373291016,45.36000061035156,45.54999923706055,2142300.0
2015-05-27,45.849998474121094,46.68000030517578,44.83000183105469,45.52000045776367,2544100.0
2015-05-28,45.099998474121094,47.91999816894531,44.849998474121094,47.75,4838900.0
2015-05-29,47.15999984741211,48.689998626708984,46.75,47.90999984741211,3602000.0
2015-06-01,47.709999084472656,48.27000045776367,46.869998931884766,47.40999984741211,2296200.0
2015-06-02,47.45000076293945,48.900001525878906,47.310001373291016,48.58000183105469,2060700.0
2015-06-03,48.65999984741211,48.79999923706055,47.279998779296875,47.560001373291016,2200200.0
2015-06-04,47.33000183105469,47.86000061035156,46.790000915527344,47.150001525878906,3160400.0
2015-06-05,47.529998779296875,48.5,47.099998474121094,48.220001220703125,2715200.0
2015-06-08,47.900001525878906,48.040000915527344,45.619998931884766,45.66999816894531,3709500.0
2015-06-09,45.970001220703125,46.27000045776367,45.22999954223633,45.439998626708984,2635900.0
2015-06-10,45.810001373291016,45.810001373291016,44.400001525878906,44.459999084472656,3719400.0
2015-06-11,44.61000061035156,44.86000061035156,43.40999984741211,43.540000915527344,5014700.0
2015-06-12,43.380001068115234,44.29999923706055,43.25,44.040000915527344,3401900.0
2015-06-15,43.4900016784668,44.38999938964844,43.4900016784668,44.0,2341400.0
2015-06-16,43.939998626708984,46.220001220703125,43.83000183105469,44.70000076293945,5072500.0
2015-06-17,44.939998626708984,45.189998626708984,44.18000030517578,44.599998474121094,1711700.0
2015-06-18,44.5099983215332,45.83000183105469,44.36000061035156,45.439998626708984,2045600.0
2015-06-19,45.060001373291016,45.459999084472656,44.75,45.119998931884766,2302200.0
2015-06-22,45.349998474121094,46.02000045776367,44.83000183105469,45.279998779296875,2115400.0
2015-06-23,45.5099983215332,46.400001525878906,45.08000183105469,46.02000045776367,1833600.0
2015-06-24,46.0,46.25,45.189998626708984,45.25,1427000.0
2015-06-25,45.540000915527344,45.849998474121094,44.84000015258789,44.880001068115234,1368800.0
2015-06-26,44.959999084472656,45.2400016784668,44.209999084472656,44.5099983215332,2859400.0
2015-06-29,43.66999816894531,44.31999969482422,42.31999969482422,42.470001220703125,2402100.0
2015-06-30,42.970001220703125,43.349998474121094,42.540000915527344,43.029998779296875,1834600.0
2015-07-01,43.36000061035156,43.4900016784668,42.04999923706055,42.439998626708984,1696000.0
2015-07-02,42.369998931884766,42.369998931884766,36.099998474121094,38.18000030517578,13264600.0
2015-07-06,37.709999084472656,38.34000015258789,36.650001525878906,37.4900016784668,6536900.0
2015-07-07,37.310001373291016,37.36000061035156,35.099998474121094,36.29999923706055,6272400.0
2015-07-08,35.63999938964844,36.25,35.13999938964844,35.400001525878906,2428400.0
2015-07-09,35.91999816894531,36.060001373291016,34.630001068115234,34.75,2778900.0
2015-07-10,35.099998474121094,35.43000030517578,34.650001525878906,34.72999954223633,2223300.0
2015-07-13,34.84000015258789,35.70000076293945,34.650001525878906,35.43000030517578,4069800.0
2015-07-14,35.43000030517578,36.040000915527344,34.72999954223633,35.9900016784668,2972400.0
2015-07-15,35.79999923706055,36.08000183105469,34.849998474121094,35.0,2763000.0
2015-07-16,35.25,35.54999923706055,34.54999923706055,35.11000061035156,2186800.0
2015-07-17,35.459999084472656,35.900001525878906,34.66999816894531,34.959999084472656,3014200.0
2015-07-20,33.939998626708984,35.349998474121094,33.349998474121094,34.54999923706055,4215400.0
2015-07-21,34.54999923706055,35.650001525878906,34.5,35.56999969482422,2824500.0
2015-07-22,34.95000076293945,35.290000915527344,33.88999938964844,34.439998626708984,2852400.0
2015-07-23,34.439998626708984,35.45000076293945,34.34000015258789,35.040000915527344,2188300.0
2015-07-24,35.290000915527344,35.29999923706055,34.0,34.560001373291016,2094600.0
2015-07-27,33.97999954223633,34.31999969482422,33.529998779296875,33.72999954223633,3470300.0
2015-07-28,33.060001373291016,33.79999923706055,32.36000061035156,33.5099983215332,8529200.0
2015-07-29,24.940000534057617,25.5,23.65999984741211,25.059999465942383,34598900.0
2015-07-30,24.90999984741211,26.440000534057617,24.809999465942383,26.030000686645508,7878800.0
2015-07-31,25.690000534057617,27.479999542236328,25.690000534057617,26.399999618530273,7889400.0
2015-08-03,26.600000381469727,27.700000762939453,25.559999465942383,25.920000076293945,6636900.0
2015-08-04,25.8799991607666,26.31999969482422,25.399999618530273,26.18000030517578,3176900.0
2015-08-05,26.290000915527344,27.06999969482422,26.049999237060547,26.1299991607666,2830200.0
2015-08-06,26.020000457763672,26.229999542236328,25.040000915527344,25.3799991607666,2389000.0
2015-08-07,25.280000686645508,25.75,24.989999771118164,25.350000381469727,2167200.0
2015-08-10,25.600000381469727,26.459999084472656,25.530000686645508,26.0,2139100.0
2015-08-11,25.649999618530273,25.969999313354492,24.90999984741211,25.350000381469727,2356000.0
2015-08-12,24.93000030517578,25.6299991607666,24.56999969482422,25.469999313354492,2341800.0
2015-08-13,25.520000457763672,25.75,24.510000228881836,24.540000915527344,2263600.0
2015-08-14,25.260000228881836,26.139999389648438,24.90999984741211,25.770000457763672,4245900.0
2015-08-17,25.729999542236328,27.040000915527344,25.5,26.639999389648438,4077300.0
2015-08-18,26.610000610351562,26.65999984741211,25.010000228881836,25.40999984741211,4037700.0
2015-08-19,25.1299991607666,25.68000030517578,24.709999084472656,25.25,2257700.0
2015-08-20,24.719999313354492,25.040000915527344,24.0,24.010000228881836,2930700.0
2015-08-21,23.709999084472656,23.719999313354492,22.670000076293945,23.09000015258789,5473700.0
2015-08-24,21.65999984741211,24.229999542236328,20.5,22.979999542236328,4882000.0
2015-08-25,23.8700008392334,24.149999618530273,22.719999313354492,22.75,2860500.0
2015-08-26,23.34000015258789,23.510000228881836,22.510000228881836,23.3799991607666,3354500.0
2015-08-27,24.040000915527344,24.530000686645508,23.15999984741211,23.979999542236328,4050900.0
2015-08-28,23.639999389648438,24.329999923706055,23.639999389648438,23.959999084472656,2625100.0
2015-08-31,23.90999984741211,24.579999923706055,23.700000762939453,24.280000686645508,2258500.0
2015-09-01,23.59000015258789,24.389999389648438,23.15999984741211,23.399999618530273,3158300.0
2015-09-02,23.700000762939453,24.290000915527344,23.239999771118164,24.280000686645508,2358900.0
2015-09-03,24.299999237060547,24.479999542236328,23.8799991607666,24.170000076293945,1614900.0
2015-09-04,23.700000762939453,24.65999984741211,23.600000381469727,24.209999084472656,1894400.0
2015-09-08,24.610000610351562,24.610000610351562,23.940000534057617,23.979999542236328,3224400.0
2015-09-09,24.079999923706055,25.329999923706055,24.06999969482422,24.68000030517578,2669400.0
2015-09-10,24.729999542236328,25.5,24.600000381469727,25.1200008392334,1786900.0
2015-09-11,25.0,25.3700008392334,24.6299991607666,24.709999084472656,1702900.0
2015-09-14,24.770000457763672,24.940000534057617,24.170000076293945,24.469999313354492,1678700.0
2015-09-15,24.40999984741211,25.200000762939453,24.299999237060547,24.940000534057617,1316500.0
2015-09-16,24.809999465942383,25.93000030517578,24.729999542236328,25.290000915527344,3299800.0
2015-09-17,25.1200008392334,25.68000030517578,24.899999618530273,25.1299991607666,2011400.0
2015-09-18,24.739999771118164,25.440000534057617,24.549999237060547,24.75,2576500.0
2015-09-21,24.860000610351562,24.959999084472656,24.100000381469727,24.229999542236328,2279600.0
2015-09-22,23.920000076293945,24.489999771118164,23.209999084472656,23.350000381469727,2394800.0
2015-09-23,23.5,23.5,22.93000030517578,23.100000381469727,1655100.0
2015-09-24,22.469999313354492,22.670000076293945,22.0,22.579999923706055,2778600.0
2015-09-25,22.68000030517578,22.989999771118164,21.959999084472656,22.170000076293945,1701300.0
2015-09-28,22.149999618530273,22.31999969482422,21.3700008392334,21.3799991607666,1974700.0
2015-09-29,21.670000076293945,21.969999313354492,21.0,21.139999389648438,2474400.0
2015-09-30,21.489999771118164,22.110000610351562,21.219999313354492,21.65999984741211,1965700.0
2015-10-01,21.649999618530273,21.8700008392334,20.75,20.8700008392334,2769100.0
2015-10-02,20.75,22.479999542236328,20.600000381469727,22.3799991607666,2248900.0
2015-10-05,22.3799991607666,22.709999084472656,22.059999465942383,22.68000030517578,1809300.0
2015-10-06,22.719999313354492,23.190000534057617,22.510000228881836,22.68000030517578,1704300.0
2015-10-07,22.8799991607666,23.530000686645508,22.459999084472656,23.5,1527900.0
2015-10-08,23.459999084472656,23.8700008392334,22.8799991607666,23.610000610351562,1299600.0
2015-10-09,23.610000610351562,25.020000457763672,23.350000381469727,24.8799991607666,3320600.0
2015-10-12,24.690000534057617,24.81999969482422,22.219999313354492,22.739999771118164,4755000.0
2015-10-13,22.809999465942383,23.299999237060547,22.469999313354492,22.489999771118164,1696300.0
2015-10-14,22.479999542236328,22.8799991607666,21.8700008392334,21.979999542236328,2223100.0
2015-10-15,22.200000762939453,22.84000015258789,22.059999465942383,22.610000610351562,2083700.0
2015-10-16,22.709999084472656,22.799999237060547,22.040000915527344,22.649999618530273,1720600.0
2015-10-19,22.510000228881836,22.84000015258789,22.309999465942383,22.600000381469727,1402900.0
2015-10-20,22.579999923706055,23.1200008392334,22.1299991607666,22.520000457763672,1696800.0
2015-10-21,22.520000457763672,22.75,22.190000534057617,22.389999389648438,1340800.0
2015-10-22,22.510000228881836,23.0,22.06999969482422,22.520000457763672,2341200.0
2015-10-23,22.799999237060547,22.889999389648438,22.110000610351562,22.559999465942383,3188700.0
2015-10-26,22.600000381469727,24.799999237060547,22.31999969482422,24.43000030517578,6890700.0
2015-10-27,24.299999237060547,24.299999237060547,22.010000228881836,22.899999618530273,6616200.0
2015-10-28,21.639999389648438,22.809999465942383,21.43000030517578,22.06999969482422,9403700.0
2015-10-29,23.260000228881836,24.200000762939453,22.40999984741211,22.950000762939453,9740500.0
2015-10-30,23.110000610351562,23.149999618530273,22.0,22.25,5010000.0
2015-11-02,22.260000228881836,23.850000381469727,22.209999084472656,23.799999237060547,6459600.0
2015-11-03,23.670000076293945,24.450000762939453,23.600000381469727,24.1200008392334,2482100.0
2015-11-04,24.030000686645508,24.600000381469727,23.8799991607666,24.420000076293945,1704600.0
2015-11-05,24.5,25.559999465942383,24.31999969482422,25.049999237060547,2794300.0
2015-11-06,25.049999237060547,25.530000686645508,24.5,25.5,2095400.0
2015-11-09,25.34000015258789,25.649999618530273,24.6299991607666,24.959999084472656,1567200.0
2015-11-10,24.850000381469727,25.360000610351562,24.59000015258789,25.15999984741211,1267900.0
2015-11-11,25.100000381469727,25.309999465942383,24.540000915527344,24.979999542236328,1364400.0
2015-11-12,25.18000030517578,27.219999313354492,24.899999618530273,25.899999618530273,5213300.0
2015-11-13,26.719999313354492,27.489999771118164,26.1200008392334,27.100000381469727,4976000.0
2015-11-16,27.0,27.59000015258789,26.469999313354492,27.440000534057617,3066700.0
2015-11-17,27.34000015258789,27.610000610351562,26.860000610351562,27.540000915527344,2018000.0
2015-11-18,27.540000915527344,28.829999923706055,27.309999465942383,28.229999542236328,3091600.0
2015-11-19,28.190000534057617,28.690000534057617,27.90999984741211,28.059999465942383,1487500.0
2015-11-20,28.100000381469727,31.25,28.049999237060547,31.209999084472656,6697500.0
2015-11-23,30.579999923706055,30.809999465942383,29.149999618530273,29.860000610351562,4029900.0
2015-11-24,29.459999084472656,30.6299991607666,29.450000762939453,30.010000228881836,2584500.0
2015-11-25,29.790000915527344,30.540000915527344,29.709999084472656,30.510000228881836,1287100.0
2015-11-27,30.5,30.600000381469727,29.610000610351562,30.18000030517578,1058900.0
2015-11-30,30.110000610351562,30.719999313354492,29.770000457763672,30.1299991607666,2015600.0
2015-12-01,30.110000610351562,30.459999084472656,29.799999237060547,30.309999465942383,1886000.0
2015-12-02,30.299999237060547,32.470001220703125,30.290000915527344,31.389999389648438,4650300.0
2015-12-03,31.389999389648438,32.2400016784668,30.479999542236328,30.6299991607666,2698900.0
2015-12-04,30.530000686645508,30.860000610351562,29.31999969482422,30.450000762939453,2313800.0
2015-12-07,30.3799991607666,30.639999389648438,29.6299991607666,30.040000915527344,1362300.0
2015-12-08,29.809999465942383,31.3799991607666,29.5,30.920000076293945,1830200.0
2015-12-09,30.979999542236328,31.139999389648438,29.260000228881836,30.0,2238500.0
2015-12-10,30.110000610351562,31.299999237060547,29.989999771118164,30.829999923706055,1252900.0
2015-12-11,30.690000534057617,30.75,29.600000381469727,29.649999618530273,1415000.0
2015-12-14,29.600000381469727,29.889999389648438,28.850000381469727,29.579999923706055,2328600.0
2015-12-15,29.68000030517578,30.0,26.459999084472656,26.8700008392334,5759200.0
2015-12-16,26.889999389648438,28.239999771118164,26.260000228881836,28.030000686645508,2992100.0
2015-12-17,28.139999389648438,28.31999969482422,27.190000534057617,27.420000076293945,1483900.0
2015-12-18,27.309999465942383,27.90999984741211,26.899999618530273,27.170000076293945,1299800.0
2015-12-21,27.170000076293945,27.360000610351562,26.030000686645508,26.25,1947600.0
2015-12-22,26.25,28.700000762939453,26.149999618530273,27.93000030517578,2952700.0
2015-12-23,27.950000762939453,28.420000076293945,27.440000534057617,28.149999618530273,1001000.0
2015-12-24,28.270000457763672,28.59000015258789,27.899999618530273,28.399999618530273,587400.0
2015-12-28,28.1200008392334,28.3799991607666,27.770000457763672,27.8799991607666,1004500.0
2015-12-29,27.950000762939453,28.540000915527344,27.739999771118164,28.479999542236328,1103900.0
2015-12-30,28.579999923706055,28.780000686645508,28.170000076293945,28.25,1068000.0
2015-12-31,28.100000381469727,28.969999313354492,28.020000457763672,28.799999237060547,1301500.0
2016-01-04,28.399999618530273,28.549999237060547,27.049999237060547,27.600000381469727,1969000.0
2016-01-05,27.700000762939453,27.84000015258789,26.579999923706055,26.6200008392334,1683600.0
2016-01-06,26.25,26.65999984741211,25.34000015258789,25.90999984741211,2194200.0
2016-01-07,25.280000686645508,26.299999237060547,25.06999969482422,25.270000457763672,1378300.0
2016-01-08,25.540000915527344,25.899999618530273,24.5,25.049999237060547,2143800.0
2016-01-11,25.030000686645508,25.100000381469727,23.770000457763672,24.309999465942383,1962200.0
2016-01-12,24.3700008392334,25.299999237060547,22.90999984741211,23.639999389648438,2061000.0
2016-01-13,23.959999084472656,24.030000686645508,21.540000915527344,22.06999969482422,3142400.0
2016-01-14,20.799999237060547,22.059999465942383,18.940000534057617,21.59000015258789,6821800.0
2016-01-15,20.719999313354492,21.549999237060547,20.290000915527344,21.309999465942383,2896300.0
2016-01-19,21.639999389648438,21.989999771118164,20.360000610351562,20.790000915527344,2499800.0
2016-01-20,20.270000457763672,21.6299991607666,19.549999237060547,21.139999389648438,3742400.0
2016-01-21,21.190000534057617,21.969999313354492,20.459999084472656,20.979999542236328,2505600.0
2016-01-22,21.190000534057617,21.920000076293945,20.920000076293945,21.729999542236328,2000700.0
2016-01-25,21.56999969482422,21.93000030517578,21.25,21.65999984741211,2185500.0
2016-01-26,21.59000015258789,22.8700008392334,21.0,21.8799991607666,2859000.0
2016-01-27,21.899999618530273,22.56999969482422,21.329999923706055,21.59000015258789,1891400.0
2016-01-28,21.559999465942383,22.200000762939453,20.31999969482422,20.790000915527344,2332700.0
2016-01-29,20.799999237060547,21.780000686645508,20.760000228881836,20.950000762939453,2823900.0
2016-02-01,21.049999237060547,21.270000457763672,20.1200008392334,21.059999465942383,2532800.0
2016-02-02,20.8799991607666,20.940000534057617,19.559999465942383,20.040000915527344,2520300.0
2016-02-03,20.110000610351562,20.440000534057617,18.760000228881836,19.530000686645508,2619400.0
2016-02-04,19.559999465942383,20.350000381469727,19.329999923706055,19.770000457763672,2623800.0
2016-02-05,19.43000030517578,19.450000762939453,17.93000030517578,18.100000381469727,4857600.0
2016-02-08,17.5,18.84000015258789,15.5,16.059999465942383,14553900.0
2016-02-09,15.680000305175781,16.729999542236328,15.130000114440918,15.6899995803833,5705400.0
2016-02-10,15.850000381469727,16.239999771118164,15.319999694824219,15.359999656677246,3970300.0
2016-02-11,15.109999656677246,15.520000457763672,14.529999732971191,15.229999542236328,4555200.0
2016-02-12,15.479999542236328,15.859999656677246,15.270000457763672,15.5600004196167,3082400.0
2016-02-16,16.010000228881836,16.760000228881836,15.84000015258789,16.719999313354492,3327800.0
2016-02-17,17.15999984741211,17.809999465942383,17.09000015258789,17.68000030517578,5815800.0
2016-02-18,17.799999237060547,17.940000534057617,17.3700008392334,17.639999389648438,2656300.0
2016-02-19,17.75,18.709999084472656,17.6200008392334,18.34000015258789,4648600.0
2016-02-22,18.469999313354492,19.110000610351562,18.010000228881836,19.06999969482422,2117600.0
2016-02-23,18.299999237060547,19.100000381469727,18.299999237060547,18.90999984741211,2298800.0
2016-02-24,18.459999084472656,18.899999618530273,17.729999542236328,18.75,2137600.0
2016-02-25,18.719999313354492,19.3700008392334,18.239999771118164,19.0,1944100.0
2016-02-26,19.1200008392334,19.93000030517578,19.020000457763672,19.860000610351562,2852100.0
2016-02-29,19.780000686645508,21.049999237060547,19.40999984741211,20.239999771118164,3668700.0
2016-03-01,20.399999618530273,20.8700008392334,20.290000915527344,20.760000228881836,2048500.0
2016-03-02,20.719999313354492,21.450000762939453,20.5,21.200000762939453,1819000.0
2016-03-03,21.190000534057617,21.889999389648438,20.790000915527344,21.75,3094900.0
2016-03-04,21.75,22.469999313354492,21.350000381469727,21.6200008392334,3694500.0
2016-03-07,21.600000381469727,22.3700008392334,21.190000534057617,22.149999618530273,2758000.0
2016-03-08,21.940000534057617,22.190000534057617,21.0,21.100000381469727,2477400.0
2016-03-09,20.06999969482422,20.690000534057617,19.260000228881836,20.469999313354492,4860000.0
2016-03-10,20.5,20.510000228881836,19.350000381469727,19.790000915527344,2122500.0
2016-03-11,20.200000762939453,20.799999237060547,19.969999313354492,20.6299991607666,1866600.0
2016-03-14,20.56999969482422,21.190000534057617,20.5,20.889999389648438,1539500.0
2016-03-15,20.799999237060547,20.84000015258789,19.729999542236328,19.920000076293945,1500100.0
2016-03-16,19.84000015258789,20.479999542236328,19.530000686645508,20.459999084472656,1325200.0
2016-03-17,20.309999465942383,21.43000030517578,20.299999237060547,21.049999237060547,1667100.0
2016-03-18,21.1200008392334,21.5,20.700000762939453,20.760000228881836,1381100.0
2016-03-21,20.790000915527344,21.040000915527344,20.149999618530273,20.5,1406400.0
2016-03-22,20.40999984741211,20.6299991607666,20.280000686645508,20.309999465942383,830300.0
2016-03-23,20.299999237060547,20.360000610351562,19.149999618530273,19.299999237060547,1582800.0
2016-03-24,19.09000015258789,19.6299991607666,18.649999618530273,19.540000915527344,1099300.0
2016-03-28,19.649999618530273,19.790000915527344,18.75,18.969999313354492,1781900.0
2016-03-29,18.979999542236328,19.850000381469727,18.709999084472656,19.6299991607666,1256100.0
2016-03-30,19.770000457763672,20.59000015258789,19.709999084472656,20.43000030517578,1981100.0
2016-03-31,20.40999984741211,20.559999465942383,19.709999084472656,19.8799991607666,1776800.0
2016-04-01,19.780000686645508,19.829999923706055,19.209999084472656,19.549999237060547,1570100.0
2016-04-04,19.450000762939453,20.34000015258789,19.280000686645508,19.610000610351562,1622900.0
2016-04-05,19.350000381469727,19.8799991607666,19.239999771118164,19.420000076293945,1085300.0
2016-04-06,19.489999771118164,20.15999984741211,19.489999771118164,20.059999465942383,1088500.0
2016-04-07,19.790000915527344,20.110000610351562,19.34000015258789,19.59000015258789,1125500.0
2016-04-08,19.81999969482422,20.219999313354492,19.219999313354492,19.479999542236328,1500000.0
2016-04-11,19.520000457763672,19.979999542236328,19.469999313354492,19.489999771118164,751600.0
2016-04-12,19.579999923706055,19.829999923706055,19.270000457763672,19.68000030517578,700400.0
2016-04-13,19.899999618530273,21.0,19.799999237060547,20.530000686645508,1681200.0
2016-04-14,20.5,20.93000030517578,19.989999771118164,20.639999389648438,1306600.0
2016-04-15,20.610000610351562,21.299999237060547,20.139999389648438,21.020000457763672,2229700.0
2016-04-18,20.850000381469727,21.450000762939453,20.579999923706055,21.34000015258789,1328800.0
2016-04-19,21.299999237060547,21.299999237060547,20.190000534057617,20.780000686645508,1280100.0
2016-04-20,20.56999969482422,21.459999084472656,20.200000762939453,21.149999618530273,1447400.0
2016-04-21,21.18000030517578,21.889999389648438,21.149999618530273,21.489999771118164,1999500.0
2016-04-22,21.309999465942383,21.690000534057617,20.8799991607666,21.520000457763672,1155400.0
2016-04-25,21.170000076293945,21.540000915527344,20.969999313354492,21.139999389648438,1535800.0
2016-04-26,21.06999969482422,21.5,20.8700008392334,21.149999618530273,1320100.0
2016-04-27,21.0,21.09000015258789,20.25,21.079999923706055,1558600.0
2016-04-28,21.020000457763672,21.5,20.8700008392334,21.010000228881836,1527600.0
2016-04-29,20.950000762939453,21.190000534057617,20.40999984741211,21.0,1487600.0
2016-05-02,21.06999969482422,21.809999465942383,20.770000457763672,21.510000228881836,2044900.0
2016-05-03,22.540000915527344,22.670000076293945,21.549999237060547,22.149999618530273,5533600.0
2016-05-04,21.90999984741211,22.299999237060547,21.530000686645508,21.639999389648438,3307600.0
2016-05-05,21.719999313354492,22.100000381469727,21.260000228881836,21.420000076293945,4942000.0
2016-05-06,24.010000228881836,26.75,23.65999984741211,26.5,16462300.0
2016-05-09,26.520000457763672,27.440000534057617,25.420000076293945,25.84000015258789,6921800.0
2016-05-10,25.889999389648438,26.450000762939453,25.770000457763672,26.31999969482422,3851700.0
2016-05-11,26.170000076293945,26.18000030517578,25.280000686645508,25.309999465942383,3981800.0
2016-05-12,25.280000686645508,25.329999923706055,23.920000076293945,24.5,4662300.0
2016-05-13,24.65999984741211,25.600000381469727,24.610000610351562,25.31999969482422,2535900.0
2016-05-16,25.489999771118164,26.209999084472656,25.06999969482422,25.18000030517578,2755500.0
2016-05-17,25.239999771118164,25.5,25.059999465942383,25.209999084472656,1885400.0
2016-05-18,25.110000610351562,25.68000030517578,24.729999542236328,24.979999542236328,1695300.0
2016-05-19,24.940000534057617,25.09000015258789,24.389999389648438,24.700000762939453,2044000.0
2016-05-20,25.020000457763672,25.43000030517578,24.770000457763672,25.200000762939453,2186800.0
2016-05-23,24.709999084472656,25.520000457763672,24.709999084472656,24.899999618530273,2360200.0
2016-05-24,25.059999465942383,25.5,24.889999389648438,25.3799991607666,1675000.0
2016-05-25,25.360000610351562,25.860000610351562,24.809999465942383,25.700000762939453,2748600.0
2016-05-26,25.6299991607666,26.149999618530273,25.190000534057617,25.65999984741211,1530100.0
2016-05-27,25.59000015258789,25.989999771118164,25.510000228881836,25.860000610351562,857100.0
2016-05-31,25.8700008392334,26.440000534057617,25.760000228881836,26.190000534057617,1579200.0
2016-06-01,26.020000457763672,26.280000686645508,25.459999084472656,26.190000534057617,1353400.0
2016-06-02,25.920000076293945,26.68000030517578,25.899999618530273,26.520000457763672,1381500.0
2016-06-03,26.700000762939453,26.809999465942383,26.1200008392334,26.610000610351562,1633600.0
2016-06-06,26.65999984741211,27.489999771118164,26.540000915527344,27.18000030517578,2096300.0
2016-06-07,27.170000076293945,27.399999618530273,26.579999923706055,27.049999237060547,1343600.0
2016-06-08,27.110000610351562,27.799999237060547,27.100000381469727,27.709999084472656,1668200.0
2016-06-09,27.549999237060547,28.280000686645508,27.5,27.940000534057617,1928500.0
2016-06-10,27.399999618530273,27.450000762939453,26.600000381469727,26.829999923706055,1629600.0
2016-06-13,27.670000076293945,27.770000457763672,26.389999389648438,26.639999389648438,2384000.0
2016-06-14,26.68000030517578,27.280000686645508,25.93000030517578,26.530000686645508,1612300.0
2016-06-15,26.59000015258789,27.450000762939453,26.530000686645508,26.950000762939453,1499200.0
2016-06-16,26.799999237060547,27.079999923706055,26.190000534057617,26.770000457763672,1402500.0
2016-06-17,26.770000457763672,27.020000457763672,26.549999237060547,26.920000076293945,1314700.0
2016-06-20,28.170000076293945,29.049999237060547,28.020000457763672,28.440000534057617,3785100.0
2016-06-21,28.530000686645508,28.68000030517578,27.90999984741211,28.559999465942383,1430300.0
2016-06-22,28.479999542236328,28.690000534057617,28.079999923706055,28.299999237060547,1790800.0
2016-06-23,28.84000015258789,29.760000228881836,28.670000076293945,29.729999542236328,2008900.0
2016-06-24,28.31999969482422,29.25,28.149999618530273,28.229999542236328,2760100.0
2016-06-27,27.700000762939453,27.799999237060547,26.350000381469727,26.6299991607666,3019100.0
2016-06-28,27.15999984741211,28.079999923706055,27.15999984741211,27.8700008392334,2207300.0
2016-06-29,28.31999969482422,29.31999969482422,27.899999618530273,29.200000762939453,3267700.0
2016-06-30,29.690000534057617,30.540000915527344,29.229999542236328,30.360000610351562,5233300.0
2016-07-01,30.670000076293945,30.780000686645508,30.149999618530273,30.40999984741211,2346700.0
2016-07-05,30.329999923706055,30.489999771118164,29.3700008392334,29.479999542236328,2307700.0
2016-07-06,29.170000076293945,29.68000030517578,28.950000762939453,29.5,2365700.0
2016-07-07,29.760000228881836,30.09000015258789,29.489999771118164,30.040000915527344,1405700.0
2016-07-08,30.219999313354492,30.600000381469727,30.040000915527344,30.299999237060547,1780700.0
2016-07-11,30.549999237060547,30.700000762939453,29.579999923706055,29.81999969482422,2410200.0
2016-07-12,30.049999237060547,30.600000381469727,29.84000015258789,30.3799991607666,2214200.0
2016-07-13,29.489999771118164,29.899999618530273,28.889999389648438,29.040000915527344,2998500.0
2016-07-14,29.290000915527344,29.719999313354492,28.829999923706055,28.850000381469727,1367600.0
2016-07-15,28.920000076293945,29.549999237060547,28.68000030517578,29.459999084472656,1259400.0
2016-07-18,29.56999969482422,30.0,29.34000015258789,29.670000076293945,1823700.0
2016-07-19,29.5,29.809999465942383,28.940000534057617,29.190000534057617,1079900.0
2016-07-20,28.989999771118164,29.780000686645508,28.75,29.450000762939453,1555000.0
2016-07-21,29.5,29.739999771118164,28.940000534057617,29.149999618530273,1109200.0
2016-07-22,29.15999984741211,29.799999237060547,28.770000457763672,29.739999771118164,1148900.0
2016-07-25,29.540000915527344,30.510000228881836,29.43000030517578,30.3799991607666,1942900.0
2016-07-26,30.399999618530273,30.770000457763672,30.309999465942383,30.65999984741211,2541500.0
2016-07-27,30.700000762939453,30.700000762939453,29.8700008392334,30.290000915527344,2569300.0
2016-07-28,30.530000686645508,31.8700008392334,30.440000534057617,31.8700008392334,2650700.0
2016-07-29,31.559999465942383,32.40999984741211,31.350000381469727,32.16999816894531,4028900.0
2016-08-01,32.0099983215332,32.33000183105469,31.399999618530273,31.969999313354492,1735000.0
2016-08-02,31.979999542236328,32.189998626708984,31.0,31.459999084472656,1640300.0
2016-08-03,31.350000381469727,31.899999618530273,31.0,31.68000030517578,1372100.0
2016-08-04,31.610000610351562,32.2400016784668,31.290000915527344,31.93000030517578,1143700.0
2016-08-05,31.989999771118164,32.65999984741211,31.979999542236328,32.279998779296875,2011000.0
2016-08-08,32.43000030517578,32.43000030517578,31.59000015258789,31.68000030517578,1848900.0
2016-08-09,31.8799991607666,32.900001525878906,31.469999313354492,32.63999938964844,5938500.0
2016-08-10,36.16999816894531,37.56999969482422,35.720001220703125,36.83000183105469,14991800.0
2016-08-11,36.95000076293945,37.52000045776367,36.13999938964844,37.06999969482422,4151700.0
2016-08-12,36.83000183105469,38.61000061035156,36.72999954223633,38.47999954223633,5317800.0
2016-08-15,38.56999969482422,38.75,37.349998474121094,37.369998931884766,3303900.0
2016-08-16,37.279998779296875,38.04999923706055,37.150001525878906,37.540000915527344,2896900.0
2016-08-17,37.560001373291016,37.619998931884766,36.529998779296875,36.68000030517578,3542600.0
2016-08-18,36.61000061035156,37.880001068115234,36.560001373291016,37.70000076293945,2761900.0
2016-08-19,37.540000915527344,38.63999938964844,37.38999938964844,38.560001373291016,2650900.0
2016-08-22,38.279998779296875,38.869998931884766,37.72999954223633,37.849998474121094,1848600.0
2016-08-23,37.2400016784668,37.93000030517578,37.2400016784668,37.619998931884766,2567300.0
2016-08-24,37.869998931884766,37.88999938964844,36.790000915527344,36.84000015258789,1654500.0
2016-08-25,36.689998626708984,37.310001373291016,36.2599983215332,37.25,1980900.0
2016-08-26,37.40999984741211,38.060001373291016,37.22999954223633,37.95000076293945,1549600.0
2016-08-29,38.150001525878906,38.9900016784668,38.13999938964844,38.630001068115234,2029200.0
2016-08-30,38.68000030517578,39.099998474121094,38.20000076293945,38.43000030517578,1248600.0
2016-08-31,38.22999954223633,38.52000045776367,37.58000183105469,38.47999954223633,1234200.0
2016-09-01,38.43000030517578,39.2400016784668,38.209999084472656,38.88999938964844,1671900.0
2016-09-02,39.02000045776367,39.34000015258789,38.66999816894531,38.779998779296875,873200.0
2016-09-06,39.08000183105469,39.959999084472656,39.0,39.84000015258789,1705600.0
2016-09-07,39.84000015258789,39.880001068115234,38.790000915527344,39.04999923706055,1586800.0
2016-09-08,38.91999816894531,38.939998626708984,38.18000030517578,38.2400016784668,1356100.0
2016-09-09,38.0,38.349998474121094,37.09000015258789,37.38999938964844,2388300.0
2016-09-12,36.52000045776367,38.0,36.040000915527344,37.93000030517578,1892200.0
2016-09-13,37.58000183105469,38.0,36.349998474121094,36.900001525878906,1953400.0
2016-09-14,37.279998779296875,37.61000061035156,37.04999923706055,37.18000030517578,952100.0
2016-09-15,37.31999969482422,38.310001373291016,36.650001525878906,38.13999938964844,1453700.0
2016-09-16,38.16999816894531,38.2599983215332,37.560001373291016,37.95000076293945,1212000.0
2016-09-19,38.189998626708984,38.380001068115234,37.040000915527344,37.290000915527344,1296600.0
2016-09-20,37.58000183105469,37.779998779296875,37.099998474121094,37.220001220703125,936700.0
2016-09-21,37.47999954223633,38.56999969482422,37.400001525878906,38.52000045776367,1232600.0
2016-09-22,38.70000076293945,38.95000076293945,38.22999954223633,38.459999084472656,1074500.0
2016-09-23,38.9900016784668,41.470001220703125,38.900001525878906,39.380001068115234,6651600.0
2016-09-26,39.20000076293945,40.70000076293945,38.04999923706055,39.439998626708984,4334500.0
2016-09-27,39.61000061035156,41.77000045776367,39.38999938964844,41.66999816894531,4222800.0
2016-09-28,41.7599983215332,41.7599983215332,40.380001068115234,41.709999084472656,1966900.0
2016-09-29,41.720001220703125,41.849998474121094,40.650001525878906,40.97999954223633,1361000.0
2016-09-30,40.97999954223633,41.939998626708984,40.93000030517578,41.70000076293945,2004600.0
2016-10-03,41.54999923706055,41.93000030517578,40.959999084472656,41.84000015258789,1841700.0
2016-10-04,41.849998474121094,42.15999984741211,41.16999816894531,42.099998474121094,1788100.0
2016-10-05,42.220001220703125,43.36000061035156,41.970001220703125,42.15999984741211,2379900.0
2016-10-06,41.619998931884766,42.09000015258789,40.5099983215332,41.130001068115234,2037000.0
2016-10-07,41.08000183105469,41.29999923706055,40.45000076293945,40.65999984741211,1178800.0
2016-10-10,40.59000015258789,41.400001525878906,40.59000015258789,41.11000061035156,1016400.0
2016-10-11,41.029998779296875,41.189998626708984,39.20000076293945,39.470001220703125,1663100.0
2016-10-12,39.560001373291016,39.75,38.77000045776367,38.81999969482422,1488700.0
2016-10-13,38.4900016784668,38.5,36.86000061035156,37.5099983215332,3551900.0
2016-10-14,37.93000030517578,38.060001373291016,36.43000030517578,36.5,2613500.0
2016-10-17,36.470001220703125,37.36000061035156,36.470001220703125,36.63999938964844,1994100.0
2016-10-18,37.290000915527344,37.290000915527344,35.709999084472656,35.79999923706055,3535400.0
2016-10-19,35.84000015258789,36.25,35.060001373291016,35.08000183105469,3716000.0
2016-10-20,34.93000030517578,34.959999084472656,33.79999923706055,34.349998474121094,4385700.0
2016-10-21,34.06999969482422,34.29999923706055,33.2400016784668,33.400001525878906,3369900.0
2016-10-24,33.689998626708984,34.7599983215332,33.470001220703125,34.47999954223633,2855400.0
2016-10-25,34.290000915527344,34.959999084472656,33.720001220703125,33.95000076293945,3197200.0
2016-10-26,33.869998931884766,34.08000183105469,33.22999954223633,33.4900016784668,2125200.0
2016-10-27,33.599998474121094,33.65999984741211,32.650001525878906,32.7400016784668,2211500.0
2016-10-28,32.91999816894531,33.18000030517578,32.09000015258789,32.290000915527344,1481400.0
2016-10-31,32.439998626708984,32.83000183105469,32.2400016784668,32.65999984741211,1623900.0
2016-11-01,32.7599983215332,33.16999816894531,32.0,32.47999954223633,3693000.0
2016-11-02,36.11000061035156,38.2400016784668,35.0099983215332,35.709999084472656,9819500.0
2016-11-03,35.59000015258789,36.15999984741211,34.529998779296875,35.560001373291016,3432300.0
2016-11-04,35.939998626708984,36.81999969482422,35.529998779296875,36.13999938964844,2759400.0
2016-11-07,36.7400016784668,37.290000915527344,36.689998626708984,37.209999084472656,2135000.0
2016-11-08,37.060001373291016,38.5,36.86000061035156,37.9900016784668,2440200.0
2016-11-09,37.15999984741211,38.5,36.70000076293945,38.290000915527344,2195500.0
2016-11-10,38.439998626708984,38.81999969482422,35.7599983215332,36.06999969482422,3796400.0
2016-11-11,35.849998474121094,36.5,35.209999084472656,36.290000915527344,2742100.0
2016-11-14,36.540000915527344,37.130001068115234,35.25,35.720001220703125,3121900.0
2016-11-15,35.95000076293945,37.72999954223633,35.939998626708984,36.619998931884766,2187300.0
2016-11-16,36.380001068115234,36.81999969482422,35.97999954223633,36.5099983215332,1419600.0
2016-11-17,36.58000183105469,37.540000915527344,36.130001068115234,37.5099983215332,1218500.0
2016-11-18,37.470001220703125,38.709999084472656,37.04999923706055,38.290000915527344,1453600.0
2016-11-21,38.47999954223633,39.279998779296875,38.150001525878906,38.33000183105469,1856600.0
2016-11-22,37.709999084472656,38.63999938964844,37.130001068115234,38.34000015258789,2156300.0
2016-11-23,38.099998474121094,39.029998779296875,37.84000015258789,38.9900016784668,1013600.0
2016-11-25,39.0099983215332,39.33000183105469,38.209999084472656,38.5099983215332,538600.0
2016-11-28,38.279998779296875,38.650001525878906,38.02000045776367,38.060001373291016,629500.0
2016-11-29,38.099998474121094,38.630001068115234,37.77000045776367,38.310001373291016,1087400.0
2016-11-30,38.36000061035156,38.43000030517578,36.70000076293945,37.20000076293945,1425700.0
2016-12-01,37.099998474121094,37.38999938964844,35.5099983215332,36.2599983215332,1777500.0
2016-12-02,36.16999816894531,36.689998626708984,35.61000061035156,36.150001525878906,931700.0
2016-12-05,36.31999969482422,36.939998626708984,35.97999954223633,36.4900016784668,955500.0
2016-12-06,36.70000076293945,36.7599983215332,35.880001068115234,36.2599983215332,1111500.0
2016-12-07,36.400001525878906,36.689998626708984,36.04999923706055,36.11000061035156,1402500.0
2016-12-08,36.099998474121094,36.29999923706055,35.220001220703125,36.25,1545100.0
2016-12-09,36.34000015258789,36.560001373291016,36.0,36.09000015258789,1025700.0
2016-12-12,35.7400016784668,35.939998626708984,35.099998474121094,35.16999816894531,853300.0
2016-12-13,35.650001525878906,36.599998474121094,35.52000045776367,35.90999984741211,1479100.0
2016-12-14,35.93000030517578,36.11000061035156,35.08000183105469,35.310001373291016,1345900.0
2016-12-15,35.27000045776367,35.959999084472656,34.619998931884766,35.43000030517578,1728200.0
2016-12-16,35.290000915527344,35.869998931884766,35.029998779296875,35.83000183105469,1405200.0
2016-12-19,35.810001373291016,36.79999923706055,35.52000045776367,35.61000061035156,1273700.0
2016-12-20,35.630001068115234,37.56999969482422,35.630001068115234,37.13999938964844,2172100.0
2016-12-21,37.34000015258789,39.869998931884766,37.33000183105469,38.75,6191200.0
2016-12-22,39.18000030517578,39.95000076293945,38.09000015258789,38.22999954223633,3679400.0
2016-12-23,38.20000076293945,38.43000030517578,37.75,38.0,1126000.0
2016-12-27,38.400001525878906,40.66999816894531,38.08000183105469,39.95000076293945,4325000.0
2016-12-28,41.0099983215332,41.16999816894531,38.720001220703125,38.779998779296875,4200000.0
2016-12-29,38.81999969482422,39.029998779296875,38.2400016784668,38.68000030517578,1864400.0
2016-12-30,38.65999984741211,38.84000015258789,37.599998474121094,38.130001068115234,2478100.0
2017-01-03,38.5,39.13999938964844,37.560001373291016,38.220001220703125,2391900.0
2017-01-04,38.279998779296875,39.439998626708984,38.279998779296875,39.41999816894531,2238000.0
2017-01-05,39.20000076293945,40.18000030517578,38.810001373291016,39.619998931884766,2310900.0
2017-01-06,39.79999923706055,39.959999084472656,39.209999084472656,39.310001373291016,1230200.0
2017-01-09,39.4900016784668,40.40999984741211,39.310001373291016,40.13999938964844,1719000.0
2017-01-10,40.380001068115234,41.2400016784668,40.369998931884766,40.400001525878906,1977200.0
2017-01-11,40.02000045776367,40.7599983215332,39.959999084472656,40.70000076293945,1146700.0
2017-01-12,40.43000030517578,40.7599983215332,39.959999084472656,40.689998626708984,1132200.0
2017-01-13,40.900001525878906,41.439998626708984,40.5,40.939998626708984,1454700.0
2017-01-17,40.38999938964844,40.720001220703125,40.099998474121094,40.36000061035156,925300.0
2017-01-18,40.5,40.75,40.2400016784668,40.720001220703125,1012100.0
2017-01-19,40.75,41.02000045776367,40.56999969482422,40.91999816894531,1333400.0
2017-01-20,40.900001525878906,41.189998626708984,40.5,41.060001373291016,1401900.0
2017-01-23,40.9900016784668,41.779998779296875,40.83000183105469,41.529998779296875,1553200.0
2017-01-24,41.540000915527344,42.58000183105469,41.5,42.40999984741211,1630400.0
2017-01-25,42.56999969482422,42.689998626708984,42.0,42.529998779296875,842900.0
2017-01-26,42.5,43.029998779296875,42.40999984741211,42.75,2188100.0
2017-01-27,42.75,42.75,42.04999923706055,42.40999984741211,1176500.0
2017-01-30,42.36000061035156,42.41999816894531,41.029998779296875,41.689998626708984,1859800.0
2017-01-31,41.349998474121094,41.86000061035156,40.86000061035156,41.779998779296875,987700.0
2017-02-01,41.97999954223633,43.0,41.7599983215332,42.900001525878906,1787600.0
2017-02-02,42.68000030517578,43.40999984741211,42.25,42.619998931884766,1465400.0
2017-02-03,42.66999816894531,43.0,42.029998779296875,42.31999969482422,1342100.0
2017-02-06,42.36000061035156,42.4900016784668,41.630001068115234,41.849998474121094,1862700.0
2017-02-07,41.93000030517578,42.150001525878906,41.34000015258789,41.689998626708984,1794800.0
2017-02-08,41.689998626708984,41.75,40.869998931884766,41.40999984741211,3128100.0
2017-02-09,41.40999984741211,41.7400016784668,40.7599983215332,41.4900016784668,4727500.0
2017-02-10,37.529998779296875,38.41999816894531,35.70000076293945,35.83000183105469,16022000.0
2017-02-13,35.7400016784668,36.439998626708984,35.13999938964844,35.540000915527344,6013100.0
2017-02-14,35.529998779296875,36.599998474121094,35.38999938964844,35.849998474121094,4090700.0
2017-02-15,36.0,36.75,35.4900016784668,35.630001068115234,3086400.0
2017-02-16,35.689998626708984,35.880001068115234,34.61000061035156,34.77000045776367,4572200.0
2017-02-17,34.68000030517578,34.880001068115234,34.15999984741211,34.66999816894531,2320000.0
2017-02-21,34.68000030517578,35.04999923706055,34.27000045776367,34.43000030517578,2280000.0
2017-02-22,33.95000076293945,34.79999923706055,33.810001373291016,34.09000015258789,2760700.0
2017-02-23,34.13999938964844,34.150001525878906,32.9900016784668,33.470001220703125,4810700.0
2017-02-24,33.11000061035156,33.7400016784668,32.970001220703125,33.459999084472656,2620300.0
2017-02-27,33.47999954223633,34.540000915527344,33.459999084472656,34.06999969482422,2677300.0
2017-02-28,33.849998474121094,34.349998474121094,33.68000030517578,33.70000076293945,2534100.0
2017-03-01,33.90999984741211,34.880001068115234,33.90999984741211,34.65999984741211,2741800.0
2017-03-02,34.45000076293945,34.84000015258789,33.91999816894531,34.0,1858200.0
2017-03-03,33.880001068115234,34.08000183105469,33.34000015258789,33.369998931884766,2229800.0
2017-03-06,33.220001220703125,33.77000045776367,33.16999816894531,33.52000045776367,1932300.0
2017-03-07,33.310001373291016,34.15999984741211,33.27000045776367,33.720001220703125,1729100.0
2017-03-08,33.689998626708984,33.97999954223633,33.38999938964844,33.529998779296875,1208200.0
2017-03-09,33.529998779296875,34.66999816894531,33.2599983215332,34.380001068115234,4637800.0
2017-03-10,34.5099983215332,34.7400016784668,34.0099983215332,34.52000045776367,1897600.0
2017-03-13,34.540000915527344,34.72999954223633,34.290000915527344,34.58000183105469,1522600.0
2017-03-14,34.66999816894531,34.880001068115234,33.61000061035156,33.77000045776367,1515200.0
2017-03-15,33.77000045776367,34.34000015258789,33.349998474121094,34.15999984741211,2289400.0
2017-03-16,34.2599983215332,34.70000076293945,33.97999954223633,34.27000045776367,979100.0
2017-03-17,34.22999954223633,34.45000076293945,33.900001525878906,34.11000061035156,1236800.0
2017-03-20,34.16999816894531,34.720001220703125,34.099998474121094,34.650001525878906,1307500.0
2017-03-21,34.68000030517578,35.029998779296875,33.459999084472656,33.619998931884766,2569300.0
2017-03-22,33.59000015258789,33.97999954223633,33.09000015258789,33.5,2144300.0
2017-03-23,33.560001373291016,33.560001373291016,32.540000915527344,32.77000045776367,2563700.0
2017-03-24,32.849998474121094,33.25,32.33000183105469,32.47999954223633,2624200.0
2017-03-27,32.09000015258789,32.63999938964844,31.600000381469727,32.43000030517578,2434800.0
2017-03-28,32.34000015258789,32.34000015258789,31.68000030517578,31.809999465942383,2467700.0
2017-03-29,32.0,32.9900016784668,31.959999084472656,32.779998779296875,2794300.0
2017-03-30,32.84000015258789,33.02000045776367,32.310001373291016,32.52000045776367,1539900.0
2017-03-31,32.540000915527344,32.869998931884766,32.20000076293945,32.75,1644100.0
2017-04-03,32.900001525878906,32.93000030517578,32.22999954223633,32.630001068115234,2504100.0
2017-04-04,32.599998474121094,33.119998931884766,32.099998474121094,32.849998474121094,2031800.0
2017-04-05,33.119998931884766,34.13999938964844,32.61000061035156,33.220001220703125,4024200.0
2017-04-06,33.2599983215332,33.619998931884766,32.83000183105469,33.43000030517578,2116000.0
2017-04-07,33.380001068115234,33.4900016784668,32.810001373291016,33.22999954223633,1898400.0
2017-04-10,33.220001220703125,33.2599983215332,32.689998626708984,32.7400016784668,1471300.0
2017-04-11,33.849998474121094,34.0,33.16999816894531,33.369998931884766,3727600.0
2017-04-12,33.29999923706055,33.4900016784668,32.08000183105469,32.15999984741211,2942500.0
2017-04-13,32.22999954223633,32.5,31.920000076293945,32.029998779296875,1768900.0
2017-04-17,32.0,32.720001220703125,31.610000610351562,32.689998626708984,1567900.0
2017-04-18,32.5,32.95000076293945,32.209999084472656,32.86000061035156,997900.0
2017-04-19,32.95000076293945,32.959999084472656,32.59000015258789,32.83000183105469,1596600.0
2017-04-20,33.060001373291016,33.5,32.90999984741211,33.43000030517578,1743600.0
2017-04-21,33.47999954223633,33.86000061035156,33.34000015258789,33.4900016784668,1476400.0
2017-04-24,33.880001068115234,34.16999816894531,33.58000183105469,33.88999938964844,2482900.0
2017-04-25,33.970001220703125,34.54999923706055,33.81999969482422,34.209999084472656,1288900.0
2017-04-26,34.220001220703125,34.63999938964844,33.939998626708984,34.58000183105469,1205200.0
2017-04-27,34.84000015258789,36.15999984741211,34.790000915527344,36.0099983215332,3033700.0
2017-04-28,36.06999969482422,36.099998474121094,35.29999923706055,35.40999984741211,1997800.0
2017-05-01,35.52000045776367,35.90999984741211,35.220001220703125,35.720001220703125,1964000.0
2017-05-02,36.0099983215332,36.25,35.599998474121094,35.97999954223633,2512900.0
2017-05-03,35.70000076293945,35.97999954223633,35.18000030517578,35.20000076293945,1685800.0
2017-05-04,35.279998779296875,35.70000076293945,35.09000015258789,35.29999923706055,1375700.0
2017-05-05,35.36000061035156,35.70000076293945,35.29999923706055,35.68000030517578,1348900.0
2017-05-08,35.66999816894531,36.20000076293945,35.54999923706055,35.70000076293945,3262500.0
2017-05-09,35.65999984741211,36.0,34.150001525878906,34.70000076293945,11652200.0
2017-05-10,27.90999984741211,29.239999771118164,26.93000030517578,28.329999923706055,47155000.0
2017-05-11,29.110000610351562,29.690000534057617,28.0,29.299999237060547,13753300.0
2017-05-12,28.93000030517578,29.3700008392334,28.579999923706055,28.700000762939453,4744200.0
2017-05-15,28.760000228881836,29.149999618530273,28.43000030517578,29.010000228881836,3737800.0
2017-05-16,28.899999618530273,29.0,28.479999542236328,28.520000457763672,3211800.0
2017-05-17,28.239999771118164,28.350000381469727,27.329999923706055,27.3799991607666,3610700.0
2017-05-18,27.40999984741211,28.1200008392334,27.110000610351562,27.989999771118164,3265200.0
2017-05-19,28.25,28.260000228881836,27.829999923706055,27.84000015258789,2731400.0
2017-05-22,27.950000762939453,28.34000015258789,27.860000610351562,28.290000915527344,2006800.0
2017-05-23,28.139999389648438,28.290000915527344,27.59000015258789,27.780000686645508,2754600.0
2017-05-24,27.75,27.889999389648438,27.219999313354492,27.780000686645508,3385300.0
2017-05-25,27.850000381469727,28.3799991607666,27.829999923706055,28.06999969482422,2657700.0
2017-05-26,28.030000686645508,28.110000610351562,27.459999084472656,27.649999618530273,2666200.0
2017-05-30,27.649999618530273,27.84000015258789,27.459999084472656,27.729999542236328,1541800.0
2017-05-31,27.850000381469727,28.100000381469727,27.479999542236328,27.920000076293945,2010500.0
2017-06-01,27.84000015258789,29.0,27.799999237060547,28.829999923706055,3492400.0
2017-06-02,28.809999465942383,28.90999984741211,28.549999237060547,28.790000915527344,1977500.0
2017-06-05,29.6299991607666,30.209999084472656,29.15999984741211,30.09000015258789,4080300.0
2017-06-06,29.989999771118164,30.1200008392334,29.600000381469727,29.600000381469727,2955000.0
2017-06-07,29.75,30.389999389648438,29.719999313354492,30.209999084472656,2081400.0
2017-06-08,30.209999084472656,30.43000030517578,30.09000015258789,30.43000030517578,1887600.0
2017-06-09,30.43000030517578,30.860000610351562,29.3799991607666,29.799999237060547,3447300.0
2017-06-12,29.610000610351562,30.780000686645508,29.09000015258789,30.719999313354492,3262200.0
2017-06-13,30.75,31.030000686645508,30.520000457763672,30.719999313354492,3839900.0
2017-06-14,30.81999969482422,31.229999542236328,30.239999771118164,30.549999237060547,2068800.0
2017-06-15,30.049999237060547,30.700000762939453,29.729999542236328,30.6299991607666,2227200.0
2017-06-16,30.770000457763672,30.90999984741211,29.75,30.149999618530273,7211000.0
2017-06-19,30.280000686645508,30.719999313354492,30.079999923706055,30.280000686645508,1832200.0
2017-06-20,30.270000457763672,30.6200008392334,29.360000610351562,29.440000534057617,1923800.0
2017-06-21,29.56999969482422,29.59000015258789,28.979999542236328,29.360000610351562,2715500.0
2017-06-22,29.329999923706055,30.610000610351562,29.299999237060547,29.959999084472656,2935200.0
2017-06-23,29.899999618530273,31.049999237060547,29.520000457763672,30.8799991607666,9222400.0
2017-06-26,30.799999237060547,30.93000030517578,29.81999969482422,30.030000686645508,2933100.0
2017-06-27,30.0,30.200000762939453,29.3799991607666,29.399999618530273,2023900.0
2017-06-28,29.719999313354492,30.360000610351562,29.420000076293945,30.149999618530273,2521100.0
2017-06-29,30.0,30.579999923706055,29.549999237060547,29.889999389648438,2297900.0
2017-06-30,29.920000076293945,30.3799991607666,29.700000762939453,30.020000457763672,1311800.0
2017-07-03,30.010000228881836,30.350000381469727,29.780000686645508,30.06999969482422,925700.0
2017-07-05,30.030000686645508,30.520000457763672,29.920000076293945,30.290000915527344,1738100.0
2017-07-06,29.979999542236328,30.059999465942383,29.309999465942383,29.329999923706055,1504500.0
2017-07-07,29.40999984741211,29.739999771118164,29.299999237060547,29.549999237060547,1354700.0
2017-07-10,29.549999237060547,30.15999984741211,29.3700008392334,30.15999984741211,2311000.0
2017-07-11,30.110000610351562,31.479999542236328,30.030000686645508,31.110000610351562,5075400.0
2017-07-12,31.450000762939453,32.13999938964844,31.350000381469727,32.0099983215332,1908900.0
2017-07-13,32.06999969482422,32.06999969482422,31.459999084472656,31.489999771118164,1431500.0
2017-07-14,31.530000686645508,32.36000061035156,31.530000686645508,31.889999389648438,1096300.0
2017-07-17,31.969999313354492,32.220001220703125,31.56999969482422,31.790000915527344,1094500.0
2017-07-18,31.649999618530273,32.97999954223633,31.420000076293945,32.93000030517578,1926800.0
2017-07-19,32.93000030517578,33.13999938964844,32.459999084472656,32.880001068115234,1518500.0
2017-07-20,32.90999984741211,32.90999984741211,32.189998626708984,32.400001525878906,1966700.0
2017-07-21,32.43000030517578,32.43000030517578,31.739999771118164,32.11000061035156,1316900.0
2017-07-24,32.20000076293945,32.45000076293945,31.719999313354492,31.729999542236328,1398400.0
2017-07-25,31.700000762939453,32.31999969482422,31.5,32.0,1333600.0
2017-07-26,31.989999771118164,32.459999084472656,31.850000381469727,32.45000076293945,1208100.0
2017-07-27,32.47999954223633,32.88999938964844,31.940000534057617,32.7599983215332,2466900.0
2017-07-28,32.54999923706055,33.31999969482422,32.400001525878906,33.02000045776367,1698800.0
2017-07-31,33.0099983215332,33.06999969482422,32.310001373291016,32.529998779296875,2057600.0
2017-08-01,32.70000076293945,33.459999084472656,32.61000061035156,33.220001220703125,1937100.0
2017-08-02,33.20000076293945,33.310001373291016,32.0,32.25,2791000.0
2017-08-03,32.27000045776367,32.75,31.149999618530273,31.3700008392334,6345500.0
2017-08-04,38.06999969482422,40.459999084472656,37.849998474121094,40.04999923706055,16906200.0
2017-08-07,40.150001525878906,42.15999984741211,39.56999969482422,41.72999954223633,7593200.0
2017-08-08,41.22999954223633,42.33000183105469,41.13999938964844,41.689998626708984,3758800.0
2017-08-09,41.33000183105469,42.189998626708984,40.81999969482422,41.54999923706055,2835100.0
2017-08-10,41.36000061035156,41.5,40.7599983215332,40.93000030517578,2623900.0
2017-08-11,40.900001525878906,42.18000030517578,40.70000076293945,42.029998779296875,3520100.0
2017-08-14,42.40999984741211,42.970001220703125,42.119998931884766,42.529998779296875,2422300.0
2017-08-15,42.439998626708984,42.439998626708984,41.310001373291016,41.560001373291016,2473600.0
2017-08-16,41.810001373291016,42.47999954223633,41.47999954223633,41.97999954223633,1660000.0
2017-08-17,41.66999816894531,42.2599983215332,41.38999938964844,41.43000030517578,1537400.0
2017-08-18,41.27000045776367,41.83000183105469,40.900001525878906,41.810001373291016,1489900.0
2017-08-21,41.849998474121094,41.93000030517578,41.029998779296875,41.459999084472656,1324000.0
2017-08-22,41.29999923706055,41.939998626708984,41.29999923706055,41.869998931884766,1473300.0
2017-08-23,41.689998626708984,42.34000015258789,41.529998779296875,42.119998931884766,1509700.0
2017-08-24,42.33000183105469,42.439998626708984,41.58000183105469,41.75,1494900.0
2017-08-25,42.13999938964844,42.31999969482422,41.790000915527344,42.13999938964844,1377600.0
2017-08-28,42.290000915527344,42.380001068115234,42.040000915527344,42.13999938964844,971300.0
2017-08-29,41.619998931884766,42.38999938964844,41.61000061035156,42.31999969482422,1235300.0
2017-08-30,42.27000045776367,42.970001220703125,42.18000030517578,42.900001525878906,1288800.0
2017-08-31,42.970001220703125,43.709999084472656,42.33000183105469,42.599998474121094,2126400.0
2017-09-01,42.68000030517578,43.43000030517578,42.310001373291016,42.97999954223633,1335100.0
2017-09-05,42.66999816894531,43.150001525878906,42.279998779296875,43.040000915527344,1258900.0
2017-09-06,43.220001220703125,43.41999816894531,42.5,43.040000915527344,1062800.0
2017-09-07,42.93000030517578,44.18000030517578,42.869998931884766,43.7400016784668,1622800.0
2017-09-08,43.5099983215332,44.25,43.40999984741211,43.75,1227100.0
2017-09-11,43.61000061035156,43.790000915527344,42.84000015258789,43.70000076293945,3123700.0
2017-09-12,43.7400016784668,44.029998779296875,43.5099983215332,43.849998474121094,1295500.0
2017-09-13,43.79999923706055,43.79999923706055,42.630001068115234,42.95000076293945,1908300.0
2017-09-14,42.75,43.029998779296875,42.52000045776367,42.90999984741211,1190100.0
2017-09-15,42.90999984741211,43.70000076293945,42.7599983215332,43.56999969482422,4243400.0
2017-09-18,43.79999923706055,44.22999954223633,43.349998474121094,43.5,1261100.0
2017-09-19,43.5,44.06999969482422,43.040000915527344,43.849998474121094,859100.0
2017-09-20,43.779998779296875,44.2400016784668,43.439998626708984,44.16999816894531,940100.0
2017-09-21,44.06999969482422,44.06999969482422,43.04999923706055,43.61000061035156,769400.0
2017-09-22,43.689998626708984,44.0,43.2400016784668,43.41999816894531,1056700.0
2017-09-25,43.029998779296875,43.130001068115234,41.31999969482422,41.900001525878906,2026900.0
2017-09-26,42.11000061035156,42.41999816894531,41.68000030517578,41.720001220703125,1087100.0
2017-09-27,42.09000015258789,42.790000915527344,41.79999923706055,42.70000076293945,1471600.0
2017-09-28,42.380001068115234,42.88999938964844,42.29999923706055,42.65999984741211,1622300.0
2017-09-29,42.619998931884766,43.41999816894531,42.59000015258789,43.29999923706055,898900.0
2017-10-02,43.79999923706055,44.810001373291016,43.58000183105469,44.09000015258789,1864500.0
2017-10-03,44.209999084472656,45.88999938964844,44.08000183105469,45.79999923706055,2153100.0
2017-10-04,45.630001068115234,46.15999984741211,45.04999923706055,46.06999969482422,1489300.0
2017-10-05,46.04999923706055,46.43000030517578,45.70000076293945,46.38999938964844,863200.0
2017-10-06,46.099998474121094,46.7599983215332,45.880001068115234,46.72999954223633,1169300.0
2017-10-09,45.279998779296875,46.150001525878906,44.70000076293945,45.630001068115234,1388700.0
2017-10-10,45.54999923706055,45.81999969482422,43.900001525878906,44.400001525878906,1898200.0
2017-10-11,44.34000015258789,44.47999954223633,43.5,43.97999954223633,1539200.0
2017-10-12,43.91999816894531,43.970001220703125,43.529998779296875,43.75,1153100.0
2017-10-13,43.72999954223633,44.25,43.5,43.650001525878906,1129600.0
2017-10-16,43.90999984741211,43.97999954223633,43.31999969482422,43.52000045776367,687600.0
2017-10-17,43.36000061035156,43.68000030517578,42.91999816894531,43.20000076293945,648100.0
2017-10-18,43.86000061035156,44.900001525878906,43.7599983215332,44.58000183105469,1643600.0
2017-10-19,44.15999984741211,44.560001373291016,43.459999084472656,44.439998626708984,908500.0
2017-10-20,44.959999084472656,44.970001220703125,44.41999816894531,44.52000045776367,616500.0
2017-10-23,44.52000045776367,44.52000045776367,43.599998474121094,43.599998474121094,1422500.0
2017-10-24,43.91999816894531,44.099998474121094,43.5,43.68000030517578,881500.0
2017-10-25,43.689998626708984,44.54999923706055,43.34000015258789,44.02000045776367,1295600.0
2017-10-26,44.45000076293945,45.15999984741211,44.0,45.0,961500.0
2017-10-27,45.18000030517578,46.099998474121094,45.08000183105469,45.400001525878906,1682700.0
2017-10-30,45.400001525878906,47.20000076293945,45.290000915527344,47.150001525878906,2100900.0
2017-10-31,46.970001220703125,47.189998626708984,46.29999923706055,46.720001220703125,1824700.0
2017-11-01,47.220001220703125,48.16999816894531,45.95000076293945,46.029998779296875,3919800.0
2017-11-02,46.900001525878906,47.779998779296875,45.02000045776367,45.97999954223633,5082600.0
2017-11-03,46.11000061035156,46.54999923706055,45.25,46.06999969482422,1662200.0
2017-11-06,46.0099983215332,46.20000076293945,45.540000915527344,45.650001525878906,1353500.0
2017-11-07,45.4900016784668,45.880001068115234,44.630001068115234,44.689998626708984,1570900.0
2017-11-08,44.5,45.119998931884766,44.459999084472656,45.11000061035156,1312000.0
2017-11-09,44.869998931884766,45.66999816894531,44.27000045776367,45.54999923706055,1246400.0
2017-11-10,45.22999954223633,46.0099983215332,44.52000045776367,45.97999954223633,1498000.0
2017-11-13,46.0,46.349998474121094,45.11000061035156,45.900001525878906,1227300.0
2017-11-14,45.4900016784668,46.290000915527344,45.22999954223633,45.90999984741211,710400.0
2017-11-15,45.619998931884766,46.0099983215332,44.91999816894531,45.59000015258789,1206700.0
2017-11-16,45.65999984741211,46.65999984741211,45.29999923706055,46.33000183105469,1025400.0
2017-11-17,45.970001220703125,46.970001220703125,45.70000076293945,46.81999969482422,913300.0
2017-11-20,46.900001525878906,47.86000061035156,46.83000183105469,47.18000030517578,979800.0
2017-11-21,46.91999816894531,47.84000015258789,45.77000045776367,46.970001220703125,1231800.0
2017-11-22,46.970001220703125,47.279998779296875,46.529998779296875,47.18000030517578,697200.0
2017-11-24,47.220001220703125,47.880001068115234,46.86000061035156,47.58000183105469,373800.0
2017-11-27,47.58000183105469,48.400001525878906,47.09000015258789,47.38999938964844,1273100.0
2017-11-28,47.38999938964844,47.779998779296875,46.79999923706055,47.439998626708984,1144800.0
2017-11-29,47.349998474121094,47.75,45.0,45.20000076293945,1469800.0
2017-11-30,45.5,45.65999984741211,44.439998626708984,44.54999923706055,1505800.0
2017-12-01,44.25,44.54999923706055,42.5,43.88999938964844,1557900.0
2017-12-04,44.099998474121094,44.31999969482422,42.369998931884766,43.04999923706055,1194400.0
2017-12-05,42.95000076293945,43.720001220703125,42.7599983215332,42.900001525878906,1662100.0
2017-12-06,42.83000183105469,42.91999816894531,41.86000061035156,41.880001068115234,1428200.0
2017-12-07,40.790000915527344,41.560001373291016,40.04999923706055,40.790000915527344,2883700.0
2017-12-08,40.4900016784668,41.709999084472656,40.36000061035156,40.470001220703125,1792700.0
2017-12-11,40.650001525878906,41.709999084472656,40.650001525878906,41.25,1294100.0
2017-12-12,41.349998474121094,42.119998931884766,41.09000015258789,41.5,1158000.0
2017-12-13,41.689998626708984,42.40999984741211,41.689998626708984,42.29999923706055,942900.0
2017-12-14,42.290000915527344,42.630001068115234,41.95000076293945,42.16999816894531,843700.0
2017-12-15,42.279998779296875,42.83000183105469,42.15999984741211,42.43000030517578,1035400.0
2017-12-18,43.0,44.13999938964844,42.90999984741211,43.810001373291016,1676300.0
2017-12-19,43.720001220703125,44.0,43.34000015258789,43.54999923706055,1109100.0
2017-12-20,43.83000183105469,43.83000183105469,42.95000076293945,43.31999969482422,735100.0
2017-12-21,43.5099983215332,43.709999084472656,42.95000076293945,43.040000915527344,567100.0
2017-12-22,42.900001525878906,43.0,41.84000015258789,41.90999984741211,761000.0
2017-12-26,41.5,42.369998931884766,41.380001068115234,42.119998931884766,1229200.0
2017-12-27,41.970001220703125,42.59000015258789,41.86000061035156,42.29999923706055,481400.0
2017-12-28,42.439998626708984,42.7400016784668,42.0099983215332,42.22999954223633,472900.0
2017-12-29,42.22999954223633,42.43000030517578,41.900001525878906,41.959999084472656,688800.0
2018-01-02,42.060001373291016,43.470001220703125,42.060001373291016,43.2400016784668,1355300.0
2018-01-03,43.349998474121094,43.59000015258789,42.86000061035156,43.119998931884766,1347700.0
2018-01-04,43.36000061035156,43.529998779296875,42.52000045776367,42.81999969482422,933000.0
2018-01-05,42.95000076293945,43.34000015258789,42.7400016784668,43.16999816894531,916700.0
2018-01-08,43.029998779296875,43.88999938964844,42.720001220703125,43.66999816894531,807600.0
2018-01-09,43.75,44.040000915527344,43.18000030517578,43.290000915527344,1071900.0
2018-01-10,43.349998474121094,43.5,42.90999984741211,43.290000915527344,667000.0
2018-01-11,43.63999938964844,44.04999923706055,42.959999084472656,44.0,1137900.0
2018-01-12,44.0099983215332,45.86000061035156,44.0099983215332,45.38999938964844,2540400.0
2018-01-16,45.38999938964844,45.79999923706055,43.45000076293945,43.58000183105469,1405100.0
2018-01-17,43.61000061035156,44.06999969482422,42.72999954223633,43.880001068115234,987500.0
2018-01-18,43.880001068115234,43.97999954223633,42.84000015258789,42.9900016784668,672200.0
2018-01-19,42.970001220703125,43.2400016784668,42.65999984741211,42.849998474121094,991200.0
2018-01-22,42.70000076293945,43.4900016784668,42.02000045776367,43.400001525878906,975200.0
2018-01-23,43.45000076293945,43.970001220703125,43.29999923706055,43.56999969482422,749700.0
2018-01-24,44.09000015258789,44.13999938964844,42.439998626708984,42.5,1196600.0
2018-01-25,42.58000183105469,43.33000183105469,42.45000076293945,43.029998779296875,1281900.0
2018-01-26,43.25,44.400001525878906,43.20000076293945,44.119998931884766,2029700.0
2018-01-29,44.060001373291016,46.13999938964844,44.060001373291016,44.380001068115234,1303300.0
2018-01-30,44.040000915527344,44.20000076293945,43.25,43.529998779296875,896400.0
2018-01-31,43.93000030517578,44.27000045776367,43.7400016784668,43.81999969482422,834600.0
2018-02-01,43.84000015258789,46.25,43.52000045776367,45.79999923706055,1964700.0
2018-02-02,45.380001068115234,46.040000915527344,44.619998931884766,44.779998779296875,1638300.0
2018-02-05,44.33000183105469,45.540000915527344,44.0099983215332,44.06999969482422,1763500.0
2018-02-06,42.90999984741211,44.36000061035156,42.189998626708984,44.279998779296875,1937100.0
2018-02-07,44.380001068115234,45.810001373291016,44.029998779296875,44.939998626708984,4291000.0
2018-02-08,41.209999084472656,41.90999984741211,38.59000015258789,38.630001068115234,11199500.0
2018-02-09,38.41999816894531,39.790000915527344,37.02000045776367,38.290000915527344,3508500.0
2018-02-12,38.56999969482422,39.220001220703125,37.7599983215332,38.970001220703125,1921700.0
2018-02-13,38.689998626708984,39.43000030517578,38.529998779296875,38.66999816894531,1145300.0
2018-02-14,38.27000045776367,41.56999969482422,38.27000045776367,41.369998931884766,1940200.0
2018-02-15,41.75,42.0,40.45000076293945,41.970001220703125,1267000.0
2018-02-16,41.86000061035156,42.709999084472656,41.720001220703125,41.72999954223633,1271800.0
2018-02-20,41.400001525878906,44.09000015258789,41.16999816894531,43.369998931884766,2945700.0
2018-02-21,43.38999938964844,44.15999984741211,43.2599983215332,43.349998474121094,1331800.0
2018-02-22,43.47999954223633,44.56999969482422,43.220001220703125,43.61000061035156,1223600.0
2018-02-23,43.84000015258789,44.25,43.45000076293945,44.22999954223633,742100.0
2018-02-26,44.310001373291016,44.54999923706055,43.40999984741211,43.83000183105469,947900.0
2018-02-27,43.04999923706055,44.099998474121094,42.77000045776367,43.65999984741211,951700.0
2018-02-28,43.86000061035156,44.2599983215332,43.439998626708984,43.560001373291016,878800.0
2018-03-01,43.7599983215332,43.83000183105469,42.279998779296875,43.0099983215332,1142200.0
2018-03-02,42.7599983215332,44.25,42.209999084472656,44.11000061035156,1014200.0
2018-03-05,43.81999969482422,44.56999969482422,43.36000061035156,44.11000061035156,961800.0
2018-03-06,44.25,44.65999984741211,43.290000915527344,44.61000061035156,1045500.0
2018-03-07,44.279998779296875,45.79999923706055,44.27000045776367,45.68000030517578,1328100.0
2018-03-08,45.70000076293945,45.959999084472656,45.36000061035156,45.56999969482422,739600.0
2018-03-09,45.84000015258789,46.70000076293945,45.75,46.619998931884766,1079200.0
2018-03-12,46.75,47.33000183105469,46.290000915527344,46.810001373291016,952500.0
2018-03-13,46.90999984741211,47.0,45.650001525878906,45.790000915527344,1179900.0
2018-03-14,45.97999954223633,46.79999923706055,45.709999084472656,46.439998626708984,778700.0
2018-03-15,46.540000915527344,46.68000030517578,45.810001373291016,46.25,722000.0
2018-03-16,46.150001525878906,46.220001220703125,45.630001068115234,45.91999816894531,862500.0
2018-03-19,45.560001373291016,45.61000061035156,44.7599983215332,45.5099983215332,1491800.0
2018-03-20,45.40999984741211,45.63999938964844,44.86000061035156,45.06999969482422,596600.0
2018-03-21,45.06999969482422,45.709999084472656,44.72999954223633,44.81999969482422,726500.0
2018-03-22,44.369998931884766,44.43000030517578,42.869998931884766,42.939998626708984,1505200.0
2018-03-23,43.08000183105469,43.220001220703125,41.4900016784668,41.56999969482422,1270200.0
2018-03-26,42.099998474121094,42.470001220703125,41.220001220703125,42.119998931884766,1166800.0
2018-03-27,42.41999816894531,42.41999816894531,40.91999816894531,41.20000076293945,1191200.0
2018-03-28,41.13999938964844,41.77000045776367,40.41999816894531,41.279998779296875,1117900.0
2018-03-29,41.400001525878906,42.18000030517578,40.84000015258789,41.75,788500.0
2018-04-02,41.59000015258789,41.849998474121094,40.16999816894531,40.709999084472656,1221900.0
2018-04-03,41.0,41.29999923706055,40.2599983215332,41.13999938964844,878700.0
2018-04-04,40.209999084472656,42.040000915527344,40.18000030517578,41.93000030517578,868200.0
2018-04-05,42.38999938964844,42.790000915527344,41.91999816894531,42.33000183105469,603800.0
2018-04-06,41.90999984741211,42.65999984741211,41.880001068115234,42.08000183105469,873500.0
2018-04-09,42.34000015258789,43.099998474121094,42.0,42.0,641500.0
2018-04-10,42.630001068115234,43.83000183105469,42.189998626708984,43.52000045776367,624300.0
2018-04-11,43.209999084472656,44.36000061035156,43.04999923706055,43.70000076293945,699800.0
2018-04-12,44.130001068115234,44.400001525878906,43.54999923706055,44.0,652000.0
2018-04-13,44.150001525878906,44.630001068115234,43.29999923706055,43.599998474121094,743300.0
2018-04-16,43.86000061035156,44.31999969482422,43.310001373291016,44.16999816894531,874100.0
2018-04-17,44.58000183105469,45.81999969482422,44.189998626708984,45.209999084472656,1228700.0
2018-04-18,45.38999938964844,45.7599983215332,44.63999938964844,44.83000183105469,874100.0
2018-04-19,44.619998931884766,45.04999923706055,44.540000915527344,44.650001525878906,776700.0
2018-04-20,44.4900016784668,44.93000030517578,44.11000061035156,44.16999816894531,1006300.0
2018-04-23,44.290000915527344,44.66999816894531,44.04999923706055,44.209999084472656,422600.0
2018-04-24,44.47999954223633,44.47999954223633,43.220001220703125,43.88999938964844,770100.0
2018-04-25,43.9900016784668,44.06999969482422,43.02000045776367,43.84000015258789,636200.0
2018-04-26,44.130001068115234,45.349998474121094,44.02000045776367,44.650001525878906,996100.0
2018-04-27,44.79999923706055,45.08000183105469,44.0,44.380001068115234,539800.0
2018-04-30,44.5099983215332,45.040000915527344,44.38999938964844,44.849998474121094,483100.0
2018-05-01,44.65999984741211,44.75,44.02000045776367,44.5,1026800.0
2018-05-02,44.439998626708984,45.529998779296875,44.439998626708984,45.380001068115234,1204900.0
2018-05-03,45.09000015258789,45.40999984741211,44.209999084472656,44.93000030517578,1335200.0
2018-05-04,44.86000061035156,45.970001220703125,44.61000061035156,45.61000061035156,1160900.0
2018-05-07,45.7400016784668,47.20000076293945,45.7400016784668,46.880001068115234,1887300.0
2018-05-08,46.880001068115234,47.83000183105469,46.540000915527344,47.59000015258789,1458000.0
2018-05-09,47.900001525878906,48.380001068115234,47.72999954223633,47.91999816894531,1728200.0
2018-05-10,48.11000061035156,48.380001068115234,47.47999954223633,47.75,3531200.0
2018-05-11,45.349998474121094,45.720001220703125,43.040000915527344,44.02000045776367,8038300.0
2018-05-14,44.18000030517578,44.58000183105469,41.849998474121094,42.0,4386600.0
2018-05-15,42.06999969482422,43.40999984741211,41.4900016784668,43.29999923706055,2287600.0
2018-05-16,42.9900016784668,44.77000045776367,42.9900016784668,44.029998779296875,2565100.0
2018-05-17,43.91999816894531,45.470001220703125,43.83000183105469,45.22999954223633,2064000.0
2018-05-18,46.59000015258789,46.75,45.290000915527344,46.439998626708984,2425000.0
2018-05-21,46.86000061035156,47.400001525878906,46.41999816894531,46.45000076293945,1331000.0
2018-05-22,46.68000030517578,46.7400016784668,44.02000045776367,44.15999984741211,2341000.0
2018-05-23,43.79999923706055,44.93000030517578,43.7599983215332,44.470001220703125,1444600.0
2018-05-24,44.540000915527344,44.58000183105469,43.22999954223633,43.40999984741211,1605900.0
2018-05-25,43.310001373291016,43.38999938964844,42.27000045776367,42.59000015258789,1942200.0
2018-05-29,42.22999954223633,42.779998779296875,42.06999969482422,42.59000015258789,1304700.0
2018-05-30,42.75,43.900001525878906,42.75,43.560001373291016,1055300.0
2018-05-31,43.560001373291016,44.04999923706055,42.83000183105469,42.849998474121094,1268900.0
2018-06-01,43.0,43.45000076293945,42.5099983215332,43.11000061035156,1455000.0
2018-06-04,43.13999938964844,43.630001068115234,42.279998779296875,43.22999954223633,1128100.0
2018-06-05,43.38999938964844,44.119998931884766,43.25,44.11000061035156,1867300.0
2018-06-06,42.939998626708984,43.619998931884766,41.5,41.880001068115234,3201000.0
2018-06-07,41.86000061035156,42.150001525878906,40.709999084472656,41.349998474121094,1800900.0
2018-06-08,41.13999938964844,43.040000915527344,41.13999938964844,42.040000915527344,1214600.0
2018-06-11,42.369998931884766,42.380001068115234,41.25,41.869998931884766,1168400.0
2018-06-12,41.88999938964844,42.880001068115234,41.779998779296875,42.63999938964844,1223800.0
2018-06-13,41.0,41.689998626708984,40.400001525878906,41.04999923706055,2166500.0
2018-06-14,41.02000045776367,41.79999923706055,40.7599983215332,41.15999984741211,1633700.0
2018-06-15,40.7400016784668,40.970001220703125,39.47999954223633,40.93000030517578,2844400.0
2018-06-18,40.709999084472656,42.439998626708984,40.4900016784668,41.900001525878906,1942000.0
2018-06-19,41.290000915527344,42.04999923706055,41.02000045776367,41.97999954223633,1350600.0
2018-06-20,42.130001068115234,42.4900016784668,41.95000076293945,42.119998931884766,891800.0
2018-06-21,42.400001525878906,43.4900016784668,41.619998931884766,41.720001220703125,1655200.0
2018-06-22,41.72999954223633,42.40999984741211,40.65999984741211,40.68000030517578,1615800.0
2018-06-25,40.400001525878906,40.41999816894531,38.63999938964844,40.08000183105469,2033900.0
2018-06-26,40.209999084472656,40.470001220703125,39.5,39.68000030517578,1162700.0
2018-06-27,39.72999954223633,39.880001068115234,38.630001068115234,38.70000076293945,1444600.0
2018-06-28,38.58000183105469,39.36000061035156,38.06999969482422,39.119998931884766,1329400.0
2018-06-29,39.310001373291016,39.560001373291016,39.0099983215332,39.18000030517578,837700.0
2018-07-02,38.779998779296875,39.650001525878906,38.619998931884766,39.61000061035156,788600.0
2018-07-03,39.70000076293945,39.81999969482422,38.849998474121094,39.29999923706055,714000.0
2018-07-05,39.5,40.0,39.189998626708984,40.0,788600.0
2018-07-06,40.029998779296875,40.310001373291016,39.41999816894531,39.959999084472656,1006700.0
2018-07-09,40.25,40.25,39.59000015258789,40.0,956200.0
2018-07-10,40.0,40.43000030517578,39.22999954223633,39.400001525878906,905900.0
2018-07-11,39.0099983215332,39.81999969482422,38.95000076293945,39.400001525878906,879000.0
2018-07-12,39.79999923706055,40.75,39.599998474121094,40.720001220703125,1404200.0
2018-07-13,40.91999816894531,40.91999816894531,39.279998779296875,39.790000915527344,1100500.0
2018-07-16,39.720001220703125,40.54999923706055,39.689998626708984,40.29999923706055,1066800.0
2018-07-17,40.11000061035156,41.189998626708984,39.93000030517578,40.75,1229000.0
2018-07-18,40.7400016784668,40.77000045776367,39.959999084472656,40.75,1131100.0
2018-07-19,40.59000015258789,40.79999923706055,39.54999923706055,39.689998626708984,785900.0
2018-07-20,39.709999084472656,39.95000076293945,39.34000015258789,39.38999938964844,1035300.0
2018-07-23,39.150001525878906,39.33000183105469,38.290000915527344,38.63999938964844,2241800.0
2018-07-24,38.880001068115234,38.880001068115234,37.61000061035156,38.0,1621900.0
2018-07-25,38.27000045776367,39.279998779296875,38.11000061035156,38.9900016784668,1690700.0
2018-07-26,38.7599983215332,41.41999816894531,38.06999969482422,40.18000030517578,4477600.0
2018-07-27,40.209999084472656,40.209999084472656,37.459999084472656,38.0,2238600.0
2018-07-30,37.869998931884766,38.2599983215332,36.40999984741211,37.27000045776367,1454900.0
2018-07-31,37.13999938964844,37.63999938964844,36.790000915527344,36.880001068115234,1596000.0
2018-08-01,37.0,38.11000061035156,37.0,37.5099983215332,1311700.0
2018-08-02,37.27000045776367,37.970001220703125,37.029998779296875,37.720001220703125,1394500.0
2018-08-03,37.93000030517578,38.189998626708984,37.36000061035156,37.91999816894531,930200.0
2018-08-06,38.0,38.88999938964844,37.5,38.75,2330900.0
2018-08-07,38.77000045776367,39.91999816894531,38.2599983215332,38.650001525878906,2632500.0
2018-08-08,38.900001525878906,39.040000915527344,37.2599983215332,38.15999984741211,7955700.0
2018-08-09,44.0,49.77000045776367,43.5099983215332,48.33000183105469,26302200.0
2018-08-10,48.029998779296875,51.33000183105469,47.540000915527344,49.349998474121094,9312700.0
2018-08-13,49.560001373291016,49.56999969482422,46.86000061035156,46.939998626708984,4487500.0
2018-08-14,47.0099983215332,48.0,46.599998474121094,47.86000061035156,2367500.0
2018-08-15,47.4900016784668,48.25,46.25,46.81999969482422,1874800.0
2018-08-16,47.34000015258789,47.52000045776367,46.25,46.349998474121094,1840900.0
2018-08-17,46.04999923706055,46.189998626708984,44.38999938964844,45.31999969482422,2655800.0
2018-08-20,45.2400016784668,45.47999954223633,44.220001220703125,44.7400016784668,1970500.0
2018-08-21,44.68000030517578,45.189998626708984,44.310001373291016,44.529998779296875,2001400.0
2018-08-22,44.22999954223633,44.68000030517578,43.77000045776367,44.18000030517578,1176100.0
2018-08-23,44.279998779296875,45.349998474121094,44.2599983215332,45.310001373291016,2053200.0
2018-08-24,45.61000061035156,46.65999984741211,45.599998474121094,46.349998474121094,2066600.0
2018-08-27,46.689998626708984,47.040000915527344,46.5,46.9900016784668,1287100.0
2018-08-28,47.0,47.22999954223633,46.209999084472656,46.7400016784668,1391300.0
2018-08-29,46.560001373291016,47.16999816894531,46.4900016784668,46.9900016784668,1130000.0
2018-08-30,46.93000030517578,47.189998626708984,46.58000183105469,46.81999969482422,959800.0
2018-08-31,46.68000030517578,47.470001220703125,46.4900016784668,47.119998931884766,849700.0
2018-09-04,46.88999938964844,47.22999954223633,45.939998626708984,46.72999954223633,1150400.0
2018-09-05,46.59000015258789,46.77000045776367,44.54999923706055,44.93000030517578,1349400.0
2018-09-06,45.0,45.900001525878906,44.4900016784668,44.90999984741211,1136800.0
2018-09-07,44.59000015258789,45.79999923706055,44.18000030517578,45.2599983215332,1570100.0
2018-09-10,45.439998626708984,45.439998626708984,44.68000030517578,45.25,1037600.0
2018-09-11,45.02000045776367,45.900001525878906,44.59000015258789,45.22999954223633,893700.0
2018-09-12,45.130001068115234,45.86000061035156,44.20000076293945,45.720001220703125,875400.0
2018-09-13,46.0,46.70000076293945,45.84000015258789,45.939998626708984,599700.0
2018-09-14,46.54999923706055,47.0,45.709999084472656,46.04999923706055,1449000.0
2018-09-17,46.189998626708984,46.7599983215332,45.7400016784668,46.279998779296875,1472100.0
2018-09-18,46.47999954223633,50.619998931884766,46.47999954223633,49.970001220703125,5080700.0
2018-09-19,50.27000045776367,50.369998931884766,47.54999923706055,48.77000045776367,2203700.0
2018-09-20,49.0099983215332,52.5,48.59000015258789,52.06999969482422,5024000.0
2018-09-21,51.95000076293945,52.189998626708984,49.75,49.91999816894531,3465400.0
2018-09-24,49.619998931884766,50.099998474121094,48.310001373291016,49.31999969482422,1175300.0
2018-09-25,49.470001220703125,50.439998626708984,49.18000030517578,50.31999969482422,1533200.0
2018-09-26,50.650001525878906,51.150001525878906,49.369998931884766,49.5099983215332,1556800.0
2018-09-27,49.7599983215332,51.029998779296875,49.5099983215332,49.900001525878906,1358100.0
2018-09-28,49.65999984741211,50.33000183105469,49.15999984741211,49.20000076293945,1525900.0
2018-10-01,49.650001525878906,49.93000030517578,48.16999816894531,48.43000030517578,1346100.0
2018-10-02,48.220001220703125,48.650001525878906,47.310001373291016,47.5,1711200.0
2018-10-03,47.880001068115234,48.61000061035156,46.88999938964844,47.9900016784668,1654000.0
2018-10-04,47.91999816894531,47.91999816894531,46.880001068115234,47.2599983215332,1214100.0
2018-10-05,47.38999938964844,48.20000076293945,45.75,46.29999923706055,1697200.0
2018-10-08,46.0,46.68000030517578,44.40999984741211,45.36000061035156,1405600.0
2018-10-09,45.02000045776367,45.97999954223633,44.43000030517578,44.630001068115234,1011400.0
2018-10-10,44.400001525878906,44.529998779296875,41.63999938964844,41.70000076293945,2937300.0
2018-10-11,41.11000061035156,42.9900016784668,41.060001373291016,41.75,3379200.0
2018-10-12,42.9900016784668,43.29999923706055,41.83000183105469,42.779998779296875,2554800.0
2018-10-15,42.61000061035156,43.45000076293945,42.0099983215332,42.959999084472656,1145900.0
2018-10-16,43.380001068115234,44.36000061035156,42.66999816894531,44.25,856600.0
2018-10-17,44.41999816894531,44.41999816894531,43.5,43.93000030517578,809400.0
2018-10-18,43.88999938964844,44.27000045776367,42.349998474121094,42.58000183105469,1085800.0
2018-10-19,42.58000183105469,43.220001220703125,42.099998474121094,42.4900016784668,1137200.0
2018-10-22,43.0,43.43000030517578,42.400001525878906,42.9900016784668,1097800.0
2018-10-23,41.880001068115234,43.38999938964844,41.880001068115234,42.90999984741211,1207300.0
2018-10-24,42.79999923706055,43.2400016784668,40.72999954223633,40.790000915527344,1400100.0
2018-10-25,41.18000030517578,42.36000061035156,41.16999816894531,41.790000915527344,1001900.0
2018-10-26,40.810001373291016,42.41999816894531,39.5099983215332,41.189998626708984,1567100.0
2018-10-29,41.86000061035156,42.25,40.060001373291016,40.720001220703125,1556000.0
2018-10-30,40.369998931884766,41.86000061035156,40.150001525878906,41.619998931884766,872200.0
2018-10-31,42.279998779296875,43.34000015258789,42.279998779296875,42.81999969482422,1277000.0
2018-11-01,43.099998474121094,44.209999084472656,42.650001525878906,43.689998626708984,1263800.0
2018-11-02,43.7599983215332,44.5,42.470001220703125,43.099998474121094,1017900.0
2018-11-05,42.9900016784668,43.90999984741211,42.54999923706055,43.470001220703125,1428400.0
2018-11-06,43.5,44.63999938964844,43.45000076293945,44.529998779296875,2360900.0
2018-11-07,44.88999938964844,44.939998626708984,43.38999938964844,44.84000015258789,1991200.0
2018-11-08,44.650001525878906,45.45000076293945,43.04999923706055,43.5,5412700.0
2018-11-09,29.59000015258789,33.15999984741211,29.329999923706055,31.93000030517578,25356300.0
2018-11-12,31.260000228881836,34.7400016784668,30.8799991607666,34.06999969482422,10410200.0
2018-11-13,34.09000015258789,34.38999938964844,32.349998474121094,33.66999816894531,6911000.0
2018-11-14,33.9900016784668,34.220001220703125,32.119998931884766,32.33000183105469,3408500.0
2018-11-15,32.25,33.130001068115234,31.610000610351562,33.0099983215332,2713800.0
2018-11-16,32.63999938964844,32.88999938964844,31.959999084472656,32.77000045776367,1629100.0
2018-11-19,32.59000015258789,32.59000015258789,31.1200008392334,31.270000457763672,2170000.0
2018-11-20,30.43000030517578,31.420000076293945,30.110000610351562,31.219999313354492,2200300.0
2018-11-21,31.420000076293945,31.670000076293945,30.399999618530273,30.670000076293945,3601100.0
2018-11-23,30.5,31.350000381469727,30.440000534057617,30.739999771118164,1102600.0
2018-11-26,30.700000762939453,32.04999923706055,30.6200008392334,31.979999542236328,2193900.0
2018-11-27,31.790000915527344,32.22999954223633,31.219999313354492,31.3700008392334,1919400.0
2018-11-28,31.700000762939453,32.63999938964844,31.170000076293945,32.439998626708984,2935000.0
2018-11-29,32.400001525878906,34.15999984741211,32.400001525878906,33.84000015258789,3810200.0
2018-11-30,33.75,34.0099983215332,33.15999984741211,33.66999816894531,1472900.0
2018-12-03,34.2599983215332,35.43000030517578,33.72999954223633,35.29999923706055,2877900.0
2018-12-04,35.0099983215332,35.29999923706055,33.40999984741211,33.720001220703125,1468300.0
2018-12-06,33.0,34.45000076293945,32.70000076293945,34.40999984741211,1149700.0
2018-12-07,35.90999984741211,36.380001068115234,34.16999816894531,34.59000015258789,5730100.0
2018-12-10,34.959999084472656,36.09000015258789,34.86000061035156,35.63999938964844,5119100.0
2018-12-11,36.0,36.40999984741211,34.88999938964844,35.939998626708984,17713500.0
2018-12-12,36.099998474121094,36.52000045776367,35.63999938964844,35.849998474121094,3289300.0
2018-12-13,35.939998626708984,35.959999084472656,35.060001373291016,35.86000061035156,1781600.0
2018-12-14,35.290000915527344,37.09000015258789,35.209999084472656,35.2400016784668,3360000.0
2018-12-17,34.849998474121094,35.41999816894531,33.529998779296875,33.959999084472656,2184000.0
2018-12-18,34.22999954223633,34.84000015258789,33.41999816894531,33.81999969482422,1642200.0
2018-12-19,33.790000915527344,35.279998779296875,33.560001373291016,33.86000061035156,1940600.0
2018-12-20,33.599998474121094,34.130001068115234,32.599998474121094,33.25,2080100.0
2018-12-21,33.119998931884766,33.5,31.530000686645508,32.099998474121094,2182000.0
2018-12-24,31.670000076293945,33.16999816894531,31.3700008392334,32.2400016784668,780000.0
2018-12-26,32.5,34.20000076293945,32.310001373291016,34.13999938964844,1744200.0
2018-12-27,33.540000915527344,34.959999084472656,33.189998626708984,34.95000076293945,1643500.0
2018-12-28,34.939998626708984,35.119998931884766,33.630001068115234,34.41999816894531,1290300.0
2018-12-31,34.619998931884766,35.34000015258789,34.43000030517578,34.9900016784668,1388500.0
2019-01-02,34.189998626708984,35.02000045776367,33.779998779296875,34.56999969482422,1558800.0
2019-01-03,34.25,34.65999984741211,33.5,33.63999938964844,1338100.0
2019-01-04,34.27000045776367,35.099998474121094,34.02000045776367,34.560001373291016,3586200.0
2019-01-07,34.63999938964844,35.060001373291016,34.400001525878906,34.83000183105469,1568300.0
2019-01-08,35.20000076293945,35.70000076293945,35.0099983215332,35.5099983215332,1173400.0
2019-01-09,35.86000061035156,36.13999938964844,35.33000183105469,35.70000076293945,1181100.0
2019-01-10,32.91999816894531,34.31999969482422,32.84000015258789,34.310001373291016,2982400.0
2019-01-11,34.369998931884766,35.130001068115234,34.150001525878906,34.5,1925100.0
2019-01-14,34.150001525878906,34.880001068115234,33.97999954223633,34.47999954223633,2009600.0
2019-01-15,34.58000183105469,35.06999969482422,34.0,34.970001220703125,1671500.0
2019-01-16,36.11000061035156,36.83000183105469,35.08000183105469,35.75,2999400.0
2019-01-17,35.68000030517578,36.52000045776367,35.650001525878906,36.22999954223633,1295600.0
2019-01-18,36.4900016784668,36.75,35.90999984741211,36.27000045776367,1970400.0
2019-01-22,35.84000015258789,36.31999969482422,35.119998931884766,35.369998931884766,1015100.0
2019-01-23,35.619998931884766,36.27000045776367,35.20000076293945,35.470001220703125,1247000.0
2019-01-24,35.459999084472656,36.40999984741211,35.33000183105469,35.84000015258789,972000.0
2019-01-25,36.15999984741211,37.22999954223633,35.86000061035156,37.060001373291016,1095900.0
2019-01-28,36.689998626708984,37.04999923706055,36.380001068115234,36.70000076293945,968700.0
2019-01-29,36.93000030517578,37.29999923706055,36.15999984741211,36.220001220703125,1681100.0
2019-01-30,36.65999984741211,36.65999984741211,35.849998474121094,36.45000076293945,1582800.0
2019-01-31,36.59000015258789,36.97999954223633,36.099998474121094,36.41999816894531,1342600.0
2019-02-01,36.560001373291016,37.470001220703125,36.29999923706055,37.16999816894531,1278300.0
2019-02-04,37.58000183105469,38.20000076293945,37.029998779296875,37.83000183105469,2355000.0
2019-02-05,37.97999954223633,38.09000015258789,37.36000061035156,37.43000030517578,1013000.0
2019-02-06,37.27000045776367,39.0,37.11000061035156,37.13999938964844,3723200.0
2019-02-07,36.7599983215332,36.7599983215332,35.95000076293945,36.25,2569900.0
2019-02-08,35.9900016784668,38.18000030517578,35.9900016784668,37.97999954223633,2783500.0
2019-02-11,38.0099983215332,38.560001373291016,37.5,37.900001525878906,2497700.0
2019-02-12,38.099998474121094,39.09000015258789,38.099998474121094,38.88999938964844,1751600.0
2019-02-13,39.0,39.209999084472656,38.38999938964844,38.459999084472656,4778300.0
2019-02-14,39.0,39.0,36.869998931884766,38.189998626708984,10195900.0
2019-02-15,38.54999923706055,40.779998779296875,38.119998931884766,39.939998626708984,4717700.0
2019-02-19,39.720001220703125,40.4900016784668,39.630001068115234,39.70000076293945,1908600.0
2019-02-20,39.65999984741211,40.0,38.66999816894531,38.75,1476500.0
2019-02-21,38.75,38.75,37.84000015258789,37.9900016784668,1456800.0
2019-02-22,38.13999938964844,38.75,37.939998626708984,38.540000915527344,1949400.0
2019-02-25,38.66999816894531,39.439998626708984,38.380001068115234,38.41999816894531,1507500.0
2019-02-26,38.349998474121094,38.380001068115234,37.810001373291016,37.900001525878906,2287300.0
2019-02-27,37.79999923706055,38.209999084472656,37.5099983215332,37.709999084472656,1773400.0
2019-02-28,37.77000045776367,37.91999816894531,37.20000076293945,37.2599983215332,1813500.0
2019-03-01,37.779998779296875,38.04999923706055,37.029998779296875,37.130001068115234,1688300.0
2019-03-04,37.220001220703125,37.310001373291016,36.0,36.7400016784668,2549900.0
2019-03-05,36.810001373291016,36.97999954223633,36.540000915527344,36.540000915527344,1924700.0
2019-03-06,36.470001220703125,36.75,35.7599983215332,35.93000030517578,2212700.0
2019-03-07,35.869998931884766,36.099998474121094,34.7400016784668,34.79999923706055,2020500.0
2019-03-08,34.310001373291016,34.77000045776367,34.189998626708984,34.7400016784668,1510900.0
2019-03-11,34.970001220703125,35.90999984741211,34.630001068115234,35.709999084472656,2007400.0
2019-03-12,35.7599983215332,35.91999816894531,34.88999938964844,35.04999923706055,1765000.0
2019-03-13,35.18000030517578,35.380001068115234,34.5099983215332,34.54999923706055,1898500.0
2019-03-14,34.529998779296875,34.9900016784668,34.2599983215332,34.63999938964844,1502300.0
2019-03-15,34.70000076293945,35.59000015258789,34.70000076293945,35.099998474121094,1985300.0
2019-03-18,35.099998474121094,35.47999954223633,34.7599983215332,34.880001068115234,1311500.0
2019-03-19,34.95000076293945,35.09000015258789,34.560001373291016,34.70000076293945,1014800.0
2019-03-20,34.61000061035156,35.11000061035156,34.470001220703125,34.599998474121094,1264900.0
2019-03-21,34.310001373291016,34.939998626708984,34.310001373291016,34.88999938964844,1458400.0
2019-03-22,34.689998626708984,35.56999969482422,34.36000061035156,34.36000061035156,1707100.0
2019-03-25,34.20000076293945,34.880001068115234,34.04999923706055,34.709999084472656,1152100.0
2019-03-26,34.97999954223633,35.38999938964844,34.720001220703125,34.880001068115234,1044600.0
2019-03-27,34.79999923706055,34.939998626708984,34.16999816894531,34.439998626708984,1222200.0
2019-03-28,34.47999954223633,34.93000030517578,34.380001068115234,34.68000030517578,933500.0
2019-03-29,35.0099983215332,35.119998931884766,34.41999816894531,34.5,1226800.0
2019-04-01,34.900001525878906,35.290000915527344,34.689998626708984,35.029998779296875,1482800.0
2019-04-02,35.060001373291016,35.45000076293945,34.90999984741211,35.36000061035156,1071700.0
2019-04-03,35.599998474121094,36.119998931884766,35.59000015258789,35.68000030517578,1089100.0
2019-04-04,35.68000030517578,35.939998626708984,34.61000061035156,35.189998626708984,1326600.0
2019-04-05,35.06999969482422,35.72999954223633,35.06999969482422,35.400001525878906,979400.0
2019-04-08,35.2599983215332,35.43000030517578,34.880001068115234,35.29999923706055,818800.0
2019-04-09,35.22999954223633,35.630001068115234,35.16999816894531,35.5,828200.0
2019-04-10,35.540000915527344,36.38999938964844,35.279998779296875,35.900001525878906,1310500.0
2019-04-11,35.86000061035156,36.15999984741211,35.599998474121094,35.720001220703125,1054400.0
2019-04-12,35.900001525878906,36.099998474121094,35.41999816894531,35.58000183105469,1040100.0
2019-04-15,35.5,35.849998474121094,35.029998779296875,35.41999816894531,932700.0
2019-04-16,35.58000183105469,35.939998626708984,35.45000076293945,35.59000015258789,1172300.0
2019-04-17,35.83000183105469,36.20000076293945,35.349998474121094,35.650001525878906,939900.0
2019-04-18,35.939998626708984,36.189998626708984,35.5,36.0,821500.0
2019-04-22,35.91999816894531,37.06999969482422,35.90999984741211,36.95000076293945,1333000.0
2019-04-23,37.04999923706055,38.34000015258789,37.04999923706055,38.119998931884766,1791300.0
2019-04-24,38.0,38.5099983215332,37.93000030517578,38.040000915527344,1363400.0
2019-04-25,38.06999969482422,39.52000045776367,38.04999923706055,39.5099983215332,2225500.0
2019-04-26,39.5099983215332,39.7599983215332,39.25,39.52000045776367,1145500.0
2019-04-29,39.650001525878906,40.22999954223633,39.650001525878906,40.060001373291016,1205900.0
2019-04-30,40.060001373291016,40.439998626708984,39.75,40.060001373291016,1052500.0
2019-05-01,40.060001373291016,40.27000045776367,39.630001068115234,39.63999938964844,694500.0
2019-05-02,39.61000061035156,40.27000045776367,39.31999969482422,40.189998626708984,917200.0
2019-05-03,40.40999984741211,40.9900016784668,40.29999923706055,40.97999954223633,1038000.0
2019-05-06,40.11000061035156,40.86000061035156,40.0099983215332,40.72999954223633,1105000.0
2019-05-07,40.27000045776367,40.54999923706055,39.59000015258789,39.90999984741211,1064700.0
2019-05-08,39.88999938964844,40.790000915527344,39.72999954223633,40.56999969482422,1353800.0
2019-05-09,40.13999938964844,40.279998779296875,39.09000015258789,39.72999954223633,2422600.0
2019-05-10,36.34000015258789,37.0,32.90999984741211,34.02000045776367,11215300.0
2019-05-13,33.310001373291016,33.310001373291016,30.700000762939453,31.559999465942383,5229600.0
2019-05-14,31.809999465942383,32.75,31.719999313354492,32.29999923706055,2074900.0
2019-05-15,31.860000610351562,33.470001220703125,31.850000381469727,32.93000030517578,2185500.0
2019-05-16,32.95000076293945,33.47999954223633,32.84000015258789,32.849998474121094,1758600.0
2019-05-17,32.31999969482422,33.02000045776367,32.11000061035156,32.40999984741211,2133300.0
2019-05-20,31.690000534057617,32.099998474121094,31.469999313354492,31.690000534057617,2136200.0
2019-05-21,31.950000762939453,32.52000045776367,31.84000015258789,32.290000915527344,2084200.0
2019-05-22,32.060001373291016,32.470001220703125,32.029998779296875,32.16999816894531,1091400.0
2019-05-23,31.700000762939453,32.06999969482422,31.40999984741211,31.6299991607666,1733500.0
2019-05-24,31.81999969482422,32.060001373291016,31.6299991607666,31.8700008392334,1817500.0
2019-05-28,32.0,32.16999816894531,31.239999771118164,31.459999084472656,1532900.0
2019-05-29,31.049999237060547,31.299999237060547,30.790000915527344,30.899999618530273,1691300.0
2019-05-30,31.010000228881836,31.309999465942383,30.860000610351562,31.229999542236328,998600.0
2019-05-31,30.809999465942383,31.049999237060547,30.579999923706055,30.729999542236328,1793300.0
2019-06-03,30.770000457763672,30.81999969482422,30.18000030517578,30.360000610351562,2366900.0
2019-06-04,30.600000381469727,31.950000762939453,30.530000686645508,31.790000915527344,2853300.0
2019-06-05,31.959999084472656,32.290000915527344,31.239999771118164,31.690000534057617,1706200.0
2019-06-06,31.559999465942383,31.81999969482422,31.15999984741211,31.56999969482422,1153600.0
2019-06-07,31.68000030517578,31.799999237060547,31.389999389648438,31.479999542236328,1010300.0
2019-06-10,31.68000030517578,32.349998474121094,31.68000030517578,31.950000762939453,1026300.0
2019-06-11,32.279998779296875,32.279998779296875,31.790000915527344,32.060001373291016,716800.0
2019-06-12,32.08000183105469,32.209999084472656,31.540000915527344,31.979999542236328,934500.0
2019-06-13,32.13999938964844,32.439998626708984,31.969999313354492,32.34000015258789,551500.0
2019-06-14,32.33000183105469,32.33000183105469,31.6200008392334,31.719999313354492,566000.0
2019-06-17,31.93000030517578,32.439998626708984,31.709999084472656,32.09000015258789,749600.0
2019-06-18,32.47999954223633,32.939998626708984,32.369998931884766,32.90999984741211,1023500.0
2019-06-19,33.0,33.20000076293945,32.52000045776367,32.81999969482422,747700.0
2019-06-20,33.18000030517578,33.290000915527344,32.81999969482422,33.13999938964844,1003700.0
2019-06-21,32.939998626708984,33.150001525878906,32.720001220703125,32.81999969482422,906000.0
2019-06-24,32.939998626708984,33.529998779296875,32.70000076293945,33.18000030517578,1517600.0
2019-06-25,33.349998474121094,33.40999984741211,32.61000061035156,32.709999084472656,1080900.0
2019-06-26,33.0,33.439998626708984,32.869998931884766,33.040000915527344,797800.0
2019-06-27,33.16999816894531,34.34000015258789,33.08000183105469,33.95000076293945,1882800.0
2019-06-28,33.95000076293945,34.70000076293945,33.95000076293945,34.18000030517578,1652700.0
2019-07-01,34.75,35.15999984741211,34.189998626708984,34.33000183105469,1213800.0
2019-07-02,34.43000030517578,34.43000030517578,33.79999923706055,34.349998474121094,553700.0
2019-07-03,34.380001068115234,34.790000915527344,34.20000076293945,34.72999954223633,466300.0
2019-07-05,34.459999084472656,35.04999923706055,34.22999954223633,34.91999816894531,923300.0
2019-07-08,34.84000015258789,35.04999923706055,34.720001220703125,34.9900016784668,750600.0
2019-07-09,34.83000183105469,35.4900016784668,34.79999923706055,35.33000183105469,1035100.0
2019-07-10,35.5,35.970001220703125,35.369998931884766,35.459999084472656,807400.0
2019-07-11,35.529998779296875,35.91999816894531,35.25,35.75,575200.0
2019-07-12,35.790000915527344,36.220001220703125,35.540000915527344,36.040000915527344,836600.0
2019-07-15,36.189998626708984,36.189998626708984,35.369998931884766,35.59000015258789,774300.0
2019-07-16,35.599998474121094,35.869998931884766,35.459999084472656,35.619998931884766,768500.0
2019-07-17,35.599998474121094,35.77000045776367,34.88999938964844,34.900001525878906,788100.0
2019-07-18,34.790000915527344,35.08000183105469,34.459999084472656,34.459999084472656,1181500.0
2019-07-19,34.599998474121094,35.04999923706055,34.08000183105469,34.08000183105469,1015000.0
2019-07-22,34.209999084472656,34.349998474121094,33.790000915527344,33.869998931884766,1026700.0
2019-07-23,34.060001373291016,34.47999954223633,33.77000045776367,34.47999954223633,1720100.0
2019-07-24,34.43000030517578,35.560001373291016,34.2400016784668,35.439998626708984,1126800.0
2019-07-25,35.52000045776367,35.529998779296875,34.68000030517578,34.88999938964844,654000.0
2019-07-26,35.380001068115234,35.54999923706055,35.02000045776367,35.41999816894531,601300.0
2019-07-29,35.400001525878906,35.439998626708984,34.880001068115234,35.43000030517578,510300.0
2019-07-30,35.119998931884766,35.63999938964844,35.040000915527344,35.54999923706055,630100.0
2019-07-31,35.7400016784668,36.31999969482422,34.849998474121094,35.04999923706055,1391100.0
2019-08-01,35.040000915527344,36.29999923706055,34.86000061035156,34.93000030517578,1636200.0
2019-08-02,34.599998474121094,35.459999084472656,34.150001525878906,35.34000015258789,853800.0
2019-08-05,34.38999938964844,34.529998779296875,33.13999938964844,33.529998779296875,1713900.0
2019-08-06,33.900001525878906,34.54999923706055,33.66999816894531,34.27000045776367,1613200.0
2019-08-07,33.84000015258789,34.47999954223633,33.040000915527344,34.36000061035156,1296900.0
2019-08-08,34.58000183105469,35.5099983215332,33.84000015258789,34.95000076293945,3656200.0
2019-08-09,38.470001220703125,39.369998931884766,36.25,36.77000045776367,9074900.0
2019-08-12,36.56999969482422,36.56999969482422,34.34000015258789,34.939998626708984,2308200.0
2019-08-13,34.2599983215332,35.31999969482422,34.2599983215332,34.619998931884766,1621400.0
2019-08-14,33.650001525878906,34.09000015258789,32.459999084472656,32.70000076293945,2249600.0
2019-08-15,32.83000183105469,33.119998931884766,32.59000015258789,32.970001220703125,1320700.0
2019-08-16,33.27000045776367,33.52000045776367,32.900001525878906,33.16999816894531,1104800.0
2019-08-19,33.61000061035156,33.61000061035156,32.81999969482422,32.91999816894531,1169800.0
2019-08-20,32.849998474121094,32.939998626708984,32.5,32.66999816894531,1007900.0
2019-08-21,33.0,33.41999816894531,32.66999816894531,33.22999954223633,1040700.0
2019-08-22,33.209999084472656,33.439998626708984,32.61000061035156,32.88999938964844,1100700.0
2019-08-23,32.65999984741211,32.91999816894531,31.6200008392334,31.770000457763672,1863200.0
2019-08-26,32.09000015258789,32.16999816894531,31.690000534057617,32.029998779296875,1606400.0
2019-08-27,32.31999969482422,33.400001525878906,32.25,33.310001373291016,2706200.0
2019-08-28,33.11000061035156,33.70000076293945,32.77000045776367,33.369998931884766,1950300.0
2019-08-29,33.95000076293945,34.209999084472656,33.189998626708984,33.54999923706055,1292700.0
2019-08-30,33.63999938964844,33.810001373291016,33.27000045776367,33.5099983215332,1076300.0
2019-09-03,33.220001220703125,33.27000045776367,32.59000015258789,33.209999084472656,1480300.0
2019-09-04,33.560001373291016,33.70000076293945,32.79999923706055,32.84000015258789,834900.0
2019-09-05,33.09000015258789,33.599998474121094,32.88999938964844,33.2400016784668,798800.0
2019-09-06,33.27000045776367,33.369998931884766,32.68000030517578,32.70000076293945,849300.0
2019-09-09,32.970001220703125,33.25,32.5,33.22999954223633,950000.0
2019-09-10,33.470001220703125,33.9900016784668,32.9900016784668,33.959999084472656,1122900.0
2019-09-11,34.0099983215332,34.650001525878906,33.459999084472656,34.599998474121094,879200.0
2019-09-12,35.599998474121094,37.08000183105469,35.13999938964844,36.52000045776367,3622700.0
2019-09-13,36.529998779296875,37.619998931884766,35.88999938964844,37.439998626708984,2022200.0
2019-09-16,37.099998474121094,38.400001525878906,36.9900016784668,38.209999084472656,1659900.0
2019-09-17,38.029998779296875,38.349998474121094,36.900001525878906,36.97999954223633,1783900.0
2019-09-18,37.029998779296875,37.13999938964844,36.45000076293945,36.93000030517578,1010500.0
2019-09-19,37.0,37.2599983215332,36.099998474121094,36.29999923706055,1007000.0
2019-09-20,36.2400016784668,36.29999923706055,35.43000030517578,35.470001220703125,2141100.0
2019-09-23,35.31999969482422,35.63999938964844,34.7599983215332,34.84000015258789,1153800.0
2019-09-24,34.959999084472656,35.150001525878906,33.689998626708984,34.400001525878906,1667300.0
2019-09-25,34.439998626708984,35.099998474121094,34.220001220703125,34.959999084472656,707800.0
2019-09-26,34.81999969482422,35.27000045776367,34.61000061035156,35.08000183105469,768500.0
2019-09-27,35.18000030517578,35.4900016784668,34.099998474121094,34.41999816894531,646000.0
2019-09-30,34.4900016784668,34.849998474121094,33.959999084472656,34.75,682800.0
2019-10-01,34.95000076293945,35.619998931884766,34.5099983215332,34.86000061035156,750400.0
2019-10-02,34.34000015258789,34.68000030517578,32.75,33.33000183105469,1012100.0
2019-10-03,33.150001525878906,33.45000076293945,32.310001373291016,33.11000061035156,1182800.0
2019-10-04,33.40999984741211,33.5,32.81999969482422,33.400001525878906,503800.0
2019-10-07,33.27000045776367,33.959999084472656,33.220001220703125,33.279998779296875,521400.0
2019-10-08,32.959999084472656,33.150001525878906,32.61000061035156,32.75,754700.0
2019-10-09,33.08000183105469,33.08000183105469,32.47999954223633,32.63999938964844,502300.0
2019-10-10,32.54999923706055,32.91999816894531,32.16999816894531,32.220001220703125,589800.0
2019-10-11,32.7400016784668,33.310001373291016,32.5099983215332,32.720001220703125,828700.0
2019-10-14,32.56999969482422,32.939998626708984,32.439998626708984,32.810001373291016,452600.0
2019-10-15,32.83000183105469,33.209999084472656,32.599998474121094,33.09000015258789,607800.0
2019-10-16,33.130001068115234,33.7599983215332,33.060001373291016,33.61000061035156,469500.0
2019-10-17,33.849998474121094,33.93000030517578,33.099998474121094,33.15999984741211,561900.0
2019-10-18,33.119998931884766,33.45000076293945,32.54999923706055,32.93000030517578,805500.0
2019-10-21,33.220001220703125,33.869998931884766,33.130001068115234,33.45000076293945,776800.0
2019-10-22,33.45000076293945,34.150001525878906,33.04999923706055,33.84000015258789,617300.0
2019-10-23,33.66999816894531,33.790000915527344,33.11000061035156,33.529998779296875,1029700.0
2019-10-24,33.47999954223633,33.849998474121094,33.29999923706055,33.5099983215332,1226000.0
2019-10-25,33.52000045776367,35.150001525878906,33.45000076293945,34.689998626708984,1350400.0
2019-10-28,34.7400016784668,35.16999816894531,34.41999816894531,34.90999984741211,674400.0
2019-10-29,34.81999969482422,34.9900016784668,34.279998779296875,34.31999969482422,969900.0
2019-10-30,34.2400016784668,34.869998931884766,33.939998626708984,34.849998474121094,691300.0
2019-10-31,34.709999084472656,34.7400016784668,34.22999954223633,34.5099983215332,974300.0
2019-11-01,34.599998474121094,35.279998779296875,34.470001220703125,35.060001373291016,859700.0
2019-11-04,35.130001068115234,35.529998779296875,34.209999084472656,34.2400016784668,1495800.0
2019-11-05,34.29999923706055,34.75,32.970001220703125,33.15999984741211,1316400.0
2019-11-06,33.02000045776367,33.2599983215332,32.34000015258789,32.709999084472656,1087000.0
2019-11-07,32.900001525878906,33.13999938964844,30.1200008392334,30.1200008392334,4574200.0
2019-11-08,33.349998474121094,35.91999816894531,33.18000030517578,34.77000045776367,5132400.0
2019-11-11,34.439998626708984,36.279998779296875,34.36000061035156,36.060001373291016,1947200.0
2019-11-12,36.04999923706055,36.59000015258789,35.59000015258789,35.77000045776367,1491000.0
2019-11-13,35.619998931884766,36.029998779296875,35.40999984741211,35.560001373291016,871400.0
2019-11-14,35.5,35.5,34.130001068115234,34.27000045776367,1114100.0
2019-11-15,34.56999969482422,34.81999969482422,34.20000076293945,34.61000061035156,1327200.0
2019-11-18,34.54999923706055,35.060001373291016,34.380001068115234,34.779998779296875,660200.0
2019-11-19,34.849998474121094,34.970001220703125,34.2400016784668,34.349998474121094,678700.0
2019-11-20,34.25,34.790000915527344,33.959999084472656,34.22999954223633,682700.0
2019-11-21,34.11000061035156,34.630001068115234,33.849998474121094,34.13999938964844,654200.0
2019-11-22,34.22999954223633,35.43000030517578,34.220001220703125,35.2599983215332,1158200.0
2019-11-25,35.29999923706055,35.52000045776367,34.900001525878906,35.0099983215332,495700.0
2019-11-26,35.0,35.369998931884766,34.65999984741211,35.130001068115234,528400.0
2019-11-27,35.310001373291016,35.43000030517578,35.0099983215332,35.209999084472656,367400.0
2019-11-29,35.0099983215332,35.060001373291016,34.5099983215332,34.68000030517578,214400.0
2019-12-02,34.59000015258789,34.68000030517578,33.2400016784668,33.470001220703125,1311600.0
2019-12-03,32.9900016784668,33.72999954223633,32.86000061035156,33.65999984741211,851600.0
2019-12-04,34.0,34.63999938964844,33.77000045776367,34.18000030517578,820000.0
2019-12-05,34.31999969482422,34.31999969482422,33.22999954223633,33.41999816894531,932500.0
2019-12-06,33.560001373291016,34.0,33.31999969482422,33.380001068115234,630900.0
2019-12-09,33.209999084472656,33.560001373291016,32.95000076293945,33.08000183105469,482800.0
2019-12-10,32.959999084472656,33.349998474121094,32.81999969482422,33.029998779296875,826600.0
2019-12-11,33.20000076293945,33.25,32.599998474121094,32.709999084472656,848700.0
2019-12-12,32.790000915527344,33.5099983215332,32.540000915527344,33.38999938964844,712100.0
2019-12-13,33.2400016784668,33.630001068115234,32.83000183105469,33.54999923706055,787800.0
2019-12-16,33.650001525878906,34.189998626708984,33.650001525878906,33.779998779296875,596600.0
2019-12-17,33.7400016784668,34.08000183105469,33.25,34.0,859300.0
2019-12-18,33.959999084472656,34.25,33.849998474121094,34.13999938964844,567600.0
2019-12-19,34.18000030517578,34.599998474121094,33.9900016784668,34.11000061035156,767400.0
2019-12-20,34.099998474121094,34.36000061035156,33.91999816894531,34.029998779296875,1306800.0
2019-12-23,34.0,34.310001373291016,33.79999923706055,34.209999084472656,547800.0
2019-12-24,34.08000183105469,34.380001068115234,33.849998474121094,34.060001373291016,179800.0
2019-12-26,34.20000076293945,34.7400016784668,34.15999984741211,34.65999984741211,500800.0
2019-12-27,34.7400016784668,35.0,34.560001373291016,34.849998474121094,658900.0
2019-12-30,34.779998779296875,35.04999923706055,34.529998779296875,34.58000183105469,953800.0
2019-12-31,34.349998474121094,35.130001068115234,34.349998474121094,34.83000183105469,680300.0
2020-01-02,35.0,35.25,34.40999984741211,34.77000045776367,684100.0
2020-01-03,34.349998474121094,35.20000076293945,34.33000183105469,34.720001220703125,534300.0
2020-01-06,34.41999816894531,34.689998626708984,34.099998474121094,34.439998626708984,449600.0
2020-01-07,34.349998474121094,34.79999923706055,34.02000045776367,34.56999969482422,370800.0
2020-01-08,34.459999084472656,35.810001373291016,34.380001068115234,35.540000915527344,1356300.0
2020-01-09,35.849998474121094,36.02000045776367,35.06999969482422,35.15999984741211,633600.0
2020-01-10,35.2400016784668,35.369998931884766,34.68000030517578,35.279998779296875,416400.0
2020-01-13,35.349998474121094,36.40999984741211,35.31999969482422,36.22999954223633,586600.0
2020-01-14,36.22999954223633,36.619998931884766,36.04999923706055,36.59000015258789,560800.0
2020-01-15,36.63999938964844,37.25,36.349998474121094,36.95000076293945,566500.0
2020-01-16,37.13999938964844,37.4900016784668,36.79999923706055,37.2400016784668,489800.0
2020-01-17,37.34000015258789,37.41999816894531,36.41999816894531,36.5099983215332,423500.0
2020-01-21,36.18000030517578,36.220001220703125,35.220001220703125,35.33000183105469,789000.0
2020-01-22,35.560001373291016,36.0099983215332,35.189998626708984,35.810001373291016,554100.0
2020-01-23,35.61000061035156,36.150001525878906,35.279998779296875,35.93000030517578,635600.0
2020-01-24,35.849998474121094,36.20000076293945,35.7400016784668,36.119998931884766,476300.0
2020-01-27,35.29999923706055,35.880001068115234,34.59000015258789,35.349998474121094,707500.0
2020-01-28,35.65999984741211,35.88999938964844,35.290000915527344,35.40999984741211,478900.0
2020-01-29,35.66999816894531,35.88999938964844,35.279998779296875,35.38999938964844,506900.0
2020-01-30,35.0,35.11000061035156,34.18000030517578,34.77000045776367,470600.0
2020-01-31,34.529998779296875,34.650001525878906,32.56999969482422,32.599998474121094,1445700.0
2020-02-03,32.70000076293945,33.08000183105469,32.22999954223633,32.939998626708984,1287400.0
2020-02-04,33.5,34.18000030517578,33.25,34.02000045776367,659100.0
2020-02-05,34.380001068115234,34.9900016784668,34.0,34.65999984741211,651900.0
2020-02-06,34.779998779296875,34.91999816894531,34.0,34.119998931884766,787300.0
2020-02-07,34.130001068115234,34.5,33.95000076293945,34.060001373291016,443400.0
2020-02-10,33.79999923706055,34.400001525878906,33.79999923706055,34.20000076293945,797800.0
2020-02-11,34.560001373291016,34.869998931884766,34.16999816894531,34.7599983215332,464300.0
2020-02-12,35.0,35.380001068115234,34.65999984741211,35.36000061035156,958800.0
2020-02-13,35.209999084472656,36.86000061035156,34.95000076293945,36.5,1633700.0
2020-02-14,33.400001525878906,35.2400016784668,32.790000915527344,35.22999954223633,5258600.0
2020-02-18,35.130001068115234,35.43000030517578,33.540000915527344,34.56999969482422,1272600.0
2020-02-19,34.630001068115234,34.75,34.0099983215332,34.040000915527344,678900.0
2020-02-20,33.939998626708984,34.650001525878906,33.86000061035156,34.63999938964844,637600.0
2020-02-21,33.90999984741211,34.45000076293945,33.88999938964844,34.0,787000.0
2020-02-24,32.900001525878906,33.279998779296875,32.209999084472656,32.41999816894531,1027300.0
2020-02-25,33.0,34.47999954223633,33.0,33.5099983215332,2641400.0
2020-02-26,33.68000030517578,34.06999969482422,32.70000076293945,32.939998626708984,1185100.0
2020-02-27,32.11000061035156,32.279998779296875,30.940000534057617,31.399999618530273,1463300.0
2020-02-28,30.690000534057617,31.280000686645508,30.020000457763672,31.270000457763672,1343000.0
2020-03-02,31.43000030517578,31.75,30.299999237060547,31.649999618530273,1151200.0
2020-03-03,31.6200008392334,32.15999984741211,29.989999771118164,30.59000015258789,1212600.0
2020-03-04,30.940000534057617,31.420000076293945,30.280000686645508,31.389999389648438,852700.0
2020-03-05,30.709999084472656,30.889999389648438,28.940000534057617,29.139999389648438,1161600.0
2020-03-06,28.020000457763672,29.010000228881836,27.889999389648438,28.940000534057617,1233400.0
2020-03-09,26.639999389648438,27.190000534057617,25.75,26.399999618530273,1488000.0
2020-03-10,27.350000381469727,27.809999465942383,25.770000457763672,27.809999465942383,1004600.0
2020-03-11,26.8700008392334,26.969999313354492,23.579999923706055,24.0,2028100.0
2020-03-12,21.209999084472656,23.440000534057617,19.290000915527344,21.459999084472656,1928600.0
2020-03-13,22.809999465942383,23.540000915527344,19.81999969482422,23.540000915527344,1731900.0
2020-03-16,20.299999237060547,21.010000228881836,17.450000762939453,17.68000030517578,2153800.0
2020-03-17,18.059999465942383,18.700000762939453,16.969999313354492,17.530000686645508,1907500.0
2020-03-18,15.0,16.8700008392334,14.0,14.460000038146973,2605100.0
2020-03-19,14.489999771118164,16.93000030517578,12.890000343322754,16.709999084472656,2930800.0
2020-03-20,16.790000915527344,18.540000915527344,16.790000915527344,17.799999237060547,2256400.0
2020-03-23,17.75,18.65999984741211,17.1299991607666,18.510000228881836,1366200.0
2020-03-24,19.610000610351562,20.719999313354492,18.020000457763672,20.639999389648438,1326200.0
2020-03-25,20.790000915527344,21.850000381469727,19.360000610351562,21.059999465942383,1359800.0
2020-03-26,21.219999313354492,23.079999923706055,20.84000015258789,21.790000915527344,1729500.0
2020-03-27,20.5,20.670000076293945,18.0,18.639999389648438,2506600.0
2020-03-30,18.239999771118164,19.25,17.209999084472656,17.530000686645508,2115000.0
2020-03-31,17.299999237060547,18.6299991607666,17.1200008392334,18.030000686645508,1790800.0
2020-04-01,17.010000228881836,18.770000457763672,16.15999984741211,16.940000534057617,1854900.0
2020-04-02,17.020000457763672,18.479999542236328,16.690000534057617,17.649999618530273,1369800.0
2020-04-03,17.450000762939453,17.690000534057617,16.610000610351562,17.1299991607666,1414100.0
2020-04-06,17.920000076293945,19.5,17.65999984741211,19.389999389648438,1985000.0
2020-04-07,20.229999542236328,21.739999771118164,19.260000228881836,19.459999084472656,1718400.0
2020-04-08,20.25,21.940000534057617,19.690000534057617,21.639999389648438,1777200.0
2020-04-09,22.200000762939453,22.940000534057617,19.170000076293945,19.690000534057617,3065600.0
2020-04-13,19.530000686645508,19.530000686645508,18.84000015258789,19.139999389648438,1970200.0
2020-04-14,19.610000610351562,19.75,19.260000228881836,19.510000228881836,1595500.0
2020-04-15,19.09000015258789,19.09000015258789,18.260000228881836,18.59000015258789,1783400.0
2020-04-16,18.600000381469727,18.790000915527344,17.920000076293945,18.34000015258789,1389600.0
2020-04-17,19.06999969482422,19.829999923706055,18.8700008392334,19.700000762939453,1349200.0
2020-04-20,19.290000915527344,20.40999984741211,19.020000457763672,19.989999771118164,838800.0
2020-04-21,19.219999313354492,19.729999542236328,19.020000457763672,19.100000381469727,1063500.0
2020-04-22,19.770000457763672,19.989999771118164,19.09000015258789,19.18000030517578,1782300.0
2020-04-23,19.299999237060547,20.1299991607666,18.920000076293945,19.729999542236328,1165700.0
2020-04-24,19.68000030517578,20.6299991607666,19.34000015258789,20.360000610351562,930900.0
2020-04-27,20.760000228881836,21.299999237060547,20.420000076293945,21.110000610351562,905300.0
2020-04-28,21.600000381469727,21.790000915527344,20.170000076293945,20.399999618530273,1273400.0
2020-04-29,21.43000030517578,24.530000686645508,21.25,24.43000030517578,2458300.0
2020-04-30,23.059999465942383,23.850000381469727,22.040000915527344,22.350000381469727,1455300.0
2020-05-01,21.489999771118164,22.149999618530273,20.549999237060547,22.149999618530273,1448900.0
2020-05-04,22.209999084472656,22.829999923706055,21.350000381469727,22.709999084472656,1309800.0
2020-05-05,23.309999465942383,24.09000015258789,21.799999237060547,21.989999771118164,1153100.0
2020-05-06,22.040000915527344,22.739999771118164,21.899999618530273,22.1200008392334,985400.0
2020-05-07,22.610000610351562,23.520000457763672,22.469999313354492,22.90999984741211,2254800.0
2020-05-08,21.790000915527344,23.600000381469727,21.600000381469727,23.450000762939453,2264200.0
2020-05-11,22.579999923706055,23.1200008392334,22.030000686645508,22.149999618530273,1291800.0
2020-05-12,22.34000015258789,23.399999618530273,22.239999771118164,22.389999389648438,1207200.0
2020-05-13,22.309999465942383,22.309999465942383,18.559999465942383,19.170000076293945,2789600.0
2020-05-14,18.760000228881836,19.3799991607666,17.84000015258789,19.25,1970300.0
2020-05-15,19.260000228881836,19.65999984741211,18.809999465942383,19.510000228881836,964800.0
2020-05-18,20.600000381469727,21.540000915527344,20.5,21.309999465942383,1772000.0
2020-05-19,21.309999465942383,21.799999237060547,20.639999389648438,20.8799991607666,1122700.0
2020-05-20,21.56999969482422,22.280000686645508,21.270000457763672,21.81999969482422,975100.0
2020-05-21,20.809999465942383,21.600000381469727,20.360000610351562,21.040000915527344,1695300.0
2020-05-22,21.040000915527344,21.260000228881836,20.350000381469727,20.829999923706055,816600.0
2020-05-26,21.5,22.6299991607666,21.290000915527344,22.469999313354492,1309100.0
2020-05-27,23.100000381469727,23.3700008392334,21.610000610351562,22.200000762939453,1958200.0
2020-05-28,22.309999465942383,22.530000686645508,21.59000015258789,21.729999542236328,729300.0
2020-05-29,21.56999969482422,21.920000076293945,21.209999084472656,21.739999771118164,1005300.0
2020-06-01,21.190000534057617,22.299999237060547,21.049999237060547,22.190000534057617,1212900.0
2020-06-02,22.450000762939453,22.969999313354492,22.09000015258789,22.809999465942383,805200.0
2020-06-03,23.170000076293945,24.31999969482422,23.170000076293945,24.1299991607666,1127800.0
2020-06-04,24.0,24.1200008392334,23.010000228881836,23.34000015258789,1081200.0
2020-06-05,24.649999618530273,27.43000030517578,24.649999618530273,27.059999465942383,2572200.0
2020-06-08,28.0,28.329999923706055,26.860000610351562,27.420000076293945,1194200.0
2020-06-09,26.65999984741211,27.049999237060547,25.239999771118164,25.420000076293945,1653800.0
2020-06-10,25.719999313354492,25.989999771118164,24.389999389648438,25.290000915527344,882800.0
2020-06-11,23.610000610351562,24.15999984741211,22.6200008392334,22.809999465942383,1198400.0
2020-06-12,23.969999313354492,24.239999771118164,22.899999618530273,23.5,964600.0
2020-06-15,22.709999084472656,24.549999237060547,22.309999465942383,24.399999618530273,993500.0
2020-06-16,25.5,25.530000686645508,24.1299991607666,24.549999237060547,1479800.0
2020-06-17,24.700000762939453,25.049999237060547,24.290000915527344,24.81999969482422,970900.0
2020-06-18,24.540000915527344,25.059999465942383,24.389999389648438,25.030000686645508,1338300.0
2020-06-19,25.34000015258789,25.8700008392334,24.719999313354492,24.770000457763672,1868500.0
2020-06-22,24.700000762939453,24.700000762939453,23.100000381469727,24.270000457763672,1962200.0
2020-06-23,24.579999923706055,25.010000228881836,24.40999984741211,24.5,2684500.0
2020-06-24,24.299999237060547,24.299999237060547,22.540000915527344,22.899999618530273,2339200.0
2020-06-25,22.729999542236328,22.729999542236328,21.93000030517578,22.209999084472656,1818400.0
2020-06-26,22.299999237060547,22.399999618530273,21.229999542236328,21.40999984741211,2678700.0
2020-06-29,21.600000381469727,21.81999969482422,21.06999969482422,21.469999313354492,2786400.0
2020-06-30,21.600000381469727,23.309999465942383,21.479999542236328,23.1299991607666,2315300.0
2020-07-01,23.1200008392334,23.549999237060547,22.18000030517578,22.270000457763672,1099300.0
2020-07-02,22.93000030517578,23.229999542236328,22.280000686645508,22.389999389648438,906000.0
2020-07-06,22.950000762939453,23.799999237060547,22.559999465942383,23.06999969482422,1267800.0
2020-07-07,22.860000610351562,23.739999771118164,22.59000015258789,23.209999084472656,1080200.0
2020-07-08,23.190000534057617,23.260000228881836,21.719999313354492,22.829999923706055,1014100.0
2020-07-09,22.829999923706055,22.899999618530273,21.649999618530273,22.31999969482422,739300.0
2020-07-10,22.420000076293945,23.190000534057617,21.90999984741211,23.149999618530273,898000.0
2020-07-13,23.549999237060547,23.969999313354492,22.690000534057617,22.739999771118164,1148600.0
2020-07-14,22.43000030517578,23.309999465942383,22.25,23.09000015258789,849700.0
2020-07-15,24.0,24.709999084472656,23.979999542236328,24.1299991607666,1169500.0
2020-07-16,23.690000534057617,23.850000381469727,23.079999923706055,23.350000381469727,575200.0
2020-07-17,23.469999313354492,23.59000015258789,23.18000030517578,23.329999923706055,410000.0
2020-07-20,23.15999984741211,23.940000534057617,22.940000534057617,23.81999969482422,499900.0
2020-07-21,24.6299991607666,24.899999618530273,23.729999542236328,23.8700008392334,770700.0
2020-07-22,23.829999923706055,24.34000015258789,23.75,23.969999313354492,705700.0
2020-07-23,24.0,24.31999969482422,23.389999389648438,23.84000015258789,1194400.0
2020-07-24,23.670000076293945,23.850000381469727,23.010000228881836,23.770000457763672,735300.0
2020-07-27,23.75,24.440000534057617,23.690000534057617,24.34000015258789,505500.0
2020-07-28,24.010000228881836,24.25,23.420000076293945,23.559999465942383,517600.0
2020-07-29,23.93000030517578,24.420000076293945,23.93000030517578,24.270000457763672,685400.0
2020-07-30,23.790000915527344,25.219999313354492,23.75,24.989999771118164,824500.0
2020-07-31,25.309999465942383,25.309999465942383,24.09000015258789,24.979999542236328,1018300.0
2020-08-03,24.8700008392334,25.100000381469727,24.280000686645508,24.700000762939453,1230500.0
2020-08-04,24.6299991607666,25.920000076293945,24.6299991607666,25.809999465942383,1205200.0
2020-08-05,26.0,27.0,25.889999389648438,26.639999389648438,1225200.0
2020-08-06,26.600000381469727,27.309999465942383,26.110000610351562,26.709999084472656,1853800.0
2020-08-07,26.290000915527344,26.290000915527344,21.860000610351562,21.920000076293945,6333300.0
2020-08-10,22.059999465942383,23.43000030517578,22.049999237060547,23.049999237060547,2595000.0
2020-08-11,23.219999313354492,24.229999542236328,23.079999923706055,23.360000610351562,1513000.0
2020-08-12,23.59000015258789,23.790000915527344,22.809999465942383,23.479999542236328,1105800.0
2020-08-13,23.420000076293945,23.420000076293945,22.670000076293945,23.06999969482422,1303700.0
2020-08-14,22.729999542236328,22.90999984741211,22.610000610351562,22.780000686645508,733200.0
2020-08-17,23.0,23.0,22.3799991607666,22.6200008392334,975500.0
2020-08-18,22.899999618530273,23.139999389648438,22.610000610351562,23.030000686645508,1216800.0
2020-08-19,23.170000076293945,23.299999237060547,22.59000015258789,22.739999771118164,538200.0
2020-08-20,22.5,23.0,22.3799991607666,22.709999084472656,508800.0
2020-08-21,21.899999618530273,22.31999969482422,21.15999984741211,22.139999389648438,1749500.0
2020-08-24,22.399999618530273,22.84000015258789,22.290000915527344,22.81999969482422,620300.0
2020-08-25,22.520000457763672,23.229999542236328,22.280000686645508,23.170000076293945,1253700.0
2020-08-26,23.170000076293945,23.40999984741211,22.93000030517578,23.360000610351562,1115000.0
2020-08-27,23.229999542236328,23.690000534057617,22.940000534057617,23.6200008392334,1038200.0
2020-08-28,23.84000015258789,24.219999313354492,23.549999237060547,24.06999969482422,921100.0
2020-08-31,24.049999237060547,24.079999923706055,23.1200008392334,23.1200008392334,886800.0
2020-09-01,23.149999618530273,23.200000762939453,22.450000762939453,22.6200008392334,1440600.0
2020-09-02,22.790000915527344,23.299999237060547,22.290000915527344,23.15999984741211,1173200.0
2020-09-03,23.06999969482422,23.15999984741211,21.979999542236328,22.139999389648438,1112000.0
2020-09-04,22.299999237060547,22.489999771118164,21.09000015258789,21.959999084472656,1073900.0
2020-09-08,21.270000457763672,22.559999465942383,21.15999984741211,22.3700008392334,1024700.0
2020-09-09,22.770000457763672,22.950000762939453,21.93000030517578,21.950000762939453,1250200.0
2020-09-10,22.049999237060547,22.610000610351562,21.690000534057617,21.690000534057617,864100.0
2020-09-11,21.959999084472656,22.079999923706055,21.100000381469727,21.459999084472656,682900.0
2020-09-14,21.709999084472656,22.010000228881836,21.450000762939453,21.93000030517578,529400.0
2020-09-15,22.149999618530273,22.459999084472656,21.829999923706055,22.280000686645508,908900.0
2020-09-16,22.420000076293945,23.059999465942383,22.399999618530273,22.600000381469727,688300.0
2020-09-17,22.149999618530273,22.469999313354492,21.31999969482422,21.389999389648438,1101600.0
2020-09-18,21.559999465942383,21.65999984741211,20.350000381469727,20.530000686645508,1923100.0
2020-09-21,19.809999465942383,20.520000457763672,19.31999969482422,20.34000015258789,1018700.0
2020-09-22,20.56999969482422,20.719999313354492,19.770000457763672,19.979999542236328,1763900.0
2020-09-23,19.969999313354492,20.489999771118164,19.549999237060547,19.6299991607666,1019200.0
2020-09-24,19.420000076293945,19.65999984741211,18.670000076293945,19.219999313354492,1192700.0
2020-09-25,19.209999084472656,19.959999084472656,19.049999237060547,19.75,1307800.0
2020-09-28,20.270000457763672,20.530000686645508,19.969999313354492,20.1299991607666,709400.0
2020-09-29,20.260000228881836,20.639999389648438,19.729999542236328,20.06999969482422,807900.0
2020-09-30,20.149999618530273,20.829999923706055,19.93000030517578,20.09000015258789,1636400.0
2020-10-01,20.18000030517578,20.81999969482422,19.829999923706055,20.809999465942383,1136200.0
2020-10-02,20.200000762939453,21.06999969482422,19.829999923706055,20.8700008392334,1906200.0
2020-10-05,21.010000228881836,21.899999618530273,20.959999084472656,21.309999465942383,2747900.0
2020-10-06,21.469999313354492,21.559999465942383,20.56999969482422,20.65999984741211,1136500.0
2020-10-07,20.889999389648438,21.420000076293945,20.829999923706055,21.200000762939453,783700.0
2020-10-08,21.459999084472656,21.520000457763672,20.969999313354492,21.06999969482422,535200.0
2020-10-09,21.350000381469727,21.350000381469727,20.600000381469727,20.719999313354492,772300.0
2020-10-12,20.8700008392334,21.239999771118164,20.690000534057617,20.809999465942383,725800.0
2020-10-13,20.639999389648438,20.850000381469727,20.3700008392334,20.489999771118164,573300.0
2020-10-14,20.559999465942383,21.170000076293945,19.719999313354492,19.739999771118164,1325500.0
2020-10-15,19.31999969482422,20.459999084472656,19.110000610351562,20.270000457763672,1486000.0
2020-10-16,20.350000381469727,20.479999542236328,20.040000915527344,20.040000915527344,543400.0
2020-10-19,20.219999313354492,20.31999969482422,19.56999969482422,19.639999389648438,755900.0
2020-10-20,19.860000610351562,20.81999969482422,19.700000762939453,20.399999618530273,1288900.0
2020-10-21,20.469999313354492,20.81999969482422,20.3700008392334,20.579999923706055,665500.0
2020-10-22,20.709999084472656,21.110000610351562,20.209999084472656,21.079999923706055,650900.0
2020-10-23,21.31999969482422,21.399999618530273,20.8700008392334,20.979999542236328,585300.0
2020-10-26,20.729999542236328,20.780000686645508,20.049999237060547,20.34000015258789,401200.0
2020-10-27,20.260000228881836,20.530000686645508,19.610000610351562,19.790000915527344,600800.0
2020-10-28,19.5,19.719999313354492,18.93000030517578,19.399999618530273,843500.0
2020-10-29,19.520000457763672,20.0,19.260000228881836,19.6299991607666,673000.0
2020-10-30,19.5,19.739999771118164,19.200000762939453,19.670000076293945,808200.0
2020-11-02,19.770000457763672,20.389999389648438,19.5,19.8700008392334,896600.0
2020-11-03,20.190000534057617,20.389999389648438,19.940000534057617,20.190000534057617,707200.0
2020-11-04,20.43000030517578,21.1299991607666,20.010000228881836,20.969999313354492,764900.0
2020-11-05,21.450000762939453,22.15999984741211,21.229999542236328,22.010000228881836,1726500.0
2020-11-06,23.959999084472656,25.15999984741211,23.200000762939453,23.940000534057617,3441800.0
2020-11-09,26.81999969482422,30.149999618530273,26.81999969482422,28.549999237060547,6190200.0
2020-11-10,28.1200008392334,29.579999923706055,28.1200008392334,28.709999084472656,2375700.0
2020-11-11,29.56999969482422,29.84000015258789,28.329999923706055,28.899999618530273,1631500.0
2020-11-12,28.530000686645508,28.850000381469727,27.579999923706055,27.770000457763672,992500.0
2020-11-13,28.25,29.100000381469727,28.06999969482422,29.09000015258789,854300.0
2020-11-16,30.299999237060547,30.670000076293945,29.3700008392334,30.6299991607666,1438300.0
2020-11-17,29.90999984741211,30.34000015258789,29.770000457763672,29.959999084472656,888900.0
2020-11-18,30.010000228881836,31.489999771118164,29.920000076293945,30.889999389648438,1276800.0
2020-11-19,30.610000610351562,32.209999084472656,30.610000610351562,31.84000015258789,1218400.0
2020-11-20,31.34000015258789,32.90999984741211,31.0,32.220001220703125,1345900.0
2020-11-23,31.969999313354492,32.36000061035156,31.850000381469727,31.93000030517578,1384300.0
2020-11-24,32.209999084472656,33.380001068115234,32.0,33.31999969482422,1074900.0
2020-11-25,32.970001220703125,33.900001525878906,32.65999984741211,33.900001525878906,1243800.0
2020-11-27,33.9900016784668,34.38999938964844,33.650001525878906,34.2599983215332,963500.0
2020-11-30,33.84000015258789,34.02000045776367,31.889999389648438,31.940000534057617,1657800.0
2020-12-01,32.2400016784668,32.54999923706055,31.809999465942383,32.11000061035156,1670100.0
2020-12-02,31.899999618530273,32.119998931884766,31.299999237060547,31.510000228881836,924000.0
2020-12-03,31.690000534057617,32.34000015258789,31.170000076293945,31.31999969482422,1092000.0
2020-12-04,31.549999237060547,32.279998779296875,31.299999237060547,32.189998626708984,792900.0
2020-12-07,32.18000030517578,32.4900016784668,31.690000534057617,31.84000015258789,630900.0
2020-12-08,31.5,31.8700008392334,31.1299991607666,31.219999313354492,625400.0
2020-12-09,31.219999313354492,32.040000915527344,30.770000457763672,30.899999618530273,648500.0
2020-12-10,30.540000915527344,30.8799991607666,29.8700008392334,30.719999313354492,1392600.0
2020-12-11,30.239999771118164,30.610000610351562,28.43000030517578,29.290000915527344,1842300.0
2020-12-14,29.729999542236328,30.209999084472656,28.639999389648438,28.639999389648438,893200.0
2020-12-15,28.860000610351562,29.170000076293945,28.170000076293945,28.700000762939453,1190200.0
2020-12-16,28.969999313354492,29.469999313354492,28.579999923706055,29.200000762939453,743300.0
2020-12-17,29.34000015258789,29.479999542236328,28.299999237060547,28.5,943500.0
2020-12-18,28.540000915527344,28.799999237060547,27.90999984741211,28.020000457763672,1541400.0
2020-12-21,27.350000381469727,27.950000762939453,26.6200008392334,26.81999969482422,2218000.0
2020-12-22,26.889999389648438,27.350000381469727,26.299999237060547,26.93000030517578,1535800.0
2020-12-23,27.139999389648438,28.549999237060547,26.8700008392334,27.989999771118164,1276800.0
2020-12-24,28.190000534057617,28.299999237060547,27.579999923706055,28.010000228881836,377500.0
2020-12-28,29.389999389648438,31.959999084472656,29.299999237060547,30.8799991607666,3821400.0
2020-12-29,30.850000381469727,31.149999618530273,30.100000381469727,31.0,1335400.0
2020-12-30,31.200000762939453,31.799999237060547,31.170000076293945,31.639999389648438,2300800.0
2020-12-31,31.68000030517578,32.75,31.309999465942383,32.66999816894531,1544400.0
2021-01-04,32.5099983215332,32.66999816894531,29.219999313354492,29.790000915527344,3227400.0
2021-01-05,29.739999771118164,30.670000076293945,29.260000228881836,29.290000915527344,1618300.0
2021-01-06,29.350000381469727,32.83000183105469,29.239999771118164,32.380001068115234,3328800.0
2021-01-07,32.29999923706055,32.91999816894531,32.040000915527344,32.47999954223633,1373900.0
2021-01-08,32.79999923706055,33.02000045776367,31.75,32.529998779296875,1140000.0
2021-01-11,31.299999237060547,32.630001068115234,31.1200008392334,32.310001373291016,732500.0
2021-01-12,31.989999771118164,32.16999816894531,31.450000762939453,31.950000762939453,733700.0
2021-01-13,31.989999771118164,32.40999984741211,31.3700008392334,31.399999618530273,680500.0
2021-01-14,31.8799991607666,32.56999969482422,31.6200008392334,31.8700008392334,915100.0
2021-01-15,31.59000015258789,31.950000762939453,30.780000686645508,31.40999984741211,717900.0
2021-01-19,32.099998474121094,32.34000015258789,30.530000686645508,31.030000686645508,898400.0
2021-01-20,31.329999923706055,32.150001525878906,31.25,31.950000762939453,723000.0
2021-01-21,31.84000015258789,32.20000076293945,31.270000457763672,31.8700008392334,574200.0
2021-01-22,31.40999984741211,31.790000915527344,31.219999313354492,31.649999618530273,501100.0
2021-01-25,31.6299991607666,32.11000061035156,30.809999465942383,31.850000381469727,752200.0
2021-01-26,32.0099983215332,33.09000015258789,31.600000381469727,32.63999938964844,911700.0
2021-01-27,31.989999771118164,36.72999954223633,31.649999618530273,35.86000061035156,2769200.0
2021-01-28,35.86000061035156,36.36000061035156,33.34000015258789,33.880001068115234,1750200.0
2021-01-29,33.79999923706055,34.599998474121094,32.43000030517578,32.59000015258789,924300.0
2021-02-01,33.22999954223633,33.88999938964844,33.08000183105469,33.709999084472656,991900.0
2021-02-02,34.06999969482422,34.599998474121094,33.130001068115234,34.40999984741211,1044700.0
2021-02-03,34.63999938964844,35.36000061035156,34.31999969482422,35.27000045776367,1428900.0
2021-02-04,35.58000183105469,35.58000183105469,34.40999984741211,34.849998474121094,788100.0
2021-02-05,35.11000061035156,35.63999938964844,34.56999969482422,35.59000015258789,1001900.0
2021-02-08,36.0,37.939998626708984,35.720001220703125,37.689998626708984,1963000.0
2021-02-09,37.529998779296875,39.58000183105469,37.27000045776367,38.5099983215332,3344800.0
2021-02-10,39.060001373291016,39.95000076293945,34.720001220703125,36.790000915527344,4027900.0
2021-02-11,37.0,39.13999938964844,37.0,37.90999984741211,2381400.0
2021-02-12,37.84000015258789,38.41999816894531,36.75,36.970001220703125,1137900.0
2021-02-16,37.040000915527344,37.25,36.08000183105469,36.15999984741211,601500.0
2021-02-17,35.900001525878906,36.189998626708984,34.68000030517578,35.880001068115234,591400.0
2021-02-18,35.459999084472656,35.77000045776367,34.91999816894531,35.0099983215332,699600.0
2021-02-19,35.25,36.279998779296875,35.060001373291016,36.150001525878906,754400.0
2021-02-22,36.150001525878906,38.18000030517578,36.11000061035156,37.5099983215332,847000.0
2021-02-23,35.5,38.33000183105469,34.84000015258789,38.06999969482422,1938500.0
2021-02-24,37.900001525878906,39.61000061035156,37.5,39.02000045776367,1100300.0
2021-02-25,39.400001525878906,39.47999954223633,36.880001068115234,37.119998931884766,735300.0
2021-02-26,37.290000915527344,38.34000015258789,36.150001525878906,37.709999084472656,900200.0
2021-03-01,38.720001220703125,38.88999938964844,37.099998474121094,37.970001220703125,920500.0
2021-03-02,38.0099983215332,38.4900016784668,37.09000015258789,37.13999938964844,577700.0
2021-03-03,37.2400016784668,38.349998474121094,36.84000015258789,37.529998779296875,769200.0
2021-03-04,38.04999923706055,38.459999084472656,36.31999969482422,37.34000015258789,1070100.0
2021-03-05,38.0,39.36000061035156,36.869998931884766,39.279998779296875,1208000.0
2021-03-08,39.2400016784668,40.939998626708984,38.619998931884766,39.650001525878906,1745600.0
2021-03-09,40.41999816894531,41.099998474121094,39.47999954223633,39.91999816894531,671100.0
2021-03-10,39.95000076293945,41.369998931884766,39.79999923706055,40.91999816894531,921700.0
2021-03-11,41.2400016784668,41.939998626708984,40.959999084472656,41.47999954223633,787600.0
2021-03-12,41.11000061035156,42.41999816894531,40.709999084472656,41.869998931884766,879600.0
2021-03-15,42.279998779296875,43.86000061035156,42.16999816894531,43.369998931884766,834900.0
2021-03-16,43.36000061035156,43.369998931884766,41.66999816894531,41.880001068115234,583500.0
2021-03-17,41.380001068115234,43.439998626708984,41.08000183105469,43.43000030517578,680900.0
2021-03-18,42.880001068115234,43.38999938964844,42.130001068115234,42.279998779296875,615400.0
2021-03-19,42.380001068115234,43.2599983215332,41.41999816894531,41.47999954223633,1465500.0
2021-03-22,41.5,41.79999923706055,40.779998779296875,41.04999923706055,603300.0
2021-03-23,41.04999923706055,41.38999938964844,38.70000076293945,38.83000183105469,798000.0
2021-03-24,39.5,40.20000076293945,37.220001220703125,37.439998626708984,726600.0
2021-03-25,36.7599983215332,38.619998931884766,36.369998931884766,38.38999938964844,777000.0
2021-03-26,38.75,39.220001220703125,37.150001525878906,38.650001525878906,601600.0
2021-03-29,37.97999954223633,38.5099983215332,36.11000061035156,37.189998626708984,1003700.0
2021-03-30,39.470001220703125,39.68000030517578,38.09000015258789,38.56999969482422,1307100.0
2021-03-31,38.66999816894531,39.779998779296875,38.66999816894531,39.0,1063700.0
2021-04-01,39.630001068115234,41.61000061035156,39.630001068115234,41.529998779296875,849900.0
2021-04-05,42.06999969482422,42.45000076293945,41.150001525878906,42.040000915527344,793200.0
2021-04-06,41.619998931884766,42.029998779296875,40.720001220703125,40.81999969482422,629800.0
2021-04-07,40.91999816894531,41.290000915527344,40.09000015258789,40.58000183105469,464700.0
2021-04-08,41.06999969482422,41.2400016784668,39.38999938964844,40.0099983215332,793400.0
2021-04-09,40.02000045776367,40.689998626708984,39.66999816894531,40.54999923706055,432200.0
2021-04-12,40.43000030517578,40.650001525878906,39.38999938964844,39.709999084472656,480200.0
2021-04-13,39.70000076293945,40.25,39.5,39.970001220703125,415800.0
2021-04-14,39.7400016784668,40.459999084472656,39.70000076293945,39.83000183105469,358700.0
2021-04-15,40.27000045776367,40.58000183105469,39.810001373291016,40.380001068115234,282900.0
2021-04-16,40.689998626708984,40.689998626708984,39.599998474121094,40.36000061035156,377900.0
2021-04-19,40.029998779296875,40.63999938964844,39.560001373291016,39.9900016784668,381100.0
2021-04-20,39.75,39.91999816894531,37.58000183105469,38.130001068115234,858400.0
2021-04-21,38.119998931884766,39.27000045776367,37.939998626708984,39.13999938964844,557800.0
2021-04-22,39.34000015258789,40.290000915527344,38.79999923706055,39.27000045776367,509700.0
2021-04-23,39.599998474121094,40.970001220703125,39.290000915527344,40.61000061035156,536000.0
2021-04-26,40.849998474121094,41.150001525878906,40.54999923706055,40.58000183105469,345300.0
2021-04-27,40.68000030517578,40.93000030517578,40.130001068115234,40.31999969482422,415200.0
2021-04-28,40.099998474121094,40.7400016784668,40.0099983215332,40.45000076293945,454300.0
2021-04-29,40.90999984741211,41.06999969482422,39.599998474121094,40.02000045776367,410800.0
2021-04-30,39.2400016784668,39.83000183105469,39.0,39.29999923706055,693500.0
2021-05-03,39.43000030517578,40.099998474121094,39.290000915527344,39.650001525878906,477200.0
2021-05-04,39.5,39.5,37.70000076293945,38.7599983215332,599800.0
2021-05-05,39.040000915527344,39.630001068115234,38.5,38.72999954223633,611200.0
2021-05-06,38.470001220703125,38.65999984741211,36.86000061035156,38.22999954223633,1133200.0
2021-05-07,38.86000061035156,40.119998931884766,36.86000061035156,39.459999084472656,1051600.0
2021-05-10,39.0099983215332,40.5099983215332,38.83000183105469,39.540000915527344,701300.0
2021-05-11,38.5099983215332,39.61000061035156,37.84000015258789,39.099998474121094,620300.0
2021-05-12,38.66999816894531,39.2400016784668,37.06999969482422,37.130001068115234,467700.0
2021-05-13,37.38999938964844,38.5099983215332,37.099998474121094,38.13999938964844,611000.0
2021-05-14,38.4900016784668,39.13999938964844,38.400001525878906,38.5,467300.0
2021-05-17,38.0,38.91999816894531,37.63999938964844,38.279998779296875,648900.0
2021-05-18,38.4900016784668,39.22999954223633,37.97999954223633,37.9900016784668,437000.0
2021-05-19,37.29999923706055,37.970001220703125,36.97999954223633,37.72999954223633,418300.0
2021-05-20,37.84000015258789,38.45000076293945,37.599998474121094,38.380001068115234,515800.0
2021-05-21,38.29999923706055,38.630001068115234,37.56999969482422,37.91999816894531,747400.0
2021-05-24,38.0099983215332,39.150001525878906,37.52000045776367,38.93000030517578,496700.0
2021-05-25,39.11000061035156,39.7400016784668,38.06999969482422,38.099998474121094,537600.0
2021-05-26,38.18000030517578,39.099998474121094,38.18000030517578,38.72999954223633,392100.0
2021-05-27,38.790000915527344,39.88999938964844,38.279998779296875,39.810001373291016,735600.0
2021-05-28,39.84000015258789,40.40999984741211,39.4900016784668,40.11000061035156,672200.0
2021-06-01,39.47999954223633,40.0099983215332,39.119998931884766,39.93000030517578,747200.0
2021-06-02,40.11000061035156,40.16999816894531,39.06999969482422,39.470001220703125,659100.0
2021-06-03,39.189998626708984,39.599998474121094,38.77000045776367,39.16999816894531,448300.0
2021-06-04,39.349998474121094,39.65999984741211,38.939998626708984,39.0,404900.0
2021-06-07,38.959999084472656,39.72999954223633,38.959999084472656,39.380001068115234,565800.0
2021-06-08,39.7599983215332,42.310001373291016,39.619998931884766,42.279998779296875,1043300.0
2021-06-09,42.11000061035156,43.09000015258789,41.040000915527344,41.09000015258789,804600.0
2021-06-10,41.130001068115234,41.150001525878906,39.349998474121094,39.459999084472656,693500.0
2021-06-11,39.84000015258789,40.77000045776367,39.790000915527344,40.720001220703125,364500.0
2021-06-14,40.88999938964844,41.13999938964844,40.29999923706055,40.56999969482422,303200.0
2021-06-15,40.439998626708984,40.47999954223633,39.63999938964844,39.900001525878906,373600.0
2021-06-16,40.11000061035156,41.61000061035156,39.880001068115234,41.31999969482422,707900.0
2021-06-17,41.2400016784668,41.9900016784668,40.7599983215332,40.880001068115234,642500.0
2021-06-18,40.36000061035156,40.619998931884766,38.45000076293945,38.83000183105469,1253400.0
2021-06-21,38.779998779296875,39.56999969482422,38.29999923706055,39.20000076293945,597800.0
2021-06-22,38.810001373291016,39.34000015258789,38.59000015258789,39.2400016784668,401200.0
2021-06-23,39.41999816894531,41.209999084472656,39.099998474121094,40.779998779296875,723800.0
2021-06-24,41.04999923706055,41.09000015258789,40.04999923706055,40.849998474121094,375900.0
2021-06-25,40.849998474121094,42.040000915527344,40.709999084472656,41.02000045776367,2858600.0
2021-06-28,41.119998931884766,41.119998931884766,39.720001220703125,40.470001220703125,542900.0
2021-06-29,40.66999816894531,40.81999969482422,40.0099983215332,40.369998931884766,469300.0
2021-06-30,40.209999084472656,40.38999938964844,39.720001220703125,39.959999084472656,1321800.0
2021-07-01,40.13999938964844,41.06999969482422,40.13999938964844,40.88999938964844,698900.0
2021-07-02,40.93000030517578,41.04999923706055,40.5,40.72999954223633,401300.0
2021-07-06,40.88999938964844,41.02000045776367,39.099998474121094,39.58000183105469,934100.0
2021-07-07,39.70000076293945,39.97999954223633,38.25,38.279998779296875,703500.0
2021-07-08,37.459999084472656,38.34000015258789,36.939998626708984,38.0,842300.0
2021-07-09,38.4900016784668,39.56999969482422,38.2599983215332,39.349998474121094,384900.0
2021-07-12,39.040000915527344,39.439998626708984,38.75,39.369998931884766,440200.0
2021-07-13,39.06999969482422,39.34000015258789,37.7400016784668,37.86000061035156,701500.0
2021-07-14,38.31999969482422,38.65999984741211,37.619998931884766,37.810001373291016,400000.0
2021-07-15,37.61000061035156,38.029998779296875,37.119998931884766,37.63999938964844,365100.0
2021-07-16,38.099998474121094,38.25,36.790000915527344,36.869998931884766,557200.0
2021-07-19,36.0,36.47999954223633,35.36000061035156,35.66999816894531,706600.0
2021-07-20,35.66999816894531,37.709999084472656,35.29999923706055,37.27000045776367,708500.0
2021-07-21,37.560001373291016,38.439998626708984,37.470001220703125,38.06999969482422,341600.0
2021-07-22,37.7400016784668,38.11000061035156,37.2400016784668,37.349998474121094,302700.0
2021-07-23,37.9900016784668,38.939998626708984,37.599998474121094,38.4900016784668,517800.0
2021-07-26,38.560001373291016,39.29999923706055,38.38999938964844,39.279998779296875,436800.0
2021-07-27,39.0,39.22999954223633,37.5099983215332,38.2599983215332,388500.0
2021-07-28,38.650001525878906,39.439998626708984,38.41999816894531,39.0099983215332,477800.0
2021-07-29,39.06999969482422,39.45000076293945,38.380001068115234,39.0,500200.0
2021-07-30,38.630001068115234,38.95000076293945,37.310001373291016,37.400001525878906,1146100.0
2021-08-02,37.41999816894531,37.77000045776367,36.869998931884766,37.0,1046100.0
2021-08-03,37.13999938964844,37.13999938964844,35.7599983215332,36.5,1058900.0
2021-08-04,36.099998474121094,36.40999984741211,35.40999984741211,35.93000030517578,1147600.0
2021-08-05,35.91999816894531,37.29999923706055,35.91999816894531,37.20000076293945,708300.0
2021-08-06,43.0,43.279998779296875,38.9900016784668,39.150001525878906,3075900.0
2021-08-09,39.02000045776367,39.15999984741211,37.779998779296875,38.83000183105469,827200.0
2021-08-10,38.959999084472656,39.88999938964844,38.400001525878906,39.439998626708984,668900.0
2021-08-11,39.439998626708984,39.650001525878906,37.88999938964844,38.66999816894531,531800.0
2021-08-12,38.630001068115234,38.900001525878906,38.060001373291016,38.79999923706055,384300.0
2021-08-13,38.91999816894531,38.91999816894531,38.0099983215332,38.119998931884766,484500.0
2021-08-16,37.61000061035156,37.7400016784668,37.060001373291016,37.150001525878906,632500.0
2021-08-17,36.560001373291016,36.86000061035156,35.5,36.0099983215332,806300.0
2021-08-18,36.16999816894531,37.68000030517578,35.72999954223633,37.099998474121094,533400.0
2021-08-19,36.61000061035156,37.0,36.029998779296875,36.33000183105469,561100.0
2021-08-20,36.36000061035156,37.2599983215332,36.33000183105469,37.15999984741211,429500.0
2021-08-23,37.09000015258789,38.189998626708984,37.09000015258789,38.06999969482422,871200.0
2021-08-24,38.15999984741211,38.7599983215332,37.97999954223633,38.470001220703125,472400.0
2021-08-25,38.33000183105469,39.130001068115234,37.91999816894531,38.189998626708984,550700.0
2021-08-26,38.099998474121094,38.709999084472656,37.970001220703125,38.189998626708984,478000.0
2021-08-27,38.13999938964844,38.97999954223633,37.93000030517578,38.7400016784668,616400.0
2021-08-30,38.83000183105469,38.880001068115234,38.18000030517578,38.2599983215332,372400.0
2021-08-31,38.33000183105469,38.95000076293945,38.27000045776367,38.5099983215332,422800.0
2021-09-01,38.790000915527344,38.91999816894531,38.290000915527344,38.47999954223633,325400.0
2021-09-02,38.43000030517578,38.83000183105469,38.0099983215332,38.220001220703125,371600.0
2021-09-03,38.029998779296875,38.22999954223633,37.2400016784668,37.65999984741211,321900.0
2021-09-07,37.349998474121094,38.0099983215332,37.09000015258789,37.11000061035156,440700.0
2021-09-08,36.84000015258789,37.20000076293945,36.09000015258789,36.38999938964844,536300.0
2021-09-09,36.369998931884766,37.20000076293945,36.27000045776367,36.38999938964844,484100.0
2021-09-10,36.77000045776367,36.970001220703125,35.7400016784668,35.779998779296875,466100.0
2021-09-13,36.18000030517578,36.900001525878906,35.95000076293945,36.439998626708984,431600.0
2021-09-14,36.7400016784668,37.150001525878906,35.88999938964844,36.119998931884766,630300.0
2021-09-15,35.95000076293945,36.400001525878906,35.529998779296875,36.20000076293945,608400.0
2021-09-16,36.25,36.79999923706055,35.970001220703125,36.5,667600.0
2021-09-17,36.709999084472656,36.88999938964844,36.25,36.72999954223633,1742000.0
2021-09-20,35.619998931884766,37.130001068115234,35.400001525878906,36.52000045776367,1644100.0
2021-09-21,37.06999969482422,37.279998779296875,36.20000076293945,36.77000045776367,1315800.0
2021-09-22,36.91999816894531,37.5099983215332,36.849998474121094,37.13999938964844,1166300.0
2021-09-23,37.47999954223633,39.619998931884766,37.459999084472656,39.470001220703125,1085600.0
2021-09-24,39.2400016784668,40.56999969482422,38.91999816894531,40.38999938964844,740700.0
2021-09-27,40.5,41.099998474121094,39.599998474121094,40.029998779296875,788700.0
2021-09-28,39.54999923706055,40.0099983215332,38.5099983215332,38.7400016784668,681700.0
2021-09-29,38.83000183105469,39.08000183105469,37.90999984741211,37.97999954223633,668600.0
2021-09-30,38.34000015258789,38.34000015258789,37.09000015258789,37.2400016784668,813900.0
2021-10-01,37.43000030517578,39.97999954223633,37.43000030517578,39.75,1127000.0
2021-10-04,39.97999954223633,40.529998779296875,38.630001068115234,38.720001220703125,846400.0
2021-10-05,38.97999954223633,39.04999923706055,38.09000015258789,38.209999084472656,1020500.0
2021-10-06,37.529998779296875,38.959999084472656,37.529998779296875,38.61000061035156,405100.0
2021-10-07,39.0,39.7400016784668,38.709999084472656,38.810001373291016,693800.0
2021-10-08,38.83000183105469,39.56999969482422,38.75,38.84000015258789,390300.0
2021-10-11,39.18000030517578,39.369998931884766,38.29999923706055,38.36000061035156,433900.0
2021-10-12,38.4900016784668,38.72999954223633,37.88999938964844,38.029998779296875,714400.0
2021-10-13,37.9900016784668,38.689998626708984,37.880001068115234,38.09000015258789,451900.0
2021-10-14,38.83000183105469,39.790000915527344,38.47999954223633,39.7400016784668,545500.0
2021-10-15,40.189998626708984,40.209999084472656,39.5,39.709999084472656,488800.0
2021-10-18,39.470001220703125,39.959999084472656,39.310001373291016,39.7599983215332,311600.0
2021-10-19,39.7599983215332,40.79999923706055,39.369998931884766,40.31999969482422,572700.0
2021-10-20,40.31999969482422,40.31999969482422,39.25,39.38999938964844,359200.0
2021-10-21,39.38999938964844,39.9900016784668,39.08000183105469,39.5,288700.0
2021-10-22,39.25,39.38999938964844,37.90999984741211,38.5,627400.0
2021-10-25,38.34000015258789,39.279998779296875,37.959999084472656,39.20000076293945,407900.0
2021-10-26,39.43000030517578,39.970001220703125,39.16999816894531,39.20000076293945,372600.0
2021-10-27,38.869998931884766,39.36000061035156,38.529998779296875,38.63999938964844,453600.0
2021-10-28,38.91999816894531,39.43000030517578,38.540000915527344,39.33000183105469,648400.0
2021-10-29,39.060001373291016,39.45000076293945,38.209999084472656,38.630001068115234,526600.0
2021-11-01,38.650001525878906,39.869998931884766,38.40999984741211,39.81999969482422,678600.0
2021-11-02,39.95000076293945,40.61000061035156,38.900001525878906,39.119998931884766,792800.0
2021-11-03,38.959999084472656,39.7400016784668,38.41999816894531,39.45000076293945,505600.0
2021-11-04,39.5,40.400001525878906,39.349998474121094,39.88999938964844,881400.0
2021-11-05,40.900001525878906,41.279998779296875,37.380001068115234,38.20000076293945,1519200.0
2021-11-08,38.59000015258789,40.380001068115234,38.54999923706055,39.97999954223633,946300.0
2021-11-09,39.939998626708984,40.04999923706055,38.81999969482422,38.88999938964844,670400.0
2021-11-10,38.5099983215332,39.09000015258789,37.83000183105469,37.9900016784668,644100.0
2021-11-11,38.369998931884766,39.119998931884766,38.09000015258789,38.27000045776367,463100.0
2021-11-12,38.459999084472656,38.84000015258789,38.189998626708984,38.380001068115234,316000.0
2021-11-15,38.5,38.959999084472656,38.310001373291016,38.61000061035156,538600.0
2021-11-16,38.61000061035156,39.29999923706055,38.119998931884766,39.290000915527344,577400.0
2021-11-17,38.93000030517578,39.43000030517578,38.66999816894531,38.970001220703125,729200.0
2021-11-18,39.220001220703125,39.220001220703125,37.709999084472656,38.11000061035156,616400.0
2021-11-19,37.880001068115234,38.119998931884766,36.58000183105469,36.619998931884766,607700.0
2021-11-22,36.849998474121094,37.2400016784668,35.970001220703125,36.4900016784668,702200.0
2021-11-23,36.119998931884766,36.540000915527344,35.459999084472656,36.18000030517578,781600.0
2021-11-24,35.75,36.58000183105469,35.529998779296875,35.880001068115234,426700.0
2021-11-26,34.209999084472656,35.689998626708984,34.0,35.5,1272200.0
2021-11-29,36.18000030517578,36.4900016784668,35.119998931884766,35.95000076293945,1630400.0
2021-11-30,35.41999816894531,35.95000076293945,34.25,34.279998779296875,1530600.0
2021-12-01,34.349998474121094,35.970001220703125,33.810001373291016,33.84000015258789,1284900.0
2021-12-02,34.0,35.130001068115234,33.849998474121094,34.84000015258789,699100.0
2021-12-03,35.04999923706055,35.220001220703125,33.880001068115234,34.349998474121094,1048700.0
2021-12-06,34.7400016784668,35.939998626708984,34.5,35.43000030517578,741000.0
2021-12-07,36.11000061035156,36.95000076293945,36.029998779296875,36.5,577900.0
2021-12-08,36.75,37.66999816894531,36.5099983215332,37.27000045776367,390800.0
2021-12-09,37.130001068115234,37.7400016784668,36.5099983215332,36.540000915527344,463000.0
2021-12-10,36.83000183105469,37.25,35.439998626708984,36.040000915527344,987300.0
2021-12-13,35.790000915527344,36.130001068115234,34.91999816894531,35.529998779296875,550700.0
2021-12-14,35.18000030517578,35.70000076293945,34.9900016784668,35.34000015258789,482200.0
2021-12-15,34.959999084472656,35.59000015258789,33.88999938964844,35.4900016784668,896300.0
2021-12-16,35.79999923706055,35.79999923706055,34.220001220703125,34.34000015258789,836400.0
2021-12-17,34.0099983215332,35.459999084472656,33.849998474121094,35.09000015258789,1012300.0
2021-12-20,34.4900016784668,34.93000030517578,33.90999984741211,34.56999969482422,781700.0
2021-12-21,34.93000030517578,36.5,34.93000030517578,36.369998931884766,570800.0
2021-12-22,36.150001525878906,36.790000915527344,36.0099983215332,36.58000183105469,397600.0
2021-12-23,36.54999923706055,37.47999954223633,36.310001373291016,37.130001068115234,399400.0
2021-12-27,37.20000076293945,37.4900016784668,36.79999923706055,37.209999084472656,329700.0
2021-12-28,37.0,37.470001220703125,36.68000030517578,36.900001525878906,322000.0
2021-12-29,36.81999969482422,37.220001220703125,36.31999969482422,36.5099983215332,323200.0
2021-12-30,36.4900016784668,37.310001373291016,36.310001373291016,36.47999954223633,338100.0
2021-12-31,36.29999923706055,36.810001373291016,36.16999816894531,36.2400016784668,295800.0
2022-01-03,36.400001525878906,37.33000183105469,36.209999084472656,36.91999816894531,568800.0
2022-01-04,37.060001373291016,37.68000030517578,36.27000045776367,36.779998779296875,567300.0
2022-01-05,36.75,37.33000183105469,35.25,35.29999923706055,564700.0
2022-01-06,35.41999816894531,36.529998779296875,35.310001373291016,35.70000076293945,394700.0
2022-01-07,35.369998931884766,36.02000045776367,34.9900016784668,35.29999923706055,427300.0
2022-01-10,35.15999984741211,35.84000015258789,34.560001373291016,35.7400016784668,586200.0
2022-01-11,35.58000183105469,36.83000183105469,35.220001220703125,36.349998474121094,596200.0
2022-01-12,36.59000015258789,36.869998931884766,35.58000183105469,35.75,406200.0
2022-01-13,35.93000030517578,36.349998474121094,35.2599983215332,35.459999084472656,425800.0
2022-01-14,34.91999816894531,35.650001525878906,34.91999816894531,35.599998474121094,393400.0
2022-01-18,35.029998779296875,35.75,34.25,34.36000061035156,623600.0
2022-01-19,34.439998626708984,35.33000183105469,34.27000045776367,35.16999816894531,852400.0
2022-01-20,35.470001220703125,35.95000076293945,34.15999984741211,34.25,730700.0
2022-01-21,34.0,34.11000061035156,32.560001373291016,32.59000015258789,875500.0
2022-01-24,31.780000686645508,33.65999984741211,31.600000381469727,33.59000015258789,961500.0
2022-01-25,32.97999954223633,33.56999969482422,32.41999816894531,33.029998779296875,624500.0
2022-01-26,33.70000076293945,34.220001220703125,32.54999923706055,33.08000183105469,879700.0
2022-01-27,33.349998474121094,33.68000030517578,32.18000030517578,32.29999923706055,683800.0
2022-01-28,32.349998474121094,33.060001373291016,31.8700008392334,33.04999923706055,561800.0
2022-01-31,32.88999938964844,34.59000015258789,32.58000183105469,34.540000915527344,654100.0
2022-02-01,34.630001068115234,34.83000183105469,34.02000045776367,34.720001220703125,347400.0
2022-02-02,34.45000076293945,34.77000045776367,33.880001068115234,34.4900016784668,550200.0
2022-02-03,33.66999816894531,33.939998626708984,32.88999938964844,33.11000061035156,1183100.0
2022-02-04,32.939998626708984,34.79999923706055,32.939998626708984,34.459999084472656,770900.0
2022-02-07,34.47999954223633,34.68000030517578,33.58000183105469,34.0099983215332,595400.0
2022-02-08,33.810001373291016,34.72999954223633,33.810001373291016,34.68000030517578,397200.0
2022-02-09,35.20000076293945,35.58000183105469,34.72999954223633,35.560001373291016,527000.0
2022-02-10,35.029998779296875,35.41999816894531,34.220001220703125,34.5099983215332,950800.0
2022-02-11,36.25,38.2599983215332,35.58000183105469,35.93000030517578,3029400.0
2022-02-14,35.529998779296875,36.900001525878906,35.119998931884766,35.91999816894531,681700.0
2022-02-15,36.380001068115234,36.88999938964844,35.959999084472656,36.790000915527344,629200.0
2022-02-16,36.36000061035156,36.72999954223633,35.779998779296875,36.43000030517578,500300.0
2022-02-17,35.91999816894531,36.279998779296875,35.400001525878906,35.40999984741211,502400.0
2022-02-18,35.310001373291016,35.77000045776367,34.90999984741211,35.209999084472656,512800.0
2022-02-22,34.90999984741211,35.0,33.59000015258789,34.22999954223633,743700.0
2022-02-23,34.209999084472656,34.5,33.290000915527344,33.36000061035156,741300.0
2022-02-24,32.20000076293945,34.22999954223633,32.18000030517578,34.209999084472656,1027600.0
2022-02-25,34.13999938964844,34.439998626708984,33.459999084472656,34.25,727000.0
2022-02-28,33.63999938964844,34.47999954223633,33.5,33.88999938964844,623900.0
2022-03-01,33.90999984741211,34.970001220703125,33.83000183105469,34.08000183105469,1004300.0
2022-03-02,34.619998931884766,34.709999084472656,33.79999923706055,34.380001068115234,1014700.0
2022-03-03,34.52000045776367,34.52000045776367,32.83000183105469,33.22999954223633,687600.0
2022-03-04,32.959999084472656,33.400001525878906,32.029998779296875,32.56999969482422,970100.0
2022-03-07,32.65999984741211,32.72999954223633,30.670000076293945,30.700000762939453,725900.0
2022-03-08,30.6299991607666,31.899999618530273,30.190000534057617,31.100000381469727,1819500.0
2022-03-09,31.860000610351562,32.52000045776367,31.610000610351562,32.119998931884766,1007400.0
2022-03-10,31.420000076293945,32.97999954223633,31.399999618530273,32.93000030517578,1520100.0
2022-03-11,33.31999969482422,33.31999969482422,31.84000015258789,31.889999389648438,611100.0
2022-03-14,31.780000686645508,32.18000030517578,30.770000457763672,31.149999618530273,760200.0
2022-03-15,31.440000534057617,32.970001220703125,31.440000534057617,32.95000076293945,644900.0
2022-03-16,33.33000183105469,34.09000015258789,32.90999984741211,34.029998779296875,564700.0
2022-03-17,33.75,34.689998626708984,33.52000045776367,34.68000030517578,499900.0
2022-03-18,34.650001525878906,34.9900016784668,34.369998931884766,34.459999084472656,715800.0
2022-03-21,34.38999938964844,34.400001525878906,33.66999816894531,34.189998626708984,342300.0
2022-03-22,34.209999084472656,35.11000061035156,34.209999084472656,34.79999923706055,498200.0
2022-03-23,34.38999938964844,34.970001220703125,34.22999954223633,34.47999954223633,396900.0
2022-03-24,34.56999969482422,35.13999938964844,34.33000183105469,35.099998474121094,283700.0
2022-03-25,35.20000076293945,35.290000915527344,34.38999938964844,34.77000045776367,370300.0
2022-03-28,34.540000915527344,35.029998779296875,34.41999816894531,34.66999816894531,451700.0
2022-03-29,34.869998931884766,35.9900016784668,34.869998931884766,35.900001525878906,492000.0
2022-03-30,35.68000030517578,35.97999954223633,34.66999816894531,34.7599983215332,485000.0
2022-03-31,34.810001373291016,35.04999923706055,34.08000183105469,34.11000061035156,532100.0
2022-04-01,34.189998626708984,34.81999969482422,33.86000061035156,34.27000045776367,603400.0
2022-04-04,34.470001220703125,35.709999084472656,34.470001220703125,35.189998626708984,529700.0
2022-04-05,35.0,35.41999816894531,34.599998474121094,34.95000076293945,454300.0
2022-04-06,34.290000915527344,34.61000061035156,33.72999954223633,34.02000045776367,520600.0
2022-04-07,34.02000045776367,34.369998931884766,33.18000030517578,34.04999923706055,558100.0
2022-04-08,33.90999984741211,34.310001373291016,33.560001373291016,33.810001373291016,346600.0
2022-04-11,33.560001373291016,34.310001373291016,33.27000045776367,33.970001220703125,580700.0
2022-04-12,34.599998474121094,34.959999084472656,34.04999923706055,34.209999084472656,410200.0
2022-04-13,34.20000076293945,34.779998779296875,34.20000076293945,34.459999084472656,364400.0
2022-04-14,34.70000076293945,35.060001373291016,34.369998931884766,34.380001068115234,609100.0
2022-04-18,34.2400016784668,34.88999938964844,34.08000183105469,34.599998474121094,435400.0
2022-04-19,34.599998474121094,35.58000183105469,34.31999969482422,35.09000015258789,437800.0
2022-04-20,35.400001525878906,35.5,34.47999954223633,34.529998779296875,507000.0
2022-04-21,34.77000045776367,35.189998626708984,33.619998931884766,33.86000061035156,476600.0
2022-04-22,33.59000015258789,34.02000045776367,32.5,32.61000061035156,635400.0
2022-04-25,32.369998931884766,34.15999984741211,32.369998931884766,34.13999938964844,544300.0
2022-04-26,33.720001220703125,33.79999923706055,32.70000076293945,32.869998931884766,488800.0
2022-04-27,32.66999816894531,33.220001220703125,32.11000061035156,32.279998779296875,542500.0
2022-04-28,32.880001068115234,33.880001068115234,32.29999923706055,33.66999816894531,513100.0
2022-04-29,33.22999954223633,33.95000076293945,32.41999816894531,32.529998779296875,479800.0
2022-05-02,32.5,33.209999084472656,32.119998931884766,33.16999816894531,507700.0
2022-05-03,33.16999816894531,33.86000061035156,32.72999954223633,33.720001220703125,614200.0
2022-05-04,33.7599983215332,33.9900016784668,32.33000183105469,33.95000076293945,735100.0
2022-05-05,33.22999954223633,33.47999954223633,31.729999542236328,32.2400016784668,817800.0
2022-05-06,31.809999465942383,32.20000076293945,30.489999771118164,30.84000015258789,945100.0
2022-05-09,29.889999389648438,30.329999923706055,29.190000534057617,29.510000228881836,714600.0
2022-05-10,30.100000381469727,30.280000686645508,27.950000762939453,29.43000030517578,1515700.0
2022-05-11,29.43000030517578,30.040000915527344,28.270000457763672,28.34000015258789,1100400.0
2022-05-12,28.110000610351562,29.270000457763672,27.959999084472656,28.6200008392334,886100.0
2022-05-13,29.049999237060547,29.969999313354492,29.049999237060547,29.579999923706055,681000.0
2022-05-16,29.31999969482422,29.8799991607666,28.959999084472656,29.299999237060547,671600.0
2022-05-17,29.899999618530273,30.549999237060547,29.739999771118164,30.3700008392334,486500.0
2022-05-18,30.0,30.3799991607666,29.09000015258789,29.489999771118164,575200.0
2022-05-19,29.239999771118164,30.270000457763672,29.239999771118164,29.469999313354492,634900.0
2022-05-20,29.889999389648438,30.010000228881836,28.729999542236328,29.6200008392334,533100.0
2022-05-23,29.700000762939453,29.709999084472656,28.15999984741211,28.479999542236328,862200.0
2022-05-24,27.700000762939453,27.899999618530273,26.469999313354492,26.739999771118164,686600.0
2022-05-25,26.420000076293945,28.219999313354492,26.420000076293945,28.0,874300.0
2022-05-26,28.3700008392334,29.600000381469727,28.100000381469727,29.469999313354492,861000.0
2022-05-27,29.6299991607666,30.670000076293945,29.6200008392334,30.450000762939453,714200.0
2022-05-31,30.260000228881836,30.610000610351562,29.270000457763672,29.40999984741211,730200.0
2022-06-01,29.40999984741211,29.799999237060547,28.440000534057617,29.139999389648438,961600.0
2022-06-02,29.34000015258789,30.8700008392334,29.260000228881836,30.799999237060547,768200.0
2022-06-03,30.40999984741211,30.40999984741211,29.479999542236328,29.920000076293945,552200.0
2022-06-06,30.350000381469727,32.119998931884766,30.350000381469727,31.34000015258789,1455100.0
2022-06-07,30.8700008392334,31.729999542236328,30.770000457763672,31.420000076293945,761600.0
2022-06-08,31.40999984741211,31.989999771118164,31.200000762939453,31.690000534057617,564500.0
2022-06-09,31.530000686645508,31.8799991607666,30.700000762939453,31.040000915527344,715200.0
2022-06-10,30.389999389648438,30.950000762939453,29.469999313354492,29.610000610351562,780600.0
2022-06-13,28.690000534057617,29.1299991607666,27.399999618530273,27.6299991607666,935900.0
2022-06-14,27.809999465942383,28.170000076293945,27.25,27.780000686645508,824800.0
2022-06-15,28.0,29.209999084472656,28.0,28.829999923706055,975100.0
2022-06-16,28.110000610351562,28.3700008392334,27.3799991607666,27.450000762939453,1340700.0
2022-06-17,27.829999923706055,28.6200008392334,27.510000228881836,28.469999313354492,12611000.0
2022-06-21,28.799999237060547,29.260000228881836,28.219999313354492,28.59000015258789,972100.0
2022-06-22,28.309999465942383,29.06999969482422,28.25,28.350000381469727,830100.0
2022-06-23,28.459999084472656,28.969999313354492,28.18000030517578,28.940000534057617,781600.0
2022-06-24,29.440000534057617,30.389999389648438,29.350000381469727,30.329999923706055,1550300.0
2022-06-27,30.520000457763672,30.670000076293945,29.450000762939453,29.579999923706055,988300.0
2022-06-28,29.690000534057617,30.200000762939453,28.489999771118164,28.579999923706055,1400300.0
2022-06-29,28.670000076293945,28.729999542236328,27.829999923706055,28.469999313354492,771800.0
2022-06-30,28.15999984741211,28.290000915527344,27.25,27.770000457763672,778700.0
2022-07-01,27.610000610351562,28.399999618530273,27.459999084472656,27.860000610351562,701400.0
2022-07-05,27.329999923706055,29.229999542236328,27.110000610351562,29.219999313354492,942600.0
2022-07-06,29.040000915527344,29.520000457763672,28.520000457763672,28.8700008392334,584700.0
2022-07-07,29.15999984741211,29.399999618530273,28.65999984741211,28.690000534057617,640300.0
2022-07-08,28.450000762939453,28.81999969482422,27.969999313354492,28.059999465942383,765100.0
2022-07-11,27.790000915527344,27.969999313354492,27.270000457763672,27.639999389648438,610800.0
2022-07-12,27.770000457763672,28.309999465942383,27.09000015258789,27.360000610351562,793200.0
2022-07-13,26.799999237060547,27.15999984741211,26.520000457763672,26.959999084472656,547000.0
2022-07-14,26.700000762939453,27.010000228881836,26.489999771118164,26.81999969482422,799200.0
2022-07-15,27.100000381469727,27.760000228881836,26.280000686645508,27.729999542236328,839900.0
2022-07-18,28.139999389648438,28.84000015258789,28.100000381469727,28.469999313354492,822000.0
2022-07-19,28.920000076293945,30.479999542236328,28.920000076293945,30.420000076293945,1128800.0
2022-07-20,30.5,31.440000534057617,30.360000610351562,31.3799991607666,744300.0
2022-07-21,31.190000534057617,31.639999389648438,30.8799991607666,31.6200008392334,482200.0
2022-07-22,30.799999237060547,31.420000076293945,30.229999542236328,30.43000030517578,787500.0
2022-07-25,30.34000015258789,30.760000228881836,30.149999618530273,30.43000030517578,689500.0
2022-07-26,30.209999084472656,30.360000610351562,29.290000915527344,29.34000015258789,512300.0
2022-07-27,29.5,31.020000457763672,29.5,30.8700008392334,640700.0
2022-07-28,30.729999542236328,31.209999084472656,30.280000686645508,31.040000915527344,475100.0
2022-07-29,30.950000762939453,30.950000762939453,30.280000686645508,30.65999984741211,528700.0
2022-08-01,30.31999969482422,31.360000610351562,29.979999542236328,31.18000030517578,420500.0
2022-08-02,30.899999618530273,31.799999237060547,30.8799991607666,31.469999313354492,470100.0
2022-08-03,31.600000381469727,32.959999084472656,31.600000381469727,32.779998779296875,855400.0
2022-08-04,32.790000915527344,33.18000030517578,32.04999923706055,32.31999969482422,810900.0
2022-08-05,37.0,39.09000015258789,36.560001373291016,38.2599983215332,3189200.0
2022-08-08,38.41999816894531,38.93000030517578,37.79999923706055,38.09000015258789,1424200.0
2022-08-09,37.58000183105469,38.209999084472656,37.040000915527344,37.88999938964844,1182000.0
2022-08-10,38.31999969482422,38.90999984741211,37.9900016784668,38.540000915527344,942900.0
2022-08-11,38.84000015258789,39.15999984741211,36.90999984741211,37.09000015258789,1388500.0
2022-08-12,37.47999954223633,38.27000045776367,37.310001373291016,38.22999954223633,607700.0
2022-08-15,37.869998931884766,38.63999938964844,37.56999969482422,37.720001220703125,697500.0
2022-08-16,37.33000183105469,37.790000915527344,37.16999816894531,37.52000045776367,575400.0
2022-08-17,36.9900016784668,37.36000061035156,36.63999938964844,36.880001068115234,459000.0
2022-08-18,36.880001068115234,37.22999954223633,36.68000030517578,37.060001373291016,587300.0
2022-08-19,36.7400016784668,36.7400016784668,35.54999923706055,35.810001373291016,688400.0
2022-08-22,35.599998474121094,35.599998474121094,34.939998626708984,34.970001220703125,598900.0
2022-08-23,34.86000061035156,34.86000061035156,33.810001373291016,34.209999084472656,936900.0
2022-08-24,34.099998474121094,34.7599983215332,34.0,34.599998474121094,513100.0
2022-08-25,34.869998931884766,35.15999984741211,34.599998474121094,34.959999084472656,473200.0
2022-08-26,34.7400016784668,34.9900016784668,33.9900016784668,34.15999984741211,759700.0
2022-08-29,33.7400016784668,34.25,33.7400016784668,33.81999969482422,373200.0
2022-08-30,33.970001220703125,34.16999816894531,33.43000030517578,33.77000045776367,518400.0
2022-08-31,34.54999923706055,34.54999923706055,33.849998474121094,34.16999816894531,914400.0
2022-09-01,33.9900016784668,34.08000183105469,33.2599983215332,33.849998474121094,454000.0
2022-09-02,34.31999969482422,34.66999816894531,33.689998626708984,33.88999938964844,532900.0
2022-09-06,33.95000076293945,34.130001068115234,33.29999923706055,33.790000915527344,609800.0
2022-09-07,33.869998931884766,34.959999084472656,33.849998474121094,34.86000061035156,569400.0
2022-09-08,34.58000183105469,34.90999984741211,34.130001068115234,34.65999984741211,644000.0
2022-09-09,35.0,35.619998931884766,34.90999984741211,35.459999084472656,549900.0
2022-09-12,35.52000045776367,36.34000015258789,35.470001220703125,36.310001373291016,506700.0
2022-09-13,35.439998626708984,35.9900016784668,35.029998779296875,35.130001068115234,733900.0
2022-09-14,35.290000915527344,35.290000915527344,34.31999969482422,35.11000061035156,687200.0
2022-09-15,34.84000015258789,35.7400016784668,34.84000015258789,35.18000030517578,821200.0
2022-09-16,34.65999984741211,34.65999984741211,33.63999938964844,34.0,1410800.0
2022-09-19,33.439998626708984,34.68000030517578,33.38999938964844,34.59000015258789,586500.0
2022-09-20,34.22999954223633,34.65999984741211,34.02000045776367,34.27000045776367,464000.0
2022-09-21,34.58000183105469,34.869998931884766,33.7400016784668,33.779998779296875,649300.0
2022-09-22,33.560001373291016,33.75,32.599998474121094,32.86000061035156,634500.0
2022-09-23,32.369998931884766,32.650001525878906,31.8799991607666,32.61000061035156,655000.0
2022-09-26,32.58000183105469,33.459999084472656,32.459999084472656,32.47999954223633,663600.0
2022-09-27,33.0099983215332,33.58000183105469,32.650001525878906,33.529998779296875,614300.0
2022-09-28,33.709999084472656,34.560001373291016,33.29999923706055,34.380001068115234,806300.0
2022-09-29,33.849998474121094,34.060001373291016,33.099998474121094,33.77000045776367,572100.0
2022-09-30,33.619998931884766,34.779998779296875,33.54999923706055,33.90999984741211,741100.0
2022-10-03,34.08000183105469,34.38999938964844,33.630001068115234,34.209999084472656,518900.0
2022-10-04,35.0,35.77000045776367,35.0,35.7599983215332,650700.0
2022-10-05,35.22999954223633,36.25,35.22999954223633,36.04999923706055,518200.0
2022-10-06,35.75,36.290000915527344,35.369998931884766,35.7400016784668,499100.0
2022-10-07,35.220001220703125,35.47999954223633,34.779998779296875,35.33000183105469,511400.0
2022-10-10,35.59000015258789,35.70000076293945,35.0099983215332,35.459999084472656,449500.0
2022-10-11,35.2400016784668,35.310001373291016,33.790000915527344,34.810001373291016,672000.0
2022-10-12,34.81999969482422,35.08000183105469,34.45000076293945,34.689998626708984,534000.0
2022-10-13,33.83000183105469,35.099998474121094,33.34000015258789,34.790000915527344,752900.0
2022-10-14,35.25,35.61000061035156,34.45000076293945,34.650001525878906,529300.0
2022-10-17,35.150001525878906,36.459999084472656,35.099998474121094,36.41999816894531,863700.0
2022-10-18,37.150001525878906,37.86000061035156,36.75,37.2599983215332,593900.0
2022-10-19,36.880001068115234,37.66999816894531,36.77000045776367,36.90999984741211,608600.0
2022-10-20,36.939998626708984,38.04999923706055,36.790000915527344,37.0,520300.0
2022-10-21,36.939998626708984,37.61000061035156,36.209999084472656,37.560001373291016,521800.0
2022-10-24,37.540000915527344,38.099998474121094,37.27000045776367,38.060001373291016,415400.0
2022-10-25,38.130001068115234,38.959999084472656,38.09000015258789,38.779998779296875,613000.0
2022-10-26,38.380001068115234,39.27000045776367,38.0099983215332,38.47999954223633,546500.0
2022-10-27,38.5099983215332,38.68000030517578,37.720001220703125,38.130001068115234,615400.0
2022-10-28,38.15999984741211,38.849998474121094,38.060001373291016,38.810001373291016,483400.0
2022-10-31,38.75,38.869998931884766,38.20000076293945,38.40999984741211,816100.0
2022-11-01,38.9900016784668,39.2400016784668,38.54999923706055,38.65999984741211,610000.0
2022-11-02,38.599998474121094,38.599998474121094,36.77000045776367,36.79999923706055,748200.0
2022-11-03,36.58000183105469,37.13999938964844,36.02000045776367,36.34000015258789,1644300.0
2022-11-04,34.25,34.7400016784668,29.43000030517578,30.309999465942383,2967200.0
2022-11-07,30.510000228881836,31.0,29.729999542236328,29.959999084472656,1670300.0
2022-11-08,30.030000686645508,30.219999313354492,29.43000030517578,29.90999984741211,1114100.0
2022-11-09,29.790000915527344,29.790000915527344,28.65999984741211,29.079999923706055,761400.0
2022-11-10,30.65999984741211,31.260000228881836,30.469999313354492,30.520000457763672,1240500.0
2022-11-11,30.260000228881836,30.489999771118164,29.799999237060547,30.309999465942383,940800.0
2022-11-14,30.149999618530273,30.729999542236328,29.760000228881836,30.559999465942383,866100.0
2022-11-15,31.100000381469727,31.43000030517578,30.610000610351562,30.780000686645508,591900.0
2022-11-16,30.3700008392334,30.5,29.6200008392334,29.760000228881836,685700.0
2022-11-17,29.239999771118164,29.799999237060547,29.059999465942383,29.3700008392334,567200.0
2022-11-18,29.860000610351562,30.110000610351562,29.360000610351562,29.579999923706055,383500.0
2022-11-21,29.260000228881836,29.579999923706055,29.100000381469727,29.520000457763672,389300.0
2022-11-22,29.450000762939453,29.450000762939453,28.600000381469727,29.15999984741211,821100.0
2022-11-23,29.219999313354492,29.770000457763672,29.149999618530273,29.56999969482422,436000.0
2022-11-25,29.31999969482422,29.90999984741211,29.31999969482422,29.639999389648438,176000.0
2022-11-28,29.489999771118164,29.84000015258789,29.18000030517578,29.209999084472656,412300.0
2022-11-29,29.34000015258789,29.670000076293945,29.219999313354492,29.6200008392334,427000.0
2022-11-30,29.610000610351562,30.950000762939453,29.559999465942383,30.950000762939453,929800.0
2022-12-01,30.770000457763672,31.309999465942383,30.549999237060547,30.760000228881836,1172900.0
2022-12-02,30.110000610351562,30.399999618530273,29.899999618530273,30.229999542236328,776700.0
2022-12-05,29.969999313354492,30.200000762939453,29.170000076293945,29.329999923706055,616100.0
2022-12-06,29.209999084472656,29.489999771118164,28.510000228881836,28.700000762939453,837000.0
2022-12-07,28.5,28.829999923706055,28.309999465942383,28.59000015258789,882400.0
2022-12-08,28.860000610351562,28.889999389648438,27.950000762939453,28.209999084472656,821300.0
2022-12-09,28.09000015258789,28.389999389648438,27.860000610351562,27.959999084472656,863000.0
2022-12-12,27.950000762939453,28.1200008392334,27.770000457763672,27.979999542236328,1120000.0
2022-12-13,28.940000534057617,29.059999465942383,28.030000686645508,28.219999313354492,973000.0
2022-12-14,28.06999969482422,28.520000457763672,27.65999984741211,27.940000534057617,880400.0
2022-12-15,27.520000457763672,27.520000457763672,26.84000015258789,27.100000381469727,829700.0
2022-12-16,27.020000457763672,27.5,27.020000457763672,27.479999542236328,1763300.0
2022-12-19,27.459999084472656,27.579999923706055,26.649999618530273,26.68000030517578,808600.0
2022-12-20,25.440000534057617,26.149999618530273,25.299999237060547,25.6200008392334,1025500.0
2022-12-21,25.739999771118164,26.610000610351562,25.639999389648438,26.579999923706055,929800.0
2022-12-22,26.209999084472656,26.25,25.639999389648438,26.139999389648438,580000.0
2022-12-23,25.889999389648438,26.389999389648438,25.850000381469727,26.3799991607666,427500.0
2022-12-27,26.280000686645508,26.549999237060547,25.850000381469727,26.440000534057617,556300.0
2022-12-28,26.399999618530273,26.649999618530273,26.059999465942383,26.15999984741211,501300.0
2022-12-29,26.40999984741211,27.030000686645508,26.190000534057617,27.020000457763672,448900.0
2022-12-30,26.649999618530273,27.479999542236328,26.649999618530273,27.34000015258789,744400.0
2023-01-03,27.829999923706055,28.459999084472656,27.40999984741211,27.729999542236328,1016200.0
2023-01-04,28.079999923706055,28.479999542236328,28.059999465942383,28.469999313354492,634100.0
2023-01-05,28.3799991607666,28.540000915527344,28.059999465942383,28.309999465942383,428600.0
2023-01-06,28.579999923706055,28.770000457763672,28.25,28.579999923706055,356700.0
2023-01-09,28.81999969482422,29.079999923706055,28.239999771118164,28.239999771118164,645200.0
2023-01-10,28.0,28.520000457763672,27.860000610351562,28.469999313354492,538500.0
2023-01-11,28.540000915527344,28.940000534057617,28.420000076293945,28.68000030517578,536800.0
2023-01-12,28.68000030517578,28.950000762939453,28.420000076293945,28.860000610351562,667800.0
2023-01-13,28.510000228881836,29.079999923706055,28.479999542236328,29.049999237060547,429900.0
2023-01-17,29.079999923706055,29.110000610351562,28.56999969482422,28.760000228881836,466700.0
2023-01-18,28.899999618530273,29.06999969482422,28.530000686645508,28.770000457763672,609800.0
2023-01-19,28.469999313354492,29.270000457763672,28.399999618530273,29.229999542236328,514800.0
2023-01-20,29.510000228881836,29.719999313354492,29.110000610351562,29.709999084472656,489300.0
2023-01-23,29.700000762939453,30.0,29.6299991607666,29.850000381469727,569500.0
2023-01-24,29.639999389648438,29.989999771118164,29.520000457763672,29.579999923706055,458500.0
2023-01-25,29.239999771118164,30.110000610351562,29.030000686645508,30.0,625500.0
2023-01-26,30.170000076293945,30.739999771118164,30.139999389648438,30.729999542236328,662600.0
2023-01-27,30.75,31.540000915527344,30.559999465942383,31.170000076293945,519500.0
2023-01-30,30.790000915527344,31.149999618530273,30.6200008392334,30.639999389648438,442500.0
2023-01-31,30.639999389648438,31.510000228881836,30.639999389648438,31.510000228881836,657200.0
2023-02-01,31.469999313354492,32.04999923706055,31.059999465942383,31.889999389648438,466300.0
2023-02-02,32.5,33.189998626708984,32.5,33.11000061035156,644400.0
2023-02-03,32.52000045776367,32.97999954223633,32.22999954223633,32.439998626708984,553800.0
2023-02-06,32.36000061035156,32.650001525878906,31.979999542236328,32.150001525878906,553000.0
2023-02-07,32.02000045776367,32.83000183105469,31.81999969482422,32.7599983215332,631200.0
2023-02-08,32.529998779296875,32.7400016784668,31.440000534057617,31.809999465942383,585500.0
2023-02-09,32.0,32.220001220703125,30.84000015258789,30.850000381469727,872400.0
2023-02-10,33.84000015258789,34.099998474121094,31.84000015258789,31.84000015258789,1611800.0
2023-02-13,31.75,32.34000015258789,31.489999771118164,31.770000457763672,905600.0
2023-02-14,31.399999618530273,31.850000381469727,31.18000030517578,31.440000534057617,710700.0
2023-02-15,31.43000030517578,31.979999542236328,31.389999389648438,31.860000610351562,492100.0
2023-02-16,31.329999923706055,31.479999542236328,30.920000076293945,30.979999542236328,394800.0
2023-02-17,30.959999084472656,30.959999084472656,30.309999465942383,30.790000915527344,401300.0
2023-02-21,30.290000915527344,30.479999542236328,30.010000228881836,30.229999542236328,801200.0
2023-02-22,30.299999237060547,30.75,30.15999984741211,30.489999771118164,652900.0
2023-02-23,30.68000030517578,30.68000030517578,30.200000762939453,30.420000076293945,398200.0
2023-02-24,29.989999771118164,30.209999084472656,29.899999618530273,30.139999389648438,372700.0
2023-02-27,30.299999237060547,30.399999618530273,29.940000534057617,30.010000228881836,393800.0
2023-02-28,29.979999542236328,30.459999084472656,29.979999542236328,30.020000457763672,890400.0
2023-03-01,30.020000457763672,30.229999542236328,29.809999465942383,29.84000015258789,378200.0
2023-03-02,29.579999923706055,30.290000915527344,29.579999923706055,30.260000228881836,408900.0
2023-03-03,30.399999618530273,30.489999771118164,30.200000762939453,30.209999084472656,472900.0
2023-03-06,30.290000915527344,30.360000610351562,29.520000457763672,29.700000762939453,543300.0
2023-03-07,29.809999465942383,30.059999465942383,29.559999465942383,29.799999237060547,458400.0
2023-03-08,29.809999465942383,29.8700008392334,29.559999465942383,29.809999465942383,333100.0
2023-03-09,29.81999969482422,30.0,29.360000610351562,29.450000762939453,420400.0
2023-03-10,29.200000762939453,29.34000015258789,28.31999969482422,28.56999969482422,489200.0
2023-03-13,28.1299991607666,28.770000457763672,27.75,28.360000610351562,514500.0
2023-03-14,29.1200008392334,29.469999313354492,28.940000534057617,29.260000228881836,493300.0
2023-03-15,28.729999542236328,29.34000015258789,28.559999465942383,29.170000076293945,518400.0
2023-03-16,29.020000457763672,29.90999984741211,28.920000076293945,29.780000686645508,390000.0
2023-03-17,29.770000457763672,29.770000457763672,29.18000030517578,29.329999923706055,1246600.0
2023-03-20,29.329999923706055,29.850000381469727,29.239999771118164,29.690000534057617,388300.0
2023-03-21,29.989999771118164,30.559999465942383,29.989999771118164,30.059999465942383,766400.0
2023-03-22,30.1299991607666,30.6200008392334,29.850000381469727,29.860000610351562,392600.0
2023-03-23,30.110000610351562,30.479999542236328,29.719999313354492,29.940000534057617,385800.0
2023-03-24,29.809999465942383,30.280000686645508,29.770000457763672,30.040000915527344,557600.0
2023-03-27,30.309999465942383,30.43000030517578,29.940000534057617,30.239999771118164,408900.0
2023-03-28,30.040000915527344,30.15999984741211,29.520000457763672,29.729999542236328,575500.0
2023-03-29,29.959999084472656,29.989999771118164,29.799999237060547,29.889999389648438,366200.0
2023-03-30,30.010000228881836,30.309999465942383,29.860000610351562,29.979999542236328,318900.0
2023-03-31,30.030000686645508,30.799999237060547,30.0,30.700000762939453,564000.0
2023-04-03,30.389999389648438,30.760000228881836,30.239999771118164,30.760000228881836,548000.0
2023-04-04,30.920000076293945,31.079999923706055,30.440000534057617,30.739999771118164,463600.0
2023-04-05,30.649999618530273,30.739999771118164,30.170000076293945,30.610000610351562,544400.0
2023-04-06,30.600000381469727,31.149999618530273,30.270000457763672,30.989999771118164,397000.0
2023-04-10,30.719999313354492,30.920000076293945,30.6299991607666,30.780000686645508,569600.0
2023-04-11,30.739999771118164,30.989999771118164,30.510000228881836,30.760000228881836,547700.0
2023-04-12,31.020000457763672,31.229999542236328,30.31999969482422,30.34000015258789,450300.0
2023-04-13,30.290000915527344,31.040000915527344,30.239999771118164,30.739999771118164,479900.0
2023-04-14,30.600000381469727,30.8799991607666,30.420000076293945,30.690000534057617,400100.0
2023-04-17,30.579999923706055,30.639999389648438,30.31999969482422,30.3700008392334,388100.0
2023-04-18,30.459999084472656,30.459999084472656,29.760000228881836,29.8799991607666,520000.0
2023-04-19,29.670000076293945,29.670000076293945,29.40999984741211,29.59000015258789,684100.0
2023-04-20,29.459999084472656,29.549999237060547,29.100000381469727,29.209999084472656,539400.0
2023-04-21,29.209999084472656,29.43000030517578,28.969999313354492,29.40999984741211,512200.0
2023-04-24,29.280000686645508,29.540000915527344,29.040000915527344,29.209999084472656,515400.0
2023-04-25,29.0,29.049999237060547,28.520000457763672,28.540000915527344,630700.0
2023-04-26,28.459999084472656,28.90999984741211,28.450000762939453,28.549999237060547,538300.0
2023-04-27,28.84000015258789,29.59000015258789,28.780000686645508,29.549999237060547,514500.0
2023-04-28,29.389999389648438,29.93000030517578,29.34000015258789,29.920000076293945,657400.0
2023-05-01,29.770000457763672,30.309999465942383,29.690000534057617,29.93000030517578,385100.0
2023-05-02,29.690000534057617,29.8700008392334,28.559999465942383,28.68000030517578,532000.0
2023-05-03,28.690000534057617,28.81999969482422,27.540000915527344,27.610000610351562,802200.0
2023-05-04,27.209999084472656,27.479999542236328,26.530000686645508,27.290000915527344,826100.0
2023-05-05,27.6299991607666,28.270000457763672,27.31999969482422,27.8799991607666,1259100.0
2023-05-08,28.06999969482422,28.889999389648438,27.559999465942383,28.030000686645508,691500.0
2023-05-09,27.760000228881836,27.959999084472656,27.610000610351562,27.75,579100.0
2023-05-10,28.18000030517578,29.299999237060547,27.90999984741211,28.479999542236328,725500.0
2023-05-11,28.459999084472656,30.040000915527344,28.239999771118164,29.799999237060547,1251800.0
2023-05-12,29.81999969482422,29.860000610351562,29.399999618530273,29.440000534057617,617900.0
2023-05-15,29.440000534057617,30.649999618530273,28.799999237060547,30.56999969482422,631200.0
2023-05-16,30.3700008392334,31.84000015258789,30.3700008392334,31.6299991607666,777800.0
2023-05-17,31.65999984741211,32.2400016784668,31.299999237060547,32.209999084472656,760200.0
2023-05-18,32.310001373291016,33.599998474121094,32.2599983215332,33.47999954223633,900500.0
2023-05-19,33.709999084472656,33.790000915527344,32.630001068115234,32.7400016784668,798600.0
2023-05-22,32.36000061035156,32.849998474121094,31.829999923706055,32.52000045776367,1155900.0
2023-05-23,35.880001068115234,36.779998779296875,34.20000076293945,34.380001068115234,3353400.0
2023-05-24,34.16999816894531,34.70000076293945,33.81999969482422,34.18000030517578,717200.0
2023-05-25,34.5,34.5,33.529998779296875,33.61000061035156,456000.0
2023-05-26,33.470001220703125,34.2599983215332,33.40999984741211,33.900001525878906,442400.0
2023-05-30,33.97999954223633,34.27000045776367,33.18000030517578,33.380001068115234,392000.0
2023-05-31,33.31999969482422,33.58000183105469,33.15999984741211,33.5,648700.0
2023-06-01,33.119998931884766,33.65999984741211,32.63999938964844,33.310001373291016,742200.0
2023-06-02,33.38999938964844,34.27000045776367,33.349998474121094,34.13999938964844,861900.0
2023-06-05,33.68000030517578,34.380001068115234,33.65999984741211,34.22999954223633,550300.0
2023-06-06,34.20000076293945,35.790000915527344,34.16999816894531,35.709999084472656,990500.0
2023-06-07,35.79999923706055,36.43000030517578,35.47999954223633,36.349998474121094,865400.0
2023-06-08,36.13999938964844,36.150001525878906,35.29999923706055,35.470001220703125,653300.0
2023-06-09,35.650001525878906,36.27000045776367,35.400001525878906,35.84000015258789,443000.0
2023-06-12,35.95000076293945,36.040000915527344,35.58000183105469,35.84000015258789,438000.0
2023-06-13,35.880001068115234,36.22999954223633,35.560001373291016,35.720001220703125,597000.0
2023-06-14,36.02000045776367,36.290000915527344,35.2599983215332,35.75,587000.0
2023-06-15,35.560001373291016,36.599998474121094,35.279998779296875,36.560001373291016,617000.0
2023-06-16,36.849998474121094,36.95000076293945,36.0099983215332,36.40999984741211,1582300.0
2023-06-20,36.290000915527344,36.68000030517578,36.06999969482422,36.459999084472656,623300.0
2023-06-21,36.189998626708984,36.209999084472656,35.38999938964844,35.54999923706055,544900.0
2023-06-22,35.369998931884766,35.939998626708984,35.16999816894531,35.91999816894531,533200.0
2023-06-23,35.34000015258789,35.93000030517578,35.08000183105469,35.90999984741211,810600.0
2023-06-26,35.68000030517578,36.18000030517578,35.08000183105469,35.09000015258789,449500.0
2023-06-27,35.25,35.75,34.91999816894531,35.43000030517578,349400.0
2023-06-28,35.470001220703125,35.939998626708984,35.459999084472656,35.849998474121094,342200.0
2023-06-29,35.869998931884766,36.63999938964844,35.83000183105469,36.470001220703125,451800.0
2023-06-30,36.41999816894531,36.77000045776367,36.38999938964844,36.40999984741211,397400.0
2023-07-03,36.11000061035156,36.72999954223633,36.02000045776367,36.529998779296875,224900.0
2023-07-05,36.16999816894531,36.7400016784668,35.810001373291016,36.470001220703125,495000.0
2023-07-06,36.2599983215332,36.29999923706055,35.61000061035156,36.029998779296875,495500.0
2023-07-07,36.34000015258789,36.869998931884766,36.34000015258789,36.470001220703125,744400.0
2023-07-10,36.38999938964844,37.27000045776367,36.38999938964844,37.150001525878906,527900.0
2023-07-11,37.31999969482422,37.959999084472656,37.31999969482422,37.81999969482422,487900.0
2023-07-12,37.9900016784668,38.43000030517578,37.529998779296875,37.81999969482422,650600.0
2023-07-13,38.02000045776367,38.459999084472656,37.959999084472656,38.25,445700.0
2023-07-14,38.130001068115234,38.45000076293945,37.81999969482422,38.130001068115234,290500.0
2023-07-17,40.0,42.529998779296875,39.61000061035156,42.02000045776367,2406500.0
2023-07-18,41.970001220703125,43.290000915527344,41.540000915527344,43.27000045776367,1473800.0
2023-07-19,43.90999984741211,43.9900016784668,42.77000045776367,43.369998931884766,932400.0
2023-07-20,43.22999954223633,43.33000183105469,41.84000015258789,42.13999938964844,671400.0
2023-07-21,42.599998474121094,42.93000030517578,41.15999984741211,41.15999984741211,643400.0
2023-07-24,41.540000915527344,41.720001220703125,41.25,41.31999969482422,358400.0
2023-07-25,41.439998626708984,42.130001068115234,41.38999938964844,41.939998626708984,479000.0
2023-07-26,42.0,42.97999954223633,41.93000030517578,42.66999816894531,563100.0
2023-07-27,43.0,43.400001525878906,42.58000183105469,42.849998474121094,437300.0
2023-07-28,43.65999984741211,45.29999923706055,43.5099983215332,44.880001068115234,1116500.0
2023-07-31,44.95000076293945,45.529998779296875,44.56999969482422,45.04999923706055,1095900.0
2023-08-01,44.70000076293945,45.41999816894531,44.59000015258789,44.97999954223633,532000.0
2023-08-02,44.56999969482422,44.56999969482422,43.5,43.86000061035156,554800.0
2023-08-03,43.4900016784668,43.86000061035156,43.02000045776367,43.130001068115234,1074500.0
2023-08-04,46.54999923706055,47.59000015258789,45.08000183105469,45.279998779296875,2071900.0
2023-08-07,45.31999969482422,45.869998931884766,44.720001220703125,45.61000061035156,804700.0
2023-08-08,45.18000030517578,45.18000030517578,43.439998626708984,44.029998779296875,1010300.0
2023-08-09,43.84000015258789,43.849998474121094,42.439998626708984,42.790000915527344,745600.0
2023-08-10,43.040000915527344,43.25,42.5099983215332,42.79999923706055,579000.0
2023-08-11,42.560001373291016,43.56999969482422,42.189998626708984,43.470001220703125,483000.0
2023-08-14,43.13999938964844,43.5,42.90999984741211,43.439998626708984,529500.0
2023-08-15,43.279998779296875,43.68000030517578,41.959999084472656,42.40999984741211,824000.0
2023-08-16,42.41999816894531,42.709999084472656,42.0,42.04999923706055,467700.0
2023-08-17,41.95000076293945,42.060001373291016,41.220001220703125,41.27000045776367,658300.0
2023-08-18,40.5099983215332,41.099998474121094,40.380001068115234,41.04999923706055,703500.0
2023-08-21,40.61000061035156,40.880001068115234,40.15999984741211,40.709999084472656,1149900.0
2023-08-22,41.0,42.16999816894531,40.7599983215332,41.939998626708984,848500.0
2023-08-23,41.900001525878906,43.470001220703125,41.849998474121094,42.619998931884766,1442800.0
2023-08-24,42.880001068115234,42.959999084472656,41.970001220703125,42.29999923706055,615100.0
2023-08-25,42.16999816894531,42.54999923706055,41.7400016784668,42.33000183105469,513200.0
2023-08-28,42.31999969482422,42.689998626708984,42.189998626708984,42.470001220703125,434100.0
2023-08-29,42.4900016784668,42.790000915527344,42.130001068115234,42.369998931884766,477100.0
2023-08-30,42.33000183105469,43.13999938964844,42.27000045776367,42.869998931884766,440200.0
2023-08-31,42.86000061035156,43.2599983215332,42.70000076293945,42.849998474121094,404300.0
2023-09-01,43.220001220703125,43.97999954223633,43.11000061035156,43.88999938964844,587200.0
2023-09-05,43.459999084472656,45.279998779296875,43.29999923706055,44.650001525878906,870300.0
2023-09-06,44.459999084472656,44.4900016784668,43.59000015258789,43.9900016784668,602600.0
2023-09-07,43.90999984741211,44.25,43.43000030517578,44.02000045776367,361900.0
2023-09-08,44.279998779296875,45.959999084472656,43.369998931884766,43.66999816894531,924400.0
2023-09-11,43.849998474121094,44.369998931884766,43.720001220703125,43.97999954223633,553900.0
2023-09-12,43.65999984741211,44.5,43.540000915527344,44.08000183105469,407000.0
2023-09-13,43.93000030517578,44.189998626708984,43.689998626708984,44.06999969482422,476800.0
2023-09-14,44.290000915527344,44.47999954223633,43.43000030517578,43.56999969482422,470900.0
2023-09-15,43.38999938964844,43.38999938964844,42.18000030517578,42.779998779296875,1563500.0
2023-09-18,42.83000183105469,43.04999923706055,42.470001220703125,42.5,427100.0
2023-09-19,42.349998474121094,43.16999816894531,42.2599983215332,42.97999954223633,359000.0
2023-09-20,43.22999954223633,43.47999954223633,42.290000915527344,42.290000915527344,255600.0
2023-09-21,42.0,42.470001220703125,41.709999084472656,41.79999923706055,356600.0
2023-09-22,42.04999923706055,42.290000915527344,41.470001220703125,41.4900016784668,499200.0
2023-09-25,41.38999938964844,42.279998779296875,40.9900016784668,42.11000061035156,402500.0
2023-09-26,41.79999923706055,42.189998626708984,41.5099983215332,41.630001068115234,333400.0
2023-09-27,41.970001220703125,42.58000183105469,41.77000045776367,41.95000076293945,363000.0
2023-09-28,41.65999984741211,42.599998474121094,40.97999954223633,41.52000045776367,1144400.0
2023-09-29,41.849998474121094,42.220001220703125,41.439998626708984,41.59000015258789,474600.0
2023-10-02,41.630001068115234,42.130001068115234,41.5099983215332,42.040000915527344,528100.0
2023-10-03,41.91999816894531,42.2599983215332,41.41999816894531,41.70000076293945,435300.0
2023-10-04,41.75,42.2599983215332,41.599998474121094,41.9900016784668,447900.0
2023-10-05,41.95000076293945,42.11000061035156,41.59000015258789,41.63999938964844,432100.0
2023-10-06,41.40999984741211,42.58000183105469,41.31999969482422,42.29999923706055,496000.0
2023-10-09,42.290000915527344,42.93000030517578,42.209999084472656,42.650001525878906,409700.0
2023-10-10,42.70000076293945,43.08000183105469,42.70000076293945,42.83000183105469,371300.0
2023-10-11,43.060001373291016,43.45000076293945,42.66999816894531,43.130001068115234,379200.0
2023-10-12,43.130001068115234,43.130001068115234,42.290000915527344,42.75,271000.0
2023-10-13,42.900001525878906,42.939998626708984,41.83000183105469,41.9900016784668,362400.0
2023-10-16,42.369998931884766,43.5,42.369998931884766,43.38999938964844,540100.0
2023-10-17,43.08000183105469,44.41999816894531,42.900001525878906,44.029998779296875,590500.0
2023-10-18,43.75,43.75,42.939998626708984,42.970001220703125,518400.0
2023-10-19,43.0,43.630001068115234,42.709999084472656,43.04999923706055,493800.0
2023-10-20,43.06999969482422,43.08000183105469,42.18000030517578,42.189998626708984,547000.0
2023-10-23,41.97999954223633,42.880001068115234,41.61000061035156,41.97999954223633,533800.0
2023-10-24,42.43000030517578,43.209999084472656,42.25,42.90999984741211,374800.0
2023-10-25,42.27000045776367,42.599998474121094,41.79999923706055,41.810001373291016,398100.0
2023-10-26,41.619998931884766,41.849998474121094,39.709999084472656,39.869998931884766,775700.0
2023-10-27,40.4900016784668,41.52000045776367,40.4900016784668,41.04999923706055,1226700.0
2023-10-30,41.4900016784668,42.119998931884766,41.20000076293945,41.529998779296875,609000.0
2023-10-31,41.54999923706055,42.310001373291016,41.43000030517578,42.189998626708984,575200.0
2023-11-01,42.06999969482422,42.36000061035156,41.2599983215332,41.779998779296875,703300.0
2023-11-02,42.209999084472656,42.900001525878906,41.97999954223633,42.790000915527344,941200.0
2023-11-03,45.099998474121094,46.77000045776367,44.04999923706055,44.72999954223633,1130400.0
2023-11-06,44.709999084472656,45.220001220703125,43.86000061035156,45.09000015258789,674800.0
2023-11-07,45.119998931884766,45.59000015258789,44.29999923706055,44.310001373291016,716800.0
2023-11-08,44.27000045776367,44.720001220703125,44.150001525878906,44.369998931884766,385000.0
2023-11-09,44.2599983215332,44.45000076293945,42.810001373291016,43.540000915527344,625400.0
2023-11-10,43.59000015258789,44.380001068115234,43.400001525878906,43.9900016784668,401500.0
2023-11-13,43.68000030517578,43.9900016784668,43.47999954223633,43.59000015258789,498600.0
2023-11-14,44.5,45.45000076293945,44.5,45.189998626708984,712100.0
2023-11-15,45.209999084472656,46.150001525878906,45.029998779296875,45.04999923706055,785300.0
2023-11-16,44.41999816894531,45.130001068115234,44.25,44.650001525878906,510400.0
2023-11-17,44.5099983215332,45.34000015258789,44.349998474121094,45.2599983215332,584600.0
2023-11-20,45.470001220703125,46.349998474121094,45.470001220703125,46.34000015258789,866100.0
2023-11-21,46.130001068115234,46.27000045776367,45.310001373291016,45.90999984741211,1144000.0
2023-11-22,46.13999938964844,47.0,44.560001373291016,45.7400016784668,856600.0
2023-11-24,45.40999984741211,45.7400016784668,45.16999816894531,45.310001373291016,229400.0
2023-11-27,45.0,45.65999984741211,44.88999938964844,45.09000015258789,535900.0
2023-11-28,45.09000015258789,45.20000076293945,44.310001373291016,44.619998931884766,527300.0
2023-11-29,45.0,45.18000030517578,43.08000183105469,43.459999084472656,970500.0
2023-11-30,43.81999969482422,44.119998931884766,43.29999923706055,43.709999084472656,651200.0
2023-12-01,43.349998474121094,44.369998931884766,43.099998474121094,44.310001373291016,677900.0
2023-12-04,43.959999084472656,44.68000030517578,43.540000915527344,44.40999984741211,738800.0
2023-12-05,44.040000915527344,44.58000183105469,43.72999954223633,44.130001068115234,608600.0
2023-12-06,44.31999969482422,44.86000061035156,43.7400016784668,43.84000015258789,685300.0
2023-12-07,44.13999938964844,44.540000915527344,43.88999938964844,44.290000915527344,492400.0
2023-12-08,43.869998931884766,44.029998779296875,42.56999969482422,43.83000183105469,756100.0
2023-12-11,43.90999984741211,44.47999954223633,43.63999938964844,44.099998474121094,572400.0
2023-12-12,44.04999923706055,44.720001220703125,43.81999969482422,44.47999954223633,468600.0
2023-12-13,44.45000076293945,44.9900016784668,43.95000076293945,44.4900016784668,732100.0
2023-12-14,44.790000915527344,45.529998779296875,44.619998931884766,45.36000061035156,803200.0
2023-12-15,45.33000183105469,45.45000076293945,44.06999969482422,44.790000915527344,2050400.0
2023-12-18,44.849998474121094,46.619998931884766,44.61000061035156,46.459999084472656,1117100.0
2023-12-19,46.619998931884766,48.150001525878906,46.619998931884766,46.81999969482422,822400.0
2023-12-20,46.900001525878906,48.220001220703125,46.900001525878906,47.599998474121094,1269800.0
2023-12-21,48.0,48.279998779296875,47.619998931884766,48.2400016784668,922500.0
2023-12-22,48.5,48.9900016784668,48.16999816894531,48.43000030517578,520400.0
2023-12-26,48.5,48.630001068115234,48.0,48.189998626708984,339200.0
2023-12-27,48.15999984741211,48.29999923706055,47.38999938964844,47.630001068115234,389900.0
2023-12-28,47.4900016784668,47.56999969482422,47.040000915527344,47.2599983215332,400400.0
2023-12-29,47.290000915527344,47.56999969482422,46.939998626708984,47.34000015258789,511600.0
2024-01-02,46.83000183105469,46.97999954223633,45.75,46.369998931884766,612000.0
2024-01-03,45.83000183105469,46.43000030517578,45.709999084472656,46.0099983215332,678600.0
2024-01-04,46.0,46.77000045776367,45.869998931884766,46.13999938964844,518600.0
2024-01-05,45.90999984741211,46.41999816894531,44.95000076293945,44.970001220703125,631200.0
2024-01-08,45.40999984741211,46.06999969482422,44.959999084472656,45.689998626708984,665400.0
2024-01-09,45.29999923706055,45.34000015258789,44.61000061035156,44.93000030517578,705100.0
2024-01-10,45.0,45.04999923706055,44.0099983215332,44.380001068115234,900200.0
2024-01-11,44.43000030517578,44.43000030517578,43.040000915527344,43.779998779296875,1029900.0
2024-01-12,44.119998931884766,44.119998931884766,43.540000915527344,43.709999084472656,619700.0
2024-01-16,43.400001525878906,44.04999923706055,43.31999969482422,43.88999938964844,608200.0
2024-01-17,43.43000030517578,43.779998779296875,43.13999938964844,43.7400016784668,425300.0
2024-01-18,44.18000030517578,44.209999084472656,43.63999938964844,44.060001373291016,374800.0
2024-01-19,44.31999969482422,44.43000030517578,43.54999923706055,44.0,426600.0
2024-01-22,44.47999954223633,44.849998474121094,43.9900016784668,44.52000045776367,601200.0
2024-01-23,45.0099983215332,45.40999984741211,44.380001068115234,44.83000183105469,507600.0
2024-01-24,45.279998779296875,45.45000076293945,44.540000915527344,44.56999969482422,452700.0
2024-01-25,45.029998779296875,45.130001068115234,44.470001220703125,44.790000915527344,406100.0
2024-01-26,44.84000015258789,45.2400016784668,44.540000915527344,45.0,362400.0
2024-01-29,44.84000015258789,45.18000030517578,44.439998626708984,45.18000030517578,569100.0
2024-01-30,45.189998626708984,45.52000045776367,44.7400016784668,45.20000076293945,720200.0
2024-01-31,44.72999954223633,45.029998779296875,43.619998931884766,43.72999954223633,559600.0
2024-02-01,43.959999084472656,44.2400016784668,43.33000183105469,44.13999938964844,528200.0
2024-02-02,44.290000915527344,44.880001068115234,44.189998626708984,44.61000061035156,411900.0
2024-02-05,44.349998474121094,44.5,43.720001220703125,43.83000183105469,661900.0
2024-02-06,43.95000076293945,44.27000045776367,43.709999084472656,44.2400016784668,361600.0
2024-02-07,44.220001220703125,44.31999969482422,43.77000045776367,44.0,373800.0
2024-02-08,44.04999923706055,45.02000045776367,43.72999954223633,45.0,605000.0
2024-02-09,45.09000015258789,45.70000076293945,44.650001525878906,45.4900016784668,608600.0
2024-02-12,45.689998626708984,45.90999984741211,45.20000076293945,45.709999084472656,1364800.0
2024-02-13,44.7599983215332,45.599998474121094,42.849998474121094,43.290000915527344,940400.0
2024-02-14,43.790000915527344,44.380001068115234,43.36000061035156,43.77000045776367,884000.0
2024-02-15,43.630001068115234,45.04999923706055,43.4900016784668,44.38999938964844,1314000.0
2024-02-16,38.459999084472656,40.33000183105469,37.5,38.02000045776367,2967000.0
2024-02-20,37.54999923706055,37.66999816894531,36.90999984741211,37.0099983215332,1161900.0
2024-02-21,37.0,37.220001220703125,36.22999954223633,36.9900016784668,1121100.0
2024-02-22,37.45000076293945,37.68000030517578,35.560001373291016,36.47999954223633,1383900.0
2024-02-23,36.2599983215332,36.38999938964844,35.790000915527344,35.959999084472656,1265400.0
2024-02-26,35.86000061035156,36.88999938964844,35.58000183105469,36.68000030517578,1124700.0
2024-02-27,36.9900016784668,37.529998779296875,36.619998931884766,37.0099983215332,820600.0
2024-02-28,36.7400016784668,37.880001068115234,36.66999816894531,37.599998474121094,760400.0
2024-02-29,37.970001220703125,38.529998779296875,37.779998779296875,38.439998626708984,1220200.0
2024-03-01,38.4900016784668,38.689998626708984,38.08000183105469,38.43000030517578,860100.0
2024-03-04,38.54999923706055,38.70000076293945,37.869998931884766,38.130001068115234,599000.0
2024-03-05,37.7400016784668,37.959999084472656,37.45000076293945,37.79999923706055,677000.0
2024-03-06,38.18000030517578,38.45000076293945,37.65999984741211,37.869998931884766,846700.0
2024-03-07,38.099998474121094,38.43000030517578,37.79999923706055,38.130001068115234,772600.0
2024-03-08,38.540000915527344,39.2400016784668,38.099998474121094,38.290000915527344,701600.0
2024-03-11,38.2400016784668,38.66999816894531,37.959999084472656,38.27000045776367,647400.0
2024-03-12,38.31999969482422,38.70000076293945,38.2400016784668,38.290000915527344,575700.0
2024-03-13,38.22999954223633,38.689998626708984,38.22999954223633,38.36000061035156,667600.0
2024-03-14,38.349998474121094,38.4900016784668,37.70000076293945,37.869998931884766,567400.0
2024-03-15,37.70000076293945,37.880001068115234,37.209999084472656,37.52000045776367,2759300.0
2024-03-18,37.83000183105469,38.22999954223633,37.70000076293945,37.95000076293945,786600.0
2024-03-19,37.75,38.150001525878906,37.56999969482422,37.93000030517578,535000.0
2024-03-20,37.869998931884766,39.040000915527344,37.7400016784668,38.779998779296875,621800.0
2024-03-21,38.939998626708984,39.099998474121094,38.720001220703125,38.72999954223633,816900.0
2024-03-22,38.83000183105469,38.93000030517578,38.540000915527344,38.790000915527344,579200.0
2024-03-25,38.7599983215332,39.029998779296875,38.220001220703125,38.290000915527344,433600.0
2024-03-26,38.63999938964844,38.79999923706055,38.099998474121094,38.25,670800.0
2024-03-27,38.61000061035156,39.130001068115234,38.11000061035156,39.099998474121094,811100.0
2024-03-28,39.20000076293945,39.81999969482422,39.02000045776367,39.400001525878906,797500.0
2024-04-01,39.40999984741211,39.849998474121094,39.22999954223633,39.66999816894531,687000.0
2024-04-02,39.4900016784668,39.970001220703125,39.34000015258789,39.93000030517578,707500.0
2024-04-03,39.93000030517578,40.97999954223633,39.90999984741211,40.93000030517578,649300.0
2024-04-04,41.209999084472656,41.560001373291016,40.029998779296875,40.15999984741211,752100.0
2024-04-05,40.22999954223633,40.59000015258789,40.130001068115234,40.459999084472656,719400.0
2024-04-08,40.43000030517578,41.189998626708984,40.43000030517578,40.91999816894531,789800.0
2024-04-09,41.02000045776367,41.58000183105469,40.91999816894531,40.95000076293945,521900.0
2024-04-10,40.22999954223633,40.58000183105469,39.779998779296875,39.959999084472656,683600.0
2024-04-11,40.04999923706055,40.4900016784668,39.689998626708984,40.11000061035156,716300.0
2024-04-12,39.90999984741211,41.40999984741211,39.90999984741211,40.61000061035156,928400.0
2024-04-15,40.630001068115234,40.7400016784668,39.95000076293945,40.04999923706055,748700.0
2024-04-16,39.91999816894531,39.91999816894531,39.02000045776367,39.560001373291016,574400.0
2024-04-17,39.79999923706055,40.290000915527344,39.459999084472656,39.560001373291016,483800.0
2024-04-18,39.4900016784668,39.849998474121094,39.279998779296875,39.40999984741211,500600.0
2024-04-19,39.34000015258789,39.7599983215332,38.93000030517578,39.290000915527344,637200.0
2024-04-22,39.58000183105469,39.97999954223633,39.2599983215332,39.529998779296875,645400.0
2024-04-23,39.689998626708984,40.56999969482422,39.689998626708984,40.150001525878906,651700.0
2024-04-24,40.15999984741211,40.779998779296875,40.09000015258789,40.38999938964844,519500.0
2024-04-25,39.63999938964844,39.97999954223633,39.349998474121094,39.970001220703125,418300.0
2024-04-26,40.33000183105469,40.83000183105469,40.33000183105469,40.81999969482422,441000.0
2024-04-29,40.83000183105469,41.29999923706055,40.779998779296875,40.91999816894531,478900.0
2024-04-30,40.7599983215332,41.20000076293945,40.20000076293945,40.2400016784668,712700.0
2024-05-01,40.40999984741211,41.25,40.31999969482422,40.439998626708984,449500.0
2024-05-02,40.68000030517578,40.68000030517578,39.7599983215332,40.0,598300.0
2024-05-03,40.459999084472656,40.56999969482422,39.79999923706055,39.9900016784668,616600.0
2024-05-06,40.20000076293945,40.619998931884766,40.20000076293945,40.47999954223633,503400.0
2024-05-07,40.40999984741211,41.220001220703125,40.2400016784668,41.11000061035156,608200.0
2024-05-08,40.58000183105469,40.77000045776367,39.150001525878906,39.22999954223633,963800.0
2024-05-09,39.40999984741211,39.790000915527344,39.130001068115234,39.619998931884766,1580600.0
2024-05-10,38.83000183105469,39.9900016784668,36.709999084472656,36.790000915527344,1997700.0
2024-05-13,36.66999816894531,38.43000030517578,36.5,37.970001220703125,1114500.0
2024-05-14,38.369998931884766,38.65999984741211,37.41999816894531,37.720001220703125,1105300.0
2024-05-15,38.06999969482422,38.369998931884766,37.16999816894531,38.22999954223633,718300.0
2024-05-16,38.22999954223633,38.439998626708984,37.7400016784668,37.97999954223633,639900.0
2024-05-17,38.06999969482422,38.119998931884766,37.119998931884766,37.25,700900.0
2024-05-20,37.310001373291016,37.59000015258789,36.81999969482422,37.36000061035156,565800.0
2024-05-21,37.150001525878906,37.31999969482422,36.58000183105469,36.88999938964844,890900.0
2024-05-22,36.86000061035156,36.970001220703125,36.36000061035156,36.70000076293945,627400.0
2024-05-23,36.70000076293945,36.77000045776367,36.060001373291016,36.400001525878906,607700.0
2024-05-24,36.5099983215332,36.59000015258789,36.130001068115234,36.380001068115234,501500.0
2024-05-28,36.38999938964844,36.58000183105469,36.099998474121094,36.310001373291016,571100.0
2024-05-29,36.0,36.31999969482422,35.779998779296875,36.31999969482422,664100.0
2024-05-30,36.5,36.810001373291016,36.34000015258789,36.52000045776367,455400.0
2024-05-31,36.459999084472656,36.97999954223633,36.08000183105469,36.970001220703125,718700.0
2024-06-03,36.72999954223633,37.06999969482422,36.599998474121094,36.77000045776367,955900.0
2024-06-04,36.529998779296875,36.709999084472656,35.75,35.79999923706055,635300.0
2024-06-05,35.90999984741211,36.29999923706055,35.72999954223633,36.220001220703125,528500.0
2024-06-06,35.970001220703125,36.29999923706055,35.93000030517578,36.220001220703125,448100.0
2024-06-07,35.86000061035156,36.77000045776367,35.86000061035156,36.720001220703125,406200.0
2024-06-10,36.400001525878906,36.56999969482422,36.0099983215332,36.400001525878906,663600.0
2024-06-11,36.43000030517578,37.040000915527344,36.369998931884766,37.02000045776367,617500.0
2024-06-12,37.720001220703125,37.869998931884766,37.29999923706055,37.5099983215332,543000.0
2024-06-13,37.29999923706055,37.400001525878906,36.52000045776367,36.689998626708984,515400.0
2024-06-14,36.290000915527344,36.63999938964844,36.2400016784668,36.27000045776367,466600.0
2024-06-17,36.189998626708984,36.369998931884766,35.93000030517578,36.130001068115234,501700.0
2024-06-18,36.27000045776367,36.27000045776367,35.560001373291016,35.650001525878906,506000.0
2024-06-20,35.400001525878906,36.20000076293945,35.310001373291016,36.0,810300.0
2024-06-21,35.95000076293945,36.27000045776367,35.79999923706055,36.04999923706055,1912800.0
2024-06-24,36.130001068115234,36.970001220703125,36.040000915527344,36.2400016784668,758200.0
2024-06-25,36.290000915527344,36.720001220703125,36.099998474121094,36.65999984741211,367300.0
2024-06-26,36.59000015258789,37.0099983215332,36.4900016784668,36.84000015258789,547900.0
2024-06-27,36.970001220703125,37.2599983215332,36.84000015258789,36.88999938964844,470100.0
2024-06-28,37.18000030517578,37.290000915527344,36.7400016784668,36.95000076293945,755200.0
2024-07-01,36.939998626708984,36.97999954223633,36.0,36.16999816894531,640800.0
2024-07-02,36.2599983215332,36.529998779296875,36.130001068115234,36.209999084472656,441400.0
2024-07-03,36.2400016784668,36.54999923706055,36.130001068115234,36.150001525878906,257400.0
2024-07-05,36.0,36.5099983215332,35.900001525878906,36.470001220703125,444900.0
2024-07-08,36.540000915527344,36.790000915527344,36.380001068115234,36.380001068115234,468100.0
2024-07-09,36.380001068115234,36.459999084472656,35.88999938964844,35.90999984741211,505900.0
2024-07-10,35.880001068115234,35.88999938964844,34.7599983215332,35.18000030517578,776100.0
2024-07-11,35.66999816894531,35.9900016784668,35.43000030517578,35.77000045776367,608100.0
2024-07-12,36.11000061035156,36.33000183105469,35.61000061035156,35.95000076293945,709200.0
2024-07-15,36.36000061035156,36.650001525878906,36.11000061035156,36.34000015258789,715200.0
2024-07-16,36.619998931884766,37.869998931884766,36.349998474121094,37.709999084472656,818400.0
2024-07-17,37.61000061035156,37.95000076293945,37.29999923706055,37.77000045776367,658900.0
2024-07-18,37.619998931884766,38.119998931884766,37.31999969482422,37.470001220703125,675400.0
2024-07-19,37.540000915527344,37.59000015258789,37.2400016784668,37.310001373291016,650500.0
2024-07-22,37.36000061035156,37.61000061035156,37.11000061035156,37.41999816894531,555900.0
2024-07-23,37.43000030517578,37.88999938964844,37.36000061035156,37.38999938964844,664800.0
2024-07-24,36.95000076293945,37.16999816894531,35.560001373291016,35.70000076293945,1053800.0
2024-07-25,35.97999954223633,36.47999954223633,35.72999954223633,36.209999084472656,645900.0
2024-07-26,36.54999923706055,36.66999816894531,35.869998931884766,36.41999816894531,580700.0
2024-07-29,36.560001373291016,36.88999938964844,36.29999923706055,36.529998779296875,687800.0
2024-07-30,36.689998626708984,37.189998626708984,36.31999969482422,36.65999984741211,706200.0
2024-07-31,36.790000915527344,37.060001373291016,36.400001525878906,36.43000030517578,1134200.0
2024-08-01,36.72999954223633,36.72999954223633,35.150001525878906,35.630001068115234,745300.0
2024-08-02,34.779998779296875,34.970001220703125,34.279998779296875,34.70000076293945,804200.0
2024-08-05,33.5,33.97999954223633,32.91999816894531,33.56999969482422,928900.0
2024-08-06,33.61000061035156,33.939998626708984,33.470001220703125,33.599998474121094,554800.0
2024-08-07,33.849998474121094,34.119998931884766,33.099998474121094,33.33000183105469,901600.0
2024-08-08,33.22999954223633,33.66999816894531,32.560001373291016,33.5099983215332,2346300.0
2024-08-09,34.630001068115234,35.36000061035156,33.40999984741211,33.470001220703125,1354100.0
2024-08-12,33.349998474121094,33.59000015258789,32.869998931884766,33.20000076293945,856300.0
2024-08-13,33.130001068115234,33.900001525878906,33.130001068115234,33.7599983215332,654800.0
2024-08-14,33.79999923706055,33.86000061035156,32.7400016784668,33.16999816894531,506900.0
2024-08-15,33.689998626708984,34.18000030517578,33.5099983215332,34.11000061035156,549700.0
2024-08-16,33.93000030517578,34.20000076293945,33.79999923706055,33.81999969482422,558500.0
2024-08-19,33.9900016784668,34.33000183105469,33.900001525878906,34.279998779296875,527000.0
2024-08-20,34.189998626708984,34.529998779296875,34.15999984741211,34.33000183105469,424000.0
2024-08-21,34.400001525878906,34.630001068115234,33.790000915527344,34.220001220703125,1086400.0
2024-08-22,34.220001220703125,34.380001068115234,34.060001373291016,34.11000061035156,741800.0
2024-08-23,34.2599983215332,35.16999816894531,34.20000076293945,34.959999084472656,560400.0
2024-08-26,35.0099983215332,35.130001068115234,34.75,34.7599983215332,493200.0
2024-08-27,34.68000030517578,35.08000183105469,34.619998931884766,34.720001220703125,533900.0
2024-08-28,34.619998931884766,34.70000076293945,33.97999954223633,34.38999938964844,430800.0
2024-08-29,34.66999816894531,35.2400016784668,34.45000076293945,34.90999984741211,667200.0
2024-08-30,35.0,35.150001525878906,34.66999816894531,34.93000030517578,583400.0
2024-09-03,34.349998474121094,34.75,33.54999923706055,33.560001373291016,719400.0
2024-09-04,33.5,34.43000030517578,33.20000076293945,34.09000015258789,1198100.0
2024-09-05,34.06999969482422,34.47999954223633,33.88999938964844,34.290000915527344,705600.0
2024-09-06,34.5,34.56999969482422,33.81999969482422,33.869998931884766,816800.0
2024-09-09,33.810001373291016,33.849998474121094,33.310001373291016,33.470001220703125,837900.0
2024-09-10,33.68000030517578,33.7599983215332,33.0,33.02000045776367,674300.0
2024-09-11,33.04999923706055,33.310001373291016,32.650001525878906,33.2400016784668,693000.0
2024-09-12,33.45000076293945,33.70000076293945,33.04999923706055,33.689998626708984,626100.0
2024-09-13,34.0,34.880001068115234,33.90999984741211,34.439998626708984,562900.0
2024-09-16,33.38999938964844,33.88999938964844,32.709999084472656,33.400001525878906,1190700.0
2024-09-17,33.7400016784668,34.20000076293945,33.650001525878906,33.849998474121094,903300.0
2024-09-18,33.959999084472656,34.599998474121094,33.77000045776367,34.13999938964844,932400.0
2024-09-19,34.9900016784668,34.9900016784668,34.06999969482422,34.400001525878906,646100.0
2024-09-20,34.5099983215332,34.619998931884766,34.150001525878906,34.279998779296875,1923300.0
2024-09-23,34.2400016784668,34.56999969482422,34.09000015258789,34.380001068115234,587600.0
2024-09-24,34.599998474121094,34.959999084472656,34.5099983215332,34.75,598700.0
2024-09-25,34.650001525878906,34.75,34.130001068115234,34.13999938964844,559000.0
2024-09-26,34.459999084472656,34.5099983215332,33.7599983215332,33.849998474121094,904500.0
2024-09-27,34.150001525878906,35.0,33.959999084472656,34.90999984741211,780200.0
2024-09-30,34.95000076293945,35.52000045776367,34.849998474121094,35.08000183105469,617500.0
2024-10-01,35.130001068115234,35.15999984741211,34.310001373291016,34.349998474121094,483300.0
2024-10-02,34.369998931884766,34.65999984741211,34.220001220703125,34.380001068115234,413300.0
2024-10-03,34.099998474121094,34.189998626708984,33.560001373291016,33.630001068115234,461500.0
2024-10-04,34.0099983215332,34.619998931884766,33.849998474121094,34.61000061035156,439300.0
2024-10-07,34.529998779296875,34.709999084472656,34.2599983215332,34.529998779296875,546500.0
2024-10-08,34.529998779296875,34.59000015258789,34.18000030517578,34.279998779296875,348200.0
2024-10-09,34.2599983215332,34.630001068115234,34.04999923706055,34.08000183105469,372200.0
2024-10-10,33.75,34.150001525878906,33.75,34.0099983215332,423800.0
2024-10-11,34.02000045776367,34.41999816894531,34.0099983215332,34.2599983215332,408200.0
2024-10-14,33.720001220703125,34.4900016784668,33.599998474121094,34.45000076293945,631900.0
2024-10-15,34.290000915527344,35.060001373291016,34.27000045776367,34.900001525878906,537000.0
2024-10-16,35.099998474121094,35.099998474121094,34.529998779296875,34.79999923706055,511600.0
2024-10-17,34.81999969482422,34.97999954223633,34.38999938964844,34.84000015258789,603800.0
2024-10-18,34.90999984741211,35.02000045776367,34.4900016784668,34.61000061035156,515900.0
2024-10-21,34.599998474121094,34.81999969482422,33.79999923706055,33.79999923706055,617100.0
2024-10-22,33.70000076293945,33.849998474121094,33.38999938964844,33.41999816894531,499600.0
2024-10-23,33.369998931884766,33.630001068115234,33.22999954223633,33.369998931884766,438800.0
2024-10-24,33.369998931884766,33.900001525878906,33.209999084472656,33.88999938964844,431200.0
2024-10-25,34.0,34.31999969482422,33.61000061035156,33.650001525878906,544200.0
2024-10-28,34.0,34.400001525878906,33.970001220703125,34.119998931884766,828000.0
2024-10-29,34.060001373291016,34.529998779296875,34.040000915527344,34.4900016784668,691500.0
2024-10-30,34.689998626708984,35.43000030517578,34.45000076293945,34.5099983215332,717300.0
2024-10-31,34.540000915527344,34.84000015258789,34.11000061035156,34.13999938964844,643100.0
2024-11-01,34.099998474121094,34.2599983215332,33.720001220703125,33.90999984741211,618200.0
2024-11-04,33.91999816894531,34.880001068115234,33.63999938964844,34.349998474121094,860200.0
2024-11-05,34.349998474121094,34.83000183105469,34.16999816894531,34.83000183105469,532000.0
2024-11-06,36.470001220703125,36.810001373291016,35.959999084472656,36.63999938964844,1077800.0
2024-11-07,36.65999984741211,37.22999954223633,36.310001373291016,36.369998931884766,1151400.0
2024-11-08,35.75,36.560001373291016,35.279998779296875,35.93000030517578,1826200.0
2024-11-11,35.88999938964844,37.59000015258789,35.88999938964844,37.560001373291016,1033700.0
2024-11-12,37.41999816894531,38.4900016784668,37.41999816894531,38.209999084472656,995300.0
2024-11-13,38.2400016784668,38.2400016784668,36.810001373291016,36.88999938964844,858300.0
2024-11-14,36.7599983215332,37.0099983215332,36.16999816894531,36.43000030517578,818500.0
2024-11-15,36.70000076293945,36.70000076293945,35.83000183105469,35.95000076293945,577200.0
2024-11-18,36.06999969482422,36.130001068115234,35.630001068115234,35.849998474121094,644900.0
2024-11-19,35.650001525878906,36.349998474121094,35.5099983215332,35.84000015258789,829600.0
2024-11-20,35.900001525878906,36.11000061035156,35.70000076293945,35.84000015258789,771100.0
2024-11-21,35.88999938964844,35.95000076293945,34.439998626708984,35.58000183105469,837200.0
2024-11-22,35.439998626708984,36.2400016784668,35.119998931884766,36.130001068115234,723800.0
2024-11-25,36.5,37.63999938964844,36.31999969482422,37.4900016784668,907000.0
2024-11-26,37.34000015258789,37.40999984741211,37.0099983215332,37.2599983215332,482300.0
2024-11-27,37.400001525878906,38.13999938964844,37.220001220703125,38.08000183105469,882300.0
2024-11-29,38.04999923706055,38.47999954223633,38.029998779296875,38.220001220703125,372800.0
2024-12-02,38.060001373291016,38.77000045776367,37.7599983215332,38.54999923706055,968100.0
2024-12-03,38.4900016784668,38.70000076293945,38.130001068115234,38.310001373291016,581400.0
2024-12-04,38.2599983215332,39.0,38.189998626708984,38.81999969482422,558400.0
2024-12-05,38.84000015258789,38.93000030517578,38.189998626708984,38.2400016784668,480200.0
2024-12-06,38.369998931884766,38.84000015258789,38.189998626708984,38.79999923706055,360900.0
2024-12-09,39.040000915527344,39.97999954223633,38.90999984741211,39.5,601900.0
2024-12-10,39.439998626708984,40.9900016784668,39.349998474121094,40.33000183105469,1057000.0
2024-12-11,40.4900016784668,40.970001220703125,40.40999984741211,40.61000061035156,700300.0
2024-12-12,40.47999954223633,40.77000045776367,40.16999816894531,40.189998626708984,357600.0
2024-12-13,40.0,40.150001525878906,39.400001525878906,39.709999084472656,384400.0
2024-12-16,39.61000061035156,40.09000015258789,39.27000045776367,39.810001373291016,546000.0
2024-12-17,39.7400016784668,40.119998931884766,39.43000030517578,39.68000030517578,661100.0
2024-12-18,39.790000915527344,40.11000061035156,37.81999969482422,38.02000045776367,815500.0
2024-12-19,38.619998931884766,38.65999984741211,37.970001220703125,38.29999923706055,640000.0
2024-12-20,37.779998779296875,38.93000030517578,37.599998474121094,38.08000183105469,2974300.0
2024-12-23,37.9900016784668,38.77000045776367,37.939998626708984,38.529998779296875,673100.0
2024-12-24,38.529998779296875,39.0099983215332,38.36000061035156,38.970001220703125,297700.0
2024-12-26,38.59000015258789,39.83000183105469,38.59000015258789,39.70000076293945,608300.0
2024-12-27,39.310001373291016,39.599998474121094,38.720001220703125,38.83000183105469,648700.0
2024-12-30,38.650001525878906,38.880001068115234,37.939998626708984,38.59000015258789,576100.0
2024-12-31,38.779998779296875,39.18000030517578,38.61000061035156,38.70000076293945,491500.0
2025-01-02,39.2400016784668,39.459999084472656,38.849998474121094,39.06999969482422,455300.0
2025-01-03,39.209999084472656,39.630001068115234,39.0099983215332,39.540000915527344,460300.0
2025-01-06,39.880001068115234,40.470001220703125,39.689998626708984,40.040000915527344,646000.0
2025-01-07,40.0,40.27000045776367,39.11000061035156,39.33000183105469,537400.0
2025-01-08,38.84000015258789,39.29999923706055,38.83000183105469,39.02000045776367,495700.0
2025-01-10,38.5099983215332,38.75,38.02000045776367,38.43000030517578,478500.0
2025-01-13,38.150001525878906,38.790000915527344,37.959999084472656,38.65999984741211,864100.0
2025-01-14,39.02000045776367,39.380001068115234,38.43000030517578,38.849998474121094,946900.0
2025-01-15,39.439998626708984,40.31999969482422,39.18000030517578,39.9900016784668,617400.0
2025-01-16,39.959999084472656,40.650001525878906,39.689998626708984,40.52000045776367,1021700.0
2025-01-17,41.119998931884766,41.119998931884766,40.380001068115234,40.70000076293945,453100.0
2025-01-21,40.959999084472656,41.130001068115234,40.02000045776367,40.209999084472656,597700.0
2025-01-22,40.040000915527344,40.41999816894531,38.38999938964844,38.5099983215332,698900.0
2025-01-23,38.400001525878906,39.040000915527344,38.22999954223633,39.0099983215332,625400.0
2025-01-24,38.79999923706055,39.2599983215332,38.650001525878906,38.79999923706055,461700.0
2025-01-27,38.720001220703125,40.880001068115234,38.58000183105469,40.349998474121094,920100.0
2025-01-28,40.349998474121094,41.54999923706055,40.349998474121094,41.25,579300.0
2025-01-29,41.25,41.529998779296875,40.88999938964844,41.040000915527344,521900.0
2025-01-30,41.5099983215332,41.720001220703125,40.41999816894531,40.4900016784668,681500.0
2025-01-31,40.459999084472656,40.86000061035156,39.70000076293945,39.939998626708984,595300.0
2025-02-03,39.33000183105469,39.9900016784668,39.09000015258789,39.59000015258789,482200.0
2025-02-04,39.63999938964844,40.279998779296875,39.63999938964844,40.16999816894531,374700.0
2025-02-05,40.02000045776367,40.099998474121094,39.41999816894531,39.81999969482422,449400.0
2025-02-06,39.720001220703125,39.880001068115234,39.220001220703125,39.5099983215332,441900.0
2025-02-07,39.61000061035156,39.90999984741211,39.290000915527344,39.560001373291016,692400.0
2025-02-10,39.84000015258789,40.099998474121094,39.47999954223633,39.65999984741211,537500.0
2025-02-11,39.38999938964844,40.27000045776367,39.38999938964844,40.099998474121094,802500.0
2025-02-12,39.52000045776367,40.06999969482422,39.369998931884766,39.66999816894531,561900.0
2025-02-13,39.83000183105469,40.7400016784668,39.380001068115234,40.54999923706055,742500.0
2025-02-14,40.029998779296875,40.4900016784668,37.209999084472656,37.34000015258789,1650800.0
2025-02-18,37.29999923706055,38.130001068115234,36.63999938964844,38.11000061035156,919300.0
2025-02-19,37.720001220703125,38.220001220703125,37.369998931884766,37.939998626708984,659000.0
2025-02-20,37.61000061035156,37.7400016784668,36.279998779296875,36.59000015258789,909700.0
2025-02-21,36.68000030517578,36.68000030517578,35.279998779296875,35.720001220703125,1049200.0
2025-02-24,35.75,35.75,35.209999084472656,35.33000183105469,756900.0
2025-02-25,35.130001068115234,35.439998626708984,34.40999984741211,34.61000061035156,789000.0
2025-02-26,34.38999938964844,35.040000915527344,34.08000183105469,34.20000076293945,909700.0
2025-02-27,34.2400016784668,34.529998779296875,33.619998931884766,34.09000015258789,835200.0
2025-02-28,33.81999969482422,34.34000015258789,33.59000015258789,34.310001373291016,926400.0
2025-03-03,34.40999984741211,34.630001068115234,33.400001525878906,33.599998474121094,756400.0
2025-03-04,33.15999984741211,34.02000045776367,33.119998931884766,33.63999938964844,903600.0
2025-03-05,33.59000015258789,34.04999923706055,33.33000183105469,33.68000030517578,820100.0
2025-03-06,33.31999969482422,34.40999984741211,33.310001373291016,33.959999084472656,697900.0
2025-03-07,33.88999938964844,35.310001373291016,33.83000183105469,35.150001525878906,1121600.0
2025-03-10,34.97999954223633,35.65999984741211,34.84000015258789,35.25,1100600.0
2025-03-11,35.189998626708984,35.70000076293945,34.91999816894531,35.150001525878906,720500.0
2025-03-12,35.369998931884766,35.47999954223633,34.7400016784668,34.880001068115234,729200.0
2025-03-13,34.81999969482422,34.91999816894531,34.0,34.0,832000.0
2025-03-14,34.189998626708984,35.06999969482422,34.08000183105469,35.040000915527344,821600.0
2025-03-17,35.0099983215332,35.52000045776367,34.7599983215332,35.08000183105469,718500.0
2025-03-18,34.790000915527344,35.11000061035156,34.4900016784668,34.9900016784668,611600.0
2025-03-19,35.09000015258789,35.720001220703125,35.09000015258789,35.5,533800.0
2025-03-20,35.08000183105469,35.93000030517578,35.08000183105469,35.439998626708984,680800.0
2025-03-21,35.130001068115234,35.959999084472656,35.130001068115234,35.75,2671000.0
2025-03-24,36.34000015258789,36.880001068115234,36.31999969482422,36.81999969482422,795200.0
2025-03-25,36.900001525878906,37.61000061035156,36.900001525878906,37.58000183105469,1299600.0
2025-03-26,37.599998474121094,38.41999816894531,37.540000915527344,38.369998931884766,965800.0
2025-03-27,38.38999938964844,38.77000045776367,37.95000076293945,37.970001220703125,1014200.0
2025-03-28,37.79999923706055,37.91999816894531,37.02000045776367,37.209999084472656,774800.0
2025-03-31,36.77000045776367,37.2400016784668,36.25,37.029998779296875,995800.0
2025-04-01,36.720001220703125,38.15999984741211,36.709999084472656,38.15999984741211,739100.0
2025-04-02,37.599998474121094,38.540000915527344,37.599998474121094,38.369998931884766,960800.0
2025-04-03,37.02000045776367,37.56999969482422,36.439998626708984,37.06999969482422,1082800.0
2025-04-04,35.880001068115234,36.7400016784668,35.52000045776367,35.65999984741211,1154800.0
2025-04-07,34.349998474121094,35.810001373291016,33.02000045776367,33.41999816894531,1835700.0
2025-04-08,34.15999984741211,34.7400016784668,32.56999969482422,32.84000015258789,1129100.0
2025-04-09,32.560001373291016,36.119998931884766,32.560001373291016,35.72999954223633,1010500.0
2025-04-10,34.779998779296875,35.15999984741211,33.75,34.25,981900.0
2025-04-11,34.27000045776367,34.41999816894531,33.54999923706055,34.20000076293945,819000.0
2025-04-14,34.630001068115234,34.7599983215332,33.56999969482422,33.84000015258789,631500.0
2025-04-15,33.619998931884766,34.040000915527344,33.560001373291016,33.880001068115234,744000.0
2025-04-16,33.619998931884766,34.130001068115234,33.310001373291016,33.54999923706055,632900.0
2025-04-17,33.25,33.56999969482422,32.65999984741211,33.060001373291016,630500.0
2025-04-21,32.68000030517578,32.880001068115234,32.279998779296875,32.560001373291016,678300.0
2025-04-22,32.79999923706055,33.599998474121094,32.5099983215332,33.540000915527344,633700.0
2025-04-23,34.45000076293945,35.0,34.09000015258789,34.41999816894531,651900.0
2025-04-24,34.54999923706055,35.189998626708984,34.41999816894531,35.130001068115234,500500.0
2025-04-25,35.290000915527344,35.58000183105469,35.02000045776367,35.43000030517578,447900.0
2025-04-28,35.439998626708984,35.75,35.22999954223633,35.58000183105469,512000.0
2025-04-29,35.5099983215332,35.95000076293945,35.31999969482422,35.79999923706055,417500.0
2025-04-30,35.2400016784668,35.2400016784668,34.619998931884766,35.08000183105469,607100.0
2025-05-01,35.40999984741211,35.54999923706055,34.86000061035156,35.15999984741211,387600.0
2025-05-02,35.369998931884766,35.650001525878906,35.119998931884766,35.18000030517578,516700.0
2025-05-05,35.04999923706055,35.56999969482422,34.869998931884766,35.029998779296875,677800.0
2025-05-06,34.86000061035156,35.220001220703125,34.599998474121094,34.619998931884766,831900.0
2025-05-07,35.040000915527344,35.599998474121094,34.83000183105469,35.529998779296875,669300.0
2025-05-08,35.83000183105469,36.220001220703125,35.529998779296875,35.7400016784668,828200.0
2025-05-09,37.0,40.25,36.2400016784668,38.97999954223633,1417300.0
2025-05-12,40.130001068115234,40.689998626708984,39.36000061035156,40.29999923706055,1043000.0
2025-05-13,40.529998779296875,41.09000015258789,40.34000015258789,40.58000183105469,744000.0
2025-05-14,40.29999923706055,41.099998474121094,40.27000045776367,40.93000030517578,817300.0
2025-05-15,41.0,41.220001220703125,39.4900016784668,39.540000915527344,921800.0
2025-05-16,39.65999984741211,39.720001220703125,39.06999969482422,39.13999938964844,793600.0
2025-05-19,38.65999984741211,38.880001068115234,38.400001525878906,38.54999923706055,741200.0
2025-05-20,38.5,38.810001373291016,38.29999923706055,38.59000015258789,1110200.0
2025-05-21,38.15999984741211,38.689998626708984,37.83000183105469,38.02000045776367,1064400.0
2025-05-22,38.08000183105469,38.58000183105469,37.849998474121094,38.04999923706055,543300.0
2025-05-23,37.529998779296875,37.79999923706055,37.34000015258789,37.400001525878906,497200.0
2025-05-27,37.869998931884766,38.52000045776367,37.77000045776367,38.459999084472656,664900.0
2025-05-28,38.459999084472656,38.84000015258789,38.290000915527344,38.7599983215332,562600.0
2025-05-29,39.0,39.58000183105469,38.52000045776367,38.66999816894531,752500.0
2025-05-30,38.630001068115234,38.70000076293945,37.709999084472656,38.16999816894531,912800.0
2025-06-02,37.95000076293945,38.099998474121094,37.09000015258789,37.150001525878906,1020500.0
2025-06-03,37.02000045776367,37.560001373291016,36.810001373291016,37.5,658500.0
2025-06-04,37.2599983215332,37.91999816894531,37.13999938964844,37.45000076293945,741500.0
2025-06-05,37.599998474121094,37.849998474121094,36.65999984741211,36.79999923706055,1122200.0
2025-06-06,37.25,37.29999923706055,36.720001220703125,37.0,840400.0
2025-06-09,37.06999969482422,37.47999954223633,36.83000183105469,37.02000045776367,736900.0
2025-06-10,37.20000076293945,37.54999923706055,36.709999084472656,37.20000076293945,940100.0
2025-06-11,37.290000915527344,37.38999938964844,36.459999084472656,36.5099983215332,1114500.0
2025-06-12,36.099998474121094,36.33000183105469,35.59000015258789,35.81999969482422,858300.0
2025-06-13,35.5,35.779998779296875,35.2599983215332,35.40999984741211,769500.0
2025-06-16,35.599998474121094,35.88999938964844,35.27000045776367,35.630001068115234,965400.0
2025-06-17,35.380001068115234,35.83000183105469,35.20000076293945,35.40999984741211,784100.0
2025-06-18,35.349998474121094,35.56999969482422,34.5099983215332,34.650001525878906,1056300.0
2025-06-20,34.83000183105469,35.119998931884766,34.04999923706055,34.47999954223633,1831600.0
2025-06-23,34.34000015258789,34.45000076293945,33.709999084472656,34.16999816894531,878800.0
2025-06-24,34.5,34.63999938964844,34.18000030517578,34.349998474121094,724000.0
2025-06-25,34.59000015258789,34.59000015258789,33.66999816894531,33.689998626708984,770700.0
2025-06-26,33.880001068115234,34.189998626708984,33.16999816894531,34.18000030517578,792200.0
2025-06-27,34.20000076293945,34.400001525878906,33.79999923706055,34.380001068115234,1069000.0
2025-06-30,34.4900016784668,34.79999923706055,34.2400016784668,34.27000045776367,766500.0
2025-07-01,34.189998626708984,35.9900016784668,34.15999984741211,35.16999816894531,1200100.0
2025-07-02,35.0099983215332,35.220001220703125,34.630001068115234,35.040000915527344,848900.0
2025-07-03,35.02000045776367,35.529998779296875,34.970001220703125,35.209999084472656,452600.0
2025-07-07,34.939998626708984,35.45000076293945,34.5099983215332,34.560001373291016,979100.0
2025-07-08,34.68000030517578,35.099998474121094,34.41999816894531,34.63999938964844,772900.0
2025-07-09,34.59000015258789,34.869998931884766,34.189998626708984,34.58000183105469,547400.0
2025-07-10,34.47999954223633,35.209999084472656,34.290000915527344,35.11000061035156,601000.0
2025-07-11,34.939998626708984,35.029998779296875,34.130001068115234,34.15999984741211,564900.0
2025-07-14,34.06999969482422,34.619998931884766,33.959999084472656,34.5099983215332,746000.0
2025-07-15,34.529998779296875,34.91999816894531,34.2400016784668,34.279998779296875,810000.0
2025-07-16,34.56999969482422,34.880001068115234,34.22999954223633,34.59000015258789,856100.0
2025-07-17,34.59000015258789,35.060001373291016,34.459999084472656,34.630001068115234,873600.0
2025-07-18,34.65999984741211,34.91999816894531,34.310001373291016,34.459999084472656,709500.0
2025-07-21,34.709999084472656,34.970001220703125,34.63999938964844,34.869998931884766,533000.0
2025-07-22,34.970001220703125,35.38999938964844,34.88999938964844,35.150001525878906,580200.0
2025-07-23,35.22999954223633,35.33000183105469,34.79999923706055,35.2599983215332,459800.0
2025-07-24,35.099998474121094,35.310001373291016,34.970001220703125,35.06999969482422,497000.0
2025-07-25,35.290000915527344,35.290000915527344,34.66999816894531,34.70000076293945,486300.0
2025-07-28,34.83000183105469,35.0,34.56999969482422,34.900001525878906,800900.0
2025-07-29,34.970001220703125,35.02000045776367,34.68000030517578,34.68000030517578,575300.0
2025-07-30,34.75,35.2599983215332,34.59000015258789,34.900001525878906,533000.0
2025-07-31,34.83000183105469,35.2599983215332,34.279998779296875,34.43000030517578,699200.0
2025-08-01,34.18000030517578,34.18000030517578,33.029998779296875,33.040000915527344,654200.0
2025-08-04,33.33000183105469,33.900001525878906,33.13999938964844,33.900001525878906,741800.0
2025-08-05,33.810001373291016,33.970001220703125,33.2400016784668,33.540000915527344,853100.0
2025-08-06,33.529998779296875,34.27000045776367,33.439998626708984,34.150001525878906,768800.0
2025-08-07,34.41999816894531,34.63999938964844,33.61000061035156,34.18000030517578,1659900.0
2025-08-08,31.850000381469727,32.45000076293945,30.850000381469727,31.030000686645508,2719600.0
2025-08-11,31.020000457763672,31.18000030517578,29.959999084472656,30.479999542236328,1597700.0
2025-08-12,30.68000030517578,31.170000076293945,30.3700008392334,31.059999465942383,994300.0
2025-08-13,31.06999969482422,32.11000061035156,30.8799991607666,32.0099983215332,889600.0
2025-08-14,31.719999313354492,31.760000228881836,30.770000457763672,31.149999618530273,1082200.0
2025-08-15,31.280000686645508,31.40999984741211,30.899999618530273,31.030000686645508,1096000.0
2025-08-18,30.989999771118164,31.229999542236328,30.809999465942383,31.040000915527344,726800.0
2025-08-19,31.239999771118164,31.479999542236328,30.8799991607666,31.0,692800.0
2025-08-20,31.040000915527344,31.219999313354492,30.6299991607666,31.020000457763672,909900.0
2025-08-21,30.8700008392334,31.299999237060547,30.600000381469727,31.219999313354492,1280200.0
2025-08-22,31.440000534057617,32.529998779296875,31.31999969482422,32.45000076293945,1160500.0
2025-08-25,32.33000183105469,32.5099983215332,32.220001220703125,32.27000045776367,795100.0
2025-08-26,32.20000076293945,32.349998474121094,31.149999618530273,31.43000030517578,1071400.0
2025-08-27,31.479999542236328,31.649999618530273,31.200000762939453,31.510000228881836,671100.0
2025-08-28,31.68000030517578,31.690000534057617,31.200000762939453,31.290000915527344,677000.0
2025-08-29,31.389999389648438,31.81999969482422,31.31999969482422,31.6200008392334,891900.0
2025-09-02,31.170000076293945,31.40999984741211,31.010000228881836,31.389999389648438,641600.0
2025-09-03,31.450000762939453,31.940000534057617,31.3799991607666,31.520000457763672,900800.0
2025-09-04,31.549999237060547,31.760000228881836,31.200000762939453,31.700000762939453,602300.0
2025-09-05,31.719999313354492,32.310001373291016,31.68000030517578,32.0,657900.0
2025-09-08,31.989999771118164,32.060001373291016,31.709999084472656,31.739999771118164,684300.0
2025-09-09,31.739999771118164,31.8700008392334,31.5,31.700000762939453,629900.0
2025-09-10,31.719999313354492,31.719999313354492,31.0,31.200000762939453,905200.0
2025-09-11,31.270000457763672,31.739999771118164,30.8700008392334,31.739999771118164,1055800.0
2025-09-12,31.600000381469727,31.700000762939453,30.920000076293945,30.93000030517578,820000.0
2025-09-15,31.209999084472656,31.649999618530273,31.059999465942383,31.479999542236328,882800.0
2025-09-16,31.479999542236328,31.520000457763672,31.100000381469727,31.459999084472656,636100.0
2025-09-17,31.420000076293945,32.310001373291016,31.420000076293945,31.760000228881836,670600.0
2025-09-18,31.829999923706055,32.209999084472656,31.829999923706055,32.130001068115234,817900.0
2025-09-19,32.08000183105469,32.16999816894531,31.760000228881836,31.829999923706055,2281600.0
2025-09-22,31.8799991607666,32.099998474121094,31.739999771118164,31.739999771118164,698500.0
2025-09-23,31.739999771118164,31.950000762939453,31.3700008392334,31.3799991607666,1180000.0
2025-09-24,31.420000076293945,31.709999084472656,31.290000915527344,31.440000534057617,544600.0
2025-09-25,31.3700008392334,31.3700008392334,30.969999313354492,31.299999237060547,470900.0
2025-09-26,31.239999771118164,31.579999923706055,31.200000762939453,31.479999542236328,822900.0
2025-09-29,31.600000381469727,31.6200008392334,31.239999771118164,31.3700008392334,597300.0
2025-09-30,31.520000457763672,32.029998779296875,30.90999984741211,31.200000762939453,780300.0
2025-10-01,30.920000076293945,31.739999771118164,30.899999618530273,31.459999084472656,920100.0
2025-10-02,31.43000030517578,31.739999771118164,30.93000030517578,31.719999313354492,841200.0
2025-10-03,31.760000228881836,32.189998626708984,31.68000030517578,31.809999465942383,797100.0
2025-10-06,31.850000381469727,32.91999816894531,31.700000762939453,32.81999969482422,1064600.0
2025-10-07,32.849998474121094,32.86000061035156,31.1299991607666,31.15999984741211,1120800.0
2025-10-08,31.309999465942383,31.81999969482422,31.0,31.639999389648438,597700.0
2025-10-09,31.59000015258789,31.59000015258789,30.90999984741211,31.18000030517578,680700.0
2025-10-10,31.290000915527344,31.329999923706055,30.040000915527344,30.270000457763672,678500.0
2025-10-13,32.25,33.95000076293945,31.68000030517578,33.83000183105469,1891300.0
2025-10-14,33.36000061035156,33.790000915527344,33.06999969482422,33.70000076293945,1175700.0
2025-10-15,33.45000076293945,34.0,33.25,33.470001220703125,957100.0
2025-10-16,33.52000045776367,33.59000015258789,32.29999923706055,32.65999984741211,718400.0
2025-10-17,32.459999084472656,32.689998626708984,32.31999969482422,32.47999954223633,458600.0
2025-10-20,32.560001373291016,33.08000183105469,32.560001373291016,32.88999938964844,610600.0
2025-10-21,32.79999923706055,33.540000915527344,32.75,33.290000915527344,390000.0
2025-10-22,33.130001068115234,33.5099983215332,32.91999816894531,33.369998931884766,469200.0
2025-10-23,33.09000015258789,33.47999954223633,33.06999969482422,33.13999938964844,627100.0
2025-10-24,33.540000915527344,33.650001525878906,33.0,33.04999923706055,410400.0
2025-10-27,33.040000915527344,33.369998931884766,32.880001068115234,32.9900016784668,456600.0
2025-10-28,32.7400016784668,32.849998474121094,32.45000076293945,32.4900016784668,530800.0
2025-10-29,32.40999984741211,32.40999984741211,31.799999237060547,31.969999313354492,653600.0
2025-10-30,31.760000228881836,32.369998931884766,31.389999389648438,32.189998626708984,912300.0
2025-10-31,32.22999954223633,33.150001525878906,32.220001220703125,32.97999954223633,1005000.0
2025-11-03,32.97999954223633,33.290000915527344,32.790000915527344,33.060001373291016,873900.0
2025-11-04,32.68000030517578,33.0,31.329999923706055,31.3799991607666,838800.0
2025-11-05,31.479999542236328,32.279998779296875,31.299999237060547,32.15999984741211,822600.0
2025-11-06,32.2400016784668,32.4900016784668,31.920000076293945,32.130001068115234,1324300.0
2025-11-07,34.040000915527344,34.4900016784668,28.709999084472656,28.90999984741211,1974000.0
2025-11-10,28.8799991607666,29.350000381469727,27.90999984741211,29.209999084472656,1500100.0
2025-11-11,29.149999618530273,29.459999084472656,28.959999084472656,29.34000015258789,757000.0
2025-11-12,29.299999237060547,30.079999923706055,29.299999237060547,29.729999542236328,863900.0
2025-11-13,29.440000534057617,29.649999618530273,28.90999984741211,29.09000015258789,797100.0
2025-11-14,28.719999313354492,28.850000381469727,28.139999389648438,28.309999465942383,753400.0
2025-11-17,28.299999237060547,28.329999923706055,27.489999771118164,27.510000228881836,863000.0
2025-11-18,27.399999618530273,28.469999313354492,27.290000915527344,28.110000610351562,1077300.0
2025-11-19,28.09000015258789,28.920000076293945,28.09000015258789,28.780000686645508,991300.0
2025-11-20,29.0,29.219999313354492,28.43000030517578,28.850000381469727,998700.0
2025-11-21,28.8799991607666,29.15999984741211,28.690000534057617,28.799999237060547,2150100.0
2025-11-24,28.850000381469727,29.020000457763672,28.639999389648438,28.639999389648438,1733000.0
2025-11-25,28.81999969482422,29.40999984741211,28.760000228881836,29.3799991607666,1570200.0
2025-11-26,29.260000228881836,29.600000381469727,29.040000915527344,29.040000915527344,948700.0
2025-11-28,28.8700008392334,29.270000457763672,28.760000228881836,28.90999984741211,361000.0
2025-12-01,28.6200008392334,28.90999984741211,28.40999984741211,28.6200008392334,1246300.0
2025-12-02,28.850000381469727,29.8799991607666,28.760000228881836,29.6200008392334,1520000.0
2025-12-03,29.799999237060547,30.389999389648438,29.729999542236328,30.1299991607666,979700.0
2025-12-04,30.15999984741211,30.34000015258789,29.93000030517578,29.969999313354492,1124500.0
2025-12-05,29.75,30.219999313354492,29.65999984741211,29.68000030517578,858400.0
2025-12-08,29.81999969482422,30.030000686645508,29.350000381469727,29.450000762939453,733300.0
2025-12-09,29.31999969482422,29.969999313354492,29.309999465942383,29.90999984741211,691800.0
2025-12-10,29.770000457763672,30.049999237060547,29.540000915527344,29.8700008392334,691600.0
2025-12-11,30.0,30.3799991607666,29.780000686645508,29.899999618530273,688200.0
2025-12-12,30.110000610351562,30.940000534057617,29.959999084472656,30.520000457763672,948000.0
2025-12-15,30.440000534057617,30.829999923706055,30.280000686645508,30.639999389648438,1023000.0
2025-12-16,30.329999923706055,30.700000762939453,30.040000915527344,30.6200008392334,1146900.0
2025-12-17,30.489999771118164,31.290000915527344,30.229999542236328,30.959999084472656,831100.0
2025-12-18,31.110000610351562,31.420000076293945,30.969999313354492,31.059999465942383,769500.0
2025-12-19,30.959999084472656,31.43000030517578,30.93000030517578,31.299999237060547,1694300.0
2025-12-22,31.399999618530273,31.719999313354492,30.959999084472656,31.030000686645508,1039300.0
2025-12-23,30.829999923706055,31.100000381469727,30.350000381469727,30.450000762939453,643400.0
2025-12-24,30.489999771118164,30.780000686645508,30.389999389648438,30.770000457763672,390900.0
2025-12-26,30.690000534057617,30.8700008392334,30.290000915527344,30.3799991607666,667700.0
2025-12-29,30.299999237060547,30.540000915527344,29.8799991607666,30.18000030517578,769700.0
2025-12-30,30.010000228881836,30.459999084472656,29.950000762939453,30.1299991607666,788800.0
2025-12-31,30.059999465942383,30.579999923706055,29.959999084472656,30.389999389648438,625400.0
2026-01-02,30.43000030517578,30.549999237060547,29.850000381469727,30.200000762939453,1214700.0
2026-01-05,30.200000762939453,30.899999618530273,30.0,30.3700008392334,999300.0
2026-01-06,30.329999923706055,30.729999542236328,30.09000015258789,30.59000015258789,863500.0
2026-01-07,30.639999389648438,30.889999389648438,30.190000534057617,30.290000915527344,866000.0
2026-01-08,30.200000762939453,30.440000534057617,30.09000015258789,30.309999465942383,874900.0
2026-01-09,30.290000915527344,31.1200008392334,30.1200008392334,30.850000381469727,1019900.0
2026-01-12,30.790000915527344,30.8700008392334,29.639999389648438,30.549999237060547,820400.0
2026-01-13,30.290000915527344,30.290000915527344,29.329999923706055,29.389999389648438,982200.0
2026-01-14,29.280000686645508,29.59000015258789,28.899999618530273,29.209999084472656,800700.0
2026-01-15,29.260000228881836,29.270000457763672,28.770000457763672,29.15999984741211,831200.0
2026-01-16,28.979999542236328,28.979999542236328,28.079999923706055,28.1299991607666,842800.0
2026-01-20,28.079999923706055,28.309999465942383,27.709999084472656,28.030000686645508,1139700.0
2026-01-21,28.020000457763672,28.770000457763672,27.780000686645508,28.489999771118164,674300.0
2026-01-22,28.84000015258789,29.579999923706055,28.530000686645508,29.15999984741211,794700.0
2026-01-23,29.030000686645508,29.360000610351562,28.100000381469727,28.280000686645508,1002200.0
2026-01-26,28.440000534057617,28.780000686645508,27.829999923706055,28.31999969482422,1126700.0
2026-01-27,28.299999237060547,28.3799991607666,26.959999084472656,27.309999465942383,1404700.0
2026-01-28,27.469999313354492,27.959999084472656,27.239999771118164,27.5,1185200.0
2026-01-29,27.309999465942383,27.59000015258789,27.18000030517578,27.5,1083300.0
2026-01-30,27.25,27.579999923706055,27.049999237060547,27.3799991607666,1239500.0
2026-02-02,27.399999618530273,27.649999618530273,27.1200008392334,27.399999618530273,902700.0
2026-02-03,27.010000228881836,27.15999984741211,24.920000076293945,25.06999969482422,1678000.0
2026-02-04,25.0,25.40999984741211,24.200000762939453,24.25,2170900.0
2026-02-05,24.209999084472656,24.579999923706055,23.920000076293945,24.040000915527344,1810800.0
2026-02-06,24.270000457763672,24.649999618530273,24.079999923706055,24.420000076293945,1569700.0
2026-02-09,24.200000762939453,24.420000076293945,23.799999237060547,24.100000381469727,1355500.0
2026-02-10,24.299999237060547,24.760000228881836,24.170000076293945,24.34000015258789,1084900.0
2026-02-11,24.270000457763672,24.389999389648438,22.530000686645508,23.209999084472656,1840200.0
2026-02-12,23.34000015258789,23.420000076293945,22.190000534057617,22.829999923706055,2673000.0
2026-02-13,21.790000915527344,21.899999618530273,20.030000686645508,20.979999542236328,4608800.0
2026-02-17,20.780000686645508,20.809999465942383,19.610000610351562,20.68000030517578,2890100.0
2026-02-18,20.68000030517578,21.690000534057617,20.25,21.690000534057617,1944800.0
2026-02-19,21.709999084472656,22.09000015258789,21.309999465942383,21.479999542236328,2667200.0
2026-02-20,21.329999923706055,21.93000030517578,21.15999984741211,21.25,1790900.0
2026-02-23,21.020000457763672,21.030000686645508,20.100000381469727,20.200000762939453,1537500.0
2026-02-24,20.059999465942383,20.149999618530273,19.600000381469727,19.780000686645508,1897500.0
2026-02-25,20.030000686645508,21.270000457763672,20.0,21.239999771118164,2013800.0
2026-02-26,21.280000686645508,22.290000915527344,21.280000686645508,22.079999923706055,1794000.0
2026-02-27,21.739999771118164,22.290000915527344,21.56999969482422,22.290000915527344,2172400.0
2026-03-02,21.780000686645508,22.75,21.780000686645508,22.600000381469727,1569800.0
2026-03-03,22.40999984741211,23.270000457763672,22.31999969482422,23.18000030517578,2216500.0
2026-03-04,23.209999084472656,23.940000534057617,23.079999923706055,23.739999771118164,1537100.0
2026-03-05,23.850000381469727,24.600000381469727,23.760000228881836,24.270000457763672,1644900.0
2026-03-06,24.149999618530273,24.56999969482422,23.979999542236328,24.530000686645508,1229600.0
2026-03-09,24.190000534057617,24.43000030517578,23.559999465942383,24.219999313354492,1382100.0
2026-03-10,24.059999465942383,24.3700008392334,23.84000015258789,24.139999389648438,1479800.0
2026-03-11,24.229999542236328,24.81999969482422,23.940000534057617,24.700000762939453,1468600.0
2026-03-12,24.610000610351562,25.010000228881836,23.969999313354492,24.049999237060547,1949800.0
2026-03-13,24.040000915527344,24.239999771118164,23.75,23.829999923706055,1598400.0
2026-03-16,23.790000915527344,24.100000381469727,23.549999237060547,23.649999618530273,1341900.0
2026-03-17,23.729999542236328,24.510000228881836,23.690000534057617,24.329999923706055,1103700.0
2026-03-18,24.09000015258789,24.530000686645508,24.09000015258789,24.31999969482422,1187200.0
2026-03-19,24.110000610351562,24.709999084472656,24.06999969482422,24.40999984741211,1057600.0
2026-03-20,24.350000381469727,24.649999618530273,24.010000228881836,24.559999465942383,1955900.0
2026-03-23,24.270000457763672,25.15999984741211,24.270000457763672,24.829999923706055,1138600.0
2026-03-24,24.739999771118164,24.739999771118164,24.09000015258789,24.1200008392334,1103800.0
2026-03-25,24.43000030517578,24.639999389648438,23.450000762939453,24.209999084472656,1286700.0
2026-03-26,24.049999237060547,25.040000915527344,24.049999237060547,24.75,893100.0
2026-03-27,24.469999313354492,24.6200008392334,24.1200008392334,24.360000610351562,1113200.0
2026-03-30,24.329999923706055,25.010000228881836,24.280000686645508,24.809999465942383,993900.0
2026-03-31,25.100000381469727,25.200000762939453,24.65999984741211,24.739999771118164,838300.0
2026-04-01,24.719999313354492,25.489999771118164,24.299999237060547,25.190000534057617,972000.0
2026-04-02,25.260000228881836,25.559999465942383,24.600000381469727,25.149999618530273,1523100.0
2026-04-06,25.170000076293945,25.790000915527344,25.170000076293945,25.5,730500.0
2026-04-07,25.5,25.889999389648438,25.5,25.59000015258789,1117800.0
2026-04-08,25.959999084472656,26.18000030517578,25.290000915527344,25.389999389648438,1339600.0
2026-04-09,25.3799991607666,25.59000015258789,25.020000457763672,25.56999969482422,997100.0
2026-04-10,25.520000457763672,25.81999969482422,25.110000610351562,25.459999084472656,754900.0
